,sojourn_time,cdf
0,0.0,-0.0975040365361437
1,0.01,-0.08794089181709075
2,0.02,-0.07852318627871302
3,0.03,-0.06924781537862201
4,0.04,-0.060111750356970584
5,0.05,-0.051112036308594844
6,0.060000000000000005,-0.042245790304803466
7,0.07,-0.03351019956354273
8,0.08,-0.024902519666679224
9,0.09,-0.016420072823184695
10,0.09999999999999999,-0.008060246177032715
11,0.10999999999999999,0.000179509841338521
12,0.11999999999999998,0.008301683121138215
13,0.12999999999999998,0.01630870143599572
14,0.13999999999999999,0.024202933968468288
15,0.15,0.03198669279531885
16,0.16,0.03966223433458804
17,0.17,0.047231760755437224
18,0.18000000000000002,0.05469742135172839
19,0.19000000000000003,0.06206131388028413
20,0.20000000000000004,0.06932548586473553
21,0.21000000000000005,0.07649193586584002
22,0.22000000000000006,0.0835626147191516
23,0.23000000000000007,0.0905394267408759
24,0.24000000000000007,0.09742423090273222
25,0.25000000000000006,0.10421884197663656
26,0.26000000000000006,0.11092503164995371
27,0.2700000000000001,0.11754452961212569
28,0.2800000000000001,0.1240790246133745
29,0.2900000000000001,0.13053016549621976
30,0.3000000000000001,0.13689956220051025
31,0.3100000000000001,0.14318878674266045
32,0.3200000000000001,0.1493993741697376
33,0.3300000000000001,0.15553282348907727
34,0.34000000000000014,0.16159059857403635
35,0.35000000000000014,0.16757412904650915
36,0.36000000000000015,0.1734848111368109
37,0.37000000000000016,0.179324008521501
38,0.38000000000000017,0.18509305313972713
39,0.3900000000000002,0.19079324598864011
40,0.4000000000000002,0.19642585789842082
41,0.4100000000000002,0.20199213028743768
42,0.4200000000000002,0.20749327589806765
43,0.4300000000000002,0.2129304795136533
44,0.4400000000000002,0.21830489865710623
45,0.45000000000000023,0.22361766427161578
46,0.46000000000000024,0.22886988138393183
47,0.47000000000000025,0.23406262975066505
48,0.48000000000000026,0.23919696448805983
49,0.49000000000000027,0.24427391668563347
50,0.5000000000000002,0.24929449400413495
51,0.5100000000000002,0.2542596812582064
52,0.5200000000000002,0.2591704409841368
53,0.5300000000000002,0.2640277139931203
54,0.5400000000000003,0.2688324199103548
55,0.5500000000000003,0.27358545770038223
56,0.5600000000000003,0.27828770617899956
57,0.5700000000000003,0.28294002451209255
58,0.5800000000000003,0.2875432527017501
59,0.5900000000000003,0.29209821205994924
60,0.6000000000000003,0.2966057056701653
61,0.6100000000000003,0.30106651883720226
62,0.6200000000000003,0.3054814195255485
63,0.6300000000000003,0.309851158786552
64,0.6400000000000003,0.3141764711747149
65,0.6500000000000004,0.31845807515336955
66,0.6600000000000004,0.32269667349002085
67,0.6700000000000004,0.32689295364163073
68,0.6800000000000004,0.3310475881300715
69,0.6900000000000004,0.3351612349080415
70,0.7000000000000004,0.33923453771565626
71,0.7100000000000004,0.343268126427979
72,0.7200000000000004,0.34726261739370223
73,0.7300000000000004,0.35121861376522745
74,0.7400000000000004,0.3551367058203557
75,0.7500000000000004,0.3590174712757962
76,0.7600000000000005,0.3628614755927262
77,0.7700000000000005,0.36666927227458146
78,0.7800000000000005,0.37044140315729623
79,0.7900000000000005,0.3741783986921783
80,0.8000000000000005,0.37788077822160693
81,0.8100000000000005,0.3815490502477442
82,0.8200000000000005,0.3851837126944354
83,0.8300000000000005,0.3887852531624779
84,0.8400000000000005,0.3923541491784196
85,0.8500000000000005,0.39589086843706456
86,0.8600000000000005,0.3993958690378451
87,0.8700000000000006,0.4028695997152031
88,0.8800000000000006,0.406312500063163
89,0.8900000000000006,0.40972500075422225
90,0.9000000000000006,0.4131075237527072
91,0.9100000000000006,0.41646048252275214
92,0.9200000000000006,0.4197842822310206
93,0.9300000000000006,0.42307931994432135
94,0.9400000000000006,0.42634598482223085
95,0.9500000000000006,0.4295846583048716
96,0.9600000000000006,0.4327957142959553
97,0.9700000000000006,0.4359795193412138
98,0.9800000000000006,0.4391364328023477
99,0.9900000000000007,0.4422668070265935
100,1.0000000000000007,0.4453709875120262
101,1.0100000000000007,0.4484493130687157
102,1.0200000000000007,0.4515021159758298
103,1.0300000000000007,0.4545297221347929
104,1.0400000000000007,0.45753245121860786
105,1.0500000000000007,0.46051061681742955
106,1.0600000000000007,0.4634645265804883
107,1.0700000000000007,0.466394482354469
108,1.0800000000000007,0.4693007803184116
109,1.0900000000000007,0.4721837111152485
110,1.1000000000000008,0.47504355998004943
111,1.1100000000000008,0.4778806068650646
112,1.1200000000000008,0.4806951265616378
113,1.1300000000000008,0.4834873888190867
114,1.1400000000000008,0.48625765846061353
115,1.1500000000000008,0.4890061954963286
116,1.1600000000000008,0.49173325523345646
117,1.1700000000000008,0.49443908838380346
118,1.1800000000000008,0.49712394116854786
119,1.1900000000000008,0.49978805542043014
120,1.2000000000000008,0.5024316686834005
121,1.2100000000000009,0.505055014309798
122,1.2200000000000009,0.5076583215551149
123,1.2300000000000009,0.5102418156704176
124,1.2400000000000009,0.5128057179924739
125,1.2500000000000009,0.5153502460316545
126,1.260000000000001,0.5178756135576594
127,1.270000000000001,0.5203820306831239
128,1.280000000000001,0.5228697039451691
129,1.290000000000001,0.5253388363849281
130,1.300000000000001,0.527789627625125
131,1.310000000000001,0.5302222739457375
132,1.320000000000001,0.5326369683577968
133,1.330000000000001,0.5350339006753784
134,1.340000000000001,0.5374132575858215
135,1.350000000000001,0.5397752227182242
136,1.360000000000001,0.5421199767102665
137,1.370000000000001,0.5444476972733869
138,1.380000000000001,0.5467585592563757
139,1.390000000000001,0.5490527347074018
140,1.400000000000001,0.5513303929345366
141,1.410000000000001,0.5535917005647917
142,1.420000000000001,0.5558368216017262
143,1.430000000000001,0.5580659174816436
144,1.440000000000001,0.5602791471284292
145,1.450000000000001,0.5624766670070518
146,1.460000000000001,0.5646586311757658
147,1.470000000000001,0.5668251913370526
148,1.480000000000001,0.5689764968873238
149,1.490000000000001,0.5711126949654255
150,1.500000000000001,0.5732339304999705
151,1.5100000000000011,0.575340346255526
152,1.5200000000000011,0.5774320828776908
153,1.5300000000000011,0.5795092789370881
154,1.5400000000000011,0.5815720709722978
155,1.5500000000000012,0.5836205935317608
156,1.5600000000000012,0.5856549792146739
157,1.5700000000000012,0.5876753587109161
158,1.5800000000000012,0.5896818608400043
159,1.5900000000000012,0.591674612589131
160,1.6000000000000012,0.5936537391502914
161,1.6100000000000012,0.5956193639565208
162,1.6200000000000012,0.5975716087172807
163,1.6300000000000012,0.5995105934529923
164,1.6400000000000012,0.6014364365287608
165,1.6500000000000012,0.6033492546872938
166,1.6600000000000013,0.6052491630810477
167,1.6700000000000013,0.6071362753036084
168,1.6800000000000013,0.609010703420338
169,1.6900000000000013,0.6108725579982945
170,1.7000000000000013,0.6127219481354559
171,1.7100000000000013,0.6145589814892487
172,1.7200000000000013,0.6163837643044157
173,1.7300000000000013,0.6181964014402306
174,1.7400000000000013,0.6199969963970736
175,1.7500000000000013,0.6217856513423925
176,1.7600000000000013,0.6235624671360551
177,1.7700000000000014,0.6253275433551162
178,1.7800000000000014,0.6270809783180087
179,1.7900000000000014,0.6288228691081739
180,1.8000000000000014,0.6305533115971491
181,1.8100000000000014,0.6322724004671187
182,1.8200000000000014,0.6339802292329487
183,1.8300000000000014,0.6356768902637153
184,1.8400000000000014,0.6373624748037393
185,1.8500000000000014,0.6390370729931378
186,1.8600000000000014,0.6407007738879078
187,1.8700000000000014,0.642353665479553
188,1.8800000000000014,0.6439958347142625
189,1.8900000000000015,0.6456273675116565
190,1.9000000000000015,0.6472483487831038
191,1.9100000000000015,0.648858862449628
192,1.9200000000000015,0.65045899145941
193,1.9300000000000015,0.6520488178048962
194,1.9400000000000015,0.653628422539521
195,1.9500000000000015,0.6551978857940575
196,1.9600000000000015,0.6567572867926017
197,1.9700000000000015,0.658306703868198
198,1.9800000000000015,0.6598462144781213
199,1.9900000000000015,0.6613758952188171
200,2.0000000000000013,0.6628958218405115
201,2.010000000000001,0.6644060692614999
202,2.020000000000001,0.6659067115821162
203,2.0300000000000007,0.6673978220984049
204,2.0400000000000005,0.6688794733154815
205,2.0500000000000003,0.6703517369606105
206,2.06,0.6718146839959913
207,2.07,0.6732683846312746
208,2.0799999999999996,0.6747129083357953
209,2.0899999999999994,0.6761483238505537
210,2.099999999999999,0.6775746991999286
211,2.109999999999999,0.6789921017031453
212,2.1199999999999988,0.6804005979854908
213,2.1299999999999986,0.6818002539892982
214,2.1399999999999983,0.6831911349846865
215,2.149999999999998,0.6845733055800819
216,2.159999999999998,0.6859468297325092
217,2.1699999999999977,0.6873117707576675
218,2.1799999999999975,0.6886681913397978
219,2.1899999999999973,0.6900161535413376
220,2.199999999999997,0.6913557188123747
221,2.209999999999997,0.6926869479999073
222,2.2199999999999966,0.6940099013569077
223,2.2299999999999964,0.6953246385512002
224,2.239999999999996,0.6966312186741532
225,2.249999999999996,0.6979297002491964
226,2.259999999999996,0.6992201412401572
227,2.2699999999999956,0.7005025990594335
228,2.2799999999999954,0.7017771305759946
229,2.289999999999995,0.7030437921232198
230,2.299999999999995,0.7043026395065836
231,2.3099999999999947,0.7055537280111785
232,2.3199999999999945,0.7067971124090928
233,2.3299999999999943,0.7080328469666358
234,2.339999999999994,0.7092609854514235
235,2.349999999999994,0.7104815811393186
236,2.3599999999999937,0.7116946868212372
237,2.3699999999999934,0.7129003548098187
238,2.3799999999999932,0.7140986369459656
239,2.389999999999993,0.7152895846052545
240,2.399999999999993,0.716473248704224
241,2.4099999999999926,0.717649679706537
242,2.4199999999999924,0.7188189276290288
243,2.429999999999992,0.7199810420476302
244,2.439999999999992,0.7211360721031903
245,2.4499999999999917,0.7222840665071724
246,2.4599999999999915,0.7234250735472543
247,2.4699999999999913,0.7245591410928149
248,2.479999999999991,0.7256863166003202
249,2.489999999999991,0.7268066471186077
250,2.4999999999999907,0.7279201792940715
251,2.5099999999999905,0.729026959375751
252,2.5199999999999902,0.7301270332203256
253,2.52999999999999,0.731220446297015
254,2.53999999999999,0.7323072436923943
255,2.5499999999999896,0.733387470115114
256,2.5599999999999894,0.7344611699005408
257,2.569999999999989,0.7355283870153086
258,2.579999999999989,0.7365891650617922
259,2.5899999999999888,0.7376435472824969
260,2.5999999999999885,0.7386915765643701
261,2.6099999999999883,0.7397332954430383
262,2.619999999999988,0.7407687461069681
263,2.629999999999988,0.7417979704015502
264,2.6399999999999877,0.7428210098331187
265,2.6499999999999875,0.7438379055728934
266,2.6599999999999873,0.7448486984608573
267,2.669999999999987,0.7458534290095671
268,2.679999999999987,0.7468521374078959
269,2.6899999999999866,0.7478448635247127
270,2.6999999999999864,0.7488316469125011
271,2.709999999999986,0.7498125268109137
272,2.719999999999986,0.7507875421502685
273,2.7299999999999858,0.7517567315549852
274,2.7399999999999856,0.7527201333469661
275,2.7499999999999853,0.7536777855489178
276,2.759999999999985,0.7546297258876222
277,2.769999999999985,0.755575991797149
278,2.7799999999999847,0.7565166204220182
279,2.7899999999999845,0.7574516486203128
280,2.7999999999999843,0.7583811129667366
281,2.809999999999984,0.7593050497556278
282,2.819999999999984,0.7602234950039192
283,2.8299999999999836,0.7611364844540565
284,2.8399999999999834,0.7620440535768656
285,2.849999999999983,0.7629462375743786
286,2.859999999999983,0.7638430713826128
287,2.869999999999983,0.7647345896743074
288,2.8799999999999826,0.7656208268616185
289,2.8899999999999824,0.7665018170987711
290,2.899999999999982,0.7673775942846711
291,2.909999999999982,0.7682481920654782
292,2.9199999999999817,0.7691136438371381
293,2.9299999999999815,0.7699739827478782
294,2.9399999999999813,0.7708292417006655
295,2.949999999999981,0.7716794533556266
296,2.959999999999981,0.7725246501324337
297,2.9699999999999807,0.7733648642126534
298,2.9799999999999804,0.7742001275420636
299,2.9899999999999802,0.7750304718329335
300,2.99999999999998,0.7758559285662738
301,3.00999999999998,0.776676528994052
302,3.0199999999999796,0.777492304141377
303,3.0299999999999794,0.7783032848086523
304,3.039999999999979,0.7791095015737
305,3.049999999999979,0.7799109847938508
306,3.0599999999999787,0.7807077646080116
307,3.0699999999999785,0.7814998709386969
308,3.0799999999999783,0.7822873334940378
309,3.089999999999978,0.7830701817697592
310,3.099999999999978,0.7838484450511339
311,3.1099999999999777,0.784622152414906
312,3.1199999999999775,0.7853913327311914
313,3.1299999999999772,0.7861560146653516
314,3.139999999999977,0.7869162266798424
315,3.149999999999977,0.7876719970360371
316,3.1599999999999766,0.788423353796029
317,3.1699999999999764,0.7891703248244045
318,3.179999999999976,0.7899129377899995
319,3.189999999999976,0.7906512201676273
320,3.1999999999999758,0.7913851992397888
321,3.2099999999999755,0.7921149020983562
322,3.2199999999999753,0.7928403556462404
323,3.229999999999975,0.7935615865990323
324,3.239999999999975,0.7942786214866266
325,3.2499999999999747,0.7949914866548233
326,3.2599999999999745,0.7957002082669115
327,3.2699999999999743,0.7964048123052302
328,3.279999999999974,0.7971053245727134
329,3.289999999999974,0.7978017706944136
330,3.2999999999999736,0.7984941761190087
331,3.3099999999999734,0.7991825661202884
332,3.319999999999973,0.7998669657986248
333,3.329999999999973,0.8005474000824239
334,3.3399999999999728,0.801223893729561
335,3.3499999999999726,0.8018964713287985
336,3.3599999999999723,0.8025651573011859
337,3.369999999999972,0.8032299759014454
338,3.379999999999972,0.8038909512193402
339,3.3899999999999717,0.8045481071810265
340,3.3999999999999715,0.8052014675503918
341,3.4099999999999713,0.8058510559303743
342,3.419999999999971,0.8064968957642724
343,3.429999999999971,0.8071390103370344
344,3.4399999999999706,0.8077774227765357
345,3.4499999999999704,0.8084121560548432
346,3.45999999999997,0.8090432329894626
347,3.46999999999997,0.8096706762445735
348,3.47999999999997,0.8102945083322517
349,3.4899999999999696,0.8109147516136763
350,3.4999999999999694,0.8115314283003232
351,3.509999999999969,0.81214456045515
352,3.519999999999969,0.8127541699937612
353,3.5299999999999687,0.8133602786855674
354,3.5399999999999685,0.8139629081549277
355,3.5499999999999683,0.8145620798822817
356,3.559999999999968,0.8151578152052702
357,3.569999999999968,0.8157501353198424
358,3.5799999999999677,0.8163390612813525
359,3.5899999999999674,0.8169246140056445
360,3.5999999999999672,0.8175068142701266
361,3.609999999999967,0.8180856827148333
362,3.619999999999967,0.818661239843477
363,3.6299999999999666,0.8192335060244899
364,3.6399999999999664,0.8198025014920526
365,3.649999999999966,0.8203682463471158
366,3.659999999999966,0.8209307605584105
367,3.6699999999999657,0.8214900639634451
368,3.6799999999999655,0.8220461762694968
369,3.6899999999999653,0.8225991170545909
370,3.699999999999965,0.8231489057684714
371,3.709999999999965,0.8236955617335614
372,3.7199999999999647,0.8242391041459134
373,3.7299999999999645,0.8247795520761521
374,3.7399999999999642,0.825316924470407
375,3.749999999999964,0.8258512401512362
376,3.759999999999964,0.8263825178185411
377,3.7699999999999636,0.8269107760504717
378,3.7799999999999634,0.8274360333043269
379,3.789999999999963,0.82795830791744
380,3.799999999999963,0.8284776181080609
381,3.8099999999999627,0.8289939819762293
382,3.8199999999999625,0.8295074175046373
383,3.8299999999999623,0.830017942559486
384,3.839999999999962,0.8305255748913337
385,3.849999999999962,0.8310303321359369
386,3.8599999999999617,0.8315322318150814
387,3.8699999999999615,0.8320312913374086
388,3.8799999999999613,0.8325275279992317
389,3.889999999999961,0.8330209589853474
390,3.899999999999961,0.8335116013698365
391,3.9099999999999606,0.8339994721168608
392,3.9199999999999604,0.8344845880814503
393,3.92999999999996,0.8349669660102856
394,3.93999999999996,0.8354466225424715
395,3.9499999999999598,0.8359235742103035
396,3.9599999999999596,0.8363978374400297
397,3.9699999999999593,0.8368694285526046
398,3.979999999999959,0.8373383637644355
399,3.989999999999959,0.8378046591881235
400,3.9999999999999587,0.8382683308331979
401,4.009999999999959,0.8387293946068453
402,4.019999999999959,0.8391878663146279
403,4.0299999999999585,0.839643761661203
404,4.039999999999958,0.8400970962510289
405,4.049999999999958,0.8405478855890699
406,4.059999999999958,0.8409961450814923
407,4.069999999999958,0.8414418900363573
408,4.079999999999957,0.8418851356643038
409,4.089999999999957,0.8423258970792308
410,4.099999999999957,0.8427641892989688
411,4.109999999999957,0.8432000272459502
412,4.119999999999957,0.8436334257478699
413,4.129999999999956,0.8440643995383437
414,4.139999999999956,0.8444929632575593
415,4.149999999999956,0.8449191314529231
416,4.159999999999956,0.8453429185797006
417,4.1699999999999555,0.8457643390016519
418,4.179999999999955,0.8461834069916625
419,4.189999999999955,0.846600136732369
420,4.199999999999955,0.8470145423167779
421,4.209999999999955,0.8474266377488818
422,4.2199999999999545,0.8478364369442688
423,4.229999999999954,0.8482439537307291
424,4.239999999999954,0.8486492018488528
425,4.249999999999954,0.849052194952628
426,4.259999999999954,0.8494529466100291
427,4.269999999999953,0.8498514703036055
428,4.279999999999953,0.8502477794310601
429,4.289999999999953,0.8506418873058278
430,4.299999999999953,0.851033807157647
431,4.3099999999999525,0.851423552133127
432,4.319999999999952,0.8518111352963119
433,4.329999999999952,0.8521965696292372
434,4.339999999999952,0.8525798680324879
435,4.349999999999952,0.852961043325744
436,4.3599999999999515,0.8533401082483294
437,4.369999999999951,0.853717075459751
438,4.379999999999951,0.8540919575402386
439,4.389999999999951,0.8544647669912754
440,4.399999999999951,0.8548355162361275
441,4.40999999999995,0.8552042176203695
442,4.41999999999995,0.8555708834124052
443,4.42999999999995,0.8559355258039834
444,4.43999999999995,0.8562981569107112
445,4.4499999999999496,0.8566587887725632
446,4.459999999999949,0.8570174333543867
447,4.469999999999949,0.857374102546402
448,4.479999999999949,0.8577288081647003
449,4.489999999999949,0.858081561951737
450,4.4999999999999485,0.8584323755768225
451,4.509999999999948,0.858781260636607
452,4.519999999999948,0.8591282286555635
453,4.529999999999948,0.8594732910864672
454,4.539999999999948,0.8598164593108704
455,4.549999999999947,0.860157744639574
456,4.559999999999947,0.860497158313096
457,4.569999999999947,0.8608347115021353
458,4.579999999999947,0.8611704153080355
459,4.589999999999947,0.8615042807632391
460,4.599999999999946,0.861836318831745
461,4.609999999999946,0.8621665404095575
462,4.619999999999946,0.8624949563251356
463,4.629999999999946,0.8628215773398366
464,4.6399999999999455,0.8631464141483562
465,4.649999999999945,0.8634694773791693
466,4.659999999999945,0.8637907775949623
467,4.669999999999945,0.8641103252930646
468,4.679999999999945,0.8644281309058782
469,4.689999999999944,0.8647442048013031
470,4.699999999999944,0.8650585572831577
471,4.709999999999944,0.8653711985915997
472,4.719999999999944,0.8656821389035402
473,4.729999999999944,0.8659913883330598
474,4.739999999999943,0.8662989569318149
475,4.749999999999943,0.8666048546894478
476,4.759999999999943,0.8669090915339888
477,4.769999999999943,0.8672116773322589
478,4.7799999999999425,0.8675126218902672
479,4.789999999999942,0.8678119349536066
480,4.799999999999942,0.8681096262078466
481,4.809999999999942,0.8684057052789231
482,4.819999999999942,0.8687001817335254
483,4.8299999999999415,0.8689930650794804
484,4.839999999999941,0.8692843647661335
485,4.849999999999941,0.8695740901847298
486,4.859999999999941,0.8698622506687871
487,4.869999999999941,0.8701488554944714
488,4.87999999999994,0.8704339138809669
489,4.88999999999994,0.8707174349908454
490,4.89999999999994,0.8709994279304296
491,4.90999999999994,0.8712799017501581
492,4.9199999999999395,0.871558865444945
493,4.929999999999939,0.8718363279545388
494,4.939999999999939,0.872112298163876
495,4.949999999999939,0.8723867849034356
496,4.959999999999939,0.8726597969495884
497,4.9699999999999385,0.8729313430249466
498,4.979999999999938,0.8732014317987071
499,4.989999999999938,0.8734700718869965
500,4.999999999999938,0.8737372718532105
501,5.009999999999938,0.8740030402083536
502,5.019999999999937,0.874267385411374
503,5.029999999999937,0.874530315869497
504,5.039999999999937,0.8747918399385585
505,5.049999999999937,0.8750519659233309
506,5.0599999999999365,0.8753107020778524
507,5.069999999999936,0.87556805660575
508,5.079999999999936,0.8758240376605629
509,5.089999999999936,0.8760786533460615
510,5.099999999999936,0.8763319117165659
511,5.1099999999999355,0.8765838207772607
512,5.119999999999935,0.8768343884845102
513,5.129999999999935,0.8770836227461677
514,5.139999999999935,0.8773315314218855
515,5.149999999999935,0.877578122323422
516,5.159999999999934,0.8778234032149471
517,5.169999999999934,0.878067381813344
518,5.179999999999934,0.8783100657885105
519,5.189999999999934,0.8785514627636575
520,5.199999999999934,0.8787915803156069
521,5.209999999999933,0.879030425975084
522,5.219999999999933,0.8792680072270117
523,5.229999999999933,0.8795043315108011
524,5.239999999999933,0.87973940622064
525,5.2499999999999325,0.8799732387057789
526,5.259999999999932,0.8802058362708167
527,5.269999999999932,0.880437206175983
528,5.279999999999932,0.8806673556374194
529,5.289999999999932,0.8808962918274581
530,5.299999999999931,0.881124021874899
531,5.309999999999931,0.8813505528652854
532,5.319999999999931,0.8815758918411772
533,5.329999999999931,0.8818000458024223
534,5.339999999999931,0.8820230217064259
535,5.34999999999993,0.8822448264684192
536,5.35999999999993,0.8824654669617253
537,5.36999999999993,0.8826849500180232
538,5.37999999999993,0.8829032824276102
539,5.3899999999999295,0.8831204709396628
540,5.399999999999929,0.8833365222624966
541,5.409999999999929,0.8835514430638218
542,5.419999999999929,0.8837652399710001
543,5.429999999999929,0.8839779195712982
544,5.4399999999999284,0.8841894884121398
545,5.449999999999928,0.8843999530013562
546,5.459999999999928,0.8846093198074344
547,5.469999999999928,0.8848175952597657
548,5.479999999999928,0.8850247857488898
549,5.489999999999927,0.8852308976267389
550,5.499999999999927,0.8854359372068803
551,5.509999999999927,0.8856399107647569
552,5.519999999999927,0.885842824537926
553,5.5299999999999265,0.8860446847262964
554,5.539999999999926,0.8862454974923651
555,5.549999999999926,0.8864452689614511
556,5.559999999999926,0.8866440052219277
557,5.569999999999926,0.8868417123254541
558,5.5799999999999255,0.8870383962872049
559,5.589999999999925,0.887234063086099
560,5.599999999999925,0.8874287186650245
561,5.609999999999925,0.8876223689310652
562,5.619999999999925,0.8878150197557239
563,5.629999999999924,0.8880066769751446
564,5.639999999999924,0.8881973463903327
565,5.649999999999924,0.8883870337673747
566,5.659999999999924,0.8885757448376554
567,5.6699999999999235,0.8887634852980759
568,5.679999999999923,0.8889502608112662
569,5.689999999999923,0.8891360770057999
570,5.699999999999923,0.8893209394764063
571,5.709999999999923,0.8895048537841819
572,5.7199999999999225,0.8896878254567975
573,5.729999999999922,0.8898698599887085
574,5.739999999999922,0.8900509628413595
575,5.749999999999922,0.8902311394433922
576,5.759999999999922,0.890410395190846
577,5.769999999999921,0.8905887354473628
578,5.779999999999921,0.8907661655443877
579,5.789999999999921,0.890942690781369
580,5.799999999999921,0.8911183164259563
581,5.809999999999921,0.8912930477141983
582,5.81999999999992,0.891466889850739
583,5.82999999999992,0.8916398480090115
584,5.83999999999992,0.891811927331433
585,5.84999999999992,0.8919831329295951
586,5.8599999999999195,0.8921534698844571
587,5.869999999999919,0.8923229432465336
588,5.879999999999919,0.892491558036084
589,5.889999999999919,0.8926593192432992
590,5.899999999999919,0.8928262318284893
591,5.909999999999918,0.8929923007222661
592,5.919999999999918,0.8931575308257279
593,5.929999999999918,0.8933219270106423
594,5.939999999999918,0.8934854941196272
595,5.949999999999918,0.8936482369663302
596,5.959999999999917,0.8938101603356086
597,5.969999999999917,0.8939712689837059
598,5.979999999999917,0.8941315676384304
599,5.989999999999917,0.8942910609993284
600,5.9999999999999165,0.8944497537378598
601,6.009999999999916,0.8946076504975714
602,6.019999999999916,0.8947647558942686
603,6.029999999999916,0.8949210745161865
604,6.039999999999916,0.8950766109241595
605,6.0499999999999154,0.8952313696517903
606,6.059999999999915,0.8953853552056183
607,6.069999999999915,0.8955385720652854
608,6.079999999999915,0.895691024683701
609,6.089999999999915,0.8958427174872079
610,6.099999999999914,0.895993654875745
611,6.109999999999914,0.8961438412230094
612,6.119999999999914,0.8962932808766182
613,6.129999999999914,0.8964419781582684
614,6.1399999999999135,0.8965899373638971
615,6.149999999999913,0.8967371627638381
616,6.159999999999913,0.8968836586029806
617,6.169999999999913,0.8970294291009245
618,6.179999999999913,0.8971744784521368
619,6.1899999999999125,0.8973188108261039
620,6.199999999999912,0.8974624303674865
621,6.209999999999912,0.8976053411962717
622,6.219999999999912,0.8977475474079232
623,6.229999999999912,0.8978890530735324
624,6.239999999999911,0.8980298622399678
625,6.249999999999911,0.8981699789300237
626,6.259999999999911,0.8983094071425662
627,6.269999999999911,0.8984481508526816
628,6.2799999999999105,0.8985862140118202
629,6.28999999999991,0.8987236005479428
630,6.29999999999991,0.8988603143656626
631,6.30999999999991,0.8989963593463893
632,6.31999999999991,0.8991317393484703
633,6.3299999999999095,0.8992664582073324
634,6.339999999999909,0.8994005197356207
635,6.349999999999909,0.8995339277233392
636,6.359999999999909,0.8996666859379877
637,6.369999999999909,0.8997987981247009
638,6.379999999999908,0.8999302680063834
639,6.389999999999908,0.9000610992838464
640,6.399999999999908,0.9001912956359414
641,6.409999999999908,0.9003208607196965
642,6.419999999999908,0.9004497981704465
643,6.429999999999907,0.9005781116019674
644,6.439999999999907,0.9007058046066069
645,6.449999999999907,0.9008328807554155
646,6.459999999999907,0.9009593435982758
647,6.4699999999999065,0.9010851966640316
648,6.479999999999906,0.9012104434606165
649,6.489999999999906,0.9013350874751805
650,6.499999999999906,0.9014591321742172
651,6.509999999999906,0.901582581003689
652,6.519999999999905,0.9017054373891523
653,6.529999999999905,0.9018277047358818
654,6.539999999999905,0.9019493864289938
655,6.549999999999905,0.9020704858335679
656,6.559999999999905,0.9021910062947703
657,6.569999999999904,0.9023109511379741
658,6.579999999999904,0.9024303236688793
659,6.589999999999904,0.9025491271736327
660,6.599999999999904,0.9026673649189467
661,6.6099999999999035,0.9027850401522169
662,6.619999999999903,0.9029021561016402
663,6.629999999999903,0.9030187159763297
664,6.639999999999903,0.9031347229664332
665,6.649999999999903,0.9032501802432453
666,6.659999999999902,0.9033650909593242
667,6.669999999999902,0.903479458248603
668,6.679999999999902,0.9035932852265054
669,6.689999999999902,0.903706574990055
670,6.699999999999902,0.9038193306179889
671,6.709999999999901,0.9039315551708677
672,6.719999999999901,0.9040432516911857
673,6.729999999999901,0.9041544232034804
674,6.739999999999901,0.9042650727144407
675,6.7499999999999005,0.9043752032130155
676,6.7599999999999,0.9044848176705217
677,6.7699999999999,0.9045939190407494
678,6.7799999999999,0.9047025102600685
679,6.7899999999999,0.9048105942475351
680,6.7999999999998995,0.9049181739049947
681,6.809999999999899,0.9050252521171871
682,6.819999999999899,0.9051318317518495
683,6.829999999999899,0.9052379156598194
684,6.839999999999899,0.9053435066751366
685,6.849999999999898,0.9054486076151452
686,6.859999999999898,0.9055532212805935
687,6.869999999999898,0.9056573504557345
688,6.879999999999898,0.9057609979084262
689,6.8899999999998975,0.9058641663902298
690,6.899999999999897,0.9059668586365083
691,6.909999999999897,0.9060690773665238
692,6.919999999999897,0.9061708252835357
693,6.929999999999897,0.906272105074896
694,6.9399999999998965,0.9063729194121459
695,6.949999999999896,0.9064732709511114
696,6.959999999999896,0.9065731623319969
697,6.969999999999896,0.9066725961794804
698,6.979999999999896,0.9067715751028061
699,6.989999999999895,0.9068701016958792
700,6.999999999999895,0.9069681785373557
701,7.009999999999895,0.907065808190736
702,7.019999999999895,0.9071629932044557
703,7.0299999999998946,0.9072597361119764
704,7.039999999999894,0.9073560394318755
705,7.049999999999894,0.9074519056679355
706,7.059999999999894,0.9075473373092339
707,7.069999999999894,0.9076423368302311
708,7.0799999999998935,0.907736906690858
709,7.089999999999893,0.9078310493366041
710,7.099999999999893,0.907924767198603
711,7.109999999999893,0.908018062693721
712,7.119999999999893,0.9081109382246402
713,7.129999999999892,0.9082033961799449
714,7.139999999999892,0.9082954389342067
715,7.149999999999892,0.9083870688480684
716,7.159999999999892,0.9084782882683268
717,7.169999999999892,0.9085690995280165
718,7.179999999999891,0.9086595049464926
719,7.189999999999891,0.9087495068295128
720,7.199999999999891,0.9088391074693187
721,7.209999999999891,0.9089283091447167
722,7.2199999999998905,0.9090171141211587
723,7.22999999999989,0.9091055246508232
724,7.23999999999989,0.9091935429726926
725,7.24999999999989,0.9092811713126346
726,7.25999999999989,0.9093684118834804
727,7.269999999999889,0.9094552668851005
728,7.279999999999889,0.9095417385044857
729,7.289999999999889,0.9096278289158223
730,7.299999999999889,0.9097135402805682
731,7.309999999999889,0.9097988747475314
732,7.319999999999888,0.9098838344529432
733,7.329999999999888,0.9099684215205355
734,7.339999999999888,0.9100526380616144
735,7.349999999999888,0.9101364861751345
736,7.3599999999998875,0.9102199679477738
737,7.369999999999887,0.9103030854540065
738,7.379999999999887,0.910385840756175
739,7.389999999999887,0.9104682359045643
740,7.399999999999887,0.9105502729374733
741,7.4099999999998865,0.9106319538812853
742,7.419999999999886,0.9107132807505416
743,7.429999999999886,0.9107942555480092
744,7.439999999999886,0.9108748802647544
745,7.449999999999886,0.9109551568802102
746,7.459999999999885,0.9110350873622467
747,7.469999999999885,0.9111146736672403
748,7.479999999999885,0.9111939177401422
749,7.489999999999885,0.911272821514546
750,7.4999999999998845,0.9113513869127565
751,7.509999999999884,0.9114296158458561
752,7.519999999999884,0.9115075102137724
753,7.529999999999884,0.9115850719053447
754,7.539999999999884,0.9116623027983891
755,7.5499999999998835,0.911739204759766
756,7.559999999999883,0.9118157796454444
757,7.569999999999883,0.9118920293005657
758,7.579999999999883,0.911967955559511
759,7.589999999999883,0.9120435602459623
760,7.599999999999882,0.9121188451729684
761,7.609999999999882,0.9121938121430073
762,7.619999999999882,0.9122684629480486
763,7.629999999999882,0.9123427993696175
764,7.6399999999998816,0.912416823178856
765,7.649999999999881,0.9124905361365843
766,7.659999999999881,0.9125639399933639
767,7.669999999999881,0.9126370364895565
768,7.679999999999881,0.9127098273553866
769,7.6899999999998805,0.912782314311001
770,7.69999999999988,0.9128544990665276
771,7.70999999999988,0.9129263833221375
772,7.71999999999988,0.9129979687681022
773,7.72999999999988,0.9130692570848528
774,7.739999999999879,0.9131402499430391
775,7.749999999999879,0.9132109490035878
776,7.759999999999879,0.9132813559177585
777,7.769999999999879,0.9133514723272042
778,7.779999999999879,0.9134212998640251
779,7.789999999999878,0.9134908401508279
780,7.799999999999878,0.9135600948007814
781,7.809999999999878,0.913629065417671
782,7.819999999999878,0.9136977535959568
783,7.8299999999998775,0.9137661609208282
784,7.839999999999877,0.913834288968257
785,7.849999999999877,0.9139021393050557
786,7.859999999999877,0.913969713488928
787,7.869999999999877,0.9140370130685258
788,7.879999999999876,0.9141040395835018
789,7.889999999999876,0.9141707945645619
790,7.899999999999876,0.9142372795335201
791,7.909999999999876,0.91430349600335
792,7.919999999999876,0.9143694454782371
793,7.929999999999875,0.9144351294536321
794,7.939999999999875,0.9145005494163008
795,7.949999999999875,0.9145657068443773
796,7.959999999999875,0.9146306032074148
797,7.9699999999998745,0.9146952399664349
798,7.979999999999874,0.91475961857398
799,7.989999999999874,0.9148237404741634
800,7.999999999999874,0.914887607102717
801,8.009999999999874,0.9149512198870442
802,8.019999999999873,0.915014580246266
803,8.029999999999873,0.9150776895912729
804,8.039999999999873,0.9151405493247716
805,8.049999999999873,0.9152031608413337
806,8.059999999999873,0.9152655255274447
807,8.069999999999872,0.9153276447615515
808,8.079999999999872,0.9153895199141088
809,8.089999999999872,0.915451152347628
810,8.099999999999872,0.9155125434167237
811,8.109999999999872,0.9155736944681592
812,8.119999999999871,0.9156346068408951
813,8.129999999999871,0.9156952818661327
814,8.139999999999871,0.9157557208673622
815,8.14999999999987,0.9158159251604079
816,8.15999999999987,0.9158758960534711
817,8.16999999999987,0.9159356348471789
818,8.17999999999987,0.915995142834626
819,8.18999999999987,0.9160544213014201
820,8.19999999999987,0.9161134715257269
821,8.20999999999987,0.9161722947783122
822,8.21999999999987,0.9162308923225875
823,8.229999999999869,0.9162892654146527
824,8.239999999999869,0.9163474153033382
825,8.249999999999869,0.9164053432302494
826,8.259999999999868,0.9164630504298088
827,8.269999999999868,0.9165205381292975
828,8.279999999999868,0.9165778075488986
829,8.289999999999868,0.916634859901738
830,8.299999999999867,0.9166916963939266
831,8.309999999999867,0.916748318224602
832,8.319999999999867,0.9168047265859682
833,8.329999999999867,0.9168609226633381
834,8.339999999999867,0.9169169076351734
835,8.349999999999866,0.9169726826731243
836,8.359999999999866,0.9170282489420709
837,8.369999999999866,0.9170836076001619
838,8.379999999999866,0.9171387597988555
839,8.389999999999866,0.9171937066829577
840,8.399999999999865,0.9172484493906616
841,8.409999999999865,0.917302989053587
842,8.419999999999865,0.9173573267968188
843,8.429999999999865,0.9174114637389444
844,8.439999999999864,0.9174654009920945
845,8.449999999999864,0.9175191396619775
846,8.459999999999864,0.9175726808479209
847,8.469999999999864,0.9176260256429067
848,8.479999999999864,0.9176791751336086
849,8.489999999999863,0.9177321304004304
850,8.499999999999863,0.9177848925175423
851,8.509999999999863,0.9178374625529163
852,8.519999999999863,0.9178898415683653
853,8.529999999999863,0.917942030619577
854,8.539999999999862,0.91799403075615
855,8.549999999999862,0.9180458430216318
856,8.559999999999862,0.9180974684535513
857,8.569999999999862,0.9181489080834565
858,8.579999999999862,0.9182001629369491
859,8.589999999999861,0.9182512340337177
860,8.599999999999861,0.9183021223875752
861,8.60999999999986,0.9183528290064924
862,8.61999999999986,0.9184033548926303
863,8.62999999999986,0.9184537010423774
864,8.63999999999986,0.9185038684463811
865,8.64999999999986,0.9185538580895828
866,8.65999999999986,0.9186036709512512
867,8.66999999999986,0.9186533080050142
868,8.67999999999986,0.9187027702188941
869,8.68999999999986,0.9187520585553397
870,8.699999999999859,0.9188011739712574
871,8.709999999999859,0.9188501174180466
872,8.719999999999859,0.9188988898416293
873,8.729999999999858,0.9189474921824841
874,8.739999999999858,0.9189959253756774
875,8.749999999999858,0.9190441903508945
876,8.759999999999858,0.9190922880324723
877,8.769999999999857,0.9191402193394305
878,8.779999999999857,0.9191879851855009
879,8.789999999999857,0.9192355864791617
880,8.799999999999857,0.9192830241236649
881,8.809999999999857,0.9193302990170691
882,8.819999999999856,0.9193774120522697
883,8.829999999999856,0.9194243641170277
884,8.839999999999856,0.9194711560940013
885,8.849999999999856,0.9195177888607757
886,8.859999999999856,0.9195642632898912
887,8.869999999999855,0.9196105802488748
888,8.879999999999855,0.9196567406002685
889,8.889999999999855,0.9197027452016578
890,8.899999999999855,0.9197485949057028
891,8.909999999999854,0.9197942905601644
892,8.919999999999854,0.9198398330079349
893,8.929999999999854,0.9198852230870662
894,8.939999999999854,0.9199304616307967
895,8.949999999999854,0.9199755494675814
896,8.959999999999853,0.9200204874211191
897,8.969999999999853,0.9200652763103788
898,8.979999999999853,0.9201099169496303
899,8.989999999999853,0.9201544101484687
900,8.999999999999853,0.9201987567118435
901,9.009999999999852,0.9202429574400858
902,9.019999999999852,0.9202870131289336
903,9.029999999999852,0.9203309245695607
904,9.039999999999852,0.9203746925486025
905,9.049999999999851,0.9204183178481816
906,9.059999999999851,0.9204618012459362
907,9.069999999999851,0.920505143515044
908,9.07999999999985,0.9205483454242499
909,9.08999999999985,0.9205914077378918
910,9.09999999999985,0.9206343312159249
911,9.10999999999985,0.9206771166139488
912,9.11999999999985,0.9207197646832328
913,9.12999999999985,0.9207622761707397
914,9.13999999999985,0.920804651819153
915,9.14999999999985,0.9208468923669002
916,9.15999999999985,0.9208889985481785
917,9.169999999999849,0.9209309710929797
918,9.179999999999849,0.9209728107271133
919,9.189999999999849,0.9210145181722328
920,9.199999999999848,0.921056094145859
921,9.209999999999848,0.9210975393614032
922,9.219999999999848,0.9211388545281931
923,9.229999999999848,0.9211800403514949
924,9.239999999999847,0.9212210975325382
925,9.249999999999847,0.9212620267685391
926,9.259999999999847,0.9213028287527223
927,9.269999999999847,0.9213435041743471
928,9.279999999999847,0.9213840537187281
929,9.289999999999846,0.9214244780672589
930,9.299999999999846,0.9214647778974354
931,9.309999999999846,0.9215049538828787
932,9.319999999999846,0.9215450066933557
933,9.329999999999846,0.9215849369948046
934,9.339999999999845,0.9216247454493542
935,9.349999999999845,0.9216644327153486
936,9.359999999999845,0.9217039994473676
937,9.369999999999845,0.9217434462962487
938,9.379999999999844,0.92178277390911
939,9.389999999999844,0.9218219829293711
940,9.399999999999844,0.9218610739967741
941,9.409999999999844,0.921900047747406
942,9.419999999999844,0.9219389048137192
943,9.429999999999843,0.9219776458245533
944,9.439999999999843,0.9220162714051561
945,9.449999999999843,0.922054782177203
946,9.459999999999843,0.9220931787588202
947,9.469999999999843,0.9221314617646037
948,9.479999999999842,0.9221696318056397
949,9.489999999999842,0.9222076894895266
950,9.499999999999842,0.9222456354203927
951,9.509999999999842,0.9222834701989193
952,9.519999999999841,0.9223211944223588
953,9.529999999999841,0.9223588086845548
954,9.539999999999841,0.9223963135759625
955,9.54999999999984,0.9224337096836687
956,9.55999999999984,0.9224709975914094
957,9.56999999999984,0.9225081778795925
958,9.57999999999984,0.9225452511253133
959,9.58999999999984,0.9225822179023773
960,9.59999999999984,0.9226190787813175
961,9.60999999999984,0.9226558343294129
962,9.61999999999984,0.9226924851107087
963,9.62999999999984,0.9227290316860347
964,9.639999999999839,0.9227654746130229
965,9.649999999999839,0.9228018144461281
966,9.659999999999838,0.9228380517366448
967,9.669999999999838,0.9228741870327251
968,9.679999999999838,0.922910220879399
969,9.689999999999838,0.9229461538185902
970,9.699999999999838,0.922981986389136
971,9.709999999999837,0.9230177191268043
972,9.719999999999837,0.9230533525643108
973,9.729999999999837,0.9230888872313382
974,9.739999999999837,0.9231243236545531
975,9.749999999999837,0.9231596623576223
976,9.759999999999836,0.9231949038612326
977,9.769999999999836,0.9232300486831055
978,9.779999999999836,0.923265097338017
979,9.789999999999836,0.9233000503378124
980,9.799999999999836,0.9233349081914243
981,9.809999999999835,0.9233696714048896
982,9.819999999999835,0.9234043404813662
983,9.829999999999835,0.9234389159211491
984,9.839999999999835,0.9234733982216882
985,9.849999999999834,0.923507787877603
986,9.859999999999834,0.9235420853807007
987,9.869999999999834,0.9235762912199921
988,9.879999999999834,0.9236104058817065
989,9.889999999999834,0.9236444298493097
990,9.899999999999833,0.9236783636035192
991,9.909999999999833,0.923712207622319
992,9.919999999999833,0.9237459623809776
993,9.929999999999833,0.9237796283520616
994,9.939999999999833,0.9238132060054531
995,9.949999999999832,0.9238466958083646
996,9.959999999999832,0.9238800982253531
997,9.969999999999832,0.9239134137183378
998,9.979999999999832,0.9239466427466141
999,9.989999999999831,0.9239797857668681
1000,9.999999999999831,0.9240128432331935
1001,10.009999999999831,0.9240458155971054
1002,10.01999999999983,0.9240787033075548
1003,10.02999999999983,0.9241115068109449
1004,10.03999999999983,0.9241442265511438
1005,10.04999999999983,0.9241768629695017
1006,10.05999999999983,0.9242094165048638
1007,10.06999999999983,0.9242418875935839
1008,10.07999999999983,0.9242742766695414
1009,10.08999999999983,0.924306584164154
1010,10.09999999999983,0.9243388105063909
1011,10.109999999999829,0.9243709561227899
1012,10.119999999999829,0.9244030214374682
1013,10.129999999999828,0.9244350068721389
1014,10.139999999999828,0.9244669128461237
1015,10.149999999999828,0.9244987397763663
1016,10.159999999999828,0.9245304880774476
1017,10.169999999999828,0.9245621581615984
1018,10.179999999999827,0.9245937504387121
1019,10.189999999999827,0.9246252653163604
1020,10.199999999999827,0.9246567031998044
1021,10.209999999999827,0.92468806449201
1022,10.219999999999827,0.9247193495936599
1023,10.229999999999826,0.9247505589031663
1024,10.239999999999826,0.9247816928166855
1025,10.249999999999826,0.9248127517281306
1026,10.259999999999826,0.9248437360291826
1027,10.269999999999825,0.924874646109306
1028,10.279999999999825,0.9249054823557596
1029,10.289999999999825,0.9249362451536103
1030,10.299999999999825,0.9249669348857454
1031,10.309999999999825,0.9249975519328845
1032,10.319999999999824,0.9250280966735934
1033,10.329999999999824,0.9250585694842957
1034,10.339999999999824,0.9250889707392845
1035,10.349999999999824,0.9251193008107363
1036,10.359999999999824,0.9251495600687218
1037,10.369999999999823,0.9251797488812187
1038,10.379999999999823,0.9252098676141238
1039,10.389999999999823,0.9252399166312643
1040,10.399999999999823,0.9252698962944107
1041,10.409999999999823,0.9252998069632885
1042,10.419999999999822,0.9253296489955887
1043,10.429999999999822,0.9253594227469814
1044,10.439999999999822,0.9253891285711265
1045,10.449999999999822,0.9254187668196847
1046,10.459999999999821,0.9254483378423305
1047,10.469999999999821,0.9254778419867619
1048,10.479999999999821,0.9255072795987134
1049,10.48999999999982,0.9255366510219667
1050,10.49999999999982,0.925565956598361
1051,10.50999999999982,0.9255951966678059
1052,10.51999999999982,0.9256243715682915
1053,10.52999999999982,0.9256534816358987
1054,10.53999999999982,0.9256825272048127
1055,10.54999999999982,0.9257115086073306
1056,10.55999999999982,0.9257404261738751
1057,10.569999999999819,0.9257692802330042
1058,10.579999999999819,0.9257980711114209
1059,10.589999999999819,0.9258267991339859
1060,10.599999999999818,0.9258554646237269
1061,10.609999999999818,0.9258840679018487
1062,10.619999999999818,0.9259126092877459
1063,10.629999999999818,0.92594108909901
1064,10.639999999999818,0.9259695076514429
1065,10.649999999999817,0.9259978652590659
1066,10.659999999999817,0.9260261622341289
1067,10.669999999999817,0.9260543988871225
1068,10.679999999999817,0.9260825755267873
1069,10.689999999999817,0.9261106924601229
1070,10.699999999999816,0.9261387499924004
1071,10.709999999999816,0.9261667484271693
1072,10.719999999999816,0.92619468806627
1073,10.729999999999816,0.9262225692098425
1074,10.739999999999815,0.9262503921563353
1075,10.749999999999815,0.9262781572025173
1076,10.759999999999815,0.9263058646434856
1077,10.769999999999815,0.9263335147726756
1078,10.779999999999815,0.9263611078818708
1079,10.789999999999814,0.9263886442612126
1080,10.799999999999814,0.9264161241992084
1081,10.809999999999814,0.9264435479827428
1082,10.819999999999814,0.926470915897085
1083,10.829999999999814,0.9264982282259
1084,10.839999999999813,0.9265254852512569
1085,10.849999999999813,0.926552687253637
1086,10.859999999999813,0.926579834511945
1087,10.869999999999813,0.926606927303517
1088,10.879999999999812,0.9266339659041286
1089,10.889999999999812,0.926660950588006
1090,10.899999999999812,0.9266878816278327
1091,10.909999999999812,0.9267147592947598
1092,10.919999999999812,0.9267415838584144
1093,10.929999999999811,0.9267683555869081
1094,10.939999999999811,0.9267950747468457
1095,10.949999999999811,0.9268217416033349
1096,10.95999999999981,0.9268483564199925
1097,10.96999999999981,0.9268749194589561
1098,10.97999999999981,0.9269014309808894
1099,10.98999999999981,0.9269278912449935
1100,10.99999999999981,0.9269543005090135
1101,11.00999999999981,0.926980659029247
1102,11.01999999999981,0.9270069670605532
1103,11.02999999999981,0.9270332248563606
1104,11.039999999999809,0.9270594326686751
1105,11.049999999999809,0.9270855907480887
1106,11.059999999999809,0.9271116993437867
1107,11.069999999999808,0.9271377587035569
1108,11.079999999999808,0.9271637690737969
1109,11.089999999999808,0.9271897306995218
1110,11.099999999999808,0.9272156438243729
1111,11.109999999999808,0.9272415086906256
1112,11.119999999999807,0.9272673255391957
1113,11.129999999999807,0.9272930946096493
1114,11.139999999999807,0.9273188161402088
1115,11.149999999999807,0.927344490367762
1116,11.159999999999807,0.927370117527869
1117,11.169999999999806,0.9273956978547693
1118,11.179999999999806,0.9274212315813906
1119,11.189999999999806,0.9274467189393555
1120,11.199999999999806,0.9274721601589888
1121,11.209999999999805,0.9274975554693258
1122,11.219999999999805,0.9275229050981189
1123,11.229999999999805,0.9275482092718448
1124,11.239999999999805,0.9275734682157132
1125,11.249999999999805,0.9275986821536718
1126,11.259999999999804,0.9276238513084158
1127,11.269999999999804,0.927648975901394
1128,11.279999999999804,0.9276740561528148
1129,11.289999999999804,0.9276990922816559
1130,11.299999999999804,0.9277240845056696
1131,11.309999999999803,0.9277490330413891
1132,11.319999999999803,0.9277739381041382
1133,11.329999999999803,0.9277987999080347
1134,11.339999999999803,0.9278236186660006
1135,11.349999999999802,0.9278483945897669
1136,11.359999999999802,0.9278731278898806
1137,11.369999999999802,0.9278978187757124
1138,11.379999999999802,0.9279224674554631
1139,11.389999999999802,0.927947074136169
1140,11.399999999999801,0.9279716390237107
1141,11.409999999999801,0.9279961623228178
1142,11.419999999999801,0.9280206442370768
1143,11.4299999999998,0.9280450849689373
1144,11.4399999999998,0.9280694847197178
1145,11.4499999999998,0.928093843689613
1146,11.4599999999998,0.9281181620777001
1147,11.4699999999998,0.9281424400819446
1148,11.4799999999998,0.9281666778992073
1149,11.4899999999998,0.9281908757252503
1150,11.4999999999998,0.9282150337547432
1151,11.509999999999799,0.9282391521812703
1152,11.519999999999799,0.9282632311973347
1153,11.529999999999799,0.9282872709943666
1154,11.539999999999798,0.9283112717627289
1155,11.549999999999798,0.9283352336917219
1156,11.559999999999798,0.9283591569695913
1157,11.569999999999798,0.9283830417835333
1158,11.579999999999798,0.9284068883197002
1159,11.589999999999797,0.9284306967632077
1160,11.599999999999797,0.9284544672981387
1161,11.609999999999797,0.9284782001075516
1162,11.619999999999797,0.9285018953734845
1163,11.629999999999797,0.9285255532769613
1164,11.639999999999796,0.9285491739979982
1165,11.649999999999796,0.9285727577156088
1166,11.659999999999796,0.9285963046078094
1167,11.669999999999796,0.9286198148516265
1168,11.679999999999795,0.9286432886230995
1169,11.689999999999795,0.9286667260972897
1170,11.699999999999795,0.9286901274482835
1171,11.709999999999795,0.9287134928491982
1172,11.719999999999795,0.9287368224721888
1173,11.729999999999794,0.9287601164884527
1174,11.739999999999794,0.9287833750682344
1175,11.749999999999794,0.9288065983808323
1176,11.759999999999794,0.9288297865946032
1177,11.769999999999794,0.9288529398769683
1178,11.779999999999793,0.9288760583944181
1179,11.789999999999793,0.9288991423125171
1180,11.799999999999793,0.9289221917959108
1181,11.809999999999793,0.9289452070083296
1182,11.819999999999792,0.9289681881125935
1183,11.829999999999792,0.9289911352706196
1184,11.839999999999792,0.9290140486434242
1185,11.849999999999792,0.9290369283911304
1186,11.859999999999792,0.9290597746729725
1187,11.869999999999791,0.9290825876473001
1188,11.879999999999791,0.9291053674715841
1189,11.889999999999791,0.9291281143024221
1190,11.89999999999979,0.9291508282955417
1191,11.90999999999979,0.9291735096058076
1192,11.91999999999979,0.9291961583872244
1193,11.92999999999979,0.9292187747929432
1194,11.93999999999979,0.9292413589752659
1195,11.94999999999979,0.9292639110856493
1196,11.95999999999979,0.9292864312747111
1197,11.96999999999979,0.9293089196922338
1198,11.979999999999789,0.9293313764871698
1199,11.989999999999789,0.929353801807646
1200,11.999999999999789,0.9293761958009692
1201,12.009999999999788,0.9293985586136291
1202,12.019999999999788,0.9294208903913049
1203,12.029999999999788,0.9294431912788685
1204,12.039999999999788,0.9294654614203899
1205,12.049999999999788,0.9294877009591415
1206,12.059999999999787,0.9295099100376021
1207,12.069999999999787,0.9295320887974624
1208,12.079999999999787,0.9295542373796292
1209,12.089999999999787,0.9295763559242289
1210,12.099999999999786,0.9295984445706137
1211,12.109999999999786,0.9296205034573637
1212,12.119999999999786,0.9296425327222938
1213,12.129999999999786,0.9296645325024566
1214,12.139999999999786,0.9296865029341462
1215,12.149999999999785,0.9297084441529042
1216,12.159999999999785,0.9297303562935229
1217,12.169999999999785,0.929752239490049
1218,12.179999999999785,0.9297740938757897
1219,12.189999999999785,0.9297959195833145
1220,12.199999999999784,0.9298177167444618
1221,12.209999999999784,0.9298394854903415
1222,12.219999999999784,0.929861225951339
1223,12.229999999999784,0.9298829382571208
1224,12.239999999999783,0.9299046225366372
1225,12.249999999999783,0.9299262789181265
1226,12.259999999999783,0.9299479075291202
1227,12.269999999999783,0.929969508496445
1228,12.279999999999783,0.929991081946229
1229,12.289999999999782,0.9300126280039046
1230,12.299999999999782,0.9300341467942115
1231,12.309999999999782,0.9300556384412029
1232,12.319999999999782,0.9300771030682474
1233,12.329999999999782,0.9300985407980337
1234,12.339999999999781,0.9301199517525743
1235,12.349999999999781,0.9301413360532101
1236,12.359999999999781,0.9301626938206122
1237,12.36999999999978,0.9301840251747887
1238,12.37999999999978,0.9302053302350851
1239,12.38999999999978,0.9302266091201908
1240,12.39999999999978,0.930247861948142
1241,12.40999999999978,0.9302690888363241
1242,12.41999999999978,0.9302902899014771
1243,12.42999999999978,0.9303114652596991
1244,12.43999999999978,0.9303326150264484
1245,12.449999999999779,0.9303537393165493
1246,12.459999999999779,0.9303748382441935
1247,12.469999999999779,0.9303959119229457
1248,12.479999999999778,0.9304169604657462
1249,12.489999999999778,0.9304379839849134
1250,12.499999999999778,0.9304589825921498
1251,12.509999999999778,0.9304799563985434
1252,12.519999999999778,0.9305009055145717
1253,12.529999999999777,0.930521830050106
1254,12.539999999999777,0.9305427301144135
1255,12.549999999999777,0.9305636058161615
1256,12.559999999999777,0.9305844572634214
1257,12.569999999999776,0.9306052845636706
1258,12.579999999999776,0.9306260878237969
1259,12.589999999999776,0.9306468671501018
1260,12.599999999999776,0.930667622648303
1261,12.609999999999776,0.9306883544235393
1262,12.619999999999775,0.9307090625803717
1263,12.629999999999775,0.9307297472227888
1264,12.639999999999775,0.930750408454209
1265,12.649999999999775,0.9307710463774831
1266,12.659999999999775,0.9307916610948992
1267,12.669999999999774,0.9308122527081846
1268,12.679999999999774,0.9308328213185086
1269,12.689999999999774,0.9308533670264878
1270,12.699999999999774,0.9308738899321867
1271,12.709999999999773,0.930894390135122
1272,12.719999999999773,0.9309148677342662
1273,12.729999999999773,0.9309353228280495
1274,12.739999999999773,0.9309557555143638
1275,12.749999999999773,0.9309761658905658
1276,12.759999999999772,0.9309965540534785
1277,12.769999999999772,0.9310169200993965
1278,12.779999999999772,0.9310372641240877
1279,12.789999999999772,0.9310575862227957
1280,12.799999999999772,0.9310778864902444
1281,12.809999999999771,0.9310981650206392
1282,12.819999999999771,0.9311184219076716
1283,12.829999999999771,0.931138657244521
1284,12.83999999999977,0.9311588711238573
1285,12.84999999999977,0.9311790636378453
1286,12.85999999999977,0.9311992348781462
1287,12.86999999999977,0.9312193849359204
1288,12.87999999999977,0.9312395139018318
1289,12.88999999999977,0.9312596218660485
1290,12.89999999999977,0.9312797089182475
1291,12.90999999999977,0.9312997751476166
1292,12.919999999999769,0.9313198206428568
1293,12.929999999999769,0.9313398454921857
1294,12.939999999999769,0.9313598497833406
1295,12.949999999999768,0.9313798336035797
1296,12.959999999999768,0.9313997970396863
1297,12.969999999999768,0.9314197401779708
1298,12.979999999999768,0.9314396631042734
1299,12.989999999999768,0.9314595659039675
1300,12.999999999999767,0.9314794486619605
1301,13.009999999999767,0.9314993114626988
1302,13.019999999999767,0.9315191543901687
1303,13.029999999999767,0.9315389775278993
1304,13.039999999999766,0.9315587809589659
1305,13.049999999999766,0.9315785647659914
1306,13.059999999999766,0.9315983290311497
1307,13.069999999999766,0.9316180738361683
1308,13.079999999999766,0.9316377992623297
1309,13.089999999999765,0.9316575053904753
1310,13.099999999999765,0.9316771923010073
1311,13.109999999999765,0.9316968600738906
1312,13.119999999999765,0.9317165087886564
1313,13.129999999999765,0.9317361385244041
1314,13.139999999999764,0.9317557493598029
1315,13.149999999999764,0.9317753413730963
1316,13.159999999999764,0.9317949146421018
1317,13.169999999999764,0.9318144692442162
1318,13.179999999999763,0.9318340052564158
1319,13.189999999999763,0.9318535227552589
1320,13.199999999999763,0.9318730218168898
1321,13.209999999999763,0.9318925025170397
1322,13.219999999999763,0.9319119649310291
1323,13.229999999999762,0.931931409133771
1324,13.239999999999762,0.9319508351997718
1325,13.249999999999762,0.9319702432031354
1326,13.259999999999762,0.9319896332175638
1327,13.269999999999762,0.9320090053163601
1328,13.279999999999761,0.9320283595724309
1329,13.289999999999761,0.9320476960582886
1330,13.299999999999761,0.9320670148460524
1331,13.30999999999976,0.9320863160074527
1332,13.31999999999976,0.9321055996138309
1333,13.32999999999976,0.9321248657361435
1334,13.33999999999976,0.9321441144449636
1335,13.34999999999976,0.9321633458104822
1336,13.35999999999976,0.9321825599025118
1337,13.36999999999976,0.9322017567904878
1338,13.37999999999976,0.9322209365434703
1339,13.389999999999759,0.9322400992301472
1340,13.399999999999759,0.9322592449188347
1341,13.409999999999759,0.9322783736774816
1342,13.419999999999758,0.9322974855736695
1343,13.429999999999758,0.9323165806746154
1344,13.439999999999758,0.9323356590471741
1345,13.449999999999758,0.9323547207578403
1346,13.459999999999757,0.9323737658727494
1347,13.469999999999757,0.9323927944576815
1348,13.479999999999757,0.9324118065780621
1349,13.489999999999757,0.9324308022989637
1350,13.499999999999757,0.9324497816851094
1351,13.509999999999756,0.9324687448008727
1352,13.519999999999756,0.9324876917102821
1353,13.529999999999756,0.9325066224770209
1354,13.539999999999756,0.9325255371644294
1355,13.549999999999756,0.9325444358355078
1356,13.559999999999755,0.9325633185529182
1357,13.569999999999755,0.9325821853789843
1358,13.579999999999755,0.9326010363756966
1359,13.589999999999755,0.932619871604711
1360,13.599999999999755,0.9326386911273538
1361,13.609999999999754,0.9326574950046209
1362,13.619999999999754,0.9326762832971811
1363,13.629999999999754,0.9326950560653775
1364,13.639999999999754,0.9327138133692301
1365,13.649999999999753,0.9327325552684356
1366,13.659999999999753,0.932751281822372
1367,13.669999999999753,0.9327699930900977
1368,13.679999999999753,0.9327886891303554
1369,13.689999999999753,0.9328073700015731
1370,13.699999999999752,0.9328260357618648
1371,13.709999999999752,0.9328446864690343
1372,13.719999999999752,0.9328633221805755
1373,13.729999999999752,0.9328819429536744
1374,13.739999999999752,0.9329005488452113
1375,13.749999999999751,0.9329191399117615
1376,13.759999999999751,0.9329377162095983
1377,13.76999999999975,0.9329562777946943
1378,13.77999999999975,0.932974824722722
1379,13.78999999999975,0.9329933570490571
1380,13.79999999999975,0.9330118748287793
1381,13.80999999999975,0.9330303781166737
1382,13.81999999999975,0.9330488669672333
1383,13.82999999999975,0.9330673414346597
1384,13.83999999999975,0.9330858015728658
1385,13.84999999999975,0.9331042474354765
1386,13.859999999999749,0.9331226790758302
1387,13.869999999999749,0.9331410965469819
1388,13.879999999999749,0.9331594999017028
1389,13.889999999999748,0.9331778891924831
1390,13.899999999999748,0.9331962644715336
1391,13.909999999999748,0.9332146257907867
1392,13.919999999999748,0.9332329732018982
1393,13.929999999999747,0.9332513067562492
1394,13.939999999999747,0.9332696265049467
1395,13.949999999999747,0.9332879324988264
1396,13.959999999999747,0.9333062247884535
1397,13.969999999999747,0.9333245034241238
1398,13.979999999999746,0.933342768455866
1399,13.989999999999746,0.9333610199334434
1400,13.999999999999746,0.9333792579063539
1401,14.009999999999746,0.9333974824238335
1402,14.019999999999746,0.9334156935348557
1403,14.029999999999745,0.9334338912881348
1404,14.039999999999745,0.9334520757321267
1405,14.049999999999745,0.9334702469150292
1406,14.059999999999745,0.9334884048847853
1407,14.069999999999744,0.933506549689084
1408,14.079999999999744,0.9335246813753604
1409,14.089999999999744,0.9335427999907994
1410,14.099999999999744,0.933560905582335
1411,14.109999999999744,0.9335789981966532
1412,14.119999999999743,0.9335970778801931
1413,14.129999999999743,0.933615144679147
1414,14.139999999999743,0.9336331986394635
1415,14.149999999999743,0.9336512398068482
1416,14.159999999999743,0.9336692682267645
1417,14.169999999999742,0.9336872839444361
1418,14.179999999999742,0.933705287004847
1419,14.189999999999742,0.9337232774527439
1420,14.199999999999742,0.9337412553326376
1421,14.209999999999742,0.9337592206888029
1422,14.219999999999741,0.9337771735652817
1423,14.229999999999741,0.9337951140058833
1424,14.23999999999974,0.9338130420541857
1425,14.24999999999974,0.9338309577535373
1426,14.25999999999974,0.9338488611470581
1427,14.26999999999974,0.9338667522776404
1428,14.27999999999974,0.9338846311879512
1429,14.28999999999974,0.9339024979204319
1430,14.29999999999974,0.9339203525173012
1431,14.30999999999974,0.9339381950205558
1432,14.31999999999974,0.9339560254719703
1433,14.329999999999739,0.9339738439131005
1434,14.339999999999739,0.9339916503852839
1435,14.349999999999739,0.9340094449296396
1436,14.359999999999738,0.9340272275870718
1437,14.369999999999738,0.934044998398269
1438,14.379999999999738,0.9340627574037066
1439,14.389999999999738,0.9340805046436474
1440,14.399999999999737,0.9340982401581426
1441,14.409999999999737,0.9341159639870338
1442,14.419999999999737,0.934133676169953
1443,14.429999999999737,0.9341513767463251
1444,14.439999999999737,0.934169065755368
1445,14.449999999999736,0.9341867432360943
1446,14.459999999999736,0.9342044092273128
1447,14.469999999999736,0.9342220637676277
1448,14.479999999999736,0.9342397068954424
1449,14.489999999999736,0.934257338648959
1450,14.499999999999735,0.93427495906618
1451,14.509999999999735,0.9342925681849094
1452,14.519999999999735,0.9343101660427524
1453,14.529999999999735,0.9343277526771192
1454,14.539999999999734,0.934345328125224
1455,14.549999999999734,0.9343628924240868
1456,14.559999999999734,0.9343804456105348
1457,14.569999999999734,0.9343979877212019
1458,14.579999999999734,0.9344155187925319
1459,14.589999999999733,0.9344330388607788
1460,14.599999999999733,0.934450547962007
1461,14.609999999999733,0.9344680461320934
1462,14.619999999999733,0.9344855334067284
1463,14.629999999999733,0.9345030098214154
1464,14.639999999999732,0.9345204754114742
1465,14.649999999999732,0.9345379302120406
1466,14.659999999999732,0.9345553742580675
1467,14.669999999999732,0.9345728075843268
1468,14.679999999999731,0.9345902302254081
1469,14.689999999999731,0.934607642215723
1470,14.699999999999731,0.9346250435895036
1471,14.70999999999973,0.9346424343808046
1472,14.71999999999973,0.9346598146235041
1473,14.72999999999973,0.9346771843513046
1474,14.73999999999973,0.9346945435977329
1475,14.74999999999973,0.9347118923961429
1476,14.75999999999973,0.9347292307797158
1477,14.76999999999973,0.9347465587814607
1478,14.77999999999973,0.9347638764342164
1479,14.78999999999973,0.9347811837706501
1480,14.799999999999729,0.9347984808232619
1481,14.809999999999729,0.9348157676243829
1482,14.819999999999729,0.9348330442061774
1483,14.829999999999728,0.9348503106006439
1484,14.839999999999728,0.9348675668396145
1485,14.849999999999728,0.9348848129547577
1486,14.859999999999728,0.9349020489775788
1487,14.869999999999727,0.9349192749394203
1488,14.879999999999727,0.9349364908714631
1489,14.889999999999727,0.934953696804728
1490,14.899999999999727,0.9349708927700742
1491,14.909999999999727,0.9349880787982038
1492,14.919999999999726,0.93500525491966
1493,14.929999999999726,0.9350224211648294
1494,14.939999999999726,0.9350395775639421
1495,14.949999999999726,0.9350567241470716
1496,14.959999999999726,0.9350738609441387
1497,14.969999999999725,0.9350909879849091
1498,14.979999999999725,0.9351081052989966
1499,14.989999999999725,0.9351252129158621
1500,14.999999999999725,0.9351423108648167
1501,15.009999999999724,0.935159399175019
1502,15.019999999999724,0.93517647787548
1503,15.029999999999724,0.9351935469950613
1504,15.039999999999724,0.9352106065624768
1505,15.049999999999724,0.9352276566062936
1506,15.059999999999723,0.9352446971549316
1507,15.069999999999723,0.9352617282366664
1508,15.079999999999723,0.9352787498796287
1509,15.089999999999723,0.9352957621118052
1510,15.099999999999723,0.9353127649610403
1511,15.109999999999722,0.9353297584550347
1512,15.119999999999722,0.9353467426213492
1513,15.129999999999722,0.9353637174874032
1514,15.139999999999722,0.9353806830804767
1515,15.149999999999721,0.9353976394277101
1516,15.159999999999721,0.9354145865561064
1517,15.169999999999721,0.9354315244925295
1518,15.17999999999972,0.935448453263708
1519,15.18999999999972,0.9354653728962338
1520,15.19999999999972,0.9354822834165637
1521,15.20999999999972,0.9354991848510203
1522,15.21999999999972,0.9355160772257914
1523,15.22999999999972,0.9355329605669328
1524,15.23999999999972,0.9355498349003677
1525,15.24999999999972,0.9355667002518875
1526,15.25999999999972,0.9355835566471534
1527,15.269999999999719,0.9356004041116954
1528,15.279999999999719,0.9356172426709148
1529,15.289999999999718,0.9356340723500844
1530,15.299999999999718,0.9356508931743488
1531,15.309999999999718,0.9356677051687253
1532,15.319999999999718,0.9356845083581049
1533,15.329999999999718,0.9357013027672517
1534,15.339999999999717,0.9357180884208061
1535,15.349999999999717,0.9357348653432831
1536,15.359999999999717,0.9357516335590743
1537,15.369999999999717,0.9357683930924486
1538,15.379999999999717,0.9357851439675511
1539,15.389999999999716,0.9358018862084062
1540,15.399999999999716,0.9358186198389172
1541,15.409999999999716,0.935835344882867
1542,15.419999999999716,0.9358520613639185
1543,15.429999999999715,0.935868769305616
1544,15.439999999999715,0.9358854687313843
1545,15.449999999999715,0.9359021596645315
1546,15.459999999999715,0.9359188421282482
1547,15.469999999999715,0.9359355161456085
1548,15.479999999999714,0.9359521817395715
1549,15.489999999999714,0.9359688389329791
1550,15.499999999999714,0.9359854877485607
1551,15.509999999999714,0.9360021282089306
1552,15.519999999999714,0.9360187603365904
1553,15.529999999999713,0.9360353841539293
1554,15.539999999999713,0.9360519996832228
1555,15.549999999999713,0.9360686069466371
1556,15.559999999999713,0.9360852059662261
1557,15.569999999999713,0.9361017967639342
1558,15.579999999999712,0.9361183793615963
1559,15.589999999999712,0.936134953780938
1560,15.599999999999712,0.936151520043576
1561,15.609999999999712,0.9361680781710201
1562,15.619999999999711,0.9361846281846725
1563,15.629999999999711,0.9362011701058288
1564,15.639999999999711,0.9362177039556792
1565,15.64999999999971,0.9362342297553067
1566,15.65999999999971,0.9362507475256913
1567,15.66999999999971,0.9362672572877078
1568,15.67999999999971,0.9362837590621278
1569,15.68999999999971,0.9363002528696196
1570,15.69999999999971,0.936316738730748
1571,15.70999999999971,0.9363332166659772
1572,15.71999999999971,0.9363496866956691
1573,15.729999999999709,0.9363661488400852
1574,15.739999999999709,0.9363826031193863
1575,15.749999999999709,0.9363990495536338
1576,15.759999999999708,0.936415488162789
1577,15.769999999999708,0.9364319189667154
1578,15.779999999999708,0.9364483419851781
1579,15.789999999999708,0.9364647572378445
1580,15.799999999999708,0.9364811647442857
1581,15.809999999999707,0.9364975645239744
1582,15.819999999999707,0.9365139565962889
1583,15.829999999999707,0.9365303409805117
1584,15.839999999999707,0.9365467176958301
1585,15.849999999999707,0.9365630867613371
1586,15.859999999999706,0.9365794481960323
1587,15.869999999999706,0.9365958020188205
1588,15.879999999999706,0.9366121482485148
1589,15.889999999999706,0.9366284869038356
1590,15.899999999999705,0.9366448180034115
1591,15.909999999999705,0.93666114156578
1592,15.919999999999705,0.9366774576093866
1593,15.929999999999705,0.9366937661525878
1594,15.939999999999705,0.9367100672136495
1595,15.949999999999704,0.9367263608107482
1596,15.959999999999704,0.9367426469619726
1597,15.969999999999704,0.9367589256853208
1598,15.979999999999704,0.9367751969987049
1599,15.989999999999704,0.936791460919949
1600,15.999999999999703,0.9368077174667899
1601,16.009999999999703,0.9368239666568786
1602,16.019999999999705,0.9368402085077796
1603,16.029999999999706,0.9368564430369718
1604,16.039999999999708,0.9368726702618494
1605,16.04999999999971,0.9368888901997211
1606,16.05999999999971,0.9369051028678131
1607,16.069999999999713,0.9369213082832667
1608,16.079999999999714,0.93693750646314
1609,16.089999999999716,0.9369536974244084
1610,16.099999999999717,0.936969881183966
1611,16.10999999999972,0.9369860577586236
1612,16.11999999999972,0.9370022271651115
1613,16.129999999999722,0.9370183894200782
1614,16.139999999999723,0.9370345445400929
1615,16.149999999999725,0.937050692541644
1616,16.159999999999727,0.9370668334411398
1617,16.169999999999728,0.9370829672549099
1618,16.17999999999973,0.9370990939992057
1619,16.18999999999973,0.9371152136901992
1620,16.199999999999733,0.9371313263439851
1621,16.209999999999734,0.9371474319765799
1622,16.219999999999736,0.9371635306039243
1623,16.229999999999738,0.9371796222418816
1624,16.23999999999974,0.9371957069062383
1625,16.24999999999974,0.9372117846127056
1626,16.259999999999742,0.9372278553769202
1627,16.269999999999744,0.9372439192144425
1628,16.279999999999745,0.9372599761407583
1629,16.289999999999747,0.9372760261712806
1630,16.29999999999975,0.9372920693213473
1631,16.30999999999975,0.9373081056062235
1632,16.31999999999975,0.9373241350411006
1633,16.329999999999753,0.937340157641099
1634,16.339999999999755,0.9373561734212655
1635,16.349999999999756,0.9373721823965757
1636,16.359999999999758,0.937388184581933
1637,16.36999999999976,0.9374041799921716
1638,16.37999999999976,0.9374201686420535
1639,16.389999999999763,0.9374361505462708
1640,16.399999999999764,0.9374521257194457
1641,16.409999999999766,0.9374680941761317
1642,16.419999999999767,0.9374840559308126
1643,16.42999999999977,0.9375000109979033
1644,16.43999999999977,0.9375159593917499
1645,16.449999999999772,0.9375319011266326
1646,16.459999999999773,0.937547836216762
1647,16.469999999999775,0.937563764676282
1648,16.479999999999777,0.9375796865192694
1649,16.489999999999778,0.9375956017597358
1650,16.49999999999978,0.9376115104116249
1651,16.50999999999978,0.9376274124888159
1652,16.519999999999783,0.9376433080051213
1653,16.529999999999784,0.9376591969742905
1654,16.539999999999786,0.9376750794100063
1655,16.549999999999788,0.9376909553258875
1656,16.55999999999979,0.9377068247354904
1657,16.56999999999979,0.9377226876523057
1658,16.579999999999792,0.9377385440897616
1659,16.589999999999794,0.9377543940612232
1660,16.599999999999795,0.9377702375799934
1661,16.609999999999797,0.9377860746593125
1662,16.6199999999998,0.9378019053123586
1663,16.6299999999998,0.9378177295522481
1664,16.6399999999998,0.9378335473920371
1665,16.649999999999803,0.9378493588447196
1666,16.659999999999805,0.9378651639232297
1667,16.669999999999806,0.9378809626404403
1668,16.679999999999808,0.9378967550091659
1669,16.68999999999981,0.93791254104216
1670,16.69999999999981,0.9379283207521173
1671,16.709999999999813,0.9379440941516729
1672,16.719999999999814,0.9379598612534046
1673,16.729999999999816,0.9379756220698305
1674,16.739999999999817,0.9379913766134115
1675,16.74999999999982,0.9380071248965495
1676,16.75999999999982,0.9380228669315911
1677,16.769999999999822,0.938038602730824
1678,16.779999999999824,0.9380543323064797
1679,16.789999999999825,0.938070055670733
1680,16.799999999999827,0.9380857728357033
1681,16.809999999999828,0.9381014838134532
1682,16.81999999999983,0.9381171886159896
1683,16.82999999999983,0.9381328872552656
1684,16.839999999999833,0.9381485797431777
1685,16.849999999999834,0.9381642660915684
1686,16.859999999999836,0.9381799463122253
1687,16.869999999999838,0.9381956204168833
1688,16.87999999999984,0.938211288417222
1689,16.88999999999984,0.9382269503248681
1690,16.899999999999842,0.9382426061513945
1691,16.909999999999844,0.9382582559083226
1692,16.919999999999845,0.9382738996071198
1693,16.929999999999847,0.9382895372592015
1694,16.93999999999985,0.9383051688759309
1695,16.94999999999985,0.9383207944686199
1696,16.95999999999985,0.9383364140485287
1697,16.969999999999853,0.938352027626866
1698,16.979999999999855,0.9383676352147889
1699,16.989999999999856,0.9383832368234057
1700,16.999999999999858,0.9383988324637726
1701,17.00999999999986,0.9384144221468963
1702,17.01999999999986,0.938430005883733
1703,17.029999999999863,0.9384455836851907
1704,17.039999999999864,0.9384611555621266
1705,17.049999999999866,0.9384767215253494
1706,17.059999999999867,0.9384922815856188
1707,17.06999999999987,0.9385078357536466
1708,17.07999999999987,0.9385233840400957
1709,17.089999999999872,0.9385389264555805
1710,17.099999999999874,0.938554463010669
1711,17.109999999999875,0.9385699937158807
1712,17.119999999999877,0.9385855185816878
1713,17.129999999999878,0.9386010376185157
1714,17.13999999999988,0.9386165508367436
1715,17.14999999999988,0.9386320582467033
1716,17.159999999999883,0.9386475598586809
1717,17.169999999999884,0.9386630556829157
1718,17.179999999999886,0.938678545729603
1719,17.189999999999888,0.9386940300088908
1720,17.19999999999989,0.9387095085308828
1721,17.20999999999989,0.9387249813056365
1722,17.219999999999892,0.9387404483431667
1723,17.229999999999894,0.9387559096534419
1724,17.239999999999895,0.9387713652463868
1725,17.249999999999897,0.9387868151318819
1726,17.2599999999999,0.9388022593197646
1727,17.2699999999999,0.9388176978198278
1728,17.2799999999999,0.9388331306418215
1729,17.289999999999903,0.9388485577954521
1730,17.299999999999905,0.9388639792903841
1731,17.309999999999906,0.9388793951362384
1732,17.319999999999908,0.9388948053425938
1733,17.32999999999991,0.9389102099189863
1734,17.33999999999991,0.9389256088749115
1735,17.349999999999913,0.9389410022198216
1736,17.359999999999914,0.9389563899631278
1737,17.369999999999916,0.9389717721141998
1738,17.379999999999917,0.9389871486823672
1739,17.38999999999992,0.9390025196769175
1740,17.39999999999992,0.9390178851070976
1741,17.409999999999922,0.9390332449821154
1742,17.419999999999924,0.9390485993111368
1743,17.429999999999925,0.9390639481032885
1744,17.439999999999927,0.9390792913676571
1745,17.44999999999993,0.9390946291132906
1746,17.45999999999993,0.9391099613491963
1747,17.46999999999993,0.9391252880843431
1748,17.479999999999933,0.9391406093276603
1749,17.489999999999934,0.9391559250880397
1750,17.499999999999936,0.9391712353743333
1751,17.509999999999938,0.9391865401953553
1752,17.51999999999994,0.9392018395598812
1753,17.52999999999994,0.93921713347665
1754,17.539999999999942,0.9392324219543616
1755,17.549999999999944,0.9392477050016789
1756,17.559999999999945,0.9392629826272267
1757,17.569999999999947,0.9392782548395945
1758,17.57999999999995,0.9392935216473332
1759,17.58999999999995,0.9393087830589575
1760,17.59999999999995,0.939324039082945
1761,17.609999999999953,0.9393392897277387
1762,17.619999999999955,0.9393545350017437
1763,17.629999999999956,0.9393697749133296
1764,17.639999999999958,0.93938500947083
1765,17.64999999999996,0.9394002386825442
1766,17.65999999999996,0.9394154625567346
1767,17.669999999999963,0.9394306811016288
1768,17.679999999999964,0.93944589432542
1769,17.689999999999966,0.9394611022362662
1770,17.699999999999967,0.9394763048422904
1771,17.70999999999997,0.9394915021515811
1772,17.71999999999997,0.9395066941721937
1773,17.729999999999972,0.9395218809121483
1774,17.739999999999974,0.9395370623794314
1775,17.749999999999975,0.9395522385819953
1776,17.759999999999977,0.9395674095277602
1777,17.76999999999998,0.9395825752246116
1778,17.77999999999998,0.9395977356804022
1779,17.78999999999998,0.9396128909029512
1780,17.799999999999983,0.9396280409000461
1781,17.809999999999985,0.9396431856794409
1782,17.819999999999986,0.939658325248857
1783,17.829999999999988,0.9396734596159833
1784,17.83999999999999,0.9396885887884778
1785,17.84999999999999,0.9397037127739652
1786,17.859999999999992,0.9397188315800389
1787,17.869999999999994,0.93973394521426
1788,17.879999999999995,0.9397490536841596
1789,17.889999999999997,0.9397641569972361
1790,17.9,0.9397792551609573
1791,17.91,0.9397943481827593
1792,17.92,0.939809436070049
1793,17.930000000000003,0.939824518830201
1794,17.940000000000005,0.9398395964705597
1795,17.950000000000006,0.9398546689984403
1796,17.960000000000008,0.9398697364211265
1797,17.97000000000001,0.9398847987458724
1798,17.98000000000001,0.939899855979902
1799,17.990000000000013,0.9399149081304107
1800,18.000000000000014,0.9399299552045631
1801,18.010000000000016,0.9399449972094948
1802,18.020000000000017,0.9399600341523117
1803,18.03000000000002,0.939975066040092
1804,18.04000000000002,0.9399900928798836
1805,18.050000000000022,0.9400051146787061
1806,18.060000000000024,0.94002013144355
1807,18.070000000000025,0.9400351431813786
1808,18.080000000000027,0.9400501498991256
1809,18.09000000000003,0.9400651516036971
1810,18.10000000000003,0.9400801483019703
1811,18.11000000000003,0.9400951400007962
1812,18.120000000000033,0.9401101267069968
1813,18.130000000000035,0.9401251084273664
1814,18.140000000000036,0.9401400851686721
1815,18.150000000000038,0.9401550569376547
1816,18.16000000000004,0.9401700237410262
1817,18.17000000000004,0.9401849855854727
1818,18.180000000000042,0.9401999424776524
1819,18.190000000000044,0.9402148944241981
1820,18.200000000000045,0.9402298414317152
1821,18.210000000000047,0.9402447835067825
1822,18.22000000000005,0.9402597206559525
1823,18.23000000000005,0.9402746528857524
1824,18.24000000000005,0.9402895802026822
1825,18.250000000000053,0.9403045026132162
1826,18.260000000000055,0.9403194201238039
1827,18.270000000000056,0.9403343327408681
1828,18.280000000000058,0.9403492404708064
1829,18.29000000000006,0.9403641433199906
1830,18.30000000000006,0.9403790412947686
1831,18.310000000000063,0.9403939344014618
1832,18.320000000000064,0.9404088226463672
1833,18.330000000000066,0.9404237060357563
1834,18.340000000000067,0.9404385845758775
1835,18.35000000000007,0.9404534582729529
1836,18.36000000000007,0.940468327133181
1837,18.370000000000072,0.940483191162735
1838,18.380000000000074,0.9404980503677658
1839,18.390000000000075,0.9405129047543985
1840,18.400000000000077,0.9405277543287347
1841,18.41000000000008,0.940542599096852
1842,18.42000000000008,0.9405574390648052
1843,18.43000000000008,0.9405722742386246
1844,18.440000000000083,0.940587104624317
1845,18.450000000000085,0.940601930227866
1846,18.460000000000086,0.9406167510552329
1847,18.470000000000088,0.9406315671123546
1848,18.48000000000009,0.9406463784051456
1849,18.49000000000009,0.940661184939497
1850,18.500000000000092,0.9406759867212785
1851,18.510000000000094,0.9406907837563359
1852,18.520000000000095,0.9407055760504923
1853,18.530000000000097,0.94072036360955
1854,18.5400000000001,0.9407351464392876
1855,18.5500000000001,0.9407499245454618
1856,18.5600000000001,0.9407646979338071
1857,18.570000000000103,0.9407794666100372
1858,18.580000000000105,0.9407942305798427
1859,18.590000000000106,0.9408089898488929
1860,18.600000000000108,0.9408237444228352
1861,18.61000000000011,0.9408384943072966
1862,18.62000000000011,0.9408532395078817
1863,18.630000000000113,0.940867980030174
1864,18.640000000000114,0.9408827158797356
1865,18.650000000000116,0.9408974470621088
1866,18.660000000000117,0.9409121735828135
1867,18.67000000000012,0.9409268954473496
1868,18.68000000000012,0.9409416126611956
1869,18.690000000000122,0.9409563252298105
1870,18.700000000000124,0.9409710331586318
1871,18.710000000000125,0.9409857364530769
1872,18.720000000000127,0.9410004351185426
1873,18.73000000000013,0.9410151291604064
1874,18.74000000000013,0.941029818584025
1875,18.75000000000013,0.9410445033947352
1876,18.760000000000133,0.9410591835978535
1877,18.770000000000135,0.9410738591986778
1878,18.780000000000136,0.9410885302024854
1879,18.790000000000138,0.9411031966145338
1880,18.80000000000014,0.9411178584400621
1881,18.81000000000014,0.9411325156842891
1882,18.820000000000142,0.9411471683524147
1883,18.830000000000144,0.9411618164496189
1884,18.840000000000146,0.9411764599810641
1885,18.850000000000147,0.9411910989518926
1886,18.86000000000015,0.9412057333672278
1887,18.87000000000015,0.9412203632321744
1888,18.88000000000015,0.9412349885518192
1889,18.890000000000153,0.9412496093312296
1890,18.900000000000155,0.9412642255754544
1891,18.910000000000156,0.9412788372895241
1892,18.920000000000158,0.9412934444784516
1893,18.93000000000016,0.941308047147231
1894,18.94000000000016,0.941322645300838
1895,18.950000000000163,0.9413372389442302
1896,18.960000000000164,0.9413518280823485
1897,18.970000000000166,0.9413664127201147
1898,18.980000000000167,0.941380992862433
1899,18.99000000000017,0.9413955685141899
1900,19.00000000000017,0.9414101396802553
1901,19.010000000000172,0.9414247063654806
1902,19.020000000000174,0.9414392685746997
1903,19.030000000000175,0.9414538263127294
1904,19.040000000000177,0.9414683795843704
1905,19.05000000000018,0.9414829283944044
1906,19.06000000000018,0.9414974727475973
1907,19.07000000000018,0.941512012648697
1908,19.080000000000183,0.9415265481024362
1909,19.090000000000185,0.9415410791135291
1910,19.100000000000186,0.9415556056866738
1911,19.110000000000188,0.9415701278265525
1912,19.12000000000019,0.9415846455378297
1913,19.13000000000019,0.9415991588251541
1914,19.140000000000192,0.9416136676931574
1915,19.150000000000194,0.9416281721464563
1916,19.160000000000196,0.94164267218965
1917,19.170000000000197,0.9416571678273223
1918,19.1800000000002,0.94167165906404
1919,19.1900000000002,0.9416861459043557
1920,19.200000000000202,0.9417006283528044
1921,19.210000000000203,0.9417151064139063
1922,19.220000000000205,0.9417295800921648
1923,19.230000000000206,0.9417440493920695
1924,19.240000000000208,0.9417585143180927
1925,19.25000000000021,0.9417729748746918
1926,19.26000000000021,0.9417874310663085
1927,19.270000000000213,0.9418018828973704
1928,19.280000000000214,0.9418163303722885
1929,19.290000000000216,0.9418307734954591
1930,19.300000000000217,0.9418452122712628
1931,19.31000000000022,0.9418596467040667
1932,19.32000000000022,0.9418740767982217
1933,19.330000000000222,0.9418885025580638
1934,19.340000000000224,0.9419029239879143
1935,19.350000000000225,0.9419173410920809
1936,19.360000000000227,0.9419317538748552
1937,19.37000000000023,0.9419461623405142
1938,19.38000000000023,0.9419605664933222
1939,19.39000000000023,0.9419749663375271
1940,19.400000000000233,0.9419893618773632
1941,19.410000000000235,0.9420037531170501
1942,19.420000000000236,0.9420181400607943
1943,19.430000000000238,0.9420325227127873
1944,19.44000000000024,0.9420469010772062
1945,19.45000000000024,0.9420612751582145
1946,19.460000000000242,0.9420756449599624
1947,19.470000000000244,0.9420900104865852
1948,19.480000000000246,0.942104371742205
1949,19.490000000000247,0.9421187287309295
1950,19.50000000000025,0.942133081456854
1951,19.51000000000025,0.9421474299240592
1952,19.520000000000252,0.9421617741366124
1953,19.530000000000253,0.9421761140985672
1954,19.540000000000255,0.9421904498139649
1955,19.550000000000257,0.9422047812868325
1956,19.560000000000258,0.9422191085211841
1957,19.57000000000026,0.9422334315210197
1958,19.58000000000026,0.9422477502903283
1959,19.590000000000263,0.9422620648330836
1960,19.600000000000264,0.9422763751532477
1961,19.610000000000266,0.9422906812547687
1962,19.620000000000267,0.9423049831415831
1963,19.63000000000027,0.9423192808176136
1964,19.64000000000027,0.9423335742867702
1965,19.650000000000272,0.9423478635529512
1966,19.660000000000274,0.9423621486200413
1967,19.670000000000275,0.9423764294919128
1968,19.680000000000277,0.9423907061724253
1969,19.69000000000028,0.942404978665427
1970,19.70000000000028,0.942419246974753
1971,19.71000000000028,0.9424335111042258
1972,19.720000000000283,0.9424477710576556
1973,19.730000000000285,0.9424620268388418
1974,19.740000000000286,0.9424762784515703
1975,19.750000000000288,0.9424905258996151
1976,19.76000000000029,0.9425047691867382
1977,19.77000000000029,0.9425190083166906
1978,19.780000000000292,0.9425332432932102
1979,19.790000000000294,0.9425474741200237
1980,19.800000000000296,0.9425617008008453
1981,19.810000000000297,0.942575923339379
1982,19.8200000000003,0.9425901417393158
1983,19.8300000000003,0.9426043560043355
1984,19.840000000000302,0.9426185661381057
1985,19.850000000000303,0.9426327721442843
1986,19.860000000000305,0.9426469740265161
1987,19.870000000000307,0.942661171788435
1988,19.880000000000308,0.9426753654336634
1989,19.89000000000031,0.9426895549658132
1990,19.90000000000031,0.9427037403884846
1991,19.910000000000313,0.9427179217052658
1992,19.920000000000314,0.9427320989197358
1993,19.930000000000316,0.9427462720354609
1994,19.940000000000317,0.942760441055997
1995,19.95000000000032,0.9427746059848887
1996,19.96000000000032,0.9427887668256708
1997,19.970000000000322,0.9428029235818661
1998,19.980000000000324,0.9428170762569872
1999,19.990000000000325,0.9428312248545352
2000,20.000000000000327,0.9428453693780021
2001,20.01000000000033,0.9428595098308677
2002,20.02000000000033,0.9428736462166022
2003,20.03000000000033,0.9428877785386641
2004,20.040000000000333,0.9429019068005033
2005,20.050000000000335,0.9429160310055578
2006,20.060000000000336,0.9429301511572556
2007,20.070000000000338,0.9429442672590141
2008,20.08000000000034,0.9429583793142416
2009,20.09000000000034,0.9429724873263349
2010,20.100000000000342,0.9429865912986811
2011,20.110000000000344,0.9430006912346568
2012,20.120000000000346,0.9430147871376295
2013,20.130000000000347,0.943028879010956
2014,20.14000000000035,0.943042966857983
2015,20.15000000000035,0.9430570506820469
2016,20.160000000000352,0.9430711304864758
2017,20.170000000000353,0.9430852062745867
2018,20.180000000000355,0.9430992780496867
2019,20.190000000000357,0.9431133458150734
2020,20.200000000000358,0.9431274095740356
2021,20.21000000000036,0.9431414693298512
2022,20.22000000000036,0.9431555250857886
2023,20.230000000000363,0.9431695768451079
2024,20.240000000000364,0.9431836246110585
2025,20.250000000000366,0.9431976683868806
2026,20.260000000000367,0.9432117081758047
2027,20.27000000000037,0.9432257439810531
2028,20.28000000000037,0.9432397758058374
2029,20.290000000000372,0.9432538036533606
2030,20.300000000000374,0.943267827526816
2031,20.310000000000375,0.9432818474293889
2032,20.320000000000377,0.9432958633642541
2033,20.33000000000038,0.9433098753345777
2034,20.34000000000038,0.9433238833435166
2035,20.35000000000038,0.9433378873942196
2036,20.360000000000383,0.9433518874898255
2037,20.370000000000385,0.9433658836334645
2038,20.380000000000386,0.9433798758282576
2039,20.390000000000388,0.9433938640773178
2040,20.40000000000039,0.9434078483837486
2041,20.41000000000039,0.9434218287506448
2042,20.420000000000393,0.9434358051810922
2043,20.430000000000394,0.943449777678169
2044,20.440000000000396,0.9434637462449438
2045,20.450000000000397,0.9434777108844765
2046,20.4600000000004,0.9434916715998188
2047,20.4700000000004,0.9435056283940144
2048,20.480000000000402,0.9435195812700977
2049,20.490000000000403,0.9435335302310944
2050,20.500000000000405,0.9435474752800233
2051,20.510000000000407,0.9435614164198933
2052,20.520000000000408,0.9435753536537057
2053,20.53000000000041,0.9435892869844529
2054,20.54000000000041,0.9436032164151203
2055,20.550000000000413,0.9436171419486841
2056,20.560000000000414,0.9436310635881122
2057,20.570000000000416,0.9436449813363648
2058,20.580000000000418,0.9436588951963943
2059,20.59000000000042,0.9436728051711446
2060,20.60000000000042,0.9436867112635515
2061,20.610000000000422,0.9437006134765428
2062,20.620000000000424,0.9437145118130391
2063,20.630000000000425,0.9437284062759522
2064,20.640000000000427,0.9437422968681866
2065,20.65000000000043,0.9437561835926381
2066,20.66000000000043,0.9437700664521963
2067,20.67000000000043,0.9437839454497418
2068,20.680000000000433,0.9437978205881475
2069,20.690000000000435,0.9438116918702788
2070,20.700000000000436,0.9438255592989943
2071,20.710000000000438,0.9438394228771437
2072,20.72000000000044,0.9438532826075698
2073,20.73000000000044,0.9438671384931073
2074,20.740000000000443,0.9438809905365846
2075,20.750000000000444,0.9438948387408215
2076,20.760000000000446,0.9439086831086302
2077,20.770000000000447,0.9439225236428168
2078,20.78000000000045,0.943936360346179
2079,20.79000000000045,0.9439501932215072
2080,20.800000000000452,0.9439640222715845
2081,20.810000000000453,0.9439778474991875
2082,20.820000000000455,0.9439916689070847
2083,20.830000000000457,0.9440054864980377
2084,20.840000000000458,0.9440193002748006
2085,20.85000000000046,0.9440331102401213
2086,20.86000000000046,0.9440469163967397
2087,20.870000000000463,0.944060718747389
2088,20.880000000000464,0.9440745172947946
2089,20.890000000000466,0.9440883120416766
2090,20.900000000000468,0.9441021029907467
2091,20.91000000000047,0.94411589014471
2092,20.92000000000047,0.9441296735062643
2093,20.930000000000472,0.9441434530781019
2094,20.940000000000474,0.9441572288629068
2095,20.950000000000475,0.9441710008633567
2096,20.960000000000477,0.9441847690821222
2097,20.97000000000048,0.9441985335218683
2098,20.98000000000048,0.9442122941852519
2099,20.99000000000048,0.9442260510749239
2100,21.000000000000483,0.9442398041935278
2101,21.010000000000485,0.9442535535437022
2102,21.020000000000486,0.9442672991280773
2103,21.030000000000488,0.9442810409492773
2104,21.04000000000049,0.9442947790099199
2105,21.05000000000049,0.9443085133126168
2106,21.060000000000493,0.9443222438599725
2107,21.070000000000494,0.9443359706545849
2108,21.080000000000496,0.9443496936990466
2109,21.090000000000497,0.9443634129959428
2110,21.1000000000005,0.9443771285478526
2111,21.1100000000005,0.9443908403573482
2112,21.120000000000502,0.9444045484269971
2113,21.130000000000503,0.9444182527593589
2114,21.140000000000505,0.9444319533569876
2115,21.150000000000507,0.9444456502224307
2116,21.160000000000508,0.9444593433582302
2117,21.17000000000051,0.9444730327669212
2118,21.18000000000051,0.9444867184510329
2119,21.190000000000513,0.944500400413088
2120,21.200000000000514,0.9445140786556042
2121,21.210000000000516,0.9445277531810923
2122,21.220000000000518,0.944541423992057
2123,21.23000000000052,0.9445550910909968
2124,21.24000000000052,0.9445687544804054
2125,21.250000000000522,0.9445824141627697
2126,21.260000000000524,0.9445960701405702
2127,21.270000000000525,0.9446097224162823
2128,21.280000000000527,0.9446233709923756
2129,21.29000000000053,0.9446370158713132
2130,21.30000000000053,0.944650657055553
2131,21.31000000000053,0.9446642945475461
2132,21.320000000000533,0.9446779283497395
2133,21.330000000000535,0.9446915584645731
2134,21.340000000000536,0.9447051848944811
2135,21.350000000000538,0.9447188076418931
2136,21.36000000000054,0.9447324267092321
2137,21.37000000000054,0.9447460420989156
2138,21.380000000000543,0.9447596538133551
2139,21.390000000000544,0.9447732618549579
2140,21.400000000000546,0.9447868662261243
2141,21.410000000000547,0.9448004669292497
2142,21.42000000000055,0.9448140639667233
2143,21.43000000000055,0.9448276573409302
2144,21.440000000000552,0.9448412470542488
2145,21.450000000000554,0.9448548331090524
2146,21.460000000000555,0.9448684155077085
2147,21.470000000000557,0.9448819942525805
2148,21.480000000000558,0.9448955693460249
2149,21.49000000000056,0.9449091407903938
2150,21.50000000000056,0.944922708588033
2151,21.510000000000563,0.9449362727412846
2152,21.520000000000564,0.9449498332524839
2153,21.530000000000566,0.9449633901239616
2154,21.540000000000568,0.9449769433580426
2155,21.55000000000057,0.944990492957048
2156,21.56000000000057,0.9450040389232922
2157,21.570000000000572,0.945017581259085
2158,21.580000000000574,0.9450311199667306
2159,21.590000000000575,0.9450446550485294
2160,21.600000000000577,0.9450581865067755
2161,21.61000000000058,0.9450717143437577
2162,21.62000000000058,0.945085238561761
2163,21.63000000000058,0.9450987591630644
2164,21.640000000000583,0.945112276149942
2165,21.650000000000585,0.9451257895246626
2166,21.660000000000586,0.9451392992894914
2167,21.670000000000588,0.9451528054466872
2168,21.68000000000059,0.9451663079985043
2169,21.69000000000059,0.945179806947192
2170,21.700000000000593,0.9451933022949954
2171,21.710000000000594,0.9452067940441541
2172,21.720000000000596,0.9452202821969027
2173,21.730000000000597,0.9452337667554709
2174,21.7400000000006,0.9452472477220848
2175,21.7500000000006,0.9452607250989644
2176,21.760000000000602,0.9452741988883254
2177,21.770000000000604,0.9452876690923785
2178,21.780000000000605,0.9453011357133304
2179,21.790000000000607,0.9453145987533825
2180,21.80000000000061,0.9453280582147314
2181,21.81000000000061,0.9453415140995691
2182,21.82000000000061,0.9453549664100838
2183,21.830000000000613,0.9453684151484579
2184,21.840000000000614,0.9453818603168699
2185,21.850000000000616,0.945395301917493
2186,21.860000000000618,0.9454087399524972
2187,21.87000000000062,0.9454221744240466
2188,21.88000000000062,0.9454356053343014
2189,21.890000000000622,0.9454490326854167
2190,21.900000000000624,0.9454624564795443
2191,21.910000000000625,0.9454758767188305
2192,21.920000000000627,0.945489293405417
2193,21.93000000000063,0.9455027065414424
2194,21.94000000000063,0.9455161161290395
2195,21.95000000000063,0.9455295221703374
2196,21.960000000000633,0.9455429246674599
2197,21.970000000000635,0.9455563236225282
2198,21.980000000000636,0.9455697190376577
2199,21.990000000000638,0.9455831109149598
2200,22.00000000000064,0.9455964992565415
2201,22.01000000000064,0.9456098840645064
2202,22.020000000000643,0.9456232653409526
2203,22.030000000000644,0.9456366430879748
2204,22.040000000000646,0.9456500173076624
2205,22.050000000000647,0.9456633880021024
2206,22.06000000000065,0.945676755173376
2207,22.07000000000065,0.9456901188235608
2208,22.080000000000652,0.94570347895473
2209,22.090000000000654,0.9457168355689531
2210,22.100000000000655,0.9457301886682954
2211,22.110000000000657,0.9457435382548175
2212,22.12000000000066,0.9457568843305761
2213,22.13000000000066,0.9457702268976248
2214,22.14000000000066,0.9457835659580118
2215,22.150000000000663,0.945796901513782
2216,22.160000000000664,0.9458102335669757
2217,22.170000000000666,0.9458235621196303
2218,22.180000000000668,0.9458368871737779
2219,22.19000000000067,0.945850208731447
2220,22.20000000000067,0.9458635267946631
2221,22.210000000000672,0.9458768413654465
2222,22.220000000000674,0.9458901524458141
2223,22.230000000000675,0.9459034600377784
2224,22.240000000000677,0.9459167641433491
2225,22.25000000000068,0.9459300647645311
2226,22.26000000000068,0.9459433619033257
2227,22.27000000000068,0.9459566555617299
2228,22.280000000000683,0.945969945741738
2229,22.290000000000685,0.9459832324453392
2230,22.300000000000686,0.9459965156745198
2231,22.310000000000688,0.9460097954312614
2232,22.32000000000069,0.9460230717175431
2233,22.33000000000069,0.946036344535339
2234,22.340000000000693,0.9460496138866203
2235,22.350000000000694,0.9460628797733536
2236,22.360000000000696,0.946076142197503
2237,22.370000000000697,0.946089401161028
2238,22.3800000000007,0.9461026566658846
2239,22.3900000000007,0.9461159087140246
2240,22.400000000000702,0.9461291573073977
2241,22.410000000000704,0.9461424024479484
2242,22.420000000000705,0.9461556441376182
2243,22.430000000000707,0.9461688823783445
2244,22.44000000000071,0.9461821171720625
2245,22.45000000000071,0.9461953485207021
2246,22.46000000000071,0.9462085764261902
2247,22.470000000000713,0.9462218008904509
2248,22.480000000000715,0.946235021915404
2249,22.490000000000716,0.9462482395029658
2250,22.500000000000718,0.9462614536550489
2251,22.51000000000072,0.9462746643735632
2252,22.52000000000072,0.9462878716604146
2253,22.530000000000722,0.9463010755175054
2254,22.540000000000724,0.9463142759467343
2255,22.550000000000725,0.9463274729499974
2256,22.560000000000727,0.9463406665291867
2257,22.57000000000073,0.9463538566861905
2258,22.58000000000073,0.9463670434228941
2259,22.59000000000073,0.9463802267411799
2260,22.600000000000733,0.9463934066429261
2261,22.610000000000735,0.946406583130008
2262,22.620000000000736,0.9464197562042967
2263,22.630000000000738,0.9464329258676617
2264,22.64000000000074,0.9464460921219674
2265,22.65000000000074,0.9464592549690759
2266,22.660000000000743,0.9464724144108452
2267,22.670000000000744,0.9464855704491313
2268,22.680000000000746,0.9464987230857856
2269,22.690000000000747,0.9465118723226571
2270,22.70000000000075,0.9465250181615905
2271,22.71000000000075,0.9465381606044289
2272,22.720000000000752,0.9465512996530108
2273,22.730000000000754,0.9465644353091716
2274,22.740000000000755,0.9465775675747445
2275,22.750000000000757,0.9465906964515587
2276,22.76000000000076,0.9466038219414401
2277,22.77000000000076,0.9466169440462113
2278,22.78000000000076,0.9466300627676931
2279,22.790000000000763,0.9466431781077018
2280,22.800000000000765,0.946656290068051
2281,22.810000000000766,0.9466693986505504
2282,22.820000000000768,0.9466825038570086
2283,22.83000000000077,0.9466956056892292
2284,22.84000000000077,0.9467087041490133
2285,22.850000000000772,0.9467217992381589
2286,22.860000000000774,0.9467348909584615
2287,22.870000000000775,0.9467479793117131
2288,22.880000000000777,0.9467610642997021
2289,22.89000000000078,0.9467741459242146
2290,22.90000000000078,0.9467872241870339
2291,22.91000000000078,0.9468002990899397
2292,22.920000000000783,0.9468133706347088
2293,22.930000000000785,0.9468264388231149
2294,22.940000000000786,0.9468395036569297
2295,22.950000000000788,0.9468525651379208
2296,22.96000000000079,0.9468656232678532
2297,22.97000000000079,0.9468786780484888
2298,22.980000000000793,0.9468917294815875
2299,22.990000000000794,0.9469047775689051
2300,23.000000000000796,0.9469178223121952
2301,23.010000000000797,0.9469308637132078
2302,23.0200000000008,0.9469439017736911
2303,23.0300000000008,0.9469569364953898
2304,23.040000000000802,0.9469699678800453
2305,23.050000000000804,0.9469829959293973
2306,23.060000000000805,0.9469960206451815
2307,23.070000000000807,0.9470090420291315
2308,23.08000000000081,0.9470220600829773
2309,23.09000000000081,0.9470350748084475
2310,23.10000000000081,0.9470480862072667
2311,23.110000000000813,0.9470610942811568
2312,23.120000000000815,0.947074099031837
2313,23.130000000000816,0.9470871004610247
2314,23.140000000000818,0.9471000985704332
2315,23.15000000000082,0.9471130933617737
2316,23.16000000000082,0.9471260848367541
2317,23.170000000000822,0.9471390729970809
2318,23.180000000000824,0.9471520578444564
2319,23.190000000000826,0.9471650393805812
2320,23.200000000000827,0.947178017607152
2321,23.21000000000083,0.9471909925258646
2322,23.22000000000083,0.9472039641384108
2323,23.23000000000083,0.9472169324464799
2324,23.240000000000833,0.9472298974517585
2325,23.250000000000835,0.9472428591559313
2326,23.260000000000836,0.9472558175606797
2327,23.270000000000838,0.9472687726676824
2328,23.28000000000084,0.9472817244786153
2329,23.29000000000084,0.9472946729951528
2330,23.300000000000843,0.9473076182189657
2331,23.310000000000844,0.947320560151722
2332,23.320000000000846,0.9473334987950881
2333,23.330000000000847,0.9473464341507273
2334,23.34000000000085,0.9473593662203
2335,23.35000000000085,0.9473722950054642
2336,23.360000000000852,0.9473852205078762
2337,23.370000000000854,0.9473981427291887
2338,23.380000000000855,0.9474110616710522
2339,23.390000000000857,0.9474239773351144
2340,23.40000000000086,0.9474368897230215
2341,23.41000000000086,0.9474497988364162
2342,23.42000000000086,0.947462704676939
2343,23.430000000000863,0.9474756072462276
2344,23.440000000000865,0.9474885065459181
2345,23.450000000000866,0.9475014025776435
2346,23.460000000000868,0.9475142953430341
2347,23.47000000000087,0.947527184843718
2348,23.48000000000087,0.9475400710813214
2349,23.490000000000872,0.9475529540574674
2350,23.500000000000874,0.9475658337737768
2351,23.510000000000876,0.9475787102318676
2352,23.520000000000877,0.9475915834333566
2353,23.53000000000088,0.9476044533798571
2354,23.54000000000088,0.9476173200729804
2355,23.550000000000882,0.9476301835143348
2356,23.560000000000883,0.9476430437055277
2357,23.570000000000885,0.9476559006481626
2358,23.580000000000886,0.9476687543438411
2359,23.590000000000888,0.9476816047941633
2360,23.60000000000089,0.9476944520007258
2361,23.61000000000089,0.9477072959651233
2362,23.620000000000893,0.9477201366889477
2363,23.630000000000894,0.9477329741737901
2364,23.640000000000896,0.9477458084212377
2365,23.650000000000897,0.9477586394328759
2366,23.6600000000009,0.9477714672102875
2367,23.6700000000009,0.9477842917550541
2368,23.680000000000902,0.9477971130687539
2369,23.690000000000904,0.9478099311529633
2370,23.700000000000905,0.9478227460092558
2371,23.710000000000907,0.9478355576392039
2372,23.72000000000091,0.9478483660443769
2373,23.73000000000091,0.9478611712263421
2374,23.74000000000091,0.9478739731866639
2375,23.750000000000913,0.9478867719269061
2376,23.760000000000915,0.9478995674486287
2377,23.770000000000916,0.9479123597533903
2378,23.780000000000918,0.9479251488427466
2379,23.79000000000092,0.9479379347182523
2380,23.80000000000092,0.9479507173814589
2381,23.810000000000922,0.9479634968339157
2382,23.820000000000924,0.9479762730771701
2383,23.830000000000926,0.9479890461127679
2384,23.840000000000927,0.9480018159422517
2385,23.85000000000093,0.9480145825671628
2386,23.86000000000093,0.9480273459890391
2387,23.870000000000932,0.9480401062094184
2388,23.880000000000933,0.9480528632298346
2389,23.890000000000935,0.9480656170518197
2390,23.900000000000936,0.9480783676769048
2391,23.910000000000938,0.9480911151066176
2392,23.92000000000094,0.9481038593424841
2393,23.93000000000094,0.9481166003860277
2394,23.940000000000943,0.9481293382387714
2395,23.950000000000944,0.9481420729022342
2396,23.960000000000946,0.9481548043779339
2397,23.970000000000947,0.9481675326673856
2398,23.98000000000095,0.9481802577721037
2399,23.99000000000095,0.9481929796935993
2400,24.000000000000952,0.9482056984333816
2401,24.010000000000954,0.9482184139929579
2402,24.020000000000955,0.9482311263738341
2403,24.030000000000957,0.948243835577513
2404,24.04000000000096,0.9482565416054961
2405,24.05000000000096,0.9482692444592821
2406,24.06000000000096,0.9482819441403689
2407,24.070000000000963,0.9482946406502515
2408,24.080000000000965,0.9483073339904231
2409,24.090000000000966,0.9483200241623745
2410,24.100000000000968,0.9483327111675958
2411,24.11000000000097,0.9483453950075735
2412,24.12000000000097,0.9483580756837933
2413,24.130000000000972,0.9483707531977379
2414,24.140000000000974,0.9483834275508894
2415,24.150000000000976,0.9483960987447269
2416,24.160000000000977,0.9484087667807274
2417,24.17000000000098,0.948421431660367
2418,24.18000000000098,0.948434093385119
2419,24.190000000000982,0.948446751956455
2420,24.200000000000983,0.9484594073758443
2421,24.210000000000985,0.9484720596447553
2422,24.220000000000987,0.9484847087646537
2423,24.230000000000988,0.9484973547370033
2424,24.24000000000099,0.9485099975632656
2425,24.25000000000099,0.9485226372449017
2426,24.260000000000993,0.9485352737833693
2427,24.270000000000994,0.9485479071801248
2428,24.280000000000996,0.9485605374366225
2429,24.290000000000997,0.9485731645543154
2430,24.300000000001,0.9485857885346541
2431,24.310000000001,0.9485984093790873
2432,24.320000000001002,0.9486110270890619
2433,24.330000000001004,0.9486236416660235
2434,24.340000000001005,0.9486362531114152
2435,24.350000000001007,0.9486488614266784
2436,24.36000000000101,0.9486614666132523
2437,24.37000000000101,0.9486740686725756
2438,24.38000000000101,0.9486866676060839
2439,24.390000000001013,0.9486992634152112
2440,24.400000000001015,0.9487118561013896
2441,24.410000000001016,0.9487244456660504
2442,24.420000000001018,0.9487370321106219
2443,24.43000000000102,0.9487496154365307
2444,24.44000000000102,0.9487621956452027
2445,24.450000000001022,0.9487747727380608
2446,24.460000000001024,0.9487873467165266
2447,24.470000000001026,0.9487999175820199
2448,24.480000000001027,0.948812485335959
2449,24.49000000000103,0.9488250499797599
2450,24.50000000000103,0.9488376115148374
2451,24.510000000001032,0.9488501699426036
2452,24.520000000001033,0.9488627252644704
2453,24.530000000001035,0.9488752774818465
2454,24.540000000001037,0.9488878265961397
2455,24.550000000001038,0.9489003726087553
2456,24.56000000000104,0.9489129155210981
2457,24.57000000000104,0.9489254553345701
2458,24.580000000001043,0.9489379920505718
2459,24.590000000001044,0.948950525670502
2460,24.600000000001046,0.9489630561957584
2461,24.610000000001047,0.9489755836277363
2462,24.62000000000105,0.9489881079678293
2463,24.63000000000105,0.9490006292174294
2464,24.640000000001052,0.9490131473779275
2465,24.650000000001054,0.9490256624507122
2466,24.660000000001055,0.9490381744371704
2467,24.670000000001057,0.9490506833386873
2468,24.68000000000106,0.949063189156647
2469,24.69000000000106,0.9490756918924315
2470,24.70000000000106,0.9490881915474211
2471,24.710000000001063,0.9491006881229941
2472,24.720000000001065,0.9491131816205285
2473,24.730000000001066,0.9491256720413992
2474,24.740000000001068,0.9491381593869797
2475,24.75000000000107,0.9491506436586428
2476,24.76000000000107,0.9491631248577588
2477,24.770000000001072,0.9491756029856965
2478,24.780000000001074,0.949188078043823
2479,24.790000000001076,0.9492005500335045
2480,24.800000000001077,0.9492130189561047
2481,24.81000000000108,0.9492254848129861
2482,24.82000000000108,0.9492379476055093
2483,24.830000000001082,0.9492504073350341
2484,24.840000000001083,0.9492628640029177
2485,24.850000000001085,0.9492753176105164
2486,24.860000000001087,0.9492877681591843
2487,24.870000000001088,0.9493002156502747
2488,24.88000000000109,0.9493126600851388
2489,24.89000000000109,0.9493251014651265
2490,24.900000000001093,0.9493375397915852
2491,24.910000000001094,0.9493499750658625
2492,24.920000000001096,0.949362407289303
2493,24.930000000001098,0.9493748364632503
2494,24.9400000000011,0.9493872625890458
2495,24.9500000000011,0.9493996856680307
2496,24.960000000001102,0.9494121057015436
2497,24.970000000001104,0.9494245226909216
2498,24.980000000001105,0.9494369366375003
2499,24.990000000001107,0.9494493475426146
2500,25.00000000000111,0.9494617554075968
2501,25.01000000000111,0.9494741602337778
2502,25.02000000000111,0.949486562022488
2503,25.030000000001113,0.9494989607750554
2504,25.040000000001115,0.9495113564928062
2505,25.050000000001116,0.9495237491770656
2506,25.060000000001118,0.9495361388291579
2507,25.07000000000112,0.9495485254504048
2508,25.08000000000112,0.949560909042127
2509,25.090000000001123,0.9495732896056434
2510,25.100000000001124,0.9495856671422722
2511,25.110000000001126,0.9495980416533295
2512,25.120000000001127,0.9496104131401298
2513,25.13000000000113,0.9496227816039863
2514,25.14000000000113,0.9496351470462112
2515,25.150000000001132,0.9496475094681146
2516,25.160000000001133,0.9496598688710054
2517,25.170000000001135,0.9496722252561905
2518,25.180000000001137,0.9496845786249768
2519,25.190000000001138,0.9496969289786683
2520,25.20000000000114,0.949709276318568
2521,25.21000000000114,0.9497216206459773
2522,25.220000000001143,0.9497339619621971
2523,25.230000000001144,0.9497463002685256
2524,25.240000000001146,0.9497586355662603
2525,25.250000000001148,0.9497709678566966
2526,25.26000000000115,0.9497832971411296
2527,25.27000000000115,0.9497956234208522
2528,25.280000000001152,0.9498079466971556
2529,25.290000000001154,0.9498202669713307
2530,25.300000000001155,0.9498325842446659
2531,25.310000000001157,0.9498448985184487
2532,25.32000000000116,0.9498572097939646
2533,25.33000000000116,0.949869518072499
2534,25.34000000000116,0.9498818233553348
2535,25.350000000001163,0.9498941256437536
2536,25.360000000001165,0.9499064249390358
2537,25.370000000001166,0.9499187212424609
2538,25.380000000001168,0.9499310145553064
2539,25.39000000000117,0.9499433048788484
2540,25.40000000000117,0.9499555922143614
2541,25.410000000001173,0.94996787656312
2542,25.420000000001174,0.9499801579263958
2543,25.430000000001176,0.9499924363054595
2544,25.440000000001177,0.9500047117015804
2545,25.45000000000118,0.9500169841160272
2546,25.46000000000118,0.9500292535500664
2547,25.470000000001182,0.9500415200049634
2548,25.480000000001183,0.9500537834819818
2549,25.490000000001185,0.950066043982385
2550,25.500000000001187,0.9500783015074341
2551,25.510000000001188,0.9500905560583892
2552,25.52000000000119,0.9501028076365086
2553,25.53000000000119,0.9501150562430503
2554,25.540000000001193,0.95012730187927
2555,25.550000000001194,0.9501395445464222
2556,25.560000000001196,0.950151784245761
2557,25.570000000001198,0.950164020978538
2558,25.5800000000012,0.9501762547460042
2559,25.5900000000012,0.9501884855494086
2560,25.600000000001202,0.95020071339
2561,25.610000000001204,0.9502129382690251
2562,25.620000000001205,0.9502251601877293
2563,25.630000000001207,0.9502373791473566
2564,25.64000000000121,0.9502495951491507
2565,25.65000000000121,0.9502618081943529
2566,25.66000000000121,0.9502740182842037
2567,25.670000000001213,0.9502862254199417
2568,25.680000000001215,0.9502984296028054
2569,25.690000000001216,0.9503106308340313
2570,25.700000000001218,0.9503228291148544
2571,25.71000000000122,0.9503350244465085
2572,25.72000000000122,0.950347216830227
2573,25.730000000001223,0.9503594062672411
2574,25.740000000001224,0.950371592758781
2575,25.750000000001226,0.9503837763060752
2576,25.760000000001227,0.9503959569103522
2577,25.77000000000123,0.950408134572838
2578,25.78000000000123,0.950420309294758
2579,25.790000000001232,0.9504324810773356
2580,25.800000000001234,0.9504446499217943
2581,25.810000000001235,0.9504568158293553
2582,25.820000000001237,0.9504689788012386
2583,25.830000000001238,0.950481138838663
2584,25.84000000000124,0.9504932959428469
2585,25.85000000000124,0.9505054501150066
2586,25.860000000001243,0.950517601356357
2587,25.870000000001244,0.9505297496681129
2588,25.880000000001246,0.9505418950514866
2589,25.890000000001248,0.95055403750769
2590,25.90000000000125,0.950566177037933
2591,25.91000000000125,0.9505783136434257
2592,25.920000000001252,0.9505904473253756
2593,25.930000000001254,0.9506025780849895
2594,25.940000000001255,0.9506147059234727
2595,25.950000000001257,0.9506268308420303
2596,25.96000000000126,0.9506389528418651
2597,25.97000000000126,0.9506510719241792
2598,25.98000000000126,0.9506631880901729
2599,25.990000000001263,0.9506753013410466
2600,26.000000000001265,0.9506874116779983
2601,26.010000000001266,0.9506995191022254
2602,26.020000000001268,0.9507116236149236
2603,26.03000000000127,0.9507237252172882
2604,26.04000000000127,0.9507358239105129
2605,26.050000000001273,0.95074791969579
2606,26.060000000001274,0.9507600125743106
2607,26.070000000001276,0.9507721025472656
2608,26.080000000001277,0.9507841896158438
2609,26.09000000000128,0.9507962737812327
2610,26.10000000000128,0.9508083550446189
2611,26.110000000001282,0.9508204334071887
2612,26.120000000001284,0.9508325088701259
2613,26.130000000001285,0.9508445814346136
2614,26.140000000001287,0.9508566511018346
2615,26.150000000001288,0.9508687178729692
2616,26.16000000000129,0.9508807817491975
2617,26.17000000000129,0.9508928427316977
2618,26.180000000001293,0.950904900821648
2619,26.190000000001294,0.9509169560202243
2620,26.200000000001296,0.950929008328602
2621,26.210000000001298,0.9509410577479548
2622,26.2200000000013,0.9509531042794563
2623,26.2300000000013,0.9509651479242781
2624,26.240000000001302,0.9509771886835908
2625,26.250000000001304,0.9509892265585638
2626,26.260000000001305,0.951001261550366
2627,26.270000000001307,0.9510132936601647
2628,26.28000000000131,0.9510253228891261
2629,26.29000000000131,0.9510373492384149
2630,26.30000000000131,0.9510493727091958
2631,26.310000000001313,0.9510613933026313
2632,26.320000000001315,0.9510734110198833
2633,26.330000000001316,0.9510854258621123
2634,26.340000000001318,0.9510974378304782
2635,26.35000000000132,0.9511094469261395
2636,26.36000000000132,0.9511214531502535
2637,26.370000000001323,0.9511334565039762
2638,26.380000000001324,0.9511454569884634
2639,26.390000000001326,0.951157454604869
2640,26.400000000001327,0.9511694493543457
2641,26.41000000000133,0.9511814412380459
2642,26.42000000000133,0.9511934302571204
2643,26.430000000001332,0.951205416412719
2644,26.440000000001334,0.95121739970599
2645,26.450000000001335,0.9512293801380817
2646,26.460000000001337,0.9512413577101403
2647,26.47000000000134,0.9512533324233114
2648,26.48000000000134,0.951265304278739
2649,26.49000000000134,0.9512772732775672
2650,26.500000000001343,0.951289239420938
2651,26.510000000001344,0.9513012027099925
2652,26.520000000001346,0.9513131631458707
2653,26.530000000001348,0.9513251207297122
2654,26.54000000000135,0.9513370754626549
2655,26.55000000000135,0.9513490273458357
2656,26.560000000001352,0.9513609763803904
2657,26.570000000001354,0.9513729225674544
2658,26.580000000001355,0.9513848659081613
2659,26.590000000001357,0.951396806403644
2660,26.60000000000136,0.9514087440550337
2661,26.61000000000136,0.9514206788634622
2662,26.62000000000136,0.9514326108300584
2663,26.630000000001363,0.9514445399559514
2664,26.640000000001365,0.9514564662422681
2665,26.650000000001366,0.951468389690136
2666,26.660000000001368,0.9514803103006805
2667,26.67000000000137,0.9514922280750258
2668,26.68000000000137,0.9515041430142952
2669,26.690000000001373,0.951516055119612
2670,26.700000000001374,0.9515279643920972
2671,26.710000000001376,0.951539870832871
2672,26.720000000001377,0.9515517744430534
2673,26.73000000000138,0.9515636752237625
2674,26.74000000000138,0.9515755731761159
2675,26.750000000001382,0.9515874683012294
2676,26.760000000001384,0.9515993606002193
2677,26.770000000001385,0.9516112500741994
2678,26.780000000001387,0.9516231367242833
2679,26.79000000000139,0.951635020551583
2680,26.80000000000139,0.9516469015572104
2681,26.81000000000139,0.9516587797422756
2682,26.820000000001393,0.9516706551078882
2683,26.830000000001395,0.9516825276551559
2684,26.840000000001396,0.951694397385187
2685,26.850000000001398,0.9517062642990874
2686,26.8600000000014,0.9517181283979628
2687,26.8700000000014,0.9517299896829169
2688,26.880000000001402,0.9517418481550541
2689,26.890000000001404,0.9517537038154764
2690,26.900000000001405,0.9517655566652853
2691,26.910000000001407,0.951777406705581
2692,26.92000000000141,0.9517892539374636
2693,26.93000000000141,0.9518010983620314
2694,26.94000000000141,0.9518129399803819
2695,26.950000000001413,0.9518247787936114
2696,26.960000000001415,0.9518366148028161
2697,26.970000000001416,0.9518484480090905
2698,26.980000000001418,0.9518602784135278
2699,26.99000000000142,0.9518721060172215
2700,27.00000000000142,0.951883930821263
2701,27.010000000001423,0.9518957528267431
2702,27.020000000001424,0.9519075720347513
2703,27.030000000001426,0.9519193884463772
2704,27.040000000001427,0.9519312020627084
2705,27.05000000000143,0.9519430128848319
2706,27.06000000000143,0.9519548209138332
2707,27.070000000001432,0.9519666261507983
2708,27.080000000001434,0.9519784285968109
2709,27.090000000001435,0.9519902282529541
2710,27.100000000001437,0.95200202512031
2711,27.11000000000144,0.9520138191999604
2712,27.12000000000144,0.9520256104929855
2713,27.13000000000144,0.9520373990004646
2714,27.140000000001443,0.9520491847234758
2715,27.150000000001445,0.9520609676630973
2716,27.160000000001446,0.9520727478204056
2717,27.170000000001448,0.9520845251964762
2718,27.18000000000145,0.9520962997923836
2719,27.19000000000145,0.9521080716092023
2720,27.200000000001452,0.9521198406480048
2721,27.210000000001454,0.9521316069098631
2722,27.220000000001455,0.9521433703958478
2723,27.230000000001457,0.9521551311070299
2724,27.24000000000146,0.9521668890444781
2725,27.25000000000146,0.9521786442092606
2726,27.26000000000146,0.9521903966024452
2727,27.270000000001463,0.952202146225098
2728,27.280000000001465,0.9522138930782849
2729,27.290000000001466,0.9522256371630697
2730,27.300000000001468,0.9522373784805173
2731,27.31000000000147,0.9522491170316897
2732,27.32000000000147,0.9522608528176492
2733,27.330000000001473,0.9522725858394563
2734,27.340000000001474,0.9522843160981717
2735,27.350000000001476,0.9522960435948543
2736,27.360000000001477,0.9523077683305626
2737,27.37000000000148,0.9523194903063535
2738,27.38000000000148,0.9523312095232842
2739,27.390000000001482,0.95234292598241
2740,27.400000000001484,0.9523546396847855
2741,27.410000000001485,0.9523663506314644
2742,27.420000000001487,0.9523780588235001
2743,27.43000000000149,0.9523897642619444
2744,27.44000000000149,0.9524014669478486
2745,27.45000000000149,0.9524131668822624
2746,27.460000000001493,0.9524248640662359
2747,27.470000000001495,0.9524365585008175
2748,27.480000000001496,0.9524482501870546
2749,27.490000000001498,0.9524599391259937
2750,27.5000000000015,0.9524716253186813
2751,27.5100000000015,0.9524833087661622
2752,27.520000000001502,0.9524949894694803
2753,27.530000000001504,0.9525066674296787
2754,27.540000000001505,0.9525183426478003
2755,27.550000000001507,0.9525300151248864
2756,27.56000000000151,0.9525416848619773
2757,27.57000000000151,0.9525533518601134
2758,27.58000000000151,0.9525650161203332
2759,27.590000000001513,0.9525766776436747
2760,27.600000000001515,0.952588336431175
2761,27.610000000001516,0.952599992483871
2762,27.620000000001518,0.9526116458027977
2763,27.63000000000152,0.9526232963889898
2764,27.64000000000152,0.9526349442434806
2765,27.650000000001523,0.9526465893673038
2766,27.660000000001524,0.9526582317614911
2767,27.670000000001526,0.9526698714270736
2768,27.680000000001527,0.9526815083650813
2769,27.69000000000153,0.9526931425765445
2770,27.70000000000153,0.9527047740624913
2771,27.710000000001532,0.9527164028239496
2772,27.720000000001534,0.9527280288619461
2773,27.730000000001535,0.9527396521775073
2774,27.740000000001537,0.9527512727716585
2775,27.75000000000154,0.952762890645424
2776,27.76000000000154,0.9527745057998268
2777,27.77000000000154,0.9527861182358905
2778,27.780000000001543,0.9527977279546368
2779,27.790000000001545,0.9528093349570866
2780,27.800000000001546,0.9528209392442599
2781,27.810000000001548,0.9528325408171767
2782,27.82000000000155,0.9528441396768553
2783,27.83000000000155,0.9528557358243132
2784,27.840000000001552,0.9528673292605678
2785,27.850000000001554,0.952878919986635
2786,27.860000000001556,0.95289050800353
2787,27.870000000001557,0.952902093312267
2788,27.88000000000156,0.9529136759138602
2789,27.89000000000156,0.9529252558093222
2790,27.90000000000156,0.9529368329996649
2791,27.910000000001563,0.9529484074858992
2792,27.920000000001565,0.952959979269036
2793,27.930000000001566,0.9529715483500845
2794,27.940000000001568,0.9529831147300535
2795,27.95000000000157,0.9529946784099507
2796,27.96000000000157,0.9530062393907837
2797,27.970000000001573,0.9530177976735583
2798,27.980000000001574,0.9530293532592804
2799,27.990000000001576,0.953040906148954
2800,28.000000000001577,0.9530524563435838
2801,28.01000000000158,0.9530640038441724
2802,28.02000000000158,0.9530755486517222
2803,28.030000000001582,0.9530870907672343
2804,28.040000000001584,0.9530986301917099
2805,28.050000000001585,0.9531101669261486
2806,28.060000000001587,0.9531217009715495
2807,28.07000000000159,0.9531332323289105
2808,28.08000000000159,0.9531447609992296
2809,28.09000000000159,0.9531562869835034
2810,28.100000000001593,0.9531678102827272
2811,28.110000000001595,0.953179330897897
2812,28.120000000001596,0.9531908488300065
2813,28.130000000001598,0.9532023640800493
2814,28.1400000000016,0.9532138766490179
2815,28.1500000000016,0.9532253865379047
2816,28.160000000001602,0.9532368937477007
2817,28.170000000001604,0.9532483982793961
2818,28.180000000001606,0.9532599001339803
2819,28.190000000001607,0.9532713993124428
2820,28.20000000000161,0.953282895815771
2821,28.21000000000161,0.9532943896449524
2822,28.220000000001612,0.953305880800973
2823,28.230000000001613,0.9533173692848192
2824,28.240000000001615,0.9533288550974756
2825,28.250000000001616,0.9533403382399263
2826,28.260000000001618,0.9533518187131542
2827,28.27000000000162,0.9533632965181429
2828,28.28000000000162,0.9533747716558735
2829,28.290000000001623,0.9533862441273272
2830,28.300000000001624,0.9533977139334839
2831,28.310000000001626,0.953409181075324
2832,28.320000000001627,0.9534206455538257
2833,28.33000000000163,0.953432107369967
2834,28.34000000000163,0.9534435665247248
2835,28.350000000001632,0.9534550230190763
2836,28.360000000001634,0.9534664768539967
2837,28.370000000001635,0.9534779280304607
2838,28.380000000001637,0.9534893765494432
2839,28.39000000000164,0.9535008224119171
2840,28.40000000000164,0.9535122656188554
2841,28.41000000000164,0.9535237061712293
2842,28.420000000001643,0.9535351440700107
2843,28.430000000001645,0.9535465793161699
2844,28.440000000001646,0.9535580119106764
2845,28.450000000001648,0.9535694418544987
2846,28.46000000000165,0.9535808691486055
2847,28.47000000000165,0.9535922937939642
2848,28.480000000001652,0.9536037157915412
2849,28.490000000001654,0.9536151351423021
2850,28.500000000001656,0.9536265518472129
2851,28.510000000001657,0.9536379659072375
2852,28.52000000000166,0.9536493773233397
2853,28.53000000000166,0.9536607860964819
2854,28.540000000001662,0.9536721922276271
2855,28.550000000001663,0.9536835957177364
2856,28.560000000001665,0.9536949965677706
2857,28.570000000001667,0.9537063947786891
2858,28.580000000001668,0.9537177903514521
2859,28.59000000000167,0.9537291832870176
2860,28.60000000000167,0.9537405735863435
2861,28.610000000001673,0.9537519612503862
2862,28.620000000001674,0.953763346280103
2863,28.630000000001676,0.953774728676449
2864,28.640000000001677,0.953786108440379
2865,28.65000000000168,0.9537974855728469
2866,28.66000000000168,0.9538088600748067
2867,28.670000000001682,0.9538202319472108
2868,28.680000000001684,0.9538316011910106
2869,28.690000000001685,0.9538429678071583
2870,28.700000000001687,0.9538543317966037
2871,28.71000000000169,0.9538656931602968
2872,28.72000000000169,0.9538770518991864
2873,28.73000000000169,0.9538884080142213
2874,28.740000000001693,0.9538997615063487
2875,28.750000000001695,0.9539111123765157
2876,28.760000000001696,0.9539224606256681
2877,28.770000000001698,0.953933806254752
2878,28.7800000000017,0.9539451492647117
2879,28.7900000000017,0.9539564896564915
2880,28.800000000001702,0.953967827431034
2881,28.810000000001704,0.9539791625892828
2882,28.820000000001706,0.953990495132179
2883,28.830000000001707,0.9540018250606649
2884,28.84000000000171,0.9540131523756795
2885,28.85000000000171,0.954024477078164
2886,28.860000000001712,0.954035799169056
2887,28.870000000001713,0.9540471186492946
2888,28.880000000001715,0.9540584355198182
2889,28.890000000001717,0.9540697497815622
2890,28.900000000001718,0.9540810614354639
2891,28.91000000000172,0.9540923704824591
2892,28.92000000000172,0.9541036769234816
2893,28.930000000001723,0.9541149807594667
2894,28.940000000001724,0.9541262819913466
2895,28.950000000001726,0.9541375806200547
2896,28.960000000001727,0.9541488766465238
2897,28.97000000000173,0.9541601700716837
2898,28.98000000000173,0.9541714608964661
2899,28.990000000001732,0.9541827491218012
2900,29.000000000001734,0.9541940347486173
2901,29.010000000001735,0.9542053177778436
2902,29.020000000001737,0.9542165982104085
2903,29.03000000000174,0.9542278760472379
2904,29.04000000000174,0.9542391512892597
2905,29.05000000000174,0.9542504239373986
2906,29.060000000001743,0.9542616939925801
2907,29.070000000001745,0.9542729614557295
2908,29.080000000001746,0.9542842263277691
2909,29.090000000001748,0.9542954886096229
2910,29.10000000000175,0.9543067483022137
2911,29.11000000000175,0.954318005406462
2912,29.120000000001752,0.9543292599232903
2913,29.130000000001754,0.9543405118536176
2914,29.140000000001756,0.9543517611983641
2915,29.150000000001757,0.9543630079584495
2916,29.16000000000176,0.954374252134791
2917,29.17000000000176,0.9543854937283066
2918,29.180000000001762,0.9543967327399143
2919,29.190000000001763,0.9544079691705288
2920,29.200000000001765,0.9544192030210672
2921,29.210000000001767,0.9544304342924431
2922,29.220000000001768,0.9544416629855714
2923,29.23000000000177,0.9544528891013665
2924,29.24000000000177,0.9544641126407399
2925,29.250000000001773,0.9544753336046046
2926,29.260000000001774,0.9544865519938729
2927,29.270000000001776,0.9544977678094544
2928,29.280000000001777,0.95450898105226
2929,29.29000000000178,0.9545201917232
2930,29.30000000000178,0.954531399823182
2931,29.310000000001782,0.9545426053531156
2932,29.320000000001784,0.9545538083139072
2933,29.330000000001785,0.9545650087064644
2934,29.340000000001787,0.9545762065316942
2935,29.35000000000179,0.9545874017905007
2936,29.36000000000179,0.9545985944837897
2937,29.37000000000179,0.9546097846124662
2938,29.380000000001793,0.9546209721774326
2939,29.390000000001795,0.954632157179593
2940,29.400000000001796,0.9546433396198487
2941,29.410000000001798,0.954654519499102
2942,29.4200000000018,0.9546656968182543
2943,29.4300000000018,0.9546768715782051
2944,29.440000000001803,0.9546880437798547
2945,29.450000000001804,0.9546992134241028
2946,29.460000000001806,0.9547103805118464
2947,29.470000000001807,0.9547215450439848
2948,29.48000000000181,0.9547327070214137
2949,29.49000000000181,0.9547438664450303
2950,29.500000000001812,0.9547550233157311
2951,29.510000000001813,0.9547661776344102
2952,29.520000000001815,0.9547773294019625
2953,29.530000000001817,0.9547884786192826
2954,29.540000000001818,0.9547996252872627
2955,29.55000000000182,0.9548107694067959
2956,29.56000000000182,0.9548219109787749
2957,29.570000000001823,0.9548330500040897
2958,29.580000000001824,0.9548441864836325
2959,29.590000000001826,0.9548553204182917
2960,29.600000000001828,0.9548664518089577
2961,29.61000000000183,0.9548775806565198
2962,29.62000000000183,0.9548887069618649
2963,29.630000000001832,0.9548998307258812
2964,29.640000000001834,0.9549109519494562
2965,29.650000000001835,0.9549220706334749
2966,29.660000000001837,0.9549331867788241
2967,29.67000000000184,0.9549443003863877
2968,29.68000000000184,0.9549554114570504
2969,29.69000000000184,0.9549665199916969
2970,29.700000000001843,0.9549776259912088
2971,29.710000000001845,0.9549887294564694
2972,29.720000000001846,0.9549998303883609
2973,29.730000000001848,0.9550109287877634
2974,29.74000000000185,0.9550220246555587
2975,29.75000000000185,0.9550331179926256
2976,29.760000000001853,0.955044208799844
2977,29.770000000001854,0.9550552970780932
2978,29.780000000001856,0.9550663828282501
2979,29.790000000001857,0.9550774660511928
2980,29.80000000000186,0.9550885467477986
2981,29.81000000000186,0.9550996249189427
2982,29.820000000001862,0.9551107005655012
2983,29.830000000001863,0.9551217736883497
2984,29.840000000001865,0.9551328442883613
2985,29.850000000001867,0.9551439123664112
2986,29.860000000001868,0.9551549779233709
2987,29.87000000000187,0.9551660409601139
2988,29.88000000000187,0.9551771014775126
2989,29.890000000001873,0.9551881594764368
2990,29.900000000001874,0.9551992149577582
2991,29.910000000001876,0.9552102679223471
2992,29.920000000001878,0.9552213183710719
2993,29.93000000000188,0.9552323663048028
2994,29.94000000000188,0.9552434117244065
2995,29.950000000001882,0.9552544546307514
2996,29.960000000001884,0.955265495024705
2997,29.970000000001885,0.9552765329071327
2998,29.980000000001887,0.9552875682789005
2999,29.99000000000189,0.9552986011408745
3000,30.00000000000189,0.955309631493918
3001,30.01000000000189,0.9553206593388961
3002,30.020000000001893,0.9553316846766711
3003,30.030000000001895,0.9553427075081061
3004,30.040000000001896,0.9553537278340641
3005,30.050000000001898,0.9553647456554053
3006,30.0600000000019,0.9553757609729914
3007,30.0700000000019,0.9553867737876832
3008,30.080000000001903,0.9553977841003394
3009,30.090000000001904,0.9554087919118195
3010,30.100000000001906,0.9554197972229829
3011,30.110000000001907,0.9554308000346862
3012,30.12000000000191,0.955441800347788
3013,30.13000000000191,0.955452798163144
3014,30.140000000001912,0.9554637934816107
3015,30.150000000001913,0.9554747863040445
3016,30.160000000001915,0.955485776631299
3017,30.170000000001917,0.9554967644642292
3018,30.180000000001918,0.9555077498036896
3019,30.19000000000192,0.9555187326505321
3020,30.20000000000192,0.9555297130056105
3021,30.210000000001923,0.9555406908697757
3022,30.220000000001924,0.9555516662438797
3023,30.230000000001926,0.9555626391287738
3024,30.240000000001928,0.9555736095253072
3025,30.25000000000193,0.9555845774343301
3026,30.26000000000193,0.9555955428566921
3027,30.270000000001932,0.9556065057932406
3028,30.280000000001934,0.9556174662448248
3029,30.290000000001935,0.9556284242122904
3030,30.300000000001937,0.9556393796964852
3031,30.31000000000194,0.9556503326982556
3032,30.32000000000194,0.9556612832184461
3033,30.33000000000194,0.9556722312579023
3034,30.340000000001943,0.9556831768174693
3035,30.350000000001945,0.9556941198979895
3036,30.360000000001946,0.9557050605003068
3037,30.370000000001948,0.9557159986252646
3038,30.38000000000195,0.9557269342737036
3039,30.39000000000195,0.9557378674464666
3040,30.400000000001953,0.9557487981443932
3041,30.410000000001954,0.9557597263683245
3042,30.420000000001956,0.9557706521191008
3043,30.430000000001957,0.9557815753975601
3044,30.44000000000196,0.9557924962045418
3045,30.45000000000196,0.9558034145408842
3046,30.460000000001962,0.9558143304074238
3047,30.470000000001964,0.9558252438049988
3048,30.480000000001965,0.955836154734444
3049,30.490000000001967,0.9558470631965961
3050,30.500000000001968,0.9558579691922907
3051,30.51000000000197,0.9558688727223613
3052,30.52000000000197,0.9558797737876426
3053,30.530000000001973,0.9558906723889684
3054,30.540000000001974,0.9559015685271708
3055,30.550000000001976,0.955912462203083
3056,30.560000000001978,0.9559233534175359
3057,30.57000000000198,0.9559342421713611
3058,30.58000000000198,0.95594512846539
3059,30.590000000001982,0.9559560123004514
3060,30.600000000001984,0.9559668936773753
3061,30.610000000001985,0.9559777725969916
3062,30.620000000001987,0.9559886490601271
3063,30.63000000000199,0.9559995230676105
3064,30.64000000000199,0.9560103946202697
3065,30.65000000000199,0.95602126371893
3066,30.660000000001993,0.9560321303644189
3067,30.670000000001995,0.9560429945575608
3068,30.680000000001996,0.9560538562991814
3069,30.690000000001998,0.9560647155901055
3070,30.700000000002,0.9560755724311563
3071,30.710000000002,0.9560864268231573
3072,30.720000000002003,0.9560972787669321
3073,30.730000000002004,0.9561081282633017
3074,30.740000000002006,0.9561189753130892
3075,30.750000000002007,0.9561298199171143
3076,30.76000000000201,0.9561406620761983
3077,30.77000000000201,0.9561515017911619
3078,30.780000000002012,0.9561623390628233
3079,30.790000000002014,0.9561731738920021
3080,30.800000000002015,0.9561840062795173
3081,30.810000000002017,0.9561948362261855
3082,30.82000000000202,0.9562056637328251
3083,30.83000000000202,0.9562164888002518
3084,30.84000000000202,0.9562273114292823
3085,30.850000000002023,0.9562381316207329
3086,30.860000000002024,0.9562489493754174
3087,30.870000000002026,0.956259764694151
3088,30.880000000002028,0.9562705775777485
3089,30.89000000000203,0.9562813880270218
3090,30.90000000000203,0.9562921960427853
3091,30.910000000002032,0.95630300162585
3092,30.920000000002034,0.9563138047770284
3093,30.930000000002035,0.9563246054971325
3094,30.940000000002037,0.9563354037869717
3095,30.95000000000204,0.9563461996473568
3096,30.96000000000204,0.9563569930790982
3097,30.97000000000204,0.9563677840830037
3098,30.980000000002043,0.9563785726598825
3099,30.990000000002045,0.9563893588105432
3100,31.000000000002046,0.9564001425357923
3101,31.010000000002048,0.9564109238364378
3102,31.02000000000205,0.956421702713285
3103,31.03000000000205,0.9564324791671402
3104,31.040000000002053,0.9564432531988097
3105,31.050000000002054,0.956454024809097
3106,31.060000000002056,0.9564647939988069
3107,31.070000000002057,0.9564755607687438
3108,31.08000000000206,0.9564863251197098
3109,31.09000000000206,0.9564970870525087
3110,31.100000000002062,0.9565078465679414
3111,31.110000000002064,0.9565186036668103
3112,31.120000000002065,0.9565293583499169
3113,31.130000000002067,0.9565401106180609
3114,31.14000000000207,0.9565508604720425
3115,31.15000000000207,0.9565616079126622
3116,31.16000000000207,0.9565723529407175
3117,31.170000000002073,0.9565830955570082
3118,31.180000000002075,0.9565938357623309
3119,31.190000000002076,0.9566045735574839
3120,31.200000000002078,0.9566153089432642
3121,31.21000000000208,0.9566260419204673
3122,31.22000000000208,0.9566367724898895
3123,31.230000000002082,0.9566475006523268
3124,31.240000000002084,0.9566582264085727
3125,31.250000000002085,0.956668949759422
3126,31.260000000002087,0.9566796707056691
3127,31.27000000000209,0.9566903892481059
3128,31.28000000000209,0.9567011053875264
3129,31.29000000000209,0.9567118191247215
3130,31.300000000002093,0.9567225304604834
3131,31.310000000002095,0.956733239395604
3132,31.320000000002096,0.9567439459308724
3133,31.330000000002098,0.9567546500670797
3134,31.3400000000021,0.9567653518050158
3135,31.3500000000021,0.9567760511454685
3136,31.360000000002103,0.9567867480892277
3137,31.370000000002104,0.9567974426370801
3138,31.380000000002106,0.9568081347898137
3139,31.390000000002107,0.9568188245482164
3140,31.40000000000211,0.9568295119130733
3141,31.41000000000211,0.956840196885171
3142,31.420000000002112,0.9568508794652953
3143,31.430000000002114,0.9568615596542303
3144,31.440000000002115,0.9568722374527613
3145,31.450000000002117,0.9568829128616713
3146,31.46000000000212,0.956893585881744
3147,31.47000000000212,0.9569042565137631
3148,31.48000000000212,0.9569149247585097
3149,31.490000000002123,0.9569255906167663
3150,31.500000000002125,0.9569362540893147
3151,31.510000000002126,0.9569469151769348
3152,31.520000000002128,0.9569575738804074
3153,31.53000000000213,0.9569682302005128
3154,31.54000000000213,0.9569788841380295
3155,31.550000000002132,0.956989535693737
3156,31.560000000002134,0.9570001848684129
3157,31.570000000002135,0.9570108316628354
3158,31.580000000002137,0.9570214760777823
3159,31.59000000000214,0.9570321181140294
3160,31.60000000000214,0.9570427577723535
3161,31.61000000000214,0.957053395053531
3162,31.620000000002143,0.957064029958336
3163,31.630000000002145,0.9570746624875445
3164,31.640000000002146,0.9570852926419295
3165,31.650000000002148,0.9570959204222655
3166,31.66000000000215,0.9571065458293264
3167,31.67000000000215,0.9571171688638836
3168,31.680000000002153,0.9571277895267102
3169,31.690000000002154,0.9571384078185785
3170,31.700000000002156,0.9571490237402586
3171,31.710000000002157,0.9571596372925225
3172,31.72000000000216,0.9571702484761393
3173,31.73000000000216,0.9571808572918793
3174,31.740000000002162,0.9571914637405126
3175,31.750000000002164,0.9572020678228067
3176,31.760000000002165,0.9572126695395304
3177,31.770000000002167,0.9572232688914524
3178,31.78000000000217,0.9572338658793387
3179,31.79000000000217,0.9572444605039565
3180,31.80000000000217,0.957255052766073
3181,31.810000000002173,0.9572656426664529
3182,31.820000000002175,0.9572762302058626
3183,31.830000000002176,0.9572868153850658
3184,31.840000000002178,0.9572973982048274
3185,31.85000000000218,0.9573079786659121
3186,31.86000000000218,0.957318556769082
3187,31.870000000002182,0.9573291325151004
3188,31.880000000002184,0.9573397059047306
3189,31.890000000002185,0.9573502769387332
3190,31.900000000002187,0.9573608456178709
3191,31.91000000000219,0.9573714119429033
3192,31.92000000000219,0.9573819759145917
3193,31.93000000000219,0.9573925375336966
3194,31.940000000002193,0.9574030968009762
3195,31.950000000002195,0.9574136537171902
3196,31.960000000002196,0.9574242082830977
3197,31.970000000002198,0.9574347604994556
3198,31.9800000000022,0.9574453103670226
3199,31.9900000000022,0.9574558578865546
3200,32.0000000000022,0.9574664030588088
3201,32.0100000000022,0.9574769458845416
3202,32.0200000000022,0.9574874863645083
3203,32.0300000000022,0.9574980244994642
3204,32.040000000002195,0.9575085602901638
3205,32.05000000000219,0.9575190937373608
3206,32.06000000000219,0.95752962484181
3207,32.07000000000219,0.9575401536042641
3208,32.08000000000219,0.9575506800254759
3209,32.090000000002185,0.9575612041061977
3210,32.10000000000218,0.9575717258471806
3211,32.11000000000218,0.9575822452491771
3212,32.12000000000218,0.9575927623129377
3213,32.13000000000218,0.9576032770392124
3214,32.140000000002175,0.9576137894287513
3215,32.15000000000217,0.9576242994823033
3216,32.16000000000217,0.9576348072006184
3217,32.17000000000217,0.9576453125844445
3218,32.18000000000217,0.9576558156345297
3219,32.190000000002165,0.9576663163516215
3220,32.20000000000216,0.9576768147364668
3221,32.21000000000216,0.9576873107898118
3222,32.22000000000216,0.9576978045124036
3223,32.23000000000216,0.9577082959049875
3224,32.240000000002155,0.9577187849683085
3225,32.25000000000215,0.9577292717031113
3226,32.26000000000215,0.9577397561101396
3227,32.27000000000215,0.9577502381901384
3228,32.28000000000215,0.9577607179438502
3229,32.290000000002145,0.957771195372018
3230,32.30000000000214,0.9577816704753842
3231,32.31000000000214,0.9577921432546906
3232,32.32000000000214,0.9578026137106781
3233,32.33000000000214,0.9578130818440888
3234,32.340000000002135,0.9578235476556626
3235,32.35000000000213,0.9578340111461394
3236,32.36000000000213,0.9578444723162591
3237,32.37000000000213,0.9578549311667599
3238,32.38000000000213,0.9578653876983819
3239,32.390000000002125,0.9578758419118625
3240,32.40000000000212,0.9578862938079394
3241,32.41000000000212,0.95789674338735
3242,32.42000000000212,0.9579071906508309
3243,32.43000000000212,0.957917635599118
3244,32.440000000002115,0.9579280782329482
3245,32.45000000000211,0.9579385185530567
3246,32.46000000000211,0.9579489565601779
3247,32.47000000000211,0.9579593922550467
3248,32.48000000000211,0.9579698256383964
3249,32.490000000002105,0.9579802567109618
3250,32.5000000000021,0.9579906854734753
3251,32.5100000000021,0.9580011119266698
3252,32.5200000000021,0.9580115360712773
3253,32.5300000000021,0.958021957908029
3254,32.540000000002095,0.9580323774376575
3255,32.55000000000209,0.9580427946608928
3256,32.56000000000209,0.9580532095784655
3257,32.57000000000209,0.9580636221911056
3258,32.58000000000209,0.9580740324995423
3259,32.590000000002085,0.9580844405045043
3260,32.60000000000208,0.958094846206721
3261,32.61000000000208,0.9581052496069203
3262,32.62000000000208,0.9581156507058298
3263,32.63000000000208,0.9581260495041766
3264,32.640000000002075,0.9581364460026868
3265,32.65000000000207,0.9581468402020881
3266,32.66000000000207,0.9581572321031057
3267,32.67000000000207,0.9581676217064649
3268,32.68000000000207,0.9581780090128909
3269,32.690000000002065,0.9581883940231078
3270,32.70000000000206,0.9581987767378396
3271,32.71000000000206,0.9582091571578107
3272,32.72000000000206,0.9582195352837439
3273,32.73000000000206,0.9582299111163619
3274,32.740000000002055,0.958240284656387
3275,32.75000000000205,0.9582506559045403
3276,32.76000000000205,0.9582610248615444
3277,32.77000000000205,0.9582713915281198
3278,32.78000000000205,0.9582817559049869
3279,32.790000000002046,0.9582921179928658
3280,32.80000000000204,0.9583024777924755
3281,32.81000000000204,0.9583128353045363
3282,32.82000000000204,0.9583231905297663
3283,32.83000000000204,0.958333543468884
3284,32.840000000002036,0.958343894122607
3285,32.850000000002034,0.9583542424916529
3286,32.86000000000203,0.958364588576738
3287,32.87000000000203,0.95837493237858
3288,32.88000000000203,0.9583852738978943
3289,32.890000000002026,0.9583956131353968
3290,32.900000000002024,0.9584059500918024
3291,32.91000000000202,0.9584162847678254
3292,32.92000000000202,0.9584266171641813
3293,32.93000000000202,0.9584369472815836
3294,32.940000000002016,0.9584472751207455
3295,32.950000000002014,0.95845760068238
3296,32.96000000000201,0.9584679239671998
3297,32.97000000000201,0.9584782449759165
3298,32.98000000000201,0.9584885637092428
3299,32.990000000002006,0.9584988801678898
3300,33.000000000002004,0.9585091943525678
3301,33.010000000002,0.9585195062639875
3302,33.020000000002,0.9585298159028584
3303,33.030000000002,0.9585401232698909
3304,33.040000000001996,0.9585504283657937
3305,33.050000000001994,0.9585607311912756
3306,33.06000000000199,0.9585710317470447
3307,33.07000000000199,0.9585813300338089
3308,33.08000000000199,0.9585916260522748
3309,33.090000000001986,0.9586019198031507
3310,33.100000000001984,0.9586122112871425
3311,33.11000000000198,0.9586225005049563
3312,33.12000000000198,0.958632787457298
3313,33.13000000000198,0.9586430721448718
3314,33.140000000001976,0.958653354568384
3315,33.150000000001974,0.9586636347285382
3316,33.16000000000197,0.9586739126260386
3317,33.17000000000197,0.9586841882615885
3318,33.18000000000197,0.9586944616358907
3319,33.190000000001966,0.9587047327496488
3320,33.200000000001964,0.9587150016035646
3321,33.21000000000196,0.9587252681983398
3322,33.22000000000196,0.9587355325346759
3323,33.23000000000196,0.9587457946132739
3324,33.240000000001956,0.9587560544348338
3325,33.250000000001954,0.9587663120000568
3326,33.26000000000195,0.9587765673096421
3327,33.27000000000195,0.9587868203642891
3328,33.28000000000195,0.9587970711646964
3329,33.290000000001946,0.9588073197115621
3330,33.300000000001944,0.9588175660055853
3331,33.31000000000194,0.9588278100474631
3332,33.32000000000194,0.9588380518378926
3333,33.33000000000194,0.9588482913775707
3334,33.340000000001936,0.9588585286671936
3335,33.350000000001934,0.9588687637074568
3336,33.36000000000193,0.9588789964990568
3337,33.37000000000193,0.9588892270426883
3338,33.38000000000193,0.958899455339046
3339,33.390000000001926,0.9589096813888239
3340,33.400000000001924,0.9589199051927156
3341,33.41000000000192,0.9589301267514155
3342,33.42000000000192,0.9589403460656162
3343,33.43000000000192,0.9589505631360101
3344,33.440000000001916,0.9589607779632895
3345,33.450000000001914,0.9589709905481456
3346,33.46000000000191,0.958981200891271
3347,33.47000000000191,0.9589914089933559
3348,33.48000000000191,0.9590016148550911
3349,33.490000000001906,0.9590118184771663
3350,33.500000000001904,0.9590220198602717
3351,33.5100000000019,0.9590322190050958
3352,33.5200000000019,0.9590424159123286
3353,33.5300000000019,0.9590526105826582
3354,33.540000000001896,0.9590628030167725
3355,33.550000000001894,0.9590729932153593
3356,33.56000000000189,0.9590831811791052
3357,33.57000000000189,0.9590933669086982
3358,33.58000000000189,0.9591035504048241
3359,33.590000000001886,0.9591137316681692
3360,33.600000000001884,0.9591239106994188
3361,33.61000000000188,0.9591340874992584
3362,33.62000000000188,0.9591442620683721
3363,33.63000000000188,0.9591544344074455
3364,33.640000000001876,0.9591646045171621
3365,33.650000000001874,0.9591747723982054
3366,33.66000000000187,0.9591849380512586
3367,33.67000000000187,0.959195101477004
3368,33.68000000000187,0.9592052626761252
3369,33.69000000000187,0.9592154216493034
3370,33.700000000001864,0.9592255783972203
3371,33.71000000000186,0.9592357329205572
3372,33.72000000000186,0.9592458852199941
3373,33.73000000000186,0.9592560352962128
3374,33.74000000000186,0.9592661831498925
3375,33.750000000001855,0.9592763287817129
3376,33.76000000000185,0.9592864721923531
3377,33.77000000000185,0.959296613382492
3378,33.78000000000185,0.9593067523528073
3379,33.79000000000185,0.9593168891039782
3380,33.800000000001845,0.9593270236366817
3381,33.81000000000184,0.959337155951595
3382,33.82000000000184,0.9593472860493949
3383,33.83000000000184,0.9593574139307572
3384,33.84000000000184,0.9593675395963593
3385,33.850000000001835,0.959377663046876
3386,33.86000000000183,0.9593877842829825
3387,33.87000000000183,0.9593979033053537
3388,33.88000000000183,0.9594080201146641
3389,33.89000000000183,0.9594181347115871
3390,33.900000000001825,0.9594282470967974
3391,33.91000000000182,0.9594383572709679
3392,33.92000000000182,0.9594484652347713
3393,33.93000000000182,0.9594585709888801
3394,33.94000000000182,0.9594686745339659
3395,33.950000000001815,0.9594787758707014
3396,33.96000000000181,0.9594888749997574
3397,33.97000000000181,0.959498971921805
3398,33.98000000000181,0.9595090666375143
3399,33.99000000000181,0.9595191591475558
3400,34.000000000001805,0.9595292494525985
3401,34.0100000000018,0.9595393375533131
3402,34.0200000000018,0.9595494234503678
3403,34.0300000000018,0.9595595071444312
3404,34.0400000000018,0.9595695886361716
3405,34.050000000001795,0.9595796679262563
3406,34.06000000000179,0.9595897450153535
3407,34.07000000000179,0.9595998199041302
3408,34.08000000000179,0.9596098925932528
3409,34.09000000000179,0.9596199630833876
3410,34.100000000001785,0.9596300313752
3411,34.11000000000178,0.9596400974693564
3412,34.12000000000178,0.9596501613665217
3413,34.13000000000178,0.9596602230673605
3414,34.14000000000178,0.9596702825725372
3415,34.150000000001775,0.9596803398827157
3416,34.16000000000177,0.9596903949985592
3417,34.17000000000177,0.9597004479207321
3418,34.18000000000177,0.9597104986498964
3419,34.19000000000177,0.9597205471867148
3420,34.200000000001765,0.9597305935318494
3421,34.21000000000176,0.9597406376859613
3422,34.22000000000176,0.9597506796497131
3423,34.23000000000176,0.959760719423765
3424,34.24000000000176,0.9597707570087776
3425,34.250000000001755,0.9597807924054113
3426,34.26000000000175,0.9597908256143258
3427,34.27000000000175,0.9598008566361801
3428,34.28000000000175,0.9598108854716344
3429,34.29000000000175,0.9598209121213467
3430,34.300000000001745,0.9598309365859756
3431,34.31000000000174,0.9598409588661789
3432,34.32000000000174,0.9598509789626138
3433,34.33000000000174,0.9598609968759386
3434,34.34000000000174,0.9598710126068095
3435,34.350000000001735,0.959881026155883
3436,34.36000000000173,0.9598910375238154
3437,34.37000000000173,0.9599010467112618
3438,34.38000000000173,0.9599110537188786
3439,34.39000000000173,0.9599210585473205
3440,34.400000000001725,0.9599310611972418
3441,34.41000000000172,0.9599410616692972
3442,34.42000000000172,0.9599510599641403
3443,34.43000000000172,0.9599610560824243
3444,34.44000000000172,0.9599710500248033
3445,34.450000000001715,0.9599810417919299
3446,34.46000000000171,0.9599910313844562
3447,34.47000000000171,0.9600010188030346
3448,34.48000000000171,0.960011004048316
3449,34.49000000000171,0.960020987120953
3450,34.500000000001705,0.9600309680215962
3451,34.5100000000017,0.960040946750896
3452,34.5200000000017,0.9600509233095029
3453,34.5300000000017,0.9600608976980668
3454,34.5400000000017,0.9600708699172367
3455,34.550000000001695,0.9600808399676628
3456,34.56000000000169,0.9600908078499935
3457,34.57000000000169,0.9601007735648773
3458,34.58000000000169,0.9601107371129624
3459,34.59000000000169,0.9601206984948958
3460,34.600000000001685,0.9601306577113263
3461,34.61000000000168,0.9601406147629004
3462,34.62000000000168,0.9601505696502646
3463,34.63000000000168,0.9601605223740655
3464,34.64000000000168,0.960170472934949
3465,34.650000000001675,0.9601804213335601
3466,34.66000000000167,0.9601903675705453
3467,34.67000000000167,0.9602003116465492
3468,34.68000000000167,0.9602102535622161
3469,34.69000000000167,0.9602201933181904
3470,34.700000000001666,0.9602301309151154
3471,34.71000000000166,0.9602400663536359
3472,34.72000000000166,0.9602499996343944
3473,34.73000000000166,0.9602599307580337
3474,34.74000000000166,0.9602698597251965
3475,34.750000000001656,0.9602797865365242
3476,34.760000000001654,0.96028971119266
3477,34.77000000000165,0.9602996336942445
3478,34.78000000000165,0.9603095540419192
3479,34.79000000000165,0.9603194722363245
3480,34.800000000001646,0.960329388278101
3481,34.810000000001644,0.9603393021678883
3482,34.82000000000164,0.9603492139063272
3483,34.83000000000164,0.9603591234940565
3484,34.84000000000164,0.9603690309317154
3485,34.850000000001636,0.9603789362199426
3486,34.860000000001634,0.9603888393593758
3487,34.87000000000163,0.9603987403506544
3488,34.88000000000163,0.9604086391944153
3489,34.89000000000163,0.960418535891296
3490,34.900000000001626,0.9604284304419336
3491,34.910000000001624,0.9604383228469648
3492,34.92000000000162,0.9604482131070253
3493,34.93000000000162,0.9604581012227523
3494,34.94000000000162,0.960467987194781
3495,34.950000000001616,0.9604778710237466
3496,34.960000000001614,0.9604877527102843
3497,34.97000000000161,0.9604976322550283
3498,34.98000000000161,0.9605075096586138
3499,34.99000000000161,0.9605173849216746
3500,35.000000000001606,0.9605272580448442
3501,35.010000000001604,0.960537129028756
3502,35.0200000000016,0.9605469978740426
3503,35.0300000000016,0.9605568645813378
3504,35.0400000000016,0.9605667291512734
3505,35.050000000001596,0.9605765915844815
3506,35.060000000001594,0.9605864518815939
3507,35.07000000000159,0.9605963100432419
3508,35.08000000000159,0.960606166070056
3509,35.09000000000159,0.9606160199626683
3510,35.100000000001586,0.9606258717217087
3511,35.110000000001584,0.9606357213478071
3512,35.12000000000158,0.9606455688415934
3513,35.13000000000158,0.9606554142036965
3514,35.14000000000158,0.9606652574347468
3515,35.150000000001576,0.9606750985353726
3516,35.160000000001574,0.9606849375062023
3517,35.17000000000157,0.9606947743478642
3518,35.18000000000157,0.9607046090609863
3519,35.19000000000157,0.9607144416461953
3520,35.200000000001566,0.96072427210412
3521,35.210000000001564,0.9607341004353865
3522,35.22000000000156,0.9607439266406216
3523,35.23000000000156,0.9607537507204515
3524,35.24000000000156,0.9607635726755018
3525,35.250000000001556,0.9607733925063993
3526,35.260000000001554,0.9607832102137688
3527,35.27000000000155,0.9607930257982353
3528,35.28000000000155,0.9608028392604238
3529,35.29000000000155,0.960812650600958
3530,35.300000000001546,0.9608224598204634
3531,35.310000000001544,0.9608322669195631
3532,35.32000000000154,0.9608420718988808
3533,35.33000000000154,0.9608518747590399
3534,35.34000000000154,0.9608616755006629
3535,35.350000000001536,0.9608714741243723
3536,35.360000000001534,0.9608812706307915
3537,35.37000000000153,0.9608910650205419
3538,35.38000000000153,0.9609008572942453
3539,35.39000000000153,0.9609106474525232
3540,35.400000000001526,0.9609204354959962
3541,35.410000000001524,0.9609302214252861
3542,35.42000000000152,0.9609400052410131
3543,35.43000000000152,0.9609497869437974
3544,35.44000000000152,0.960959566534259
3545,35.450000000001516,0.9609693440130176
3546,35.460000000001514,0.9609791193806921
3547,35.47000000000151,0.9609888926379025
3548,35.48000000000151,0.9609986637852674
3549,35.49000000000151,0.9610084328234051
3550,35.500000000001506,0.9610181997529338
3551,35.510000000001504,0.961027964574471
3552,35.5200000000015,0.9610377272886355
3553,35.5300000000015,0.9610474878960441
3554,35.5400000000015,0.9610572463973138
3555,35.550000000001496,0.9610670027930617
3556,35.560000000001494,0.9610767570839039
3557,35.57000000000149,0.9610865092704566
3558,35.58000000000149,0.9610962593533365
3559,35.59000000000149,0.961106007333159
3560,35.60000000000149,0.9611157532105393
3561,35.610000000001484,0.9611254969860927
3562,35.62000000000148,0.9611352386604335
3563,35.63000000000148,0.9611449782341774
3564,35.64000000000148,0.9611547157079382
3565,35.65000000000148,0.96116445108233
3566,35.660000000001475,0.9611741843579663
3567,35.67000000000147,0.9611839155354603
3568,35.68000000000147,0.9611936446154264
3569,35.69000000000147,0.9612033715984769
3570,35.70000000000147,0.9612130964852246
3571,35.710000000001465,0.961222819276282
3572,35.72000000000146,0.961232539972261
3573,35.73000000000146,0.9612422585737732
3574,35.74000000000146,0.9612519750814315
3575,35.75000000000146,0.9612616894958464
3576,35.760000000001455,0.9612714018176293
3577,35.77000000000145,0.961281112047391
3578,35.78000000000145,0.9612908201857416
3579,35.79000000000145,0.9613005262332927
3580,35.80000000000145,0.9613102301906535
3581,35.810000000001445,0.9613199320584342
3582,35.82000000000144,0.9613296318372444
3583,35.83000000000144,0.9613393295276934
3584,35.84000000000144,0.9613490251303897
3585,35.85000000000144,0.9613587186459434
3586,35.860000000001435,0.9613684100749624
3587,35.87000000000143,0.9613780994180553
3588,35.88000000000143,0.96138778667583
3589,35.89000000000143,0.9613974718488941
3590,35.90000000000143,0.9614071549378562
3591,35.910000000001425,0.9614168359433232
3592,35.92000000000142,0.9614265148659022
3593,35.93000000000142,0.9614361917062003
3594,35.94000000000142,0.9614458664648236
3595,35.95000000000142,0.9614555391423795
3596,35.960000000001415,0.9614652097394739
3597,35.97000000000141,0.9614748782567127
3598,35.98000000000141,0.9614845446947018
3599,35.99000000000141,0.9614942090540465
3600,36.00000000000141,0.9615038713353519
3601,36.010000000001405,0.9615135315392239
3602,36.0200000000014,0.961523189666267
3603,36.0300000000014,0.9615328457170859
3604,36.0400000000014,0.9615424996922849
3605,36.0500000000014,0.9615521515924677
3606,36.060000000001395,0.9615618014182393
3607,36.07000000000139,0.9615714491702031
3608,36.08000000000139,0.9615810948489626
3609,36.09000000000139,0.9615907384551212
3610,36.10000000000139,0.9616003799892819
3611,36.110000000001385,0.9616100194520473
3612,36.12000000000138,0.961619656844021
3613,36.13000000000138,0.961629292165805
3614,36.14000000000138,0.9616389254180018
3615,36.15000000000138,0.9616485566012133
3616,36.160000000001375,0.9616581857160409
3617,36.17000000000137,0.9616678127630875
3618,36.18000000000137,0.961677437742954
3619,36.19000000000137,0.9616870606562418
3620,36.20000000000137,0.9616966815035518
3621,36.210000000001365,0.9617063002854851
3622,36.22000000000136,0.9617159170026418
3623,36.23000000000136,0.9617255316556237
3624,36.24000000000136,0.9617351442450304
3625,36.25000000000136,0.9617447547714622
3626,36.260000000001355,0.961754363235519
3627,36.27000000000135,0.9617639696378002
3628,36.28000000000135,0.9617735739789064
3629,36.29000000000135,0.9617831762594364
3630,36.30000000000135,0.9617927764799898
3631,36.310000000001345,0.9618023746411655
3632,36.32000000000134,0.9618119707435617
3633,36.33000000000134,0.9618215647877785
3634,36.34000000000134,0.9618311567744139
3635,36.35000000000134,0.9618407467040662
3636,36.360000000001335,0.9618503345773337
3637,36.37000000000133,0.9618599203948145
3638,36.38000000000133,0.961869504157106
3639,36.39000000000133,0.9618790858648071
3640,36.40000000000133,0.9618886655185148
3641,36.410000000001325,0.9618982431188265
3642,36.42000000000132,0.9619078186663396
3643,36.43000000000132,0.9619173921616506
3644,36.44000000000132,0.9619269636053578
3645,36.45000000000132,0.9619365329980573
3646,36.460000000001315,0.9619461003403459
3647,36.47000000000131,0.9619556656328202
3648,36.48000000000131,0.9619652288760765
3649,36.49000000000131,0.9619747900707107
3650,36.50000000000131,0.96198434921732
3651,36.510000000001305,0.9619939063164998
3652,36.5200000000013,0.9620034613688461
3653,36.5300000000013,0.9620130143749546
3654,36.5400000000013,0.9620225653354204
3655,36.5500000000013,0.9620321142508402
3656,36.560000000001295,0.9620416611218087
3657,36.57000000000129,0.9620512059489212
3658,36.58000000000129,0.962060748732773
3659,36.59000000000129,0.9620702894739585
3660,36.60000000000129,0.9620798281730735
3661,36.610000000001286,0.9620893648307126
3662,36.62000000000128,0.9620988994474704
3663,36.63000000000128,0.9621084320239415
3664,36.64000000000128,0.9621179625607204
3665,36.65000000000128,0.9621274910584008
3666,36.660000000001276,0.9621370175175783
3667,36.670000000001274,0.9621465419388466
3668,36.68000000000127,0.9621560643227997
3669,36.69000000000127,0.9621655846700317
3670,36.70000000000127,0.9621751029811358
3671,36.710000000001266,0.9621846192567072
3672,36.720000000001264,0.9621941334973391
3673,36.73000000000126,0.962203645703625
3674,36.74000000000126,0.9622131558761587
3675,36.75000000000126,0.9622226640155337
3676,36.760000000001256,0.962232170122343
3677,36.770000000001254,0.9622416741971809
3678,36.78000000000125,0.9622511762406404
3679,36.79000000000125,0.9622606762533147
3680,36.80000000000125,0.962270174235797
3681,36.810000000001246,0.96227967018868
3682,36.820000000001244,0.9622891641125577
3683,36.83000000000124,0.9622986560080229
3684,36.84000000000124,0.9623081458756684
3685,36.85000000000124,0.9623176337160873
3686,36.860000000001236,0.9623271195298724
3687,36.870000000001234,0.9623366033176162
3688,36.88000000000123,0.9623460850799124
3689,36.89000000000123,0.9623555648173535
3690,36.90000000000123,0.9623650425305322
3691,36.910000000001226,0.9623745182200413
3692,36.920000000001224,0.962383991886473
3693,36.93000000000122,0.962393463530421
3694,36.94000000000122,0.9624029331524776
3695,36.95000000000122,0.9624124007532354
3696,36.960000000001216,0.9624218663332872
3697,36.970000000001214,0.9624313298932249
3698,36.98000000000121,0.9624407914336425
3699,36.99000000000121,0.9624502509551319
3700,37.00000000000121,0.962459708458286
3701,37.010000000001206,0.9624691639436973
3702,37.020000000001204,0.9624786174119585
3703,37.0300000000012,0.9624880688636619
3704,37.0400000000012,0.9624975182994012
3705,37.0500000000012,0.9625069657197686
3706,37.060000000001196,0.9625164111253569
3707,37.070000000001194,0.9625258545167589
3708,37.08000000000119,0.9625352958945668
3709,37.09000000000119,0.9625447352593746
3710,37.10000000000119,0.9625541726117747
3711,37.110000000001186,0.96256360795236
3712,37.120000000001184,0.9625730412817233
3713,37.13000000000118,0.9625824726004579
3714,37.14000000000118,0.9625919019091563
3715,37.15000000000118,0.9626013292084127
3716,37.160000000001176,0.9626107544988197
3717,37.170000000001174,0.9626201777809706
3718,37.18000000000117,0.9626295990554588
3719,37.19000000000117,0.9626390183228771
3720,37.20000000000117,0.9626484355838202
3721,37.210000000001166,0.962657850838881
3722,37.220000000001164,0.9626672640886531
3723,37.23000000000116,0.9626766753337306
3724,37.24000000000116,0.9626860845747063
3725,37.25000000000116,0.9626954918121756
3726,37.260000000001156,0.9627048970467319
3727,37.270000000001154,0.9627143002789693
3728,37.28000000000115,0.9627237015094822
3729,37.29000000000115,0.9627331007388646
3730,37.30000000000115,0.962742497967711
3731,37.310000000001146,0.9627518931966167
3732,37.320000000001144,0.9627612864261761
3733,37.33000000000114,0.962770677656984
3734,37.34000000000114,0.9627800668896354
3735,37.35000000000114,0.9627894541247248
3736,37.360000000001136,0.9627988393628489
3737,37.370000000001134,0.9628082226046024
3738,37.38000000000113,0.9628176038505809
3739,37.39000000000113,0.9628269831013803
3740,37.40000000000113,0.9628363603575965
3741,37.410000000001126,0.9628457356198249
3742,37.420000000001124,0.9628551088886631
3743,37.43000000000112,0.9628644801647068
3744,37.44000000000112,0.9628738494485528
3745,37.45000000000112,0.9628832167407979
3746,37.460000000001116,0.9628925820420385
3747,37.470000000001114,0.9629019453528731
3748,37.48000000000111,0.9629113066738983
3749,37.49000000000111,0.9629206660057121
3750,37.50000000000111,0.9629300233489121
3751,37.51000000000111,0.9629393787040958
3752,37.520000000001104,0.9629487320718628
3753,37.5300000000011,0.962958083452811
3754,37.5400000000011,0.962967432847539
3755,37.5500000000011,0.9629767802566461
3756,37.5600000000011,0.9629861256807314
3757,37.570000000001095,0.9629954691203938
3758,37.58000000000109,0.9630048105762342
3759,37.59000000000109,0.9630141500488522
3760,37.60000000000109,0.9630234875388478
3761,37.61000000000109,0.9630328230468219
3762,37.620000000001085,0.9630421565733747
3763,37.63000000000108,0.9630514881191082
3764,37.64000000000108,0.9630608176846237
3765,37.65000000000108,0.9630701452705226
3766,37.66000000000108,0.963079470877407
3767,37.670000000001075,0.9630887945058793
3768,37.68000000000107,0.9630981161565414
3769,37.69000000000107,0.9631074358299977
3770,37.70000000000107,0.9631167535268507
3771,37.71000000000107,0.963126069247704
3772,37.720000000001065,0.9631353829931618
3773,37.73000000000106,0.9631446947638277
3774,37.74000000000106,0.9631540045603075
3775,37.75000000000106,0.9631633123832056
3776,37.76000000000106,0.9631726182331276
3777,37.770000000001055,0.963181922110679
3778,37.78000000000105,0.9631912240164661
3779,37.79000000000105,0.9632005239510949
3780,37.80000000000105,0.9632098219151732
3781,37.81000000000105,0.963219117909308
3782,37.820000000001045,0.9632284119341069
3783,37.83000000000104,0.9632377039901779
3784,37.84000000000104,0.9632469940781293
3785,37.85000000000104,0.9632562821985708
3786,37.86000000000104,0.9632655683521116
3787,37.870000000001035,0.9632748525393613
3788,37.88000000000103,0.9632841347609302
3789,37.89000000000103,0.9632934150174285
3790,37.90000000000103,0.9633026933094685
3791,37.91000000000103,0.9633119696376613
3792,37.920000000001025,0.9633212440026191
3793,37.93000000000102,0.9633305164049544
3794,37.94000000000102,0.9633397868452802
3795,37.95000000000102,0.9633490553242099
3796,37.96000000000102,0.9633583218423583
3797,37.970000000001015,0.9633675864003396
3798,37.98000000000101,0.963376848998769
3799,37.99000000000101,0.9633861096382621
3800,38.00000000000101,0.9633953683194345
3801,38.01000000000101,0.9634046250429039
3802,38.020000000001005,0.9634138798092873
3803,38.030000000001,0.9634231326192024
3804,38.040000000001,0.9634323834732675
3805,38.050000000001,0.9634416323721017
3806,38.060000000001,0.9634508793163239
3807,38.070000000000995,0.9634601243065554
3808,38.08000000000099,0.9634693673434164
3809,38.09000000000099,0.9634786084275281
3810,38.10000000000099,0.9634878475595126
3811,38.11000000000099,0.9634970847399917
3812,38.120000000000985,0.9635063199695901
3813,38.13000000000098,0.9635155532489308
3814,38.14000000000098,0.9635247845786383
3815,38.15000000000098,0.9635340139593378
3816,38.16000000000098,0.9635432413916546
3817,38.170000000000975,0.9635524668762162
3818,38.18000000000097,0.9635616904136493
3819,38.19000000000097,0.9635709120045817
3820,38.20000000000097,0.963580131649642
3821,38.21000000000097,0.9635893493494594
3822,38.220000000000965,0.9635985651046635
3823,38.23000000000096,0.9636077789158859
3824,38.24000000000096,0.9636169907837577
3825,38.25000000000096,0.963626200708911
3826,38.26000000000096,0.9636354086919788
3827,38.270000000000955,0.9636446147335942
3828,38.28000000000095,0.9636538188343928
3829,38.29000000000095,0.9636630209950096
3830,38.30000000000095,0.9636722212160802
3831,38.31000000000095,0.9636814194982419
3832,38.320000000000945,0.9636906158421322
3833,38.33000000000094,0.9636998102483891
3834,38.34000000000094,0.9637090027176531
3835,38.35000000000094,0.9637181932505637
3836,38.36000000000094,0.9637273818477622
3837,38.370000000000935,0.9637365685098904
3838,38.38000000000093,0.9637457532375905
3839,38.39000000000093,0.9637549360315073
3840,38.40000000000093,0.9637641168922848
3841,38.41000000000093,0.9637732958205685
3842,38.420000000000925,0.9637824728170049
3843,38.43000000000092,0.9637916478822411
3844,38.44000000000092,0.9638008210169251
3845,38.45000000000092,0.963809992221707
3846,38.46000000000092,0.9638191614972366
3847,38.470000000000915,0.9638283288441647
3848,38.48000000000091,0.9638374942631438
3849,38.49000000000091,0.9638466577548265
3850,38.50000000000091,0.9638558193198676
3851,38.51000000000091,0.9638649789589221
3852,38.520000000000906,0.963874136672646
3853,38.5300000000009,0.9638832924616966
3854,38.5400000000009,0.9638924463267315
3855,38.5500000000009,0.9639015982684113
3856,38.5600000000009,0.9639107482873956
3857,38.570000000000896,0.963919896384346
3858,38.580000000000894,0.9639290425599253
3859,38.59000000000089,0.9639381868147968
3860,38.60000000000089,0.9639473291496251
3861,38.61000000000089,0.9639564695650771
3862,38.620000000000886,0.9639656080618193
3863,38.630000000000884,0.9639747446405201
3864,38.64000000000088,0.9639838793018489
3865,38.65000000000088,0.9639930120464758
3866,38.66000000000088,0.9640021428750736
3867,38.670000000000876,0.9640112717883148
3868,38.680000000000874,0.9640203987868737
3869,38.69000000000087,0.9640295238714258
3870,38.70000000000087,0.9640386470426477
3871,38.71000000000087,0.9640477683012172
3872,38.720000000000866,0.9640568876478142
3873,38.730000000000864,0.964066005083119
3874,38.74000000000086,0.9640751206078135
3875,38.75000000000086,0.9640842342225807
3876,38.76000000000086,0.9640933459281048
3877,38.770000000000856,0.9641024557250726
3878,38.780000000000854,0.9641115636141706
3879,38.79000000000085,0.9641206695960878
3880,38.80000000000085,0.9641297736715138
3881,38.81000000000085,0.9641388758411396
3882,38.820000000000846,0.9641479761056589
3883,38.830000000000844,0.9641570744657657
3884,38.84000000000084,0.9641661709221554
3885,38.85000000000084,0.9641752654755251
3886,38.86000000000084,0.9641843581265737
3887,38.870000000000836,0.9641934488760003
3888,38.880000000000834,0.9642025377245078
3889,38.89000000000083,0.9642116246727986
3890,38.90000000000083,0.9642207097215776
3891,38.91000000000083,0.9642297928715508
3892,38.920000000000826,0.9642388741234252
3893,38.930000000000824,0.9642479534779116
3894,38.94000000000082,0.96425703093572
3895,38.95000000000082,0.9642661064975632
3896,38.96000000000082,0.964275180164155
3897,38.970000000000816,0.9642842519362115
3898,38.980000000000814,0.9642933218144495
3899,38.99000000000081,0.9643023897995892
3900,39.00000000000081,0.9643114558923507
3901,39.01000000000081,0.9643205200934566
3902,39.020000000000806,0.9643295824036311
3903,39.030000000000804,0.9643386428235998
3904,39.0400000000008,0.9643477013540913
3905,39.0500000000008,0.9643567579958345
3906,39.0600000000008,0.9643658127495609
3907,39.070000000000796,0.9643748656160034
3908,39.080000000000794,0.9643839165958965
3909,39.09000000000079,0.9643929656899779
3910,39.10000000000079,0.9644020128989856
3911,39.11000000000079,0.9644110582236602
3912,39.120000000000786,0.9644201016647442
3913,39.130000000000784,0.9644291432229817
3914,39.14000000000078,0.9644381828991182
3915,39.15000000000078,0.9644472206939033
3916,39.16000000000078,0.9644562566080863
3917,39.170000000000776,0.9644652906424194
3918,39.180000000000774,0.9644743227976567
3919,39.19000000000077,0.9644833530745537
3920,39.20000000000077,0.9644923814738697
3921,39.21000000000077,0.9645014079963644
3922,39.220000000000766,0.9645104326428
3923,39.230000000000764,0.9645194554139409
3924,39.24000000000076,0.9645284763105535
3925,39.25000000000076,0.9645374953334062
3926,39.26000000000076,0.9645465124832705
3927,39.270000000000756,0.9645555277609189
3928,39.280000000000754,0.9645645411671266
3929,39.29000000000075,0.964573552702671
3930,39.30000000000075,0.964582562368331
3931,39.31000000000075,0.9645915701648895
3932,39.320000000000746,0.9646005760931302
3933,39.330000000000744,0.9646095801538392
3934,39.34000000000074,0.9646185823478055
3935,39.35000000000074,0.96462758267582
3936,39.36000000000074,0.9646365811386757
3937,39.370000000000736,0.9646455777371691
3938,39.380000000000734,0.9646545724720981
3939,39.39000000000073,0.964663565344263
3940,39.40000000000073,0.964672556354467
3941,39.41000000000073,0.9646815455035151
3942,39.42000000000073,0.9646905327922161
3943,39.430000000000724,0.9646995182213799
3944,39.44000000000072,0.9647085017918196
3945,39.45000000000072,0.9647174835043504
3946,39.46000000000072,0.9647264633597903
3947,39.47000000000072,0.9647354413589606
3948,39.480000000000715,0.9647444175026844
3949,39.49000000000071,0.9647533917917872
3950,39.50000000000071,0.9647623642270979
3951,39.51000000000071,0.9647713348094475
3952,39.52000000000071,0.9647803035396697
3953,39.530000000000705,0.9647892704186019
3954,39.5400000000007,0.9647982354470831
3955,39.5500000000007,0.9648071986259554
3956,39.5600000000007,0.9648161599560641
3957,39.5700000000007,0.964825119438256
3958,39.580000000000695,0.9648340770733832
3959,39.59000000000069,0.9648430328622983
3960,39.60000000000069,0.964851986805858
3961,39.61000000000069,0.9648609389049216
3962,39.62000000000069,0.9648698891603512
3963,39.630000000000685,0.9648788375730116
3964,39.64000000000068,0.9648877841437719
3965,39.65000000000068,0.964896728873503
3966,39.66000000000068,0.964905671763079
3967,39.67000000000068,0.9649146128133772
3968,39.680000000000675,0.9649235520252777
3969,39.69000000000067,0.9649324893996648
3970,39.70000000000067,0.9649414249374249
3971,39.71000000000067,0.9649503586394476
3972,39.72000000000067,0.964959290506626
3973,39.730000000000665,0.964968220539856
3974,39.74000000000066,0.9649771487400379
3975,39.75000000000066,0.964986075108074
3976,39.76000000000066,0.9649949996448705
3977,39.77000000000066,0.9650039223513366
3978,39.780000000000655,0.9650128432283851
3979,39.79000000000065,0.9650217622769317
3980,39.80000000000065,0.9650306794978968
3981,39.81000000000065,0.9650395948922029
3982,39.82000000000065,0.9650485084607765
3983,39.830000000000645,0.9650574202045474
3984,39.84000000000064,0.9650663301244488
3985,39.85000000000064,0.9650752382214182
3986,39.86000000000064,0.965084144496396
3987,39.87000000000064,0.9650930489503262
3988,39.880000000000635,0.9651019515841568
3989,39.89000000000063,0.965110852398839
3990,39.90000000000063,0.9651197513953276
3991,39.91000000000063,0.9651286485745824
3992,39.92000000000063,0.9651375439375655
3993,39.930000000000625,0.9651464374852432
3994,39.94000000000062,0.9651553292185859
3995,39.95000000000062,0.965164219138567
3996,39.96000000000062,0.9651731072461653
3997,39.97000000000062,0.9651819935423623
3998,39.980000000000615,0.9651908780281437
3999,39.99000000000061,0.9651997607044991
4000,40.00000000000061,0.9652086415724221
4001,40.01000000000061,0.9652175206329101
4002,40.02000000000061,0.9652263978869657
4003,40.030000000000605,0.9652352733355943
4004,40.0400000000006,0.9652441469798059
4005,40.0500000000006,0.9652530188206145
4006,40.0600000000006,0.965261888859038
4007,40.0700000000006,0.9652707570960998
4008,40.080000000000595,0.965279623532826
4009,40.09000000000059,0.9652884881702479
4010,40.10000000000059,0.9652973510094007
4011,40.11000000000059,0.9653062120513236
4012,40.12000000000059,0.9653150712970615
4013,40.130000000000585,0.9653239287476625
4014,40.14000000000058,0.9653327844041794
4015,40.15000000000058,0.9653416382676696
4016,40.16000000000058,0.9653504903391951
4017,40.17000000000058,0.9653593406198215
4018,40.180000000000575,0.9653681891106212
4019,40.19000000000057,0.9653770358126691
4020,40.20000000000057,0.9653858807270455
4021,40.21000000000057,0.9653947238548353
4022,40.22000000000057,0.9654035651971277
4023,40.230000000000565,0.9654124047550181
4024,40.24000000000056,0.9654212425296053
4025,40.25000000000056,0.9654300785219931
4026,40.26000000000056,0.9654389127332906
4027,40.27000000000056,0.9654477451646115
4028,40.280000000000555,0.9654565758170741
4029,40.29000000000055,0.9654654046918031
4030,40.30000000000055,0.9654742317899264
4031,40.31000000000055,0.9654830571125781
4032,40.32000000000055,0.9654918806608968
4033,40.330000000000545,0.965500702436026
4034,40.34000000000054,0.9655095224391158
4035,40.35000000000054,0.9655183406713199
4036,40.36000000000054,0.9655271571337979
4037,40.37000000000054,0.9655359718277144
4038,40.380000000000535,0.9655447847542393
4039,40.39000000000053,0.9655535959145487
4040,40.40000000000053,0.9655624053098231
4041,40.41000000000053,0.9655712129412487
4042,40.42000000000053,0.9655800188100171
4043,40.430000000000526,0.9655888229173256
4044,40.44000000000052,0.9655976252643765
4045,40.45000000000052,0.9656064258523791
4046,40.46000000000052,0.9656152246825466
4047,40.47000000000052,0.9656240217560988
4048,40.480000000000516,0.9656328170742611
4049,40.490000000000514,0.9656416106382639
4050,40.50000000000051,0.965650402449345
4051,40.51000000000051,0.9656591925087467
4052,40.52000000000051,0.9656679808177174
4053,40.530000000000506,0.9656767673775116
4054,40.540000000000504,0.9656855521893897
4055,40.5500000000005,0.9656943352546175
4056,40.5600000000005,0.9657031165744685
4057,40.5700000000005,0.9657118961502206
4058,40.580000000000496,0.9657206739831583
4059,40.590000000000494,0.9657294500745727
4060,40.60000000000049,0.9657382244257601
4061,40.61000000000049,0.9657469970380246
4062,40.62000000000049,0.9657557679126753
4063,40.630000000000486,0.965764537051028
4064,40.640000000000484,0.9657733044544051
4065,40.65000000000048,0.9657820701241353
4066,40.66000000000048,0.9657908340615529
4067,40.67000000000048,0.9657995962680008
4068,40.680000000000476,0.9658083567448266
4069,40.690000000000474,0.9658171154933852
4070,40.70000000000047,0.9658258725150379
4071,40.71000000000047,0.9658346278111526
4072,40.72000000000047,0.965843381383105
4073,40.730000000000466,0.9658521332322763
4074,40.740000000000464,0.965860883360055
4075,40.75000000000046,0.9658696317678366
4076,40.76000000000046,0.965878378457023
4077,40.77000000000046,0.9658871234290243
4078,40.780000000000456,0.9658958666852564
4079,40.790000000000454,0.9659046082271427
4080,40.80000000000045,0.9659133480561137
4081,40.81000000000045,0.9659220861736073
4082,40.82000000000045,0.9659308225810677
4083,40.830000000000446,0.965939557279948
4084,40.840000000000444,0.9659482902717073
4085,40.85000000000044,0.9659570215578124
4086,40.86000000000044,0.9659657511397375
4087,40.87000000000044,0.9659744790189639
4088,40.880000000000436,0.9659832051969818
4089,40.890000000000434,0.9659919296752875
4090,40.90000000000043,0.9660006524553854
4091,40.91000000000043,0.9660093735387874
4092,40.92000000000043,0.9660180929270133
4093,40.930000000000426,0.9660268106215905
4094,40.940000000000424,0.9660355266240549
4095,40.95000000000042,0.9660442409359493
4096,40.96000000000042,0.966052953558825
4097,40.97000000000042,0.966061664494241
4098,40.980000000000416,0.9660703737437639
4099,40.990000000000414,0.9660790813089699
4100,41.00000000000041,0.966087787191442
4101,41.01000000000041,0.9660964913927713
4102,41.02000000000041,0.9661051939145581
4103,41.030000000000406,0.9661138947584095
4104,41.040000000000404,0.9661225939259429
4105,41.0500000000004,0.9661312914187828
4106,41.0600000000004,0.9661399872385623
4107,41.0700000000004,0.9661486813869231
4108,41.080000000000396,0.9661573738655156
4109,41.090000000000394,0.966166064675998
4110,41.10000000000039,0.966174753820039
4111,41.11000000000039,0.9661834412993144
4112,41.12000000000039,0.9661921271155093
4113,41.130000000000386,0.9662008112703176
4114,41.140000000000384,0.9662094937654416
4115,41.15000000000038,0.9662181746025941
4116,41.16000000000038,0.9662268537834953
4117,41.17000000000038,0.966235531309875
4118,41.180000000000376,0.9662442071834725
4119,41.190000000000374,0.9662528814060355
4120,41.20000000000037,0.9662615539793212
4121,41.21000000000037,0.9662702249050972
4122,41.22000000000037,0.9662788941851389
4123,41.230000000000366,0.966287561821232
4124,41.240000000000364,0.9662962278151712
4125,41.25000000000036,0.9663048921687607
4126,41.26000000000036,0.9663135548838153
4127,41.27000000000036,0.9663222159621584
4128,41.280000000000356,0.9663308754056233
4129,41.290000000000354,0.9663395332160534
4130,41.30000000000035,0.9663481893953011
4131,41.31000000000035,0.9663568439452302
4132,41.32000000000035,0.9663654968677133
4133,41.33000000000035,0.9663741481646332
4134,41.340000000000344,0.966382797837883
4135,41.35000000000034,0.9663914458893657
4136,41.36000000000034,0.966400092320994
4137,41.37000000000034,0.9664087371346929
4138,41.38000000000034,0.9664173803323954
4139,41.390000000000335,0.9664260219160461
4140,41.40000000000033,0.9664346618875997
4141,41.41000000000033,0.9664433002490211
4142,41.42000000000033,0.966451937002287
4143,41.43000000000033,0.9664605721493835
4144,41.440000000000325,0.966469205692308
4145,41.45000000000032,0.9664778376330683
4146,41.46000000000032,0.9664864679736834
4147,41.47000000000032,0.9664950967161825
4148,41.48000000000032,0.9665037238626075
4149,41.490000000000315,0.9665123494150096
4150,41.50000000000031,0.9665209733754516
4151,41.51000000000031,0.9665295957460078
4152,41.52000000000031,0.9665382165287628
4153,41.53000000000031,0.9665468357258143
4154,41.540000000000305,0.96655545333927
4155,41.5500000000003,0.966564069371249
4156,41.5600000000003,0.9665726838238824
4157,41.5700000000003,0.9665812966993127
4158,41.5800000000003,0.9665899079996937
4159,41.590000000000295,0.9665985177271921
4160,41.60000000000029,0.9666071258839851
4161,41.61000000000029,0.9666157324722624
4162,41.62000000000029,0.9666243374942253
4163,41.63000000000029,0.9666329409520868
4164,41.640000000000285,0.9666415428480734
4165,41.65000000000028,0.9666501431844221
4166,41.66000000000028,0.966658741963383
4167,41.67000000000028,0.9666673391872179
4168,41.68000000000028,0.9666759348582011
4169,41.690000000000275,0.9666845289786203
4170,41.70000000000027,0.9666931215507745
4171,41.71000000000027,0.9667017125769755
4172,41.72000000000027,0.9667103020595478
4173,41.73000000000027,0.9667188900008289
4174,41.740000000000265,0.9667274764031683
4175,41.75000000000026,0.9667360612689297
4176,41.76000000000026,0.9667446446004888
4177,41.77000000000026,0.9667532264002341
4178,41.78000000000026,0.9667618066705678
4179,41.790000000000255,0.9667703854139043
4180,41.80000000000025,0.9667789626326729
4181,41.81000000000025,0.9667875383293147
4182,41.82000000000025,0.9667961125062847
4183,41.83000000000025,0.9668046851660513
4184,41.840000000000245,0.9668132563110965
4185,41.85000000000024,0.9668218259439152
4186,41.86000000000024,0.9668303940670178
4187,41.87000000000024,0.9668389606829266
4188,41.88000000000024,0.9668475257941785
4189,41.890000000000235,0.9668560894033242
4190,41.90000000000023,0.9668646515129281
4191,41.91000000000023,0.9668732121255696
4192,41.92000000000023,0.9668817712438413
4193,41.93000000000023,0.9668903288703505
4194,41.940000000000225,0.9668988850077184
4195,41.95000000000022,0.9669074396585804
4196,41.96000000000022,0.9669159928255878
4197,41.97000000000022,0.9669245445114049
4198,41.98000000000022,0.9669330947187111
4199,41.990000000000215,0.9669416434502005
4200,42.00000000000021,0.9669501907085822
4201,42.01000000000021,0.9669587364965793
4202,42.02000000000021,0.9669672808169315
4203,42.03000000000021,0.9669758236723921
4204,42.040000000000205,0.9669843650657298
4205,42.0500000000002,0.9669929049997289
4206,42.0600000000002,0.967001443477188
4207,42.0700000000002,0.9670099805009227
4208,42.0800000000002,0.9670185160737625
4209,42.090000000000195,0.9670270501985534
4210,42.10000000000019,0.967035582878156
4211,42.11000000000019,0.9670441141154477
4212,42.12000000000019,0.9670526439133204
4213,42.13000000000019,0.9670611722746835
4214,42.140000000000185,0.9670696992024609
4215,42.15000000000018,0.9670782246995933
4216,42.16000000000018,0.967086748769037
4217,42.17000000000018,0.9670952714137644
4218,42.18000000000018,0.9671037926367654
4219,42.190000000000175,0.9671123124410448
4220,42.20000000000017,0.9671208308296246
4221,42.21000000000017,0.9671293478055432
4222,42.22000000000017,0.9671378633718553
4223,42.23000000000017,0.9671463775316322
4224,42.240000000000165,0.9671548902879635
4225,42.25000000000016,0.967163401643954
4226,42.26000000000016,0.967171911602726
4227,42.27000000000016,0.9671804201674188
4228,42.28000000000016,0.9671889273411887
4229,42.290000000000155,0.9671974331272102
4230,42.30000000000015,0.9672059375286739
4231,42.31000000000015,0.9672144405487886
4232,42.32000000000015,0.96722294219078
4233,42.33000000000015,0.9672314424578914
4234,42.340000000000146,0.967239941353385
4235,42.35000000000014,0.9672484388805395
4236,42.36000000000014,0.9672569350426515
4237,42.37000000000014,0.9672654298430363
4238,42.38000000000014,0.9672739232850267
4239,42.390000000000136,0.9672824153719731
4240,42.400000000000134,0.9672909061072461
4241,42.41000000000013,0.9672993954942325
4242,42.42000000000013,0.9673078835363386
4243,42.43000000000013,0.9673163702369887
4244,42.440000000000126,0.9673248555996258
4245,42.450000000000124,0.9673333396277124
4246,42.46000000000012,0.9673418223247288
4247,42.47000000000012,0.9673503036941744
4248,42.48000000000012,0.9673587837395677
4249,42.490000000000116,0.9673672624644464
4250,42.500000000000114,0.9673757398723666
4251,42.51000000000011,0.9673842159669053
4252,42.52000000000011,0.9673926907516572
4253,42.53000000000011,0.9674011642302373
4254,42.540000000000106,0.9674096364062796
4255,42.550000000000104,0.9674181072834379
4256,42.5600000000001,0.9674265768653866
4257,42.5700000000001,0.9674350451558189
4258,42.5800000000001,0.9674435121584483
4259,42.590000000000096,0.967451977877008
4260,42.600000000000094,0.9674604423152514
4261,42.61000000000009,0.9674689054769531
4262,42.62000000000009,0.9674773673659068
4263,42.63000000000009,0.9674858279859272
4264,42.640000000000086,0.9674942873408492
4265,42.650000000000084,0.9675027454345285
4266,42.66000000000008,0.9675112022708411
4267,42.67000000000008,0.9675196578536851
4268,42.68000000000008,0.9675281121869781
4269,42.690000000000076,0.9675365652746593
4270,42.700000000000074,0.9675450171206889
4271,42.71000000000007,0.9675534677290478
4272,42.72000000000007,0.9675619171037397
4273,42.73000000000007,0.9675703652487884
4274,42.740000000000066,0.9675788121682395
4275,42.750000000000064,0.9675872578661603
4276,42.76000000000006,0.9675957023466397
4277,42.77000000000006,0.9676041456137883
4278,42.78000000000006,0.9676125876717394
4279,42.790000000000056,0.9676210285246476
4280,42.800000000000054,0.9676294681766896
4281,42.81000000000005,0.9676379066320645
4282,42.82000000000005,0.9676463438949933
4283,42.83000000000005,0.9676547799697206
4284,42.840000000000046,0.9676632148605127
4285,42.850000000000044,0.9676716485716582
4286,42.86000000000004,0.9676800811074691
4287,42.87000000000004,0.9676885124722795
4288,42.88000000000004,0.9676969426704478
4289,42.890000000000036,0.9677053717063542
4290,42.900000000000034,0.9677137995844024
4291,42.91000000000003,0.9677222263090195
4292,42.92000000000003,0.9677306518846558
4293,42.93000000000003,0.9677390763157847
4294,42.940000000000026,0.9677474996069046
4295,42.950000000000024,0.9677559217625363
4296,42.96000000000002,0.9677643427872246
4297,42.97000000000002,0.9677727626855381
4298,42.98000000000002,0.9677811814620696
4299,42.990000000000016,0.9677895991214365
4300,43.000000000000014,0.9677980156682797
4301,43.01000000000001,0.9678064311072648
4302,43.02000000000001,0.9678148454430814
4303,43.03000000000001,0.9678232586804442
4304,43.040000000000006,0.9678316708240917
4305,43.050000000000004,0.9678400818787887
4306,43.06,0.9678484918493233
4307,43.07,0.9678569007405095
4308,43.08,0.9678653085571858
4309,43.089999999999996,0.9678737153042157
4310,43.099999999999994,0.9678821209864896
4311,43.10999999999999,0.9678905256089214
4312,43.11999999999999,0.9678989291764516
4313,43.12999999999999,0.9679073316940457
4314,43.139999999999986,0.9679157331666955
4315,43.149999999999984,0.9679241335994179
4316,43.15999999999998,0.967932532997257
4317,43.16999999999998,0.9679409313652819
4318,43.17999999999998,0.9679493287085883
4319,43.189999999999976,0.9679577250322978
4320,43.199999999999974,0.9679661203415586
4321,43.20999999999997,0.9679745146415463
4322,43.21999999999997,0.9679829079374618
4323,43.22999999999997,0.9679913002345334
4324,43.23999999999997,0.967999691538016
4325,43.249999999999964,0.9680080818531912
4326,43.25999999999996,0.968016471185369
4327,43.26999999999996,0.9680248595398854
4328,43.27999999999996,0.9680332469221036
4329,43.28999999999996,0.9680416333374147
4330,43.299999999999955,0.9680500187912372
4331,43.30999999999995,0.9680584032890169
4332,43.31999999999995,0.9680667868362284
4333,43.32999999999995,0.9680751694383731
4334,43.33999999999995,0.9680835511009808
4335,43.349999999999945,0.9680919318296091
4336,43.35999999999994,0.9681003116298438
4337,43.36999999999994,0.9681086905073001
4338,43.37999999999994,0.9681170684676202
4339,43.38999999999994,0.9681254455164756
4340,43.399999999999935,0.9681338216595663
4341,43.40999999999993,0.968142196902621
4342,43.41999999999993,0.968150571251397
4343,43.42999999999993,0.9681589447116818
4344,43.43999999999993,0.968167317289291
4345,43.449999999999925,0.9681756889900693
4346,43.45999999999992,0.9681840598198914
4347,43.46999999999992,0.9681924297846607
4348,43.47999999999992,0.9682007988903114
4349,43.48999999999992,0.9682091671428065
4350,43.499999999999915,0.9682175345481387
4351,43.50999999999991,0.9682259011123313
4352,43.51999999999991,0.9682342668414367
4353,43.52999999999991,0.9682426317415388
4354,43.53999999999991,0.9682509958187508
4355,43.549999999999905,0.9682593590792166
4356,43.5599999999999,0.9682677215291104
4357,43.5699999999999,0.9682760831746373
4358,43.5799999999999,0.9682844440220327
4359,43.5899999999999,0.9682928040775641
4360,43.599999999999895,0.9683011633475287
4361,43.60999999999989,0.9683095218382551
4362,43.61999999999989,0.9683178795561035
4363,43.62999999999989,0.9683262365074647
4364,43.63999999999989,0.9683345926987623
4365,43.649999999999885,0.9683429481364504
4366,43.65999999999988,0.9683513028270149
4367,43.66999999999988,0.9683596567769737
4368,43.67999999999988,0.9683680099928765
4369,43.68999999999988,0.968376362481305
4370,43.699999999999875,0.968384714248874
4371,43.70999999999987,0.9683930653022292
4372,43.71999999999987,0.9684014156480496
4373,43.72999999999987,0.9684097652930463
4374,43.73999999999987,0.9684181142439628
4375,43.749999999999865,0.9684264625075767
4376,43.75999999999986,0.9684348100906971
4377,43.76999999999986,0.9684431570001665
4378,43.77999999999986,0.9684515032428607
4379,43.78999999999986,0.9684598488256886
4380,43.799999999999855,0.9684681937555919
4381,43.80999999999985,0.9684765380395474
4382,43.81999999999985,0.9684848816845639
4383,43.82999999999985,0.9684932246976846
4384,43.83999999999985,0.9685015670859864
4385,43.849999999999845,0.9685099088565798
4386,43.85999999999984,0.9685182500166106
4387,43.86999999999984,0.9685265905732575
4388,43.87999999999984,0.968534930533734
4389,43.88999999999984,0.9685432699052879
4390,43.899999999999835,0.9685516086952015
4391,43.90999999999983,0.9685599469107925
4392,43.91999999999983,0.9685682845594127
4393,43.92999999999983,0.9685766216484487
4394,43.93999999999983,0.9685849581853226
4395,43.949999999999825,0.9685932941774915
4396,43.95999999999982,0.9686016296324471
4397,43.96999999999982,0.9686099645577181
4398,43.97999999999982,0.9686182989608673
4399,43.98999999999982,0.9686266328494937
4400,43.999999999999815,0.9686349662312317
4401,44.00999999999981,0.9686432991137516
4402,44.01999999999981,0.9686516315047606
4403,44.02999999999981,0.9686599634120011
4404,44.03999999999981,0.9686682948432519
4405,44.049999999999805,0.9686766258063281
4406,44.0599999999998,0.9686849563090816
4407,44.0699999999998,0.9686932863594001
4408,44.0799999999998,0.9687016159652095
4409,44.0899999999998,0.9687099451344714
4410,44.099999999999795,0.9687182738751845
4411,44.10999999999979,0.9687266021953845
4412,44.11999999999979,0.9687349301031444
4413,44.12999999999979,0.9687432576065752
4414,44.13999999999979,0.9687515847138245
4415,44.149999999999785,0.9687599114330775
4416,44.15999999999978,0.9687682377725574
4417,44.16999999999978,0.9687765637405246
4418,44.17999999999978,0.9687848893452787
4419,44.18999999999978,0.9687932145951562
4420,44.199999999999775,0.968801539498532
4421,44.20999999999977,0.9688098640638193
4422,44.21999999999977,0.9688181882994698
4423,44.22999999999977,0.9688265122139732
4424,44.23999999999977,0.9688348358158592
4425,44.249999999999766,0.9688431591136948
4426,44.25999999999976,0.9688514821160865
4427,44.26999999999976,0.9688598048316798
4428,44.27999999999976,0.9688681272691585
4429,44.28999999999976,0.9688764494372473
4430,44.299999999999756,0.968884771344709
4431,44.309999999999754,0.968893093000346
4432,44.31999999999975,0.9689014144130004
4433,44.32999999999975,0.9689097355915541
4434,44.33999999999975,0.9689180565449284
4435,44.349999999999746,0.9689263772820855
4436,44.359999999999744,0.968934697812027
4437,44.36999999999974,0.9689430181437944
4438,44.37999999999974,0.9689513382864698
4439,44.38999999999974,0.9689596582491756
4440,44.399999999999736,0.9689679780410755
4441,44.409999999999734,0.9689762976713728
4442,44.41999999999973,0.968984617149312
4443,44.42999999999973,0.9689929364841784
4444,44.43999999999973,0.9690012556852979
4445,44.449999999999726,0.969009574762039
4446,44.459999999999724,0.9690178937238098
4447,44.46999999999972,0.9690262125800603
4448,44.47999999999972,0.9690345313402821
4449,44.48999999999972,0.9690428500140084
4450,44.499999999999716,0.9690511686108133
4451,44.509999999999714,0.9690594871403144
4452,44.51999999999971,0.96906780561217
4453,44.52999999999971,0.9690761240360803
4454,44.53999999999971,0.9690844424217884
4455,44.549999999999706,0.9690927607790786
4456,44.559999999999704,0.9691010791177794
4457,44.5699999999997,0.9691093974477601
4458,44.5799999999997,0.9691177157789335
4459,44.5899999999997,0.9691260341212545
4460,44.599999999999696,0.9691343524847217
4461,44.609999999999694,0.9691426708793753
4462,44.61999999999969,0.9691509893153006
4463,44.62999999999969,0.9691593078026246
4464,44.63999999999969,0.9691676263515178
4465,44.649999999999686,0.9691759449721944
4466,44.659999999999684,0.9691842636749114
4467,44.66999999999968,0.9691925824699712
4468,44.67999999999968,0.9692009013677182
4469,44.68999999999968,0.9692092203785415
4470,44.699999999999676,0.9692175395128738
4471,44.709999999999674,0.9692258587811922
4472,44.71999999999967,0.9692341781940174
4473,44.72999999999967,0.9692424977619156
4474,44.73999999999967,0.9692508174954967
4475,44.749999999999666,0.9692591374054148
4476,44.759999999999664,0.9692674575023693
4477,44.76999999999966,0.9692757777971034
4478,44.77999999999966,0.9692840983004068
4479,44.78999999999966,0.9692924190231129
4480,44.799999999999656,0.9693007399761006
4481,44.809999999999654,0.9693090611702936
4482,44.81999999999965,0.969317382616661
4483,44.82999999999965,0.9693257043262183
4484,44.83999999999965,0.9693340263100256
4485,44.849999999999646,0.9693423485791886
4486,44.859999999999644,0.9693506711448588
4487,44.86999999999964,0.969358994018234
4488,44.87999999999964,0.969367317210557
4489,44.88999999999964,0.9693756407331183
4490,44.899999999999636,0.9693839645972531
4491,44.909999999999634,0.9693922888143433
4492,44.91999999999963,0.9694006133958172
4493,44.92999999999963,0.9694089383531492
4494,44.93999999999963,0.9694172636978617
4495,44.949999999999626,0.9694255894415222
4496,44.959999999999624,0.9694339155957457
4497,44.96999999999962,0.9694422421721938
4498,44.97999999999962,0.9694505691825754
4499,44.98999999999962,0.969458896638646
4500,44.999999999999616,0.9694672245522097
4501,45.009999999999614,0.9694755529351162
4502,45.01999999999961,0.9694838817992636
4503,45.02999999999961,0.9694922111565971
4504,45.03999999999961,0.9695005410191094
4505,45.049999999999606,0.9695088713988419
4506,45.059999999999604,0.9695172023078829
4507,45.0699999999996,0.9695255337583685
4508,45.0799999999996,0.9695338657624835
4509,45.0899999999996,0.9695421983324598
4510,45.099999999999596,0.9695505314805791
4511,45.109999999999594,0.9695588652191701
4512,45.11999999999959,0.9695671995606104
4513,45.12999999999959,0.9695755345173259
4514,45.13999999999959,0.9695838701017914
4515,45.14999999999959,0.9695922063265295
4516,45.159999999999584,0.9696005432041135
4517,45.16999999999958,0.9696088807471639
4518,45.17999999999958,0.9696172189683506
4519,45.18999999999958,0.9696255578803928
4520,45.19999999999958,0.9696338974960584
4521,45.209999999999575,0.9696422378281658
4522,45.21999999999957,0.9696505788895814
4523,45.22999999999957,0.9696589206932217
4524,45.23999999999957,0.9696672632520525
4525,45.24999999999957,0.9696756065790895
4526,45.259999999999565,0.9696839506873974
4527,45.26999999999956,0.9696922955900925
4528,45.27999999999956,0.9697006413003391
4529,45.28999999999956,0.9697089878313524
4530,45.29999999999956,0.9697173351963975
4531,45.309999999999555,0.9697256834087893
4532,45.31999999999955,0.9697340324818943
4533,45.32999999999955,0.969742382429128
4534,45.33999999999955,0.9697507332639567
4535,45.34999999999955,0.9697590849998975
4536,45.359999999999545,0.9697674376505178
4537,45.36999999999954,0.9697757912294355
4538,45.37999999999954,0.9697841457503205
4539,45.38999999999954,0.9697925012268922
4540,45.39999999999954,0.9698008576729215
4541,45.409999999999535,0.9698092151022303
4542,45.41999999999953,0.9698175735286912
4543,45.42999999999953,0.9698259329662293
4544,45.43999999999953,0.9698342934288197
4545,45.44999999999953,0.9698426549304892
4546,45.459999999999525,0.9698510174853161
4547,45.46999999999952,0.9698593811074299
4548,45.47999999999952,0.9698677458110128
4549,45.48999999999952,0.9698761116102976
4550,45.49999999999952,0.969884478519569
4551,45.509999999999515,0.969892846553164
4552,45.51999999999951,0.969901215725471
4553,45.52999999999951,0.9699095860509305
4554,45.53999999999951,0.9699179575440355
4555,45.54999999999951,0.969926330219331
4556,45.559999999999505,0.9699347040914135
4557,45.5699999999995,0.9699430791749326
4558,45.5799999999995,0.9699514554845896
4559,45.5899999999995,0.9699598330351393
4560,45.5999999999995,0.9699682118413879
4561,45.609999999999495,0.9699765919181946
4562,45.61999999999949,0.9699849732804714
4563,45.62999999999949,0.9699933559431825
4564,45.63999999999949,0.9700017399213449
4565,45.64999999999949,0.9700101252300296
4566,45.659999999999485,0.9700185118843593
4567,45.66999999999948,0.97002689989951
4568,45.67999999999948,0.9700352892907107
4569,45.68999999999948,0.9700436800732433
4570,45.69999999999948,0.9700520722624438
4571,45.709999999999475,0.9700604658737007
4572,45.71999999999947,0.9700688609224555
4573,45.72999999999947,0.9700772574242037
4574,45.73999999999947,0.9700856553944935
4575,45.74999999999947,0.970094054848928
4576,45.759999999999465,0.9701024558031623
4577,45.76999999999946,0.9701108582729059
4578,45.77999999999946,0.9701192622739216
4579,45.78999999999946,0.9701276678220262
4580,45.79999999999946,0.9701360749330896
4581,45.809999999999455,0.970144483623037
4582,45.81999999999945,0.9701528939078461
4583,45.82999999999945,0.970161305803549
4584,45.83999999999945,0.9701697193262317
4585,45.84999999999945,0.9701781344920342
4586,45.859999999999445,0.9701865513171513
4587,45.86999999999944,0.970194969817831
4588,45.87999999999944,0.9702033900103759
4589,45.88999999999944,0.9702118119111428
4590,45.89999999999944,0.9702202355365429
4591,45.909999999999435,0.970228660903041
4592,45.91999999999943,0.9702370880271579
4593,45.92999999999943,0.9702455169254676
4594,45.93999999999943,0.9702539476145985
4595,45.94999999999943,0.9702623801112341
4596,45.959999999999425,0.9702708144321118
4597,45.96999999999942,0.9702792505940249
4598,45.97999999999942,0.97028768861382
4599,45.98999999999942,0.9702961285083989
4600,45.99999999999942,0.970304570294718
4601,46.009999999999415,0.9703130139897888
4602,46.01999999999941,0.9703214596106768
4603,46.02999999999941,0.9703299071745038
4604,46.03999999999941,0.9703383566984454
4605,46.04999999999941,0.970346808199732
4606,46.059999999999405,0.9703552616956493
4607,46.0699999999994,0.9703637172035379
4608,46.0799999999994,0.9703721747407941
4609,46.0899999999994,0.9703806343248681
4610,46.0999999999994,0.9703890959732657
4611,46.109999999999395,0.9703975597035481
4612,46.11999999999939,0.9704060255333307
4613,46.12999999999939,0.9704144934802855
4614,46.13999999999939,0.9704229635621386
4615,46.14999999999939,0.9704314357966717
4616,46.159999999999386,0.9704399102017214
4617,46.16999999999938,0.9704483867951801
4618,46.17999999999938,0.9704568655949947
4619,46.18999999999938,0.9704653466191687
4620,46.19999999999938,0.9704738298857599
4621,46.209999999999376,0.9704823154128815
4622,46.219999999999374,0.9704908032187025
4623,46.22999999999937,0.9704992933214466
4624,46.23999999999937,0.970507785739394
4625,46.24999999999937,0.9705162804908796
4626,46.259999999999366,0.9705247775942937
4627,46.269999999999364,0.970533277068082
4628,46.27999999999936,0.9705417789307462
4629,46.28999999999936,0.9705502832008425
4630,46.29999999999936,0.9705587898969841
4631,46.309999999999356,0.9705672990378383
4632,46.319999999999354,0.9705758106421286
4633,46.32999999999935,0.9705843247286338
4634,46.33999999999935,0.9705928413161875
4635,46.34999999999935,0.9706013604236808
4636,46.359999999999346,0.9706098820700585
4637,46.369999999999344,0.9706184062743216
4638,46.37999999999934,0.9706269330555264
4639,46.38999999999934,0.9706354624327846
4640,46.39999999999934,0.9706439944252647
4641,46.409999999999336,0.9706525290521891
4642,46.419999999999334,0.9706610663328366
4643,46.42999999999933,0.9706696062865411
4644,46.43999999999933,0.9706781489326924
4645,46.44999999999933,0.9706866942907353
4646,46.459999999999326,0.9706952423801712
4647,46.469999999999324,0.970703793220556
4648,46.47999999999932,0.9707123468315013
4649,46.48999999999932,0.9707209032326742
4650,46.49999999999932,0.9707294624437971
4651,46.509999999999316,0.9707380244846489
4652,46.519999999999314,0.9707465893750625
4653,46.52999999999931,0.9707551571349272
4654,46.53999999999931,0.9707637277841873
4655,46.54999999999931,0.9707723013428425
4656,46.559999999999306,0.9707808778309478
4657,46.569999999999304,0.9707894572686144
4658,46.5799999999993,0.9707980396760079
4659,46.5899999999993,0.9708066250733495
4660,46.5999999999993,0.9708152134809156
4661,46.609999999999296,0.9708238049190377
4662,46.619999999999294,0.9708323994081038
4663,46.62999999999929,0.9708409969685556
4664,46.63999999999929,0.9708495976208906
4665,46.64999999999929,0.9708582013856615
4666,46.659999999999286,0.9708668082834756
4667,46.669999999999284,0.9708754183349966
4668,46.67999999999928,0.9708840315609419
4669,46.68999999999928,0.9708926479820849
4670,46.69999999999928,0.9709012676192532
4671,46.709999999999276,0.9709098904933301
4672,46.719999999999274,0.9709185166252527
4673,46.72999999999927,0.9709271460360149
4674,46.73999999999927,0.9709357787466639
4675,46.74999999999927,0.9709444147783022
4676,46.759999999999266,0.9709530541520869
4677,46.769999999999264,0.9709616968892295
4678,46.77999999999926,0.9709703430109975
4679,46.78999999999926,0.9709789925387119
4680,46.79999999999926,0.9709876454937483
4681,46.809999999999256,0.9709963018975373
4682,46.819999999999254,0.9710049617715636
4683,46.82999999999925,0.9710136251373662
4684,46.83999999999925,0.9710222920165396
4685,46.84999999999925,0.9710309624307314
4686,46.859999999999246,0.9710396364016437
4687,46.869999999999244,0.9710483139510333
4688,46.87999999999924,0.9710569951007103
4689,46.88999999999924,0.9710656798725403
4690,46.89999999999924,0.9710743682884416
4691,46.909999999999236,0.9710830603703872
4692,46.919999999999234,0.9710917561404034
4693,46.92999999999923,0.9711004556205711
4694,46.93999999999923,0.9711091588330241
4695,46.94999999999923,0.9711178657999512
4696,46.959999999999226,0.9711265765435936
4697,46.969999999999224,0.9711352910862465
4698,46.97999999999922,0.9711440094502589
4699,46.98999999999922,0.9711527316580324
4700,46.99999999999922,0.9711614577320233
4701,47.009999999999216,0.9711701876947402
4702,47.019999999999214,0.9711789215687449
4703,47.02999999999921,0.9711876593766526
4704,47.03999999999921,0.9711964011411311
4705,47.04999999999921,0.9712051468849026
4706,47.05999999999921,0.9712138966307403
4707,47.069999999999204,0.9712226504014714
4708,47.0799999999992,0.9712314082199751
4709,47.0899999999992,0.971240170109184
4710,47.0999999999992,0.971248936092082
4711,47.1099999999992,0.9712577061917071
4712,47.119999999999195,0.9712664804311488
4713,47.12999999999919,0.9712752588335485
4714,47.13999999999919,0.9712840414221002
4715,47.14999999999919,0.9712928282200497
4716,47.15999999999919,0.9713016192506956
4717,47.169999999999185,0.9713104145373875
4718,47.17999999999918,0.9713192141035271
4719,47.18999999999918,0.9713280179725675
4720,47.19999999999918,0.9713368261680139
4721,47.20999999999918,0.9713456387134222
4722,47.219999999999175,0.9713544556324009
4723,47.22999999999917,0.9713632769486087
4724,47.23999999999917,0.9713721026857557
4725,47.24999999999917,0.9713809328676032
4726,47.25999999999917,0.9713897675179629
4727,47.269999999999165,0.9713986066606987
4728,47.27999999999916,0.9714074503197236
4729,47.28999999999916,0.9714162985190022
4730,47.29999999999916,0.971425151282549
4731,47.30999999999916,0.9714340086344287
4732,47.319999999999155,0.9714428705987577
4733,47.32999999999915,0.9714517371997007
4734,47.33999999999915,0.9714606084614733
4735,47.34999999999915,0.9714694844083407
4736,47.35999999999915,0.971478365064618
4737,47.369999999999145,0.9714872504546695
4738,47.37999999999914,0.9714961406029101
4739,47.38999999999914,0.9715050355338027
4740,47.39999999999914,0.9715139352718603
4741,47.40999999999914,0.9715228398416443
4742,47.419999999999135,0.9715317492677654
4743,47.42999999999913,0.9715406635748838
4744,47.43999999999913,0.9715495827877073
4745,47.44999999999913,0.9715585069309927
4746,47.45999999999913,0.9715674360295451
4747,47.469999999999125,0.9715763701082178
4748,47.47999999999912,0.9715853091919122
4749,47.48999999999912,0.9715942533055785
4750,47.49999999999912,0.9716032024742134
4751,47.50999999999912,0.9716121567228619
4752,47.519999999999115,0.9716211160766166
4753,47.52999999999911,0.9716300805606168
4754,47.53999999999911,0.9716390502000506
4755,47.54999999999911,0.9716480250201514
4756,47.55999999999911,0.9716570050462002
4757,47.569999999999105,0.971665990303525
4758,47.5799999999991,0.9716749808174999
4759,47.5899999999991,0.9716839766135453
4760,47.5999999999991,0.9716929777171289
4761,47.6099999999991,0.9717019841537635
4762,47.619999999999095,0.9717109959490081
4763,47.62999999999909,0.9717200131284675
4764,47.63999999999909,0.9717290357177915
4765,47.64999999999909,0.9717380637426767
4766,47.65999999999909,0.9717470972288639
4767,47.669999999999085,0.9717561362021389
4768,47.67999999999908,0.971765180688333
4769,47.68999999999908,0.9717742307133211
4770,47.69999999999908,0.9717832863030247
4771,47.70999999999908,0.9717923474834076
4772,47.719999999999075,0.9718014142804788
4773,47.72999999999907,0.9718104867202911
4774,47.73999999999907,0.971819564828941
4775,47.74999999999907,0.9718286486325682
4776,47.75999999999907,0.9718377381573574
4777,47.769999999999065,0.9718468334295349
4778,47.77999999999906,0.9718559344753707
4779,47.78999999999906,0.9718650413211776
4780,47.79999999999906,0.9718741539933105
4781,47.80999999999906,0.9718832725181683
4782,47.819999999999055,0.9718923969221909
4783,47.82999999999905,0.9719015272318604
4784,47.83999999999905,0.971910663473701
4785,47.84999999999905,0.9719198056742786
4786,47.85999999999905,0.9719289538602
4787,47.869999999999045,0.9719381080581144
4788,47.87999999999904,0.9719472682947113
4789,47.88999999999904,0.971956434596721
4790,47.89999999999904,0.9719656069909145
4791,47.90999999999904,0.9719747855041029
4792,47.919999999999035,0.9719839701631386
4793,47.92999999999903,0.9719931609949133
4794,47.93999999999903,0.9720023580263579
4795,47.94999999999903,0.9720115612844438
4796,47.95999999999903,0.9720207707961807
4797,47.969999999999025,0.9720299865886189
4798,47.97999999999902,0.9720392086888464
4799,47.98999999999902,0.9720484371239902
4800,47.99999999999902,0.9720576719212157
4801,48.00999999999902,0.9720669131077265
4802,48.019999999999015,0.9720761607107637
4803,48.02999999999901,0.9720854147576079
4804,48.03999999999901,0.972094675275575
4805,48.04999999999901,0.9721039422920196
4806,48.05999999999901,0.9721132158343325
4807,48.069999999999006,0.9721224959299416
4808,48.079999999999,0.9721317826063121
4809,48.089999999999,0.9721410758909445
4810,48.099999999999,0.9721503758113755
4811,48.109999999999,0.9721596823951782
4812,48.119999999998996,0.972168995669961
4813,48.129999999998994,0.9721783156633668
4814,48.13999999999899,0.9721876424030755
4815,48.14999999999899,0.9721969759168002
4816,48.15999999999899,0.972206316232289
4817,48.169999999998986,0.9722156633773247
4818,48.179999999998984,0.9722250173797231
4819,48.18999999999898,0.9722343782673357
4820,48.19999999999898,0.972243746068046
4821,48.20999999999898,0.9722531208097712
4822,48.219999999998976,0.9722625025204616
4823,48.229999999998974,0.9722718912280999
4824,48.23999999999897,0.9722812869607023
4825,48.24999999999897,0.9722906897463163
4826,48.25999999999897,0.9723000996130216
4827,48.269999999998966,0.9723095165889296
4828,48.279999999998964,0.9723189407021833
4829,48.28999999999896,0.972328371980956
4830,48.29999999999896,0.9723378104534537
4831,48.30999999999896,0.9723472561479112
4832,48.319999999998956,0.9723567090925944
4833,48.329999999998954,0.972366169315799
4834,48.33999999999895,0.9723756368458502
4835,48.34999999999895,0.9723851117111039
4836,48.35999999999895,0.9723945939399437
4837,48.369999999998946,0.9724040835607827
4838,48.379999999998944,0.9724135806020627
4839,48.38999999999894,0.9724230850922537
4840,48.39999999999894,0.9724325970598534
4841,48.40999999999894,0.9724421165333881
4842,48.419999999998936,0.9724516435414107
4843,48.429999999998934,0.9724611781125015
4844,48.43999999999893,0.9724707202752678
4845,48.44999999999893,0.9724802700583427
4846,48.45999999999893,0.9724898274903869
4847,48.469999999998926,0.972499392600086
4848,48.479999999998924,0.9725089654161514
4849,48.48999999999892,0.9725185459673199
4850,48.49999999999892,0.9725281342823533
4851,48.50999999999892,0.9725377303900378
4852,48.519999999998916,0.972547334319185
4853,48.529999999998914,0.9725569460986295
4854,48.53999999999891,0.9725665657572302
4855,48.54999999999891,0.972576193323869
4856,48.55999999999891,0.9725858288274511
4857,48.569999999998906,0.9725954722969052
4858,48.579999999998904,0.9726051237611817
4859,48.5899999999989,0.9726147832492533
4860,48.5999999999989,0.9726244507901147
4861,48.6099999999989,0.9726341264127816
4862,48.619999999998896,0.972643810146292
4863,48.629999999998894,0.9726535020197039
4864,48.63999999999889,0.9726632020620959
4865,48.64999999999889,0.972672910302567
4866,48.65999999999889,0.972682626770236
4867,48.669999999998886,0.9726923514942407
4868,48.679999999998884,0.9727020845037395
4869,48.68999999999888,0.9727118258279083
4870,48.69999999999888,0.9727215754959421
4871,48.70999999999888,0.9727313335370538
4872,48.719999999998876,0.972741099980474
4873,48.729999999998874,0.9727508748554518
4874,48.73999999999887,0.9727606581912523
4875,48.74999999999887,0.9727704500171579
4876,48.75999999999887,0.9727802503624672
4877,48.769999999998866,0.9727900592564951
4878,48.779999999998864,0.9727998767285718
4879,48.78999999999886,0.972809702808044
4880,48.79999999999886,0.9728195375242723
4881,48.80999999999886,0.9728293809066325
4882,48.819999999998856,0.9728392329845144
4883,48.829999999998854,0.9728490937873217
4884,48.83999999999885,0.9728589633444724
4885,48.84999999999885,0.9728688416853973
4886,48.85999999999885,0.9728787288395397
4887,48.869999999998846,0.972888624836356
4888,48.879999999998844,0.9728985297053139
4889,48.88999999999884,0.9729084434758942
4890,48.89999999999884,0.972918366177588
4891,48.90999999999884,0.9729282978398978
4892,48.919999999998836,0.9729382384923365
4893,48.929999999998834,0.9729481881644276
4894,48.93999999999883,0.972958146885704
4895,48.94999999999883,0.9729681146857092
4896,48.95999999999883,0.9729780915939948
4897,48.96999999999883,0.9729880776401215
4898,48.979999999998824,0.9729980728536584
4899,48.98999999999882,0.9730080772641819
4900,48.99999999999882,0.9730180909012778
4901,49.00999999999882,0.9730281137945374
4902,49.01999999999882,0.9730381459735594
4903,49.029999999998815,0.9730481874679491
4904,49.03999999999881,0.9730582383073176
4905,49.04999999999881,0.9730682985212815
4906,49.05999999999881,0.9730783681394637
4907,49.06999999999881,0.9730884471914908
4908,49.079999999998805,0.9730985357069942
4909,49.0899999999988,0.9731086337156096
4910,49.0999999999988,0.973118741246976
4911,49.1099999999988,0.9731288583307363
4912,49.1199999999988,0.9731389849965358
4913,49.129999999998795,0.9731491212740224
4914,49.13999999999879,0.9731592671928458
4915,49.14999999999879,0.9731694227826578
4916,49.15999999999879,0.9731795880731109
4917,49.16999999999879,0.9731897630938593
4918,49.179999999998785,0.9731999478745569
4919,49.18999999999878,0.9732101424448578
4920,49.19999999999878,0.9732203468344157
4921,49.20999999999878,0.9732305610728833
4922,49.21999999999878,0.9732407851899129
4923,49.229999999998775,0.9732510192151541
4924,49.23999999999877,0.9732612631782551
4925,49.24999999999877,0.9732715171088613
4926,49.25999999999877,0.973281781036615
4927,49.26999999999877,0.9732920549911561
4928,49.279999999998765,0.9733023390021199
4929,49.28999999999876,0.9733126330991377
4930,49.29999999999876,0.9733229373118363
4931,49.30999999999876,0.9733332516698373
4932,49.31999999999876,0.9733435762027567
4933,49.329999999998755,0.9733539109402054
4934,49.33999999999875,0.9733642559117873
4935,49.34999999999875,0.9733746111470997
4936,49.35999999999875,0.9733849766757325
4937,49.36999999999875,0.9733953525272679
4938,49.379999999998745,0.9734057387312811
4939,49.38999999999874,0.9734161353173375
4940,49.39999999999874,0.9734265423149941
4941,49.40999999999874,0.9734369597537986
4942,49.41999999999874,0.9734473876632886
4943,49.429999999998735,0.9734578260729914
4944,49.43999999999873,0.9734682750124243
4945,49.44999999999873,0.9734787345110926
4946,49.45999999999873,0.9734892045984903
4947,49.46999999999873,0.9734996853040994
4948,49.479999999998725,0.973510176657389
4949,49.48999999999872,0.9735206786878163
4950,49.49999999999872,0.973531191424824
4951,49.50999999999872,0.9735417148978414
4952,49.51999999999872,0.9735522491362834
4953,49.529999999998715,0.9735627941695497
4954,49.53999999999871,0.9735733500270262
4955,49.54999999999871,0.9735839167380814
4956,49.55999999999871,0.9735944943320689
4957,49.56999999999871,0.9736050828383248
4958,49.579999999998705,0.9736156822861688
4959,49.5899999999987,0.9736262927049024
4960,49.5999999999987,0.9736369141238103
4961,49.6099999999987,0.9736475465721575
4962,49.6199999999987,0.9736581900791907
4963,49.629999999998695,0.9736688446741372
4964,49.63999999999869,0.9736795103862038
4965,49.64999999999869,0.9736901872445783
4966,49.65999999999869,0.9737008752784267
4967,49.66999999999869,0.973711574516894
4968,49.679999999998685,0.9737222849891034
4969,49.68999999999868,0.9737330067241559
4970,49.69999999999868,0.9737437397511295
4971,49.70999999999868,0.9737544840990804
4972,49.71999999999868,0.9737652397970396
4973,49.729999999998675,0.9737760068740146
4974,49.73999999999867,0.9737867853589884
4975,49.74999999999867,0.9737975752809186
4976,49.75999999999867,0.9738083766687382
4977,49.76999999999867,0.9738191895513529
4978,49.779999999998665,0.9738300139576429
4979,49.78999999999866,0.9738408499164606
4980,49.79999999999866,0.9738516974566316
4981,49.80999999999866,0.9738625566069529
4982,49.81999999999866,0.973873427396194
4983,49.829999999998655,0.9738843098530947
4984,49.83999999999865,0.9738952040063656
4985,49.84999999999865,0.9739061098846874
4986,49.85999999999865,0.9739170275167099
4987,49.86999999999865,0.9739279569310534
4988,49.879999999998645,0.9739388981563055
4989,49.88999999999864,0.9739498512210225
4990,49.89999999999864,0.9739608161537281
4991,49.90999999999864,0.9739717929829129
4992,49.91999999999864,0.9739827817370355
4993,49.929999999998635,0.973993782444519
4994,49.93999999999863,0.9740047951337528
4995,49.94999999999863,0.9740158198330918
4996,49.95999999999863,0.9740268565708552
4997,49.96999999999863,0.9740379053753259
4998,49.979999999998626,0.9740489662747518
4999,49.98999999999862,0.9740600392973429
5000,49.99999999999862,0.9740711244712721
5001,50.00999999999862,0.9740822218246744
5002,50.01999999999862,0.9740933313856462
5003,50.029999999998616,0.9741044531822464
5004,50.039999999998614,0.9741155872424929
5005,50.04999999999861,0.9741267335943646
5006,50.05999999999861,0.9741378922657999
5007,50.06999999999861,0.9741490632846961
5008,50.079999999998606,0.9741602466789091
5009,50.089999999998604,0.9741714424762539
5010,50.0999999999986,0.9741826507045018
5011,50.1099999999986,0.974193871391382
5012,50.1199999999986,0.9742051045645801
5013,50.129999999998596,0.9742163502517371
5014,50.139999999998594,0.9742276084804512
5015,50.14999999999859,0.9742388792782742
5016,50.15999999999859,0.974250162672713
5017,50.16999999999859,0.9742614586912284
5018,50.179999999998586,0.9742727673612345
5019,50.189999999998584,0.9742840887100992
5020,50.19999999999858,0.9742954227651422
5021,50.20999999999858,0.9743067695536354
5022,50.21999999999858,0.974318129102802
5023,50.229999999998576,0.9743295014398164
5024,50.239999999998574,0.9743408865918028
5025,50.24999999999857,0.9743522845858367
5026,50.25999999999857,0.9743636954489414
5027,50.26999999999857,0.9743751192080902
5028,50.279999999998566,0.974386555890204
5029,50.289999999998564,0.9743980055221515
5030,50.29999999999856,0.97440946813075
5031,50.30999999999856,0.9744209437427622
5032,50.31999999999856,0.9744324323848976
5033,50.329999999998556,0.9744439340838112
5034,50.339999999998554,0.9744554488661036
5035,50.34999999999855,0.9744669767583195
5036,50.35999999999855,0.9744785177869488
5037,50.36999999999855,0.9744900719784244
5038,50.379999999998546,0.974501639359122
5039,50.389999999998544,0.9745132199553608
5040,50.39999999999854,0.9745248137934007
5041,50.40999999999854,0.9745364208994451
5042,50.41999999999854,0.9745480412996371
5043,50.429999999998536,0.9745596750200605
5044,50.439999999998534,0.9745713220867391
5045,50.44999999999853,0.974582982525636
5046,50.45999999999853,0.9745946563626542
5047,50.46999999999853,0.974606343623634
5048,50.479999999998526,0.974618044334354
5049,50.489999999998524,0.9746297585205301
5050,50.49999999999852,0.9746414862078151
5051,50.50999999999852,0.9746532274217976
5052,50.51999999999852,0.9746649821880032
5053,50.529999999998516,0.9746767505318915
5054,50.539999999998514,0.9746885324788575
5055,50.54999999999851,0.9747003280542298
5056,50.55999999999851,0.9747121372832708
5057,50.56999999999851,0.9747239601911769
5058,50.579999999998506,0.9747357968030761
5059,50.589999999998504,0.9747476471440287
5060,50.5999999999985,0.9747595112390267
5061,50.6099999999985,0.9747713891129929
5062,50.6199999999985,0.9747832807907804
5063,50.629999999998496,0.9747951862971732
5064,50.639999999998494,0.9748071056568837
5065,50.64999999999849,0.9748190388945535
5066,50.65999999999849,0.9748309860347525
5067,50.66999999999849,0.9748429471019783
5068,50.679999999998486,0.9748549221206565
5069,50.689999999998484,0.9748669111151387
5070,50.69999999999848,0.974878914109703
5071,50.70999999999848,0.974890931128553
5072,50.71999999999848,0.9749029621958177
5073,50.729999999998476,0.9749150073355504
5074,50.739999999998474,0.9749270665717295
5075,50.74999999999847,0.9749391399282556
5076,50.75999999999847,0.9749512274289533
5077,50.76999999999847,0.9749633290975693
5078,50.779999999998466,0.9749754449577721
5079,50.789999999998464,0.9749875750331525
5080,50.79999999999846,0.9749997193472213
5081,50.80999999999846,0.97501187792341
5082,50.81999999999846,0.9750240507850702
5083,50.829999999998456,0.975036237955472
5084,50.839999999998454,0.975048439457806
5085,50.84999999999845,0.9750606553151792
5086,50.85999999999845,0.9750728855506174
5087,50.86999999999845,0.9750851301870632
5088,50.87999999999845,0.9750973892473762
5089,50.889999999998444,0.9751096627543313
5090,50.89999999999844,0.9751219507306207
5091,50.90999999999844,0.97513425319885
5092,50.91999999999844,0.9751465701815404
5093,50.92999999999844,0.9751589017011265
5094,50.939999999998435,0.9751712477799563
5095,50.94999999999843,0.9751836084402921
5096,50.95999999999843,0.975195983704307
5097,50.96999999999843,0.9752083735940869
5098,50.97999999999843,0.9752207781316289
5099,50.989999999998425,0.9752331973388408
5100,50.99999999999842,0.9752456312375408
5101,51.00999999999842,0.9752580798494577
5102,51.01999999999842,0.9752705431962283
5103,51.02999999999842,0.9752830212993989
5104,51.039999999998415,0.975295514180424
5105,51.04999999999841,0.9753080218606652
5106,51.05999999999841,0.9753205443613927
5107,51.06999999999841,0.975333081703782
5108,51.07999999999841,0.975345633908915
5109,51.089999999998405,0.9753582009977797
5110,51.0999999999984,0.9753707829912684
5111,51.1099999999984,0.9753833799101792
5112,51.1199999999984,0.9753959917752132
5113,51.1299999999984,0.9754086186069754
5114,51.139999999998395,0.9754212604259734
5115,51.14999999999839,0.9754339172526181
5116,51.15999999999839,0.9754465891072213
5117,51.16999999999839,0.9754592760099975
5118,51.17999999999839,0.9754719779810611
5119,51.189999999998385,0.9754846950404275
5120,51.19999999999838,0.9754974272080115
5121,51.20999999999838,0.9755101745036272
5122,51.21999999999838,0.9755229369469887
5123,51.22999999999838,0.9755357145577073
5124,51.239999999998375,0.9755485073552922
5125,51.24999999999837,0.9755613153591504
5126,51.25999999999837,0.9755741385885853
5127,51.26999999999837,0.9755869770627964
5128,51.27999999999837,0.9755998308008801
5129,51.289999999998365,0.9756126998218267
5130,51.29999999999836,0.975625584144522
5131,51.30999999999836,0.9756384837877456
5132,51.31999999999836,0.9756513987701709
5133,51.32999999999836,0.9756643291103653
5134,51.339999999998355,0.9756772748267878
5135,51.34999999999835,0.9756902359377901
5136,51.35999999999835,0.9757032124616155
5137,51.36999999999835,0.9757162044163987
5138,51.37999999999835,0.9757292118201645
5139,51.389999999998345,0.9757422346908289
5140,51.39999999999834,0.9757552730461965
5141,51.40999999999834,0.9757683269039616
5142,51.41999999999834,0.9757813962817072
5143,51.42999999999834,0.9757944811969038
5144,51.439999999998335,0.975807581666911
5145,51.44999999999833,0.975820697708974
5146,51.45999999999833,0.9758338293402254
5147,51.46999999999833,0.975846976577684
5148,51.47999999999833,0.9758601394382539
5149,51.489999999998325,0.975873317938725
5150,51.49999999999832,0.9758865120957713
5151,51.50999999999832,0.9758997219259511
5152,51.51999999999832,0.9759129474457066
5153,51.52999999999832,0.9759261886713628
5154,51.539999999998315,0.9759394456191276
5155,51.54999999999831,0.9759527183050917
5156,51.55999999999831,0.9759660067452266
5157,51.56999999999831,0.9759793109553856
5158,51.57999999999831,0.9759926309513023
5159,51.589999999998305,0.9760059667485907
5160,51.5999999999983,0.9760193183627455
5161,51.6099999999983,0.9760326858091394
5162,51.6199999999983,0.9760460691030244
5163,51.6299999999983,0.9760594682595308
5164,51.639999999998295,0.976072883293667
5165,51.64999999999829,0.9760863142203182
5166,51.65999999999829,0.9760997610542473
5167,51.66999999999829,0.9761132238100931
5168,51.67999999999829,0.9761267025023702
5169,51.689999999998285,0.9761401971454691
5170,51.69999999999828,0.9761537077536544
5171,51.70999999999828,0.9761672343410668
5172,51.71999999999828,0.9761807769217197
5173,51.72999999999828,0.9761943355095004
5174,51.739999999998275,0.9762079101181695
5175,51.74999999999827,0.9762215007613598
5176,51.75999999999827,0.9762351074525772
5177,51.76999999999827,0.9762487302051985
5178,51.77999999999827,0.9762623690324718
5179,51.789999999998265,0.9762760239475161
5180,51.79999999999826,0.9762896949633209
5181,51.80999999999826,0.9763033820927449
5182,51.81999999999826,0.9763170853485176
5183,51.82999999999826,0.976330804743236
5184,51.839999999998255,0.9763445402893661
5185,51.84999999999825,0.9763582919992423
5186,51.85999999999825,0.9763720598850656
5187,51.86999999999825,0.9763858439589055
5188,51.87999999999825,0.9763996442326972
5189,51.889999999998246,0.9764134607182423
5190,51.89999999999824,0.9764272934272084
5191,51.90999999999824,0.9764411423711281
5192,51.91999999999824,0.9764550075613989
5193,51.92999999999824,0.9764688890092836
5194,51.939999999998236,0.976482786725908
5195,51.949999999998234,0.9764967007222618
5196,51.95999999999823,0.9765106310091979
5197,51.96999999999823,0.9765245775974314
5198,51.97999999999823,0.9765385404975407
5199,51.989999999998226,0.9765525197199655
5200,51.999999999998224,0.9765665152750063
5201,52.00999999999822,0.9765805271728253
5202,52.01999999999822,0.9765945554234446
5203,52.02999999999822,0.9766086000367477
5204,52.039999999998216,0.9766226610224762
5205,52.049999999998214,0.9766367383902319
5206,52.05999999999821,0.976650832149475
5207,52.06999999999821,0.9766649423095243
5208,52.07999999999821,0.9766790688795562
5209,52.089999999998206,0.9766932118686059
5210,52.099999999998204,0.9767073712855644
5211,52.1099999999982,0.9767215471391799
5212,52.1199999999982,0.976735739438057
5213,52.1299999999982,0.976749948190656
5214,52.139999999998196,0.9767641734052933
5215,52.149999999998194,0.9767784150901399
5216,52.15999999999819,0.9767926732532213
5217,52.16999999999819,0.9768069479024178
5218,52.17999999999819,0.9768212390454634
5219,52.189999999998186,0.9768355466899451
5220,52.199999999998184,0.9768498708433041
5221,52.20999999999818,0.9768642115128335
5222,52.21999999999818,0.9768785687056788
5223,52.22999999999818,0.9768929424288373
5224,52.239999999998176,0.9769073326891577
5225,52.249999999998174,0.9769217394933408
5226,52.25999999999817,0.9769361628479372
5227,52.26999999999817,0.9769506027593479
5228,52.27999999999817,0.9769650592338242
5229,52.289999999998166,0.9769795322774667
5230,52.299999999998164,0.9769940218962252
5231,52.30999999999816,0.9770085280958989
5232,52.31999999999816,0.9770230508821349
5233,52.32999999999816,0.9770375902604285
5234,52.339999999998156,0.9770521462361227
5235,52.349999999998154,0.9770667188144074
5236,52.35999999999815,0.9770813080003207
5237,52.36999999999815,0.9770959137987462
5238,52.37999999999815,0.977110536214414
5239,52.389999999998146,0.9771251752519001
5240,52.399999999998144,0.9771398309156258
5241,52.40999999999814,0.9771545032098585
5242,52.41999999999814,0.9771691921387093
5243,52.42999999999814,0.9771838977061342
5244,52.439999999998136,0.9771986199159332
5245,52.449999999998134,0.9772133587717501
5246,52.45999999999813,0.9772281142770717
5247,52.46999999999813,0.977242886435229
5248,52.47999999999813,0.9772576752493947
5249,52.489999999998126,0.9772724807225838
5250,52.499999999998124,0.9772873028576539
5251,52.50999999999812,0.9773021416573036
5252,52.51999999999812,0.9773169971240738
5253,52.52999999999812,0.9773318692603458
5254,52.539999999998116,0.9773467580683416
5255,52.549999999998114,0.9773616635501235
5256,52.55999999999811,0.9773765857075942
5257,52.56999999999811,0.9773915245424956
5258,52.57999999999811,0.9774064800564095
5259,52.589999999998106,0.9774214522507566
5260,52.599999999998104,0.9774364411267963
5261,52.6099999999981,0.9774514466856261
5262,52.6199999999981,0.977466468928182
5263,52.6299999999981,0.9774815078552381
5264,52.639999999998096,0.9774965634674054
5265,52.649999999998094,0.9775116357651326
5266,52.65999999999809,0.9775267247487047
5267,52.66999999999809,0.9775418304182435
5268,52.67999999999809,0.9775569527737078
5269,52.689999999998086,0.9775720918148915
5270,52.699999999998084,0.9775872475414245
5271,52.70999999999808,0.9776024199527721
5272,52.71999999999808,0.9776176090482348
5273,52.72999999999808,0.9776328148269474
5274,52.739999999998076,0.9776480372878805
5275,52.749999999998074,0.9776632764298377
5276,52.75999999999807,0.9776785322514573
5277,52.76999999999807,0.9776938047512107
5278,52.77999999999807,0.9777090939274028
5279,52.78999999999807,0.9777243997781727
5280,52.799999999998064,0.9777397223014912
5281,52.80999999999806,0.977755061495162
5282,52.81999999999806,0.9777704173568214
5283,52.82999999999806,0.9777857898839375
5284,52.83999999999806,0.97780117907381
5285,52.849999999998055,0.9778165849235713
5286,52.85999999999805,0.9778320074301838
5287,52.86999999999805,0.9778474465904416
5288,52.87999999999805,0.9778629024009695
5289,52.88999999999805,0.9778783748582223
5290,52.899999999998045,0.9778938639584862
5291,52.90999999999804,0.9779093696978768
5292,52.91999999999804,0.9779248920723395
5293,52.92999999999804,0.9779404310776493
5294,52.93999999999804,0.9779559867094105
5295,52.949999999998035,0.9779715589630565
5296,52.95999999999803,0.9779871478338503
5297,52.96999999999803,0.9780027533168826
5298,52.97999999999803,0.9780183754070728
5299,52.98999999999803,0.9780340140991687
5300,52.999999999998025,0.9780496693877454
5301,53.00999999999802,0.9780653412672072
5302,53.01999999999802,0.9780810297317846
5303,53.02999999999802,0.9780967347755359
5304,53.03999999999802,0.9781124563923466
5305,53.049999999998015,0.9781281945759285
5306,53.05999999999801,0.9781439493198215
5307,53.06999999999801,0.9781597206173906
5308,53.07999999999801,0.9781755084618278
5309,53.08999999999801,0.978191312846151
5310,53.099999999998005,0.9782071337632041
5311,53.109999999998,0.9782229712056563
5312,53.119999999998,0.9782388251660034
5313,53.129999999998,0.9782546956365655
5314,53.139999999998,0.9782705826094884
5315,53.149999999997995,0.9782864860767425
5316,53.15999999999799,0.9783024060301231
5317,53.16999999999799,0.9783183424612507
5318,53.17999999999799,0.9783342953615696
5319,53.18999999999799,0.9783502647223485
5320,53.199999999997985,0.9783662505346804
5321,53.20999999999798,0.9783822527894822
5322,53.21999999999798,0.9783982714774941
5323,53.22999999999798,0.9784143065892811
5324,53.23999999999798,0.9784303581152306
5325,53.249999999997975,0.9784464260455538
5326,53.25999999999797,0.9784625103702846
5327,53.26999999999797,0.9784786110792805
5328,53.27999999999797,0.9784947281622218
5329,53.28999999999797,0.9785108616086113
5330,53.299999999997965,0.9785270114077744
5331,53.30999999999796,0.9785431775488591
5332,53.31999999999796,0.9785593600208353
5333,53.32999999999796,0.9785755588124961
5334,53.33999999999796,0.9785917739124558
5335,53.349999999997955,0.9786080053091506
5336,53.35999999999795,0.978624252990839
5337,53.36999999999795,0.978640516945601
5338,53.37999999999795,0.9786567971613376
5339,53.38999999999795,0.9786730936257726
5340,53.399999999997945,0.97868940632645
5341,53.40999999999794,0.9787057352507353
5342,53.41999999999794,0.9787220803858155
5343,53.42999999999794,0.9787384417186981
5344,53.43999999999794,0.9787548192362121
5345,53.449999999997935,0.9787712129250069
5346,53.45999999999793,0.978787622771553
5347,53.46999999999793,0.9788040487621411
5348,53.47999999999793,0.9788204908828828
5349,53.48999999999793,0.9788369491197098
5350,53.499999999997925,0.9788534234583751
5351,53.50999999999792,0.9788699138844512
5352,53.51999999999792,0.9788864203833311
5353,53.52999999999792,0.9789029429402276
5354,53.53999999999792,0.978919481540174
5355,53.549999999997915,0.978936036168024
5356,53.55999999999791,0.9789526068084505
5357,53.56999999999791,0.9789691934459467
5358,53.57999999999791,0.9789857960648254
5359,53.58999999999791,0.9790024146492194
5360,53.599999999997905,0.9790190491830811
5361,53.6099999999979,0.9790356996501831
5362,53.6199999999979,0.9790523660341168
5363,53.6299999999979,0.9790690483182938
5364,53.6399999999979,0.9790857464859449
5365,53.649999999997895,0.9791024605201204
5366,53.65999999999789,0.9791191904036907
5367,53.66999999999789,0.9791359361193449
5368,53.67999999999789,0.9791526976495918
5369,53.68999999999789,0.9791694749767597
5370,53.699999999997885,0.9791862680829958
5371,53.70999999999788,0.9792030769502675
5372,53.71999999999788,0.9792199015603609
5373,53.72999999999788,0.9792367418948813
5374,53.73999999999788,0.9792535979352538
5375,53.749999999997875,0.9792704696627225
5376,53.75999999999787,0.9792873570583503
5377,53.76999999999787,0.9793042601030207
5378,53.77999999999787,0.9793211787774355
5379,53.78999999999787,0.9793381130621158
5380,53.799999999997866,0.9793550629374024
5381,53.80999999999786,0.9793720283834546
5382,53.81999999999786,0.9793890093802525
5383,53.82999999999786,0.9794060059075942
5384,53.83999999999786,0.9794230179450977
5385,53.849999999997856,0.9794400454722003
5386,53.859999999997854,0.9794570884681586
5387,53.86999999999785,0.9794741469120485
5388,53.87999999999785,0.9794912207827662
5389,53.88999999999785,0.9795083100590264
5390,53.899999999997846,0.9795254147193637
5391,53.909999999997844,0.9795425347421325
5392,53.91999999999784,0.979559670105506
5393,53.92999999999784,0.9795768207874785
5394,53.93999999999784,0.9795939867658628
5395,53.949999999997836,0.979611168018292
5396,53.959999999997834,0.9796283645222185
5397,53.96999999999783,0.979645576254915
5398,53.97999999999783,0.9796628031934744
5399,53.98999999999783,0.9796800453148092
5400,53.999999999997826,0.9796973025956519
5401,54.009999999997824,0.9797145750125555
5402,54.01999999999782,0.9797318625418928
5403,54.02999999999782,0.979749165159857
5404,54.03999999999782,0.9797664828424623
5405,54.049999999997816,0.9797838155655425
5406,54.059999999997814,0.9798011633047524
5407,54.06999999999781,0.9798185260355672
5408,54.07999999999781,0.9798359037332827
5409,54.08999999999781,0.9798532963730164
5410,54.099999999997806,0.9798707039297057
5411,54.109999999997804,0.9798881263781095
5412,54.1199999999978,0.9799055636928077
5413,54.1299999999978,0.9799230158482013
5414,54.1399999999978,0.9799404828185128
5415,54.149999999997796,0.9799579645777865
5416,54.159999999997794,0.9799754610998878
5417,54.16999999999779,0.9799929723585038
5418,54.17999999999779,0.9800104983271437
5419,54.18999999999779,0.980028038979138
5420,54.199999999997786,0.9800455942876405
5421,54.209999999997784,0.9800631642256261
5422,54.21999999999778,0.9800807487658924
5423,54.22999999999778,0.9800983478810594
5424,54.23999999999778,0.9801159615435696
5425,54.249999999997776,0.9801335897256891
5426,54.259999999997774,0.9801512323995059
5427,54.26999999999777,0.9801688895369314
5428,54.27999999999777,0.9801865611097003
5429,54.28999999999777,0.9802042470893706
5430,54.299999999997766,0.9802219474473236
5431,54.309999999997764,0.980239662154765
5432,54.31999999999776,0.9802573911827238
5433,54.32999999999776,0.980275134502053
5434,54.33999999999776,0.98029289208343
5435,54.349999999997756,0.9803106638973561
5436,54.359999999997754,0.9803284499141582
5437,54.36999999999775,0.9803462501039872
5438,54.37999999999775,0.9803640644368189
5439,54.38999999999775,0.9803818928824543
5440,54.399999999997746,0.9803997354105197
5441,54.409999999997744,0.9804175919904667
5442,54.41999999999774,0.9804354625915735
5443,54.42999999999774,0.9804533471829431
5444,54.43999999999774,0.9804712457335049
5445,54.449999999997736,0.9804891582120147
5446,54.459999999997734,0.9805070845870547
5447,54.46999999999773,0.9805250248270343
5448,54.47999999999773,0.9805429789001892
5449,54.48999999999773,0.9805609467745825
5450,54.499999999997726,0.9805789284181048
5451,54.509999999997724,0.9805969237984739
5452,54.51999999999772,0.9806149328832354
5453,54.52999999999772,0.980632955639764
5454,54.53999999999772,0.9806509920352615
5455,54.549999999997716,0.9806690420367588
5456,54.559999999997714,0.9806871056111149
5457,54.56999999999771,0.9807051827250186
5458,54.57999999999771,0.9807232733449878
5459,54.58999999999771,0.9807413774373696
5460,54.599999999997706,0.9807594949683408
5461,54.609999999997704,0.9807776259039086
5462,54.6199999999977,0.9807957702099098
5463,54.6299999999977,0.9808139278520127
5464,54.6399999999977,0.9808320987957154
5465,54.649999999997696,0.9808502830063478
5466,54.659999999997694,0.9808684804490704
5467,54.66999999999769,0.9808866910888758
5468,54.67999999999769,0.9809049148905881
5469,54.68999999999769,0.9809231518188641
5470,54.69999999999769,0.9809414018381926
5471,54.709999999997684,0.9809596649128949
5472,54.71999999999768,0.9809779410071258
5473,54.72999999999768,0.9809962300848727
5474,54.73999999999768,0.9810145321099577
5475,54.74999999999768,0.9810328470460355
5476,54.759999999997675,0.9810511748565958
5477,54.76999999999767,0.9810695155049624
5478,54.77999999999767,0.9810878689542938
5479,54.78999999999767,0.9811062351675836
5480,54.79999999999767,0.9811246141076614
5481,54.809999999997665,0.9811430057371918
5482,54.81999999999766,0.9811614100186756
5483,54.82999999999766,0.9811798269144499
5484,54.83999999999766,0.9811982563866883
5485,54.84999999999766,0.9812166983974023
5486,54.859999999997655,0.9812351529084394
5487,54.86999999999765,0.9812536198814856
5488,54.87999999999765,0.9812720992780645
5489,54.88999999999765,0.9812905910595378
5490,54.89999999999765,0.9813090951871067
5491,54.909999999997645,0.9813276116218108
5492,54.91999999999764,0.9813461403245289
5493,54.92999999999764,0.9813646812559796
5494,54.93999999999764,0.9813832343767218
5495,54.94999999999764,0.9814017996471541
5496,54.959999999997635,0.9814203770275169
5497,54.96999999999763,0.9814389664778911
5498,54.97999999999763,0.9814575679581987
5499,54.98999999999763,0.981476181428204
5500,54.99999999999763,0.9814948068475132
5501,55.009999999997625,0.9815134441755758
5502,55.01999999999762,0.9815320933716835
5503,55.02999999999762,0.9815507543949712
5504,55.03999999999762,0.981569427204418
5505,55.04999999999762,0.9815881117588469
5506,55.059999999997615,0.9816068080169248
5507,55.06999999999761,0.9816255159371646
5508,55.07999999999761,0.9816442354779237
5509,55.08999999999761,0.981662966597405
5510,55.09999999999761,0.9816817092536576
5511,55.109999999997605,0.9817004634045768
5512,55.1199999999976,0.9817192290079056
5513,55.1299999999976,0.9817380060212332
5514,55.1399999999976,0.9817567944019967
5515,55.1499999999976,0.9817755941074815
5516,55.159999999997595,0.9817944050948211
5517,55.16999999999759,0.9818132273209979
5518,55.17999999999759,0.9818320607428441
5519,55.18999999999759,0.9818509053170411
5520,55.19999999999759,0.9818697610001204
5521,55.209999999997585,0.981888627748464
5522,55.21999999999758,0.9819075055183051
5523,55.22999999999758,0.9819263942657284
5524,55.23999999999758,0.9819452939466702
5525,55.24999999999758,0.981964204516919
5526,55.259999999997575,0.9819831259321163
5527,55.26999999999757,0.9820020581477561
5528,55.27999999999757,0.982021001119187
5529,55.28999999999757,0.9820399548016109
5530,55.29999999999757,0.9820589191500841
5531,55.309999999997565,0.9820778941195185
5532,55.31999999999756,0.9820968796646807
5533,55.32999999999756,0.9821158757401933
5534,55.33999999999756,0.9821348823005357
5535,55.34999999999756,0.9821538993000435
5536,55.359999999997555,0.9821729266929096
5537,55.36999999999755,0.9821919644331848
5538,55.37999999999755,0.9822110124747777
5539,55.38999999999755,0.9822300707714562
5540,55.39999999999755,0.9822491392768467
5541,55.409999999997545,0.9822682179444352
5542,55.41999999999754,0.982287306727568
5543,55.42999999999754,0.982306405579452
5544,55.43999999999754,0.9823255144531546
5545,55.44999999999754,0.9823446333016056
5546,55.459999999997535,0.9823637620775961
5547,55.46999999999753,0.9823829007337797
5548,55.47999999999753,0.9824020492226733
5549,55.48999999999753,0.9824212074966567
5550,55.49999999999753,0.9824403755079749
5551,55.509999999997525,0.982459553208736
5552,55.51999999999752,0.9824787405509139
5553,55.52999999999752,0.9824979374863476
5554,55.53999999999752,0.9825171439667422
5555,55.54999999999752,0.9825363599436694
5556,55.559999999997515,0.982555585368568
5557,55.56999999999751,0.982574820192744
5558,55.57999999999751,0.9825940643673716
5559,55.58999999999751,0.9826133178434936
5560,55.59999999999751,0.9826325805720216
5561,55.609999999997505,0.9826518525037378
5562,55.6199999999975,0.9826711335892931
5563,55.6299999999975,0.9826904237792102
5564,55.6399999999975,0.9827097230238825
5565,55.6499999999975,0.9827290312735748
5566,55.659999999997495,0.9827483484784252
5567,55.66999999999749,0.9827676745884436
5568,55.67999999999749,0.9827870095535138
5569,55.68999999999749,0.9828063533233931
5570,55.69999999999749,0.9828257058477136
5571,55.709999999997486,0.9828450670759817
5572,55.71999999999748,0.9828644369575805
5573,55.72999999999748,0.9828838154417683
5574,55.73999999999748,0.9829032024776801
5575,55.74999999999748,0.9829225980143282
5576,55.759999999997476,0.9829420020006026
5577,55.769999999997474,0.9829614143852718
5578,55.77999999999747,0.9829808351169831
5579,55.78999999999747,0.9830002641442628
5580,55.79999999999747,0.9830197014155178
5581,55.809999999997466,0.9830391468790348
5582,55.819999999997464,0.9830586004829827
5583,55.82999999999746,0.9830780621754113
5584,55.83999999999746,0.9830975319042528
5585,55.84999999999746,0.9831170096173222
5586,55.859999999997456,0.9831364952623183
5587,55.869999999997454,0.9831559887868233
5588,55.87999999999745,0.9831754901383047
5589,55.88999999999745,0.9831949992641148
5590,55.89999999999745,0.9832145161114916
5591,55.909999999997446,0.9832340406275595
5592,55.919999999997444,0.9832535727593296
5593,55.92999999999744,0.9832731124537012
5594,55.93999999999744,0.9832926596574613
5595,55.94999999999744,0.9833122143172854
5596,55.959999999997436,0.9833317763797388
5597,55.969999999997434,0.9833513457912764
5598,55.97999999999743,0.9833709224982432
5599,55.98999999999743,0.9833905064468765
5600,55.99999999999743,0.9834100975833046
5601,56.009999999997426,0.9834296958535478
5602,56.019999999997424,0.9834493012035198
5603,56.02999999999742,0.9834689135790278
5604,56.03999999999742,0.9834885329257733
5605,56.04999999999742,0.9835081591893524
5606,56.059999999997416,0.9835277923152566
5607,56.069999999997414,0.9835474322488733
5608,56.07999999999741,0.9835670789354868
5609,56.08999999999741,0.9835867323202782
5610,56.09999999999741,0.9836063923483274
5611,56.109999999997406,0.9836260589646119
5612,56.119999999997404,0.9836457321140086
5613,56.1299999999974,0.9836654117412944
5614,56.1399999999974,0.983685097791146
5615,56.1499999999974,0.9837047902081422
5616,56.159999999997396,0.9837244889367622
5617,56.169999999997394,0.9837441939213885
5618,56.17999999999739,0.9837639051063057
5619,56.18999999999739,0.9837836224357025
5620,56.19999999999739,0.9838033458536719
5621,56.209999999997386,0.9838230753042115
5622,56.219999999997384,0.9838428107312243
5623,56.22999999999738,0.9838625520785196
5624,56.23999999999738,0.9838822992898134
5625,56.24999999999738,0.983902052308729
5626,56.259999999997376,0.9839218110787984
5627,56.269999999997374,0.9839415755434617
5628,56.27999999999737,0.9839613456460686
5629,56.28999999999737,0.9839811213298789
5630,56.29999999999737,0.9840009025380626
5631,56.309999999997366,0.984020689213702
5632,56.319999999997364,0.9840404812997907
5633,56.32999999999736,0.9840602787392352
5634,56.33999999999736,0.9840800814748552
5635,56.34999999999736,0.9840998894493844
5636,56.359999999997356,0.9841197026054713
5637,56.369999999997354,0.9841395208856798
5638,56.37999999999735,0.9841593442324897
5639,56.38999999999735,0.9841791725882973
5640,56.39999999999735,0.9841990058954163
5641,56.409999999997346,0.9842188440960784
5642,56.419999999997344,0.9842386871324343
5643,56.42999999999734,0.9842585349465538
5644,56.43999999999734,0.9842783874804264
5645,56.44999999999734,0.9842982446759628
5646,56.459999999997336,0.9843181064749947
5647,56.469999999997334,0.9843379728192764
5648,56.47999999999733,0.9843578436504843
5649,56.48999999999733,0.9843777189102185
5650,56.49999999999733,0.9843975985400034
5651,56.509999999997326,0.9844174824812878
5652,56.519999999997324,0.9844373706754459
5653,56.52999999999732,0.9844572630637789
5654,56.53999999999732,0.9844771595875139
5655,56.54999999999732,0.984497060187806
5656,56.559999999997316,0.9845169648057384
5657,56.569999999997314,0.9845368733823229
5658,56.57999999999731,0.9845567858585017
5659,56.58999999999731,0.9845767021751466
5660,56.59999999999731,0.9845966222730607
5661,56.60999999999731,0.9846165460929786
5662,56.619999999997304,0.9846364735755673
5663,56.6299999999973,0.984656404661427
5664,56.6399999999973,0.9846763392910919
5665,56.6499999999973,0.9846962774050303
5666,56.6599999999973,0.9847162189436457
5667,56.669999999997295,0.9847361638472777
5668,56.67999999999729,0.9847561120562021
5669,56.68999999999729,0.9847760635106325
5670,56.69999999999729,0.9847960181507204
5671,56.70999999999729,0.9848159759165556
5672,56.719999999997285,0.9848359367481675
5673,56.72999999999728,0.9848559005855257
5674,56.73999999999728,0.9848758673685404
5675,56.74999999999728,0.9848958370370638
5676,56.75999999999728,0.9849158095308901
5677,56.769999999997275,0.984935784789756
5678,56.77999999999727,0.9849557627533423
5679,56.78999999999727,0.984975743361274
5680,56.79999999999727,0.9849957265531216
5681,56.80999999999727,0.985015712268401
5682,56.819999999997265,0.9850357004465745
5683,56.82999999999726,0.9850556910270518
5684,56.83999999999726,0.9850756839491904
5685,56.84999999999726,0.9850956791522971
5686,56.85999999999726,0.9851156765756272
5687,56.869999999997255,0.9851356761583865
5688,56.87999999999725,0.9851556778397316
5689,56.88999999999725,0.9851756815587706
5690,56.89999999999725,0.9851956872545635
5691,56.90999999999725,0.9852156948661244
5692,56.919999999997245,0.9852357043324198
5693,56.92999999999724,0.9852557155923712
5694,56.93999999999724,0.9852757285848553
5695,56.94999999999724,0.9852957432487042
5696,56.95999999999724,0.9853157595227073
5697,56.969999999997235,0.985335777345611
5698,56.97999999999723,0.9853557966561192
5699,56.98999999999723,0.9853758173928953
5700,56.99999999999723,0.9853958394945619
5701,57.00999999999723,0.9854158628997016
5702,57.019999999997225,0.9854358875468585
5703,57.02999999999722,0.985455913374538
5704,57.03999999999722,0.9854759403212077
5705,57.04999999999722,0.9854959683252986
5706,57.05999999999722,0.9855159973252053
5707,57.069999999997215,0.9855360272592877
5708,57.07999999999721,0.9855560580658701
5709,57.08999999999721,0.9855760896832434
5710,57.09999999999721,0.9855961220496648
5711,57.10999999999721,0.9856161551033595
5712,57.119999999997205,0.9856361887825208
5713,57.1299999999972,0.9856562230253109
5714,57.1399999999972,0.9856762577698615
5715,57.1499999999972,0.9856962929542751
5716,57.1599999999972,0.9857163285166249
5717,57.169999999997195,0.9857363643949564
5718,57.17999999999719,0.9857564005272877
5719,57.18999999999719,0.9857764368516102
5720,57.19999999999719,0.9857964733058893
5721,57.20999999999719,0.985816509828065
5722,57.219999999997185,0.9858365463560531
5723,57.22999999999718,0.9858565828277462
5724,57.23999999999718,0.9858766191810132
5725,57.24999999999718,0.985896655353701
5726,57.25999999999718,0.9859166912836348
5727,57.269999999997175,0.9859367269086194
5728,57.27999999999717,0.9859567621664393
5729,57.28999999999717,0.9859767969948601
5730,57.29999999999717,0.9859968313316282
5731,57.30999999999717,0.9860168651144725
5732,57.319999999997165,0.986036898281105
5733,57.32999999999716,0.9860569307692207
5734,57.33999999999716,0.9860769625165001
5735,57.34999999999716,0.9860969934606076
5736,57.35999999999716,0.9861170235391942
5737,57.369999999997155,0.986137052689897
5738,57.37999999999715,0.9861570808503407
5739,57.38999999999715,0.9861771079581382
5740,57.39999999999715,0.9861971339508909
5741,57.40999999999715,0.9862171587661899
5742,57.419999999997145,0.9862371823416162
5743,57.42999999999714,0.9862572046147421
5744,57.43999999999714,0.9862772255231316
5745,57.44999999999714,0.9862972450043412
5746,57.45999999999714,0.9863172629959205
5747,57.469999999997135,0.986337279435413
5748,57.47999999999713,0.9863572942603569
5749,57.48999999999713,0.9863773074082857
5750,57.49999999999713,0.9863973188167292
5751,57.50999999999713,0.9864173284232141
5752,57.519999999997125,0.9864373361652643
5753,57.52999999999712,0.9864573419804025
5754,57.53999999999712,0.9864773458061501
5755,57.54999999999712,0.9864973475800283
5756,57.55999999999712,0.9865173472395594
5757,57.569999999997115,0.9865373447222662
5758,57.57999999999711,0.9865573399656739
5759,57.58999999999711,0.9865773329073102
5760,57.59999999999711,0.9865973234847063
5761,57.60999999999711,0.986617311635398
5762,57.619999999997106,0.9866372972969254
5763,57.6299999999971,0.9866572804068345
5764,57.6399999999971,0.9866772609026775
5765,57.6499999999971,0.9866972387220143
5766,57.6599999999971,0.9867172138024115
5767,57.669999999997096,0.9867371860814457
5768,57.679999999997094,0.9867571554967011
5769,57.68999999999709,0.9867771219857734
5770,57.69999999999709,0.9867970854862687
5771,57.70999999999709,0.9868170459358035
5772,57.719999999997086,0.9868370032720081
5773,57.729999999997084,0.9868569574325242
5774,57.73999999999708,0.9868769083550081
5775,57.74999999999708,0.9868968559771306
5776,57.75999999999708,0.9869168002365765
5777,57.769999999997076,0.9869367410710477
5778,57.779999999997074,0.9869566784182613
5779,57.78999999999707,0.9869766122159527
5780,57.79999999999707,0.9869965424018754
5781,57.80999999999707,0.9870164689138002
5782,57.819999999997066,0.9870363916895192
5783,57.829999999997064,0.9870563106668426
5784,57.83999999999706,0.9870762257836035
5785,57.84999999999706,0.9870961369776549
5786,57.85999999999706,0.9871160441868728
5787,57.869999999997056,0.9871359473491568
5788,57.879999999997054,0.9871558464024287
5789,57.88999999999705,0.9871757412846364
5790,57.89999999999705,0.9871956319337513
5791,57.90999999999705,0.9872155182877719
5792,57.919999999997046,0.9872354002847233
5793,57.929999999997044,0.9872552778626568
5794,57.93999999999704,0.9872751509596529
5795,57.94999999999704,0.9872950195138197
5796,57.95999999999704,0.9873148834632955
5797,57.969999999997036,0.987334742746249
5798,57.979999999997034,0.9873545973008783
5799,57.98999999999703,0.9873744470654148
5800,57.99999999999703,0.9873942919781206
5801,58.00999999999703,0.9874141319772918
5802,58.019999999997026,0.9874339670012581
5803,58.029999999997024,0.9874537969883825
5804,58.03999999999702,0.9874736218770648
5805,58.04999999999702,0.9874934416057387
5806,58.05999999999702,0.9875132561128755
5807,58.069999999997016,0.9875330653369839
5808,58.079999999997014,0.9875528692166092
5809,58.08999999999701,0.9875726676903368
5810,58.09999999999701,0.9875924606967899
5811,58.10999999999701,0.9876122481746328
5812,58.119999999997006,0.9876320300625694
5813,58.129999999997004,0.9876518062993458
5814,58.139999999997,0.9876715768237504
5815,58.149999999997,0.9876913415746128
5816,58.159999999997,0.9877111004908077
5817,58.169999999996996,0.9877308535112526
5818,58.179999999996994,0.9877506005749106
5819,58.18999999999699,0.9877703416207905
5820,58.19999999999699,0.9877900765879458
5821,58.20999999999699,0.9878098054154789
5822,58.219999999996986,0.9878295280425378
5823,58.229999999996984,0.9878492444083199
5824,58.23999999999698,0.9878689544520716
5825,58.24999999999698,0.9878886581130876
5826,58.25999999999698,0.9879083553307146
5827,58.269999999996976,0.9879280460443486
5828,58.279999999996974,0.9879477301934381
5829,58.28999999999697,0.9879674077174843
5830,58.29999999999697,0.98798707855604
5831,58.30999999999697,0.988006742648713
5832,58.319999999996966,0.9880263999351642
5833,58.329999999996964,0.9880460503551105
5834,58.33999999999696,0.9880656938483242
5835,58.34999999999696,0.9880853303546332
5836,58.35999999999696,0.9881049598139234
5837,58.369999999996956,0.9881245821661373
5838,58.379999999996954,0.9881441973512768
5839,58.38999999999695,0.9881638053094016
5840,58.39999999999695,0.9881834059806319
5841,58.40999999999695,0.9882029993051484
5842,58.419999999996946,0.9882225852231914
5843,58.429999999996944,0.9882421636750643
5844,58.43999999999694,0.9882617346011315
5845,58.44999999999694,0.9882812979418213
5846,58.45999999999694,0.9883008536376254
5847,58.469999999996936,0.988320401629099
5848,58.479999999996934,0.988339941856863
5849,58.48999999999693,0.988359474261603
5850,58.49999999999693,0.9883789987840715
5851,58.50999999999693,0.9883985153650878
5852,58.51999999999693,0.9884180239455378
5853,58.529999999996924,0.9884375244663766
5854,58.53999999999692,0.9884570168686266
5855,58.54999999999692,0.9884765010933813
5856,58.55999999999692,0.988495977081803
5857,58.56999999999692,0.9885154447751249
5858,58.579999999996915,0.9885349041146518
5859,58.58999999999691,0.9885543550417598
5860,58.59999999999691,0.988573797497898
5861,58.60999999999691,0.9885932314245889
5862,58.61999999999691,0.9886126567634279
5863,58.629999999996905,0.9886320734560861
5864,58.6399999999969,0.9886514814443079
5865,58.6499999999969,0.9886708806699155
5866,58.6599999999969,0.9886902710748054
5867,58.6699999999969,0.9887096526009522
5868,58.679999999996895,0.9887290251904083
5869,58.68999999999689,0.9887483887853027
5870,58.69999999999689,0.9887677433278449
5871,58.70999999999689,0.9887870887603224
5872,58.71999999999689,0.9888064250251036
5873,58.729999999996885,0.9888257520646376
5874,58.73999999999688,0.9888450698214535
5875,58.74999999999688,0.9888643782381638
5876,58.75999999999688,0.9888836772574618
5877,58.76999999999688,0.9889029668221252
5878,58.779999999996875,0.9889222468750148
5879,58.78999999999687,0.9889415173590752
5880,58.79999999999687,0.9889607782173366
5881,58.80999999999687,0.9889800293929139
5882,58.81999999999687,0.9889992708290082
5883,58.829999999996865,0.9890185024689078
5884,58.83999999999686,0.9890377242559871
5885,58.84999999999686,0.9890569361337096
5886,58.85999999999686,0.9890761380456256
5887,58.86999999999686,0.9890953299353755
5888,58.879999999996855,0.9891145117466894
5889,58.88999999999685,0.9891336834233863
5890,58.89999999999685,0.9891528449093773
5891,58.90999999999685,0.9891719961486632
5892,58.91999999999685,0.9891911370853385
5893,58.929999999996845,0.9892102676635882
5894,58.93999999999684,0.9892293878276918
5895,58.94999999999684,0.9892484975220219
5896,58.95999999999684,0.9892675966910447
5897,58.96999999999684,0.9892866852793218
5898,58.979999999996835,0.9893057632315095
5899,58.98999999999683,0.9893248304923603
5900,58.99999999999683,0.9893438870067233
5901,59.00999999999683,0.9893629327195435
5902,59.01999999999683,0.9893819675758648
5903,59.029999999996825,0.9894009915208277
5904,59.03999999999682,0.9894200044996725
5905,59.04999999999682,0.9894390064577384
5906,59.05999999999682,0.9894579973404634
5907,59.06999999999682,0.989476977093387
5908,59.079999999996815,0.9894959456621484
5909,59.08999999999681,0.9895149029924889
5910,59.09999999999681,0.9895338490302517
5911,59.10999999999681,0.9895527837213813
5912,59.11999999999681,0.9895717070119269
5913,59.129999999996805,0.9895906188480393
5914,59.1399999999968,0.9896095191759748
5915,59.1499999999968,0.9896284079420937
5916,59.1599999999968,0.9896472850928609
5917,59.1699999999968,0.9896661505748477
5918,59.179999999996795,0.9896850043347308
5919,59.18999999999679,0.9897038463192943
5920,59.19999999999679,0.9897226764754286
5921,59.20999999999679,0.9897414947501321
5922,59.21999999999679,0.989760301090512
5923,59.229999999996785,0.9897790954437832
5924,59.23999999999678,0.9897978777572707
5925,59.24999999999678,0.9898166479784082
5926,59.25999999999678,0.9898354060547406
5927,59.26999999999678,0.9898541519339233
5928,59.279999999996775,0.9898728855637224
5929,59.28999999999677,0.9898916068920166
5930,59.29999999999677,0.9899103158667956
5931,59.30999999999677,0.9899290124361629
5932,59.31999999999677,0.9899476965483354
5933,59.329999999996765,0.9899663681516423
5934,59.33999999999676,0.9899850271945285
5935,59.34999999999676,0.9900036736255524
5936,59.35999999999676,0.9900223073933886
5937,59.36999999999676,0.9900409284468268
5938,59.379999999996755,0.9900595367347725
5939,59.38999999999675,0.9900781322062489
5940,59.39999999999675,0.9900967148103946
5941,59.40999999999675,0.9901152844964678
5942,59.41999999999675,0.9901338412138427
5943,59.429999999996745,0.9901523849120135
5944,59.43999999999674,0.9901709155405929
5945,59.44999999999674,0.9901894330493125
5946,59.45999999999674,0.9902079373880247
5947,59.46999999999674,0.9902264285067012
5948,59.479999999996735,0.9902449063554354
5949,59.48999999999673,0.9902633708844417
5950,59.49999999999673,0.9902818220440559
5951,59.50999999999673,0.9903002597847366
5952,59.51999999999673,0.9903186840570639
5953,59.529999999996726,0.9903370948117421
5954,59.53999999999672,0.9903554919995988
5955,59.54999999999672,0.9903738755715847
5956,59.55999999999672,0.9903922454787761
5957,59.56999999999672,0.9904106016723728
5958,59.579999999996716,0.9904289441037007
5959,59.589999999996714,0.9904472727242118
5960,59.59999999999671,0.9904655874854827
5961,59.60999999999671,0.9904838883392183
5962,59.61999999999671,0.9905021752372488
5963,59.629999999996706,0.990520448131533
5964,59.639999999996704,0.9905387069741571
5965,59.6499999999967,0.9905569517173354
5966,59.6599999999967,0.990575182313411
5967,59.6699999999967,0.9905933987148557
5968,59.679999999996696,0.9906116008742716
5969,59.689999999996694,0.9906297887443893
5970,59.69999999999669,0.990647962278071
5971,59.70999999999669,0.990666121428309
5972,59.71999999999669,0.9906842661482265
5973,59.729999999996686,0.9907023963910786
5974,59.739999999996684,0.9907205121102516
5975,59.74999999999668,0.9907386132592648
5976,59.75999999999668,0.9907566997917702
5977,59.76999999999668,0.9907747716615517
5978,59.779999999996676,0.9907928288225281
5979,59.789999999996674,0.9908108712287507
5980,59.79999999999667,0.990828898834406
5981,59.80999999999667,0.9908469115938147
5982,59.81999999999667,0.990864909461432
5983,59.829999999996666,0.9908828923918493
5984,59.839999999996664,0.9909008603397929
5985,59.84999999999666,0.9909188132601254
5986,59.85999999999666,0.9909367511078464
5987,59.86999999999666,0.9909546738380912
5988,59.879999999996656,0.9909725814061332
5989,59.889999999996654,0.9909904737673826
5990,59.89999999999665,0.9910083508773879
5991,59.90999999999665,0.9910262126918361
5992,59.91999999999665,0.9910440591665519
5993,59.929999999996646,0.9910618902574997
5994,59.939999999996644,0.9910797059207825
5995,59.94999999999664,0.9910975061126438
5996,59.95999999999664,0.9911152907894659
5997,59.96999999999664,0.9911330599077725
5998,59.979999999996636,0.9911508134242274
5999,59.989999999996634,0.991168551295635
6000,59.99999999999663,0.991186273478942
6001,60.00999999999663,0.9912039799312354
6002,60.01999999999663,0.9912216706097453
6003,60.029999999996626,0.9912393454718438
6004,60.039999999996624,0.9912570044750448
6005,60.04999999999662,0.9912746475770065
6006,60.05999999999662,0.9912922747355287
6007,60.06999999999662,0.9913098859085562
6008,60.079999999996616,0.991327481054177
6009,60.089999999996614,0.9913450601306231
6010,60.09999999999661,0.9913626230962713
6011,60.10999999999661,0.9913801699096428
6012,60.11999999999661,0.9913977005294043
6013,60.129999999996606,0.9914152149143681
6014,60.139999999996604,0.991432713023491
6015,60.1499999999966,0.9914501948158772
6016,60.1599999999966,0.9914676602507758
6017,60.1699999999966,0.9914851092875835
6018,60.179999999996596,0.9915025418858436
6019,60.189999999996594,0.9915199580052458
6020,60.19999999999659,0.9915373576056286
6021,60.20999999999659,0.9915547406469762
6022,60.21999999999659,0.9915721070894229
6023,60.229999999996586,0.9915894568932493
6024,60.239999999996584,0.9916067900188857
6025,60.24999999999658,0.9916241064269112
6026,60.25999999999658,0.9916414060780531
6027,60.26999999999658,0.9916586889331885
6028,60.279999999996576,0.9916759549533439
6029,60.289999999996574,0.9916932040996956
6030,60.29999999999657,0.9917104363335706
6031,60.30999999999657,0.9917276516164449
6032,60.31999999999657,0.9917448499099465
6033,60.329999999996566,0.9917620311758527
6034,60.339999999996564,0.9917791953760934
6035,60.34999999999656,0.9917963424727488
6036,60.35999999999656,0.9918134724280508
6037,60.36999999999656,0.9918305852043835
6038,60.379999999996556,0.9918476807642823
6039,60.389999999996554,0.9918647590704355
6040,60.39999999999655,0.9918818200856837
6041,60.40999999999655,0.9918988637730197
6042,60.41999999999655,0.9919158900955902
6043,60.42999999999655,0.991932899016694
6044,60.439999999996544,0.991949890499784
6045,60.44999999999654,0.9919668645084665
6046,60.45999999999654,0.9919838210065013
6047,60.46999999999654,0.9920007599578027
6048,60.47999999999654,0.9920176813264386
6049,60.489999999996535,0.9920345850766323
6050,60.49999999999653,0.9920514711727604
6051,60.50999999999653,0.9920683395793555
6052,60.51999999999653,0.9920851902611049
6053,60.52999999999653,0.9921020231828505
6054,60.539999999996525,0.9921188383095907
6055,60.54999999999652,0.9921356356064785
6056,60.55999999999652,0.9921524150388233
6057,60.56999999999652,0.9921691765720907
6058,60.57999999999652,0.9921859201719017
6059,60.589999999996515,0.9922026458040342
6060,60.59999999999651,0.9922193534344222
6061,60.60999999999651,0.9922360430291572
6062,60.61999999999651,0.992252714554487
6063,60.62999999999651,0.9922693679768162
6064,60.639999999996505,0.9922860032627074
6065,60.6499999999965,0.9923026203788798
6066,60.6599999999965,0.9923192192922107
6067,60.6699999999965,0.992335799969735
6068,60.6799999999965,0.9923523623786451
6069,60.689999999996495,0.9923689064862921
6070,60.69999999999649,0.9923854322601844
6071,60.70999999999649,0.9924019396679895
6072,60.71999999999649,0.9924184286775334
6073,60.72999999999649,0.9924348992568
6074,60.739999999996485,0.9924513513739326
6075,60.74999999999648,0.992467784997233
6076,60.75999999999648,0.9924842000951626
6077,60.76999999999648,0.9925005966363412
6078,60.77999999999648,0.9925169745895485
6079,60.789999999996475,0.9925333339237238
6080,60.79999999999647,0.9925496746079652
6081,60.80999999999647,0.9925659966115314
6082,60.81999999999647,0.9925822999038402
6083,60.82999999999647,0.9925985844544695
6084,60.839999999996465,0.9926148502331579
6085,60.84999999999646,0.992631097209803
6086,60.85999999999646,0.992647325354464
6087,60.86999999999646,0.9926635346373592
6088,60.87999999999646,0.9926797250288685
6089,60.889999999996455,0.9926958964995319
6090,60.89999999999645,0.9927120490200501
6091,60.90999999999645,0.9927281825612848
6092,60.91999999999645,0.9927442970942583
6093,60.92999999999645,0.9927603925901541
6094,60.939999999996445,0.9927764690203172
6095,60.94999999999644,0.9927925263562529
6096,60.95999999999644,0.9928085645696288
6097,60.96999999999644,0.9928245836322729
6098,60.97999999999644,0.9928405835161753
6099,60.989999999996435,0.9928565641934873
6100,60.99999999999643,0.9928725256365221
6101,61.00999999999643,0.9928884678177545
6102,61.01999999999643,0.9929043907098206
6103,61.02999999999643,0.9929202942855191
6104,61.039999999996425,0.9929361785178098
6105,61.04999999999642,0.9929520433798149
6106,61.05999999999642,0.9929678888448191
6107,61.06999999999642,0.992983714886268
6108,61.07999999999642,0.9929995214777704
6109,61.089999999996415,0.9930153085930966
6110,61.09999999999641,0.9930310762061796
6111,61.10999999999641,0.9930468242911147
6112,61.11999999999641,0.993062552822159
6113,61.12999999999641,0.9930782617737329
6114,61.139999999996405,0.9930939511204183
6115,61.1499999999964,0.9931096208369602
6116,61.1599999999964,0.9931252708982661
6117,61.1699999999964,0.9931409012794055
6118,61.1799999999964,0.9931565119556113
6119,61.189999999996395,0.9931721029022783
6120,61.19999999999639,0.9931876740949643
6121,61.20999999999639,0.9932032255093902
6122,61.21999999999639,0.9932187571214386
6123,61.22999999999639,0.9932342689071557
6124,61.239999999996385,0.9932497608427499
6125,61.24999999999638,0.9932652329045928
6126,61.25999999999638,0.9932806850692184
6127,61.26999999999638,0.9932961173133237
6128,61.27999999999638,0.9933115296137686
6129,61.289999999996375,0.9933269219475754
6130,61.29999999999637,0.99334229429193
6131,61.30999999999637,0.9933576466241799
6132,61.31999999999637,0.9933729789218366
6133,61.32999999999637,0.9933882911625741
6134,61.339999999996365,0.9934035833242285
6135,61.34999999999636,0.9934188553847998
6136,61.35999999999636,0.9934341073224497
6137,61.36999999999636,0.9934493391155038
6138,61.37999999999636,0.9934645507424498
6139,61.389999999996355,0.993479742181938
6140,61.39999999999635,0.9934949134127822
6141,61.40999999999635,0.993510064413958
6142,61.41999999999635,0.9935251951646042
6143,61.42999999999635,0.9935403056440226
6144,61.439999999996346,0.993555395831677
6145,61.44999999999634,0.9935704657071942
6146,61.45999999999634,0.9935855152503632
6147,61.46999999999634,0.9936005444411361
6148,61.47999999999634,0.9936155532596274
6149,61.489999999996336,0.9936305416861134
6150,61.499999999996334,0.993645509701034
6151,61.50999999999633,0.9936604572849903
6152,61.51999999999633,0.9936753844187468
6153,61.52999999999633,0.9936902910832294
6154,61.539999999996326,0.9937051772595267
6155,61.549999999996324,0.9937200429288898
6156,61.55999999999632,0.9937348880727314
6157,61.56999999999632,0.9937497126726265
6158,61.57999999999632,0.993764516710312
6159,61.589999999996316,0.993779300167687
6160,61.599999999996314,0.9937940630268127
6161,61.60999999999631,0.9938088052699114
6162,61.61999999999631,0.993823526879368
6163,61.62999999999631,0.9938382278377285
6164,61.639999999996306,0.9938529081277007
6165,61.649999999996304,0.9938675677321542
6166,61.6599999999963,0.9938822066341199
6167,61.6699999999963,0.9938968248167901
6168,61.6799999999963,0.9939114222635184
6169,61.689999999996296,0.9939259989578195
6170,61.699999999996294,0.9939405548833699
6171,61.70999999999629,0.9939550900240062
6172,61.71999999999629,0.9939696043637269
6173,61.72999999999629,0.9939840978866906
6174,61.739999999996286,0.9939985705772173
6175,61.749999999996284,0.9940130224197876
6176,61.75999999999628,0.9940274533990423
6177,61.76999999999628,0.9940418634997832
6178,61.77999999999628,0.994056252706972
6179,61.789999999996276,0.9940706210057312
6180,61.799999999996274,0.9940849683813431
6181,61.80999999999627,0.9940992948192504
6182,61.81999999999627,0.9941136003050558
6183,61.82999999999627,0.9941278848245212
6184,61.839999999996266,0.9941421483635692
6185,61.849999999996264,0.9941563909082812
6186,61.85999999999626,0.9941706124448987
6187,61.86999999999626,0.9941848129598224
6188,61.87999999999626,0.994198992439612
6189,61.889999999996256,0.9942131508709868
6190,61.899999999996254,0.9942272882408247
6191,61.90999999999625,0.9942414045361629
6192,61.91999999999625,0.9942554997441971
6193,61.92999999999625,0.9942695738522814
6194,61.939999999996246,0.994283626847929
6195,61.949999999996244,0.9942976587188109
6196,61.95999999999624,0.9943116694527566
6197,61.96999999999624,0.9943256590377537
6198,61.97999999999624,0.9943396274619474
6199,61.989999999996236,0.994353574713641
6200,61.999999999996234,0.9943675007812955
6201,62.00999999999623,0.9943814056535291
6202,62.01999999999623,0.9943952893191176
6203,62.02999999999623,0.9944091517669937
6204,62.039999999996226,0.9944229929862477
6205,62.049999999996224,0.994436812966126
6206,62.05999999999622,0.9944506116960323
6207,62.06999999999622,0.9944643891655266
6208,62.07999999999622,0.9944781453643254
6209,62.089999999996216,0.9944918802823016
6210,62.099999999996214,0.9945055939094837
6211,62.10999999999621,0.9945192862360566
6212,62.11999999999621,0.9945329572523605
6213,62.12999999999621,0.9945466069488914
6214,62.139999999996206,0.994560235316301
6215,62.149999999996204,0.9945738423453955
6216,62.1599999999962,0.9945874280271366
6217,62.1699999999962,0.9946009923526408
6218,62.1799999999962,0.9946145353131791
6219,62.189999999996196,0.9946280569001775
6220,62.199999999996194,0.9946415571052156
6221,62.20999999999619,0.9946550359200276
6222,62.21999999999619,0.9946684933365013
6223,62.22999999999619,0.9946819293466785
6224,62.239999999996186,0.9946953439427548
6225,62.249999999996184,0.9947087371170785
6226,62.25999999999618,0.9947221088621516
6227,62.26999999999618,0.9947354591706288
6228,62.27999999999618,0.9947487880353175
6229,62.289999999996176,0.9947620954491782
6230,62.299999999996174,0.9947753814053228
6231,62.30999999999617,0.9947886458970167
6232,62.31999999999617,0.9948018889176757
6233,62.32999999999617,0.9948151104608688
6234,62.33999999999617,0.9948283105203155
6235,62.349999999996164,0.994841489089887
6236,62.35999999999616,0.994854646163606
6237,62.36999999999616,0.9948677817356453
6238,62.37999999999616,0.9948808958003291
6239,62.38999999999616,0.9948939883521316
6240,62.399999999996155,0.9949070593856776
6241,62.40999999999615,0.9949201088957417
6242,62.41999999999615,0.9949331368772483
6243,62.42999999999615,0.9949461433252715
6244,62.43999999999615,0.9949591282350347
6245,62.449999999996145,0.9949720916019105
6246,62.45999999999614,0.9949850334214203
6247,62.46999999999614,0.994997953689234
6248,62.47999999999614,0.9950108524011706
6249,62.48999999999614,0.9950237295531963
6250,62.499999999996135,0.995036585141426
6251,62.50999999999613,0.9950494191621224
6252,62.51999999999613,0.995062231611695
6253,62.52999999999613,0.9950750224867013
6254,62.53999999999613,0.9950877917838453
6255,62.549999999996125,0.9951005394999781
6256,62.55999999999612,0.9951132656320969
6257,62.56999999999612,0.9951259701773455
6258,62.57999999999612,0.995138653133014
6259,62.58999999999612,0.9951513144965374
6260,62.599999999996115,0.9951639542654972
6261,62.60999999999611,0.9951765724376195
6262,62.61999999999611,0.9951891690107757
6263,62.62999999999611,0.995201743982982
6264,62.63999999999611,0.9952142973523987
6265,62.649999999996105,0.9952268291173312
6266,62.6599999999961,0.9952393392762278
6267,62.6699999999961,0.9952518278276812
6268,62.6799999999961,0.9952642947704278
6269,62.6899999999961,0.9952767401033463
6270,62.699999999996095,0.9952891638254593
6271,62.70999999999609,0.9953015659359312
6272,62.71999999999609,0.9953139464340695
6273,62.72999999999609,0.9953263053193235
6274,62.73999999999609,0.9953386425912844
6275,62.749999999996085,0.9953509582496849
6276,62.75999999999608,0.995363252294399
6277,62.76999999999608,0.995375524725442
6278,62.77999999999608,0.9953877755429698
6279,62.78999999999608,0.9954000047472783
6280,62.799999999996075,0.9954122123388046
6281,62.80999999999607,0.9954243983181248
6282,62.81999999999607,0.9954365626859552
6283,62.82999999999607,0.9954487054431509
6284,62.83999999999607,0.9954608265907066
6285,62.849999999996065,0.9954729261297557
6286,62.85999999999606,0.9954850040615695
6287,62.86999999999606,0.9954970603875585
6288,62.87999999999606,0.9955090951092701
6289,62.88999999999606,0.99552110822839
6290,62.899999999996055,0.995533099746741
6291,62.90999999999605,0.9955450696662829
6292,62.91999999999605,0.9955570179891122
6293,62.92999999999605,0.9955689447174619
6294,62.93999999999605,0.9955808498537012
6295,62.949999999996045,0.9955927334003352
6296,62.95999999999604,0.9956045953600041
6297,62.96999999999604,0.995616435735484
6298,62.97999999999604,0.9956282545296853
6299,62.98999999999604,0.9956400517456535
6300,62.999999999996035,0.9956518273865683
6301,63.00999999999603,0.9956635814557432
6302,63.01999999999603,0.9956753139566258
6303,63.02999999999603,0.9956870248927966
6304,63.03999999999603,0.9956987142679696
6305,63.049999999996025,0.9957103820859917
6306,63.05999999999602,0.9957220283508418
6307,63.06999999999602,0.9957336530666312
6308,63.07999999999602,0.995745256237603
6309,63.08999999999602,0.9957568378681322
6310,63.099999999996015,0.9957683979627241
6311,63.10999999999601,0.9957799365260159
6312,63.11999999999601,0.9957914535627749
6313,63.12999999999601,0.9958029490778985
6314,63.13999999999601,0.9958144230764144
6315,63.149999999996005,0.9958258755634797
6316,63.159999999996,0.9958373065443807
6317,63.169999999996,0.9958487160245331
6318,63.179999999996,0.9958601040094806
6319,63.189999999996,0.9958714705048957
6320,63.199999999995995,0.9958828155165785
6321,63.20999999999599,0.9958941390504573
6322,63.21999999999599,0.9959054411125874
6323,63.22999999999599,0.9959167217091508
6324,63.23999999999599,0.9959279808464567
6325,63.249999999995985,0.9959392185309403
6326,63.25999999999598,0.9959504347691629
6327,63.26999999999598,0.9959616295678116
6328,63.27999999999598,0.9959728029336985
6329,63.28999999999598,0.9959839548737611
6330,63.299999999995975,0.9959950853950611
6331,63.30999999999597,0.9960061945047849
6332,63.31999999999597,0.9960172822102429
6333,63.32999999999597,0.9960283485188686
6334,63.33999999999597,0.9960393934382195
6335,63.349999999995966,0.9960504169759755
6336,63.35999999999596,0.9960614191399396
6337,63.36999999999596,0.9960723999380365
6338,63.37999999999596,0.9960833593783135
6339,63.38999999999596,0.996094297468939
6340,63.399999999995956,0.9961052142182025
6341,63.409999999995954,0.9961161096345151
6342,63.41999999999595,0.9961269837264076
6343,63.42999999999595,0.9961378365025315
6344,63.43999999999595,0.9961486679716582
6345,63.449999999995946,0.9961594781426782
6346,63.459999999995944,0.9961702670246015
6347,63.46999999999594,0.9961810346265566
6348,63.47999999999594,0.9961917809577907
6349,63.48999999999594,0.9962025060276689
6350,63.499999999995936,0.996213209845674
6351,63.509999999995934,0.9962238924214064
6352,63.51999999999593,0.9962345537645834
6353,63.52999999999593,0.9962451938850386
6354,63.53999999999593,0.9962558127927228
6355,63.549999999995926,0.9962664104977017
6356,63.559999999995924,0.9962769870101573
6357,63.56999999999592,0.9962875423403865
6358,63.57999999999592,0.9962980764988012
6359,63.58999999999592,0.9963085894959278
6360,63.599999999995916,0.9963190813424068
6361,63.609999999995914,0.9963295520489925
6362,63.61999999999591,0.9963400016265525
6363,63.62999999999591,0.9963504300860677
6364,63.63999999999591,0.9963608374386315
6365,63.649999999995906,0.9963712236954495
6366,63.659999999995904,0.9963815888678398
6367,63.6699999999959,0.9963919329672315
6368,63.6799999999959,0.9964022560051652
6369,63.6899999999959,0.9964125579932922
6370,63.699999999995896,0.9964228389433746
6371,63.709999999995894,0.9964330988672844
6372,63.71999999999589,0.9964433377770032
6373,63.72999999999589,0.9964535556846223
6374,63.73999999999589,0.9964637526023419
6375,63.749999999995886,0.9964739285424706
6376,63.759999999995884,0.9964840835174259
6377,63.76999999999588,0.9964942175397323
6378,63.77999999999588,0.9965043306220226
6379,63.78999999999588,0.9965144227770364
6380,63.799999999995876,0.9965244940176199
6381,63.809999999995874,0.9965345443567263
6382,63.81999999999587,0.9965445738074141
6383,63.82999999999587,0.9965545823828482
6384,63.83999999999587,0.996564570096298
6385,63.849999999995866,0.9965745369611383
6386,63.859999999995864,0.9965844829908483
6387,63.86999999999586,0.9965944081990115
6388,63.87999999999586,0.9966043125993147
6389,63.88999999999586,0.9966141962055486
6390,63.899999999995856,0.9966240590316068
6391,63.909999999995854,0.9966339010914852
6392,63.91999999999585,0.9966437223992822
6393,63.92999999999585,0.9966535229691983
6394,63.93999999999585,0.996663302815535
6395,63.949999999995846,0.9966730619526952
6396,63.959999999995844,0.9966828003951825
6397,63.96999999999584,0.9966925181576007
6398,63.97999999999584,0.9967022152546541
6399,63.98999999999584,0.9967118917011456
6400,63.999999999995836,0.9967215475119783
6401,64.00999999999584,0.9967311827021533
6402,64.01999999999585,0.9967407972867708
6403,64.02999999999585,0.9967503912810286
6404,64.03999999999586,0.9967599647002222
6405,64.04999999999586,0.9967695175597447
6406,64.05999999999587,0.9967790498750858
6407,64.06999999999587,0.9967885616618317
6408,64.07999999999588,0.9967980529356648
6409,64.08999999999588,0.9968075237123633
6410,64.09999999999589,0.9968169740078006
6411,64.10999999999589,0.9968264038379451
6412,64.1199999999959,0.99683581321886
6413,64.1299999999959,0.9968452021667021
6414,64.13999999999591,0.9968545706977228
6415,64.14999999999591,0.9968639188282663
6416,64.15999999999592,0.99687324657477
6417,64.16999999999592,0.9968825539537639
6418,64.17999999999593,0.9968918409818704
6419,64.18999999999593,0.9969011076758036
6420,64.19999999999594,0.9969103540523693
6421,64.20999999999594,0.9969195801284638
6422,64.21999999999595,0.9969287859210748
6423,64.22999999999595,0.9969379714472798
6424,64.23999999999596,0.9969471367242465
6425,64.24999999999596,0.9969562817692319
6426,64.25999999999597,0.9969654065995823
6427,64.26999999999597,0.9969745112327326
6428,64.27999999999598,0.9969835956862062
6429,64.28999999999598,0.9969926599776142
6430,64.29999999999599,0.9970017041246557
6431,64.309999999996,0.9970107281451163
6432,64.319999999996,0.9970197320568691
6433,64.329999999996,0.9970287158778732
6434,64.33999999999601,0.9970376796261738
6435,64.34999999999602,0.9970466233199016
6436,64.35999999999602,0.9970555469772726
6437,64.36999999999603,0.9970644506165877
6438,64.37999999999603,0.9970733342562319
6439,64.38999999999604,0.9970821979146747
6440,64.39999999999604,0.997091041610469
6441,64.40999999999605,0.9970998653622509
6442,64.41999999999605,0.9971086691887395
6443,64.42999999999606,0.9971174531087363
6444,64.43999999999606,0.9971262171411249
6445,64.44999999999607,0.9971349613048704
6446,64.45999999999607,0.9971436856190197
6447,64.46999999999608,0.9971523901027
6448,64.47999999999608,0.9971610747751193
6449,64.48999999999609,0.9971697396555657
6450,64.49999999999609,0.997178384763407
6451,64.5099999999961,0.9971870101180903
6452,64.5199999999961,0.9971956157391416
6453,64.52999999999611,0.9972042016461657
6454,64.53999999999611,0.9972127678588452
6455,64.54999999999612,0.9972213143969405
6456,64.55999999999612,0.9972298412802897
6457,64.56999999999613,0.9972383485288074
6458,64.57999999999613,0.9972468361624851
6459,64.58999999999614,0.9972553042013905
6460,64.59999999999614,0.9972637526656669
6461,64.60999999999615,0.9972721815755332
6462,64.61999999999615,0.9972805909512831
6463,64.62999999999616,0.9972889808132849
6464,64.63999999999616,0.9972973511819814
6465,64.64999999999617,0.9973057020778889
6466,64.65999999999617,0.9973140335215975
6467,64.66999999999618,0.9973223455337701
6468,64.67999999999618,0.9973306381351422
6469,64.68999999999619,0.9973389113465219
6470,64.6999999999962,0.9973471651887885
6471,64.7099999999962,0.9973553996828937
6472,64.7199999999962,0.9973636148498594
6473,64.72999999999621,0.9973718107107787
6474,64.73999999999621,0.9973799872868152
6475,64.74999999999622,0.9973881445992017
6476,64.75999999999623,0.9973962826692412
6477,64.76999999999623,0.9974044015183055
6478,64.77999999999624,0.997412501167835
6479,64.78999999999624,0.9974205816393389
6480,64.79999999999625,0.997428642954394
6481,64.80999999999625,0.9974366851346449
6482,64.81999999999626,0.9974447082018032
6483,64.82999999999626,0.9974527121776473
6484,64.83999999999627,0.997460697084022
6485,64.84999999999627,0.9974686629428383
6486,64.85999999999628,0.9974766097760727
6487,64.86999999999628,0.9974845376057667
6488,64.87999999999629,0.9974924464540271
6489,64.88999999999629,0.9975003363430248
6490,64.8999999999963,0.9975082072949949
6491,64.9099999999963,0.9975160593322361
6492,64.9199999999963,0.9975238924771105
6493,64.92999999999631,0.9975317067520431
6494,64.93999999999632,0.9975395021795213
6495,64.94999999999632,0.9975472787820947
6496,64.95999999999633,0.9975550365823747
6497,64.96999999999633,0.9975627756030339
6498,64.97999999999634,0.9975704958668059
6499,64.98999999999634,0.9975781973964851
6500,64.99999999999635,0.997585880214926
6501,65.00999999999635,0.9975935443450427
6502,65.01999999999636,0.9976011898098089
6503,65.02999999999636,0.9976088166322574
6504,65.03999999999637,0.9976164248354796
6505,65.04999999999637,0.997624014442625
6506,65.05999999999638,0.9976315854769013
6507,65.06999999999638,0.9976391379615736
6508,65.07999999999639,0.9976466719199638
6509,65.0899999999964,0.9976541873754512
6510,65.0999999999964,0.9976616843514707
6511,65.1099999999964,0.9976691628715137
6512,65.11999999999641,0.9976766229591273
6513,65.12999999999641,0.9976840646379133
6514,65.13999999999642,0.9976914879315285
6515,65.14999999999642,0.9976988928636845
6516,65.15999999999643,0.9977062794581466
6517,65.16999999999643,0.9977136477387338
6518,65.17999999999644,0.9977209977293188
6519,65.18999999999645,0.9977283294538266
6520,65.19999999999645,0.9977356429362354
6521,65.20999999999646,0.9977429382005751
6522,65.21999999999646,0.9977502152709277
6523,65.22999999999647,0.9977574741714264
6524,65.23999999999647,0.9977647149262556
6525,65.24999999999648,0.9977719375596503
6526,65.25999999999648,0.9977791420958958
6527,65.26999999999649,0.9977863285593273
6528,65.27999999999649,0.9977934969743295
6529,65.2899999999965,0.9978006473653365
6530,65.2999999999965,0.9978077797568308
6531,65.3099999999965,0.9978148941733436
6532,65.31999999999651,0.9978219906394541
6533,65.32999999999652,0.9978290691797892
6534,65.33999999999652,0.9978361298190228
6535,65.34999999999653,0.9978431725818763
6536,65.35999999999653,0.997850197493117
6537,65.36999999999654,0.9978572045775588
6538,65.37999999999654,0.9978641938600613
6539,65.38999999999655,0.9978711653655297
6540,65.39999999999655,0.9978781191189139
6541,65.40999999999656,0.9978850551452088
6542,65.41999999999656,0.9978919734694536
6543,65.42999999999657,0.9978988741167313
6544,65.43999999999657,0.9979057571121688
6545,65.44999999999658,0.9979126224809358
6546,65.45999999999658,0.9979194702482453
6547,65.46999999999659,0.9979263004393527
6548,65.4799999999966,0.9979331130795551
6549,65.4899999999966,0.9979399081941921
6550,65.4999999999966,0.997946685808644
6551,65.50999999999661,0.9979534459483326
6552,65.51999999999661,0.9979601886387203
6553,65.52999999999662,0.9979669139053094
6554,65.53999999999662,0.997973621773643
6555,65.54999999999663,0.9979803122693028
6556,65.55999999999663,0.9979869854179105
6557,65.56999999999664,0.9979936412451264
6558,65.57999999999664,0.9980002797766491
6559,65.58999999999665,0.9980069010382155
6560,65.59999999999665,0.9980135050556006
6561,65.60999999999666,0.9980200918546163
6562,65.61999999999666,0.9980266614611119
6563,65.62999999999667,0.9980332139009732
6564,65.63999999999668,0.9980397492001227
6565,65.64999999999668,0.9980462673845186
6566,65.65999999999669,0.998052768480155
6567,65.66999999999669,0.9980592525130609
6568,65.6799999999967,0.9980657195093008
6569,65.6899999999967,0.9980721694949731
6570,65.6999999999967,0.998078602496211
6571,65.70999999999671,0.9980850185391815
6572,65.71999999999672,0.9980914176500849
6573,65.72999999999672,0.9980977998551547
6574,65.73999999999673,0.9981041651806575
6575,65.74999999999673,0.998110513652892
6576,65.75999999999674,0.9981168452981894
6577,65.76999999999674,0.9981231601429126
6578,65.77999999999675,0.9981294582134556
6579,65.78999999999675,0.9981357395362439
6580,65.79999999999676,0.9981420041377336
6581,65.80999999999676,0.9981482520444112
6582,65.81999999999677,0.9981544832827931
6583,65.82999999999677,0.9981606978794256
6584,65.83999999999678,0.9981668958608844
6585,65.84999999999678,0.9981730772537739
6586,65.85999999999679,0.9981792420847276
6587,65.86999999999679,0.9981853903804071
6588,65.8799999999968,0.9981915221675021
6589,65.8899999999968,0.9981976374727296
6590,65.89999999999681,0.9982037363228345
6591,65.90999999999681,0.9982098187445883
6592,65.91999999999682,0.9982158847647891
6593,65.92999999999682,0.9982219344102615
6594,65.93999999999683,0.9982279677078562
6595,65.94999999999683,0.9982339846844489
6596,65.95999999999684,0.9982399853669414
6597,65.96999999999684,0.9982459697822598
6598,65.97999999999685,0.9982519379573552
6599,65.98999999999685,0.998257889919203
6600,65.99999999999686,0.9982638256948021
6601,66.00999999999686,0.9982697453111757
6602,66.01999999999687,0.99827564879537
6603,66.02999999999687,0.9982815361744539
6604,66.03999999999688,0.9982874074755194
6605,66.04999999999688,0.9982932627256803
6606,66.05999999999689,0.998299101952073
6607,66.0699999999969,0.9983049251818551
6608,66.0799999999969,0.9983107324422056
6609,66.0899999999969,0.9983165237603245
6610,66.09999999999691,0.9983222991634327
6611,66.10999999999692,0.9983280586787713
6612,66.11999999999692,0.9983338023336013
6613,66.12999999999693,0.9983395301552035
6614,66.13999999999693,0.9983452421708782
6615,66.14999999999694,0.9983509384079445
6616,66.15999999999694,0.9983566188937407
6617,66.16999999999695,0.9983622836556232
6618,66.17999999999695,0.9983679327209664
6619,66.18999999999696,0.9983735661171625
6620,66.19999999999696,0.9983791838716217
6621,66.20999999999697,0.9983847860117708
6622,66.21999999999697,0.9983903725650536
6623,66.22999999999698,0.9983959435589304
6624,66.23999999999698,0.9984014990208777
6625,66.24999999999699,0.9984070389783881
6626,66.25999999999699,0.9984125634589694
6627,66.269999999997,0.9984180724901451
6628,66.279999999997,0.9984235660994535
6629,66.28999999999701,0.9984290443144472
6630,66.29999999999701,0.9984345071626938
6631,66.30999999999702,0.9984399546717744
6632,66.31999999999702,0.9984453868692841
6633,66.32999999999703,0.9984508037828312
6634,66.33999999999703,0.9984562054400375
6635,66.34999999999704,0.9984615918685372
6636,66.35999999999704,0.9984669630959773
6637,66.36999999999705,0.9984723191500167
6638,66.37999999999705,0.9984776600583264
6639,66.38999999999706,0.9984829858485892
6640,66.39999999999706,0.9984882965484987
6641,66.40999999999707,0.99849359218576
6642,66.41999999999707,0.9984988727880885
6643,66.42999999999708,0.9985041383832103
6644,66.43999999999708,0.9985093889988613
6645,66.44999999999709,0.9985146246627875
6646,66.4599999999971,0.9985198454027443
6647,66.4699999999971,0.9985250512464964
6648,66.4799999999971,0.9985302422218171
6649,66.48999999999711,0.9985354183564886
6650,66.49999999999712,0.9985405796783015
6651,66.50999999999712,0.9985457262150542
6652,66.51999999999713,0.9985508579945531
6653,66.52999999999713,0.9985559750446119
6654,66.53999999999714,0.9985610773930516
6655,66.54999999999714,0.9985661650676998
6656,66.55999999999715,0.998571238096391
6657,66.56999999999715,0.998576296506966
6658,66.57999999999716,0.9985813403272714
6659,66.58999999999716,0.9985863695851599
6660,66.59999999999717,0.9985913843084891
6661,66.60999999999717,0.9985963845251226
6662,66.61999999999718,0.9986013702629278
6663,66.62999999999718,0.9986063415497779
6664,66.63999999999719,0.9986112984135495
6665,66.64999999999719,0.9986162408821235
6666,66.6599999999972,0.9986211689833852
6667,66.6699999999972,0.9986260827452222
6668,66.67999999999721,0.9986309821955266
6669,66.68999999999721,0.9986358673621925
6670,66.69999999999722,0.998640738273117
6671,66.70999999999722,0.9986455949561996
6672,66.71999999999723,0.998650437439342
6673,66.72999999999723,0.9986552657504476
6674,66.73999999999724,0.9986600799174216
6675,66.74999999999724,0.9986648799681701
6676,66.75999999999725,0.9986696659306007
6677,66.76999999999725,0.9986744378326214
6678,66.77999999999726,0.9986791957021409
6679,66.78999999999726,0.998683939567068
6680,66.79999999999727,0.9986886694553118
6681,66.80999999999727,0.9986933853947805
6682,66.81999999999728,0.9986980874133823
6683,66.82999999999728,0.9987027755390243
6684,66.83999999999729,0.9987074497996127
6685,66.8499999999973,0.9987121102230521
6686,66.8599999999973,0.9987167568372455
6687,66.8699999999973,0.9987213896700943
6688,66.87999999999731,0.9987260087494976
6689,66.88999999999731,0.9987306141033521
6690,66.89999999999732,0.9987352057595518
6691,66.90999999999732,0.9987397837459879
6692,66.91999999999733,0.9987443480905486
6693,66.92999999999734,0.9987488988211183
6694,66.93999999999734,0.998753435965578
6695,66.94999999999735,0.9987579595518047
6696,66.95999999999735,0.9987624696076713
6697,66.96999999999736,0.9987669661610463
6698,66.97999999999736,0.9987714492397934
6699,66.98999999999737,0.9987759188717715
6700,66.99999999999737,0.9987803750848342
6701,67.00999999999738,0.9987848179068298
6702,67.01999999999738,0.9987892473656012
6703,67.02999999999739,0.9987936634889847
6704,67.03999999999739,0.998798066304811
6705,67.0499999999974,0.9988024558409044
6706,67.0599999999974,0.9988068321250825
6707,67.0699999999974,0.9988111951851557
6708,67.07999999999741,0.9988155450489278
6709,67.08999999999742,0.9988198817441948
6710,67.09999999999742,0.9988242052987455
6711,67.10999999999743,0.9988285157403606
6712,67.11999999999743,0.9988328130968128
6713,67.12999999999744,0.9988370973958665
6714,67.13999999999744,0.9988413686652775
6715,67.14999999999745,0.9988456269327931
6716,67.15999999999745,0.9988498722261512
6717,67.16999999999746,0.9988541045730807
6718,67.17999999999746,0.998858324001301
6719,67.18999999999747,0.9988625305385218
6720,67.19999999999747,0.9988667242124427
6721,67.20999999999748,0.9988709050507535
6722,67.21999999999748,0.9988750730811333
6723,67.22999999999749,0.9988792283312506
6724,67.2399999999975,0.9988833708287634
6725,67.2499999999975,0.9988875006013183
6726,67.2599999999975,0.9988916176765505
6727,67.26999999999751,0.9988957220820841
6728,67.27999999999751,0.9988998138455312
6729,67.28999999999752,0.9989038929944921
6730,67.29999999999752,0.9989079595565548
6731,67.30999999999753,0.9989120135592948
6732,67.31999999999753,0.9989160550302754
6733,67.32999999999754,0.9989200839970466
6734,67.33999999999754,0.9989241004871456
6735,67.34999999999755,0.9989281045280964
6736,67.35999999999756,0.9989320961474095
6737,67.36999999999756,0.9989360753725814
6738,67.37999999999757,0.9989400422310952
6739,67.38999999999757,0.9989439967504194
6740,67.39999999999758,0.9989479389580087
6741,67.40999999999758,0.9989518688813027
6742,67.41999999999759,0.9989557865477267
6743,67.42999999999759,0.9989596919846908
6744,67.4399999999976,0.9989635852195902
6745,67.4499999999976,0.9989674662798044
6746,67.4599999999976,0.9989713351926974
6747,67.46999999999761,0.9989751919856179
6748,67.47999999999762,0.998979036685898
6749,67.48999999999762,0.9989828693208539
6750,67.49999999999763,0.9989866899177855
6751,67.50999999999763,0.9989904985039759
6752,67.51999999999764,0.9989942951066916
6753,67.52999999999764,0.998998079753182
6754,67.53999999999765,0.9990018524706795
6755,67.54999999999765,0.9990056132863989
6756,67.55999999999766,0.9990093622275377
6757,67.56999999999766,0.9990130993212754
6758,67.57999999999767,0.9990168245947735
6759,67.58999999999767,0.9990205380751755
6760,67.59999999999768,0.9990242397896067
6761,67.60999999999768,0.9990279297651737
6762,67.61999999999769,0.9990316080289642
6763,67.6299999999977,0.9990352746080472
6764,67.6399999999977,0.9990389295294726
6765,67.6499999999977,0.999042572820271
6766,67.65999999999771,0.9990462045074533
6767,67.66999999999771,0.9990498246180112
6768,67.67999999999772,0.999053433178916
6769,67.68999999999772,0.9990570302171194
6770,67.69999999999773,0.9990606157595527
6771,67.70999999999773,0.999064189833127
6772,67.71999999999774,0.9990677524647323
6773,67.72999999999774,0.9990713036812385
6774,67.73999999999775,0.9990748435094942
6775,67.74999999999775,0.9990783719763269
6776,67.75999999999776,0.9990818891085428
6777,67.76999999999776,0.9990853949329267
6778,67.77999999999777,0.999088889476242
6779,67.78999999999778,0.9990923727652297
6780,67.79999999999778,0.9990958448266092
6781,67.80999999999779,0.9990993056870777
6782,67.81999999999779,0.9991027553733101
6783,67.8299999999978,0.9991061939119587
6784,67.8399999999978,0.999109621329653
6785,67.8499999999978,0.9991130376529999
6786,67.85999999999781,0.999116442908583
6787,67.86999999999782,0.9991198371229633
6788,67.87999999999782,0.9991232203226776
6789,67.88999999999783,0.99912659253424
6790,67.89999999999783,0.9991299537841402
6791,67.90999999999784,0.9991333040988446
6792,67.91999999999784,0.9991366435047954
6793,67.92999999999785,0.9991399720284104
6794,67.93999999999785,0.9991432896960836
6795,67.94999999999786,0.9991465965341839
6796,67.95999999999786,0.9991498925690562
6797,67.96999999999787,0.99915317782702
6798,67.97999999999787,0.99915645233437
6799,67.98999999999788,0.9991597161173761
6800,67.99999999999788,0.9991629692022826
6801,68.00999999999789,0.9991662116153085
6802,68.01999999999789,0.999169443382647
6803,68.0299999999979,0.9991726645304658
6804,68.0399999999979,0.9991758750849068
6805,68.04999999999791,0.9991790750720855
6806,68.05999999999791,0.9991822645180914
6807,68.06999999999792,0.9991854434489879
6808,68.07999999999792,0.9991886118908113
6809,68.08999999999793,0.999191769869572
6810,68.09999999999793,0.9991949174112531
6811,68.10999999999794,0.9991980545418109
6812,68.11999999999794,0.9992011812871746
6813,68.12999999999795,0.9992042976732464
6814,68.13999999999795,0.9992074037259008
6815,68.14999999999796,0.9992104994709851
6816,68.15999999999796,0.9992135849343187
6817,68.16999999999797,0.9992166601416934
6818,68.17999999999797,0.999219725118873
6819,68.18999999999798,0.9992227798915934
6820,68.19999999999798,0.9992258244855619
6821,68.20999999999799,0.9992288589264579
6822,68.219999999998,0.999231883239932
6823,68.229999999998,0.9992348974516062
6824,68.239999999998,0.9992379015870743
6825,68.24999999999801,0.9992408956719003
6826,68.25999999999802,0.9992438797316202
6827,68.26999999999802,0.9992468537917399
6828,68.27999999999803,0.9992498178777368
6829,68.28999999999803,0.9992527720150585
6830,68.29999999999804,0.9992557162291229
6831,68.30999999999804,0.9992586505453188
6832,68.31999999999805,0.9992615749890047
6833,68.32999999999805,0.9992644895855095
6834,68.33999999999806,0.9992673943601319
6835,68.34999999999806,0.9992702893381404
6836,68.35999999999807,0.9992731745447734
6837,68.36999999999807,0.9992760500052388
6838,68.37999999999808,0.9992789157447137
6839,68.38999999999808,0.9992817717883451
6840,68.39999999999809,0.9992846181612488
6841,68.40999999999809,0.9992874548885098
6842,68.4199999999981,0.999290281995182
6843,68.4299999999981,0.9992930995062884
6844,68.43999999999811,0.9992959074468206
6845,68.44999999999811,0.9992987058417389
6846,68.45999999999812,0.999301494715972
6847,68.46999999999812,0.999304274094417
6848,68.47999999999813,0.9993070440019396
6849,68.48999999999813,0.9993098044633731
6850,68.49999999999814,0.9993125555035196
6851,68.50999999999814,0.9993152971471486
6852,68.51999999999815,0.9993180294189975
6853,68.52999999999815,0.9993207523437716
6854,68.53999999999816,0.9993234659461439
6855,68.54999999999816,0.9993261702507545
6856,68.55999999999817,0.9993288652822115
6857,68.56999999999817,0.9993315510650899
6858,68.57999999999818,0.9993342276239319
6859,68.58999999999818,0.999336894983247
6860,68.59999999999819,0.9993395531675113
6861,68.6099999999982,0.9993422022011685
6862,68.6199999999982,0.9993448421086284
6863,68.6299999999982,0.9993474729142677
6864,68.63999999999821,0.9993500946424297
6865,68.64999999999822,0.9993527073174244
6866,68.65999999999822,0.9993553109635278
6867,68.66999999999823,0.9993579056049823
6868,68.67999999999823,0.9993604912659967
6869,68.68999999999824,0.9993630679707457
6870,68.69999999999824,0.99936563574337
6871,68.70999999999825,0.9993681946079763
6872,68.71999999999825,0.999370744588637
6873,68.72999999999826,0.9993732857093901
6874,68.73999999999826,0.9993758179942396
6875,68.74999999999827,0.9993783414671548
6876,68.75999999999827,0.9993808561520703
6877,68.76999999999828,0.9993833620728861
6878,68.77999999999828,0.9993858592534679
6879,68.78999999999829,0.999388347717646
6880,68.79999999999829,0.9993908274892158
6881,68.8099999999983,0.9993932985919383
6882,68.8199999999983,0.9993957610495386
6883,68.82999999999831,0.9993982148857075
6884,68.83999999999831,0.9994006601240994
6885,68.84999999999832,0.9994030967883346
6886,68.85999999999832,0.9994055249019971
6887,68.86999999999833,0.9994079444886357
6888,68.87999999999833,0.9994103555717636
6889,68.88999999999834,0.9994127581748583
6890,68.89999999999834,0.9994151523213616
6891,68.90999999999835,0.9994175380346793
6892,68.91999999999835,0.9994199153381814
6893,68.92999999999836,0.9994222842552021
6894,68.93999999999836,0.9994246448090391
6895,68.94999999999837,0.9994269970229543
6896,68.95999999999837,0.9994293409201733
6897,68.96999999999838,0.9994316765238854
6898,68.97999999999838,0.9994340038572436
6899,68.98999999999839,0.999436322943364
6900,68.9999999999984,0.999438633805327
6901,69.0099999999984,0.9994409364661758
6902,69.0199999999984,0.9994432309489171
6903,69.02999999999841,0.9994455172765209
6904,69.03999999999841,0.9994477954719204
6905,69.04999999999842,0.999450065558012
6906,69.05999999999842,0.9994523275576549
6907,69.06999999999843,0.9994545814936717
6908,69.07999999999844,0.9994568273888477
6909,69.08999999999844,0.999459065265931
6910,69.09999999999845,0.9994612951476326
6911,69.10999999999845,0.9994635170566264
6912,69.11999999999846,0.9994657310155486
6913,69.12999999999846,0.9994679370469983
6914,69.13999999999847,0.9994701351735371
6915,69.14999999999847,0.9994723254176889
6916,69.15999999999848,0.9994745078019404
6917,69.16999999999848,0.9994766823487402
6918,69.17999999999849,0.9994788490804997
6919,69.18999999999849,0.9994810080195919
6920,69.1999999999985,0.9994831591883528
6921,69.2099999999985,0.99948530260908
6922,69.2199999999985,0.9994874383040331
6923,69.22999999999851,0.9994895662954341
6924,69.23999999999852,0.9994916866054666
6925,69.24999999999852,0.9994937992562765
6926,69.25999999999853,0.9994959042699711
6927,69.26999999999853,0.9994980016686199
6928,69.27999999999854,0.9995000914742539
6929,69.28999999999854,0.9995021737088658
6930,69.29999999999855,0.9995042483944102
6931,69.30999999999855,0.9995063155528031
6932,69.31999999999856,0.999508375205922
6933,69.32999999999856,0.9995104273756059
6934,69.33999999999857,0.9995124720836555
6935,69.34999999999857,0.9995145093518325
6936,69.35999999999858,0.9995165392018605
6937,69.36999999999858,0.9995185616554236
6938,69.37999999999859,0.9995205767341682
6939,69.3899999999986,0.9995225844597009
6940,69.3999999999986,0.9995245848535902
6941,69.4099999999986,0.9995265779373654
6942,69.41999999999861,0.9995285637325169
6943,69.42999999999861,0.9995305422604962
6944,69.43999999999862,0.9995325135427159
6945,69.44999999999862,0.9995344776005493
6946,69.45999999999863,0.9995364344553309
6947,69.46999999999863,0.9995383841283559
6948,69.47999999999864,0.9995403266408804
6949,69.48999999999864,0.9995422620141214
6950,69.49999999999865,0.9995441902692566
6951,69.50999999999866,0.9995461114274241
6952,69.51999999999866,0.9995480255097233
6953,69.52999999999867,0.9995499325372139
6954,69.53999999999867,0.9995518325309162
6955,69.54999999999868,0.9995537255118111
6956,69.55999999999868,0.9995556115008402
6957,69.56999999999869,0.9995574905189055
6958,69.57999999999869,0.9995593625868695
6959,69.5899999999987,0.9995612277255552
6960,69.5999999999987,0.9995630859557461
6961,69.6099999999987,0.9995649372981857
6962,69.61999999999871,0.9995667817735784
6963,69.62999999999872,0.9995686194025886
6964,69.63999999999872,0.999570450205841
6965,69.64999999999873,0.9995722742039207
6966,69.65999999999873,0.9995740914173731
6967,69.66999999999874,0.9995759018667035
6968,69.67999999999874,0.9995777055723779
6969,69.68999999999875,0.9995795025548219
6970,69.69999999999875,0.9995812928344217
6971,69.70999999999876,0.9995830764315233
6972,69.71999999999876,0.9995848533664331
6973,69.72999999999877,0.9995866236594173
6974,69.73999999999877,0.9995883873307022
6975,69.74999999999878,0.9995901444004742
6976,69.75999999999878,0.9995918948888798
6977,69.76999999999879,0.9995936388160251
6978,69.7799999999988,0.9995953762019766
6979,69.7899999999988,0.9995971070667604
6980,69.7999999999988,0.9995988314303629
6981,69.80999999999881,0.9996005493127299
6982,69.81999999999881,0.9996022607337675
6983,69.82999999999882,0.9996039657133415
6984,69.83999999999882,0.9996056642712775
6985,69.84999999999883,0.9996073564273611
6986,69.85999999999883,0.9996090422013375
6987,69.86999999999884,0.999610721612912
6988,69.87999999999884,0.9996123946817491
6989,69.88999999999885,0.9996140614274739
6990,69.89999999999885,0.9996157218696706
6991,69.90999999999886,0.9996173760278834
6992,69.91999999999886,0.9996190239216161
6993,69.92999999999887,0.9996206655703325
6994,69.93999999999888,0.9996223009934556
6995,69.94999999999888,0.9996239302103688
6996,69.95999999999889,0.9996255532404146
6997,69.96999999999889,0.9996271701028953
6998,69.9799999999989,0.999628780817073
6999,69.9899999999989,0.9996303854021694
7000,69.9999999999989,0.9996319838773658
7001,70.00999999999891,0.9996335762618033
7002,70.01999999999892,0.9996351625745824
7003,70.02999999999892,0.9996367428347633
7004,70.03999999999893,0.9996383170613659
7005,70.04999999999893,0.9996398852733697
7006,70.05999999999894,0.9996414474897136
7007,70.06999999999894,0.9996430037292966
7008,70.07999999999895,0.9996445540109766
7009,70.08999999999895,0.9996460983535719
7010,70.09999999999896,0.9996476367758595
7011,70.10999999999896,0.9996491692965768
7012,70.11999999999897,0.9996506959344201
7013,70.12999999999897,0.999652216708046
7014,70.13999999999898,0.9996537316360702
7015,70.14999999999898,0.9996552407370679
7016,70.15999999999899,0.9996567440295743
7017,70.16999999999899,0.9996582415320837
7018,70.179999999999,0.9996597332630506
7019,70.189999999999,0.9996612192408884
7020,70.19999999999901,0.9996626994839706
7021,70.20999999999901,0.99966417401063
7022,70.21999999999902,0.9996656428391593
7023,70.22999999999902,0.9996671059878103
7024,70.23999999999903,0.9996685634747948
7025,70.24999999999903,0.9996700153182843
7026,70.25999999999904,0.9996714615364094
7027,70.26999999999904,0.9996729021472608
7028,70.27999999999905,0.9996743371688886
7029,70.28999999999905,0.9996757666193026
7030,70.29999999999906,0.9996771905164721
7031,70.30999999999906,0.9996786088783262
7032,70.31999999999907,0.9996800217227536
7033,70.32999999999907,0.9996814290676025
7034,70.33999999999908,0.9996828309306811
7035,70.34999999999908,0.9996842273297568
7036,70.35999999999909,0.9996856182825573
7037,70.3699999999991,0.9996870038067693
7038,70.3799999999991,0.9996883839200398
7039,70.3899999999991,0.999689758639975
7040,70.39999999999911,0.9996911279841413
7041,70.40999999999912,0.9996924919700644
7042,70.41999999999912,0.9996938506152301
7043,70.42999999999913,0.9996952039370838
7044,70.43999999999913,0.9996965519530305
7045,70.44999999999914,0.9996978946804355
7046,70.45999999999914,0.9996992321366233
7047,70.46999999999915,0.9997005643388786
7048,70.47999999999915,0.9997018913044456
7049,70.48999999999916,0.9997032130505288
7050,70.49999999999916,0.9997045295942921
7051,70.50999999999917,0.9997058409528596
7052,70.51999999999917,0.9997071471433152
7053,70.52999999999918,0.9997084481827027
7054,70.53999999999918,0.9997097440880255
7055,70.54999999999919,0.9997110348762475
7056,70.55999999999919,0.9997123205642922
7057,70.5699999999992,0.9997136011690432
7058,70.5799999999992,0.999714876707344
7059,70.58999999999921,0.9997161471959983
7060,70.59999999999921,0.9997174126517697
7061,70.60999999999922,0.9997186730913817
7062,70.61999999999922,0.9997199285315183
7063,70.62999999999923,0.9997211789888231
7064,70.63999999999923,0.9997224244799002
7065,70.64999999999924,0.9997236650213136
7066,70.65999999999924,0.9997249006295877
7067,70.66999999999925,0.9997261313212068
7068,70.67999999999925,0.9997273571126156
7069,70.68999999999926,0.9997285780202189
7070,70.69999999999926,0.9997297940603819
7071,70.70999999999927,0.99973100524943
7072,70.71999999999927,0.9997322116036489
7073,70.72999999999928,0.9997334131392845
7074,70.73999999999928,0.9997346098725434
7075,70.74999999999929,0.9997358018195921
7076,70.7599999999993,0.9997369889965578
7077,70.7699999999993,0.9997381714195283
7078,70.7799999999993,0.9997393491045513
7079,70.78999999999931,0.9997405220676355
7080,70.79999999999932,0.9997416903247499
7081,70.80999999999932,0.9997428538918239
7082,70.81999999999933,0.9997440127847478
7083,70.82999999999933,0.9997451670193722
7084,70.83999999999934,0.9997463166115085
7085,70.84999999999934,0.9997474615769285
7086,70.85999999999935,0.9997486019313649
7087,70.86999999999935,0.9997497376905112
7088,70.87999999999936,0.9997508688700213
7089,70.88999999999936,0.9997519954855101
7090,70.89999999999937,0.9997531175525532
7091,70.90999999999937,0.9997542350866873
7092,70.91999999999938,0.9997553481034095
7093,70.92999999999938,0.9997564566181781
7094,70.93999999999939,0.9997575606464123
7095,70.94999999999939,0.9997586602034921
7096,70.9599999999994,0.9997597553047587
7097,70.9699999999994,0.9997608459655142
7098,70.97999999999941,0.9997619322010217
7099,70.98999999999941,0.9997630140265056
7100,70.99999999999942,0.9997640914571512
7101,71.00999999999942,0.9997651645081049
7102,71.01999999999943,0.9997662331944748
7103,71.02999999999943,0.9997672975313294
7104,71.03999999999944,0.9997683575336992
7105,71.04999999999944,0.9997694132165758
7106,71.05999999999945,0.9997704645949117
7107,71.06999999999945,0.9997715116836214
7108,71.07999999999946,0.9997725544975805
7109,71.08999999999946,0.9997735930516259
7110,71.09999999999947,0.9997746273605563
7111,71.10999999999947,0.9997756574391317
7112,71.11999999999948,0.9997766833020737
7113,71.12999999999948,0.9997777049640655
7114,71.13999999999949,0.9997787224397519
7115,71.1499999999995,0.9997797357437395
7116,71.1599999999995,0.9997807448905963
7117,71.1699999999995,0.9997817498948525
7118,71.17999999999951,0.9997827507709998
7119,71.18999999999951,0.9997837475334915
7120,71.19999999999952,0.9997847401967433
7121,71.20999999999952,0.9997857287751325
7122,71.21999999999953,0.9997867132829983
7123,71.22999999999954,0.9997876937346419
7124,71.23999999999954,0.9997886701443267
7125,71.24999999999955,0.999789642526278
7126,71.25999999999955,0.9997906108946834
7127,71.26999999999956,0.9997915752636923
7128,71.27999999999956,0.9997925356474167
7129,71.28999999999957,0.9997934920599305
7130,71.29999999999957,0.9997944445152701
7131,71.30999999999958,0.9997953930274343
7132,71.31999999999958,0.9997963376103838
7133,71.32999999999959,0.9997972782780422
7134,71.33999999999959,0.9997982150442953
7135,71.3499999999996,0.9997991479229916
7136,71.3599999999996,0.9998000769279419
7137,71.3699999999996,0.9998010020729198
7138,71.37999999999961,0.9998019233716613
7139,71.38999999999962,0.9998028408378652
7140,71.39999999999962,0.999803754485193
7141,71.40999999999963,0.9998046643272691
7142,71.41999999999963,0.9998055703776805
7143,71.42999999999964,0.999806472649977
7144,71.43999999999964,0.9998073711576717
7145,71.44999999999965,0.9998082659142402
7146,71.45999999999965,0.9998091569331214
7147,71.46999999999966,0.9998100442277171
7148,71.47999999999966,0.9998109278113922
7149,71.48999999999967,0.9998118076974747
7150,71.49999999999967,0.9998126838992558
7151,71.50999999999968,0.9998135564299901
7152,71.51999999999968,0.9998144253028952
7153,71.52999999999969,0.9998152905311523
7154,71.5399999999997,0.9998161521279056
7155,71.5499999999997,0.9998170101062633
7156,71.5599999999997,0.9998178644792964
7157,71.56999999999971,0.99981871526004
7158,71.57999999999971,0.9998195624614923
7159,71.58999999999972,0.9998204060966155
7160,71.59999999999972,0.9998212461783352
7161,71.60999999999973,0.9998220827195409
7162,71.61999999999973,0.9998229157330858
7163,71.62999999999974,0.9998237452317869
7164,71.63999999999974,0.9998245712284249
7165,71.64999999999975,0.999825393735745
7166,71.65999999999976,0.9998262127664556
7167,71.66999999999976,0.9998270283332296
7168,71.67999999999977,0.9998278404487039
7169,71.68999999999977,0.9998286491254795
7170,71.69999999999978,0.9998294543761216
7171,71.70999999999978,0.9998302562131594
7172,71.71999999999979,0.9998310546490867
7173,71.72999999999979,0.9998318496963615
7174,71.7399999999998,0.9998326413674062
7175,71.7499999999998,0.9998334296746075
7176,71.7599999999998,0.999834214630317
7177,71.76999999999981,0.9998349962468501
7178,71.77999999999982,0.9998357745364875
7179,71.78999999999982,0.9998365495114743
7180,71.79999999999983,0.9998373211840202
7181,71.80999999999983,0.9998380895662998
7182,71.81999999999984,0.9998388546704524
7183,71.82999999999984,0.9998396165085823
7184,71.83999999999985,0.9998403750927586
7185,71.84999999999985,0.9998411304350152
7186,71.85999999999986,0.9998418825473514
7187,71.86999999999986,0.9998426314417314
7188,71.87999999999987,0.9998433771300844
7189,71.88999999999987,0.9998441196243052
7190,71.89999999999988,0.9998448589362532
7191,71.90999999999988,0.9998455950777537
7192,71.91999999999989,0.999846328060597
7193,71.9299999999999,0.9998470578965389
7194,71.9399999999999,0.9998477845973008
7195,71.9499999999999,0.9998485081745695
7196,71.95999999999991,0.9998492286399973
7197,71.96999999999991,0.999849946005202
7198,71.97999999999992,0.9998506602817678
7199,71.98999999999992,0.9998513714812438
7200,71.99999999999993,0.9998520796151452
7201,72.00999999999993,0.9998527846949533
7202,72.01999999999994,0.999853486732115
7203,72.02999999999994,0.9998541857380434
7204,72.03999999999995,0.9998548817241174
7205,72.04999999999995,0.9998555747016821
7206,72.05999999999996,0.9998562646820487
7207,72.06999999999996,0.9998569516764948
7208,72.07999999999997,0.999857635696264
7209,72.08999999999997,0.9998583167525663
7210,72.09999999999998,0.999858994856578
7211,72.10999999999999,0.9998596700194422
7212,72.11999999999999,0.9998603422522679
7213,72.13,0.9998610115661312
7214,72.14,0.9998616779720743
7215,72.15,0.9998623414811065
7216,72.16000000000001,0.9998630021042035
7217,72.17000000000002,0.9998636598523082
7218,72.18000000000002,0.9998643147363298
7219,72.19000000000003,0.9998649667671445
7220,72.20000000000003,0.9998656159555961
7221,72.21000000000004,0.9998662623124945
7222,72.22000000000004,0.9998669058486175
7223,72.23000000000005,0.9998675465747092
7224,72.24000000000005,0.9998681845014816
7225,72.25000000000006,0.9998688196396137
7226,72.26000000000006,0.9998694519997517
7227,72.27000000000007,0.9998700815925093
7228,72.28000000000007,0.9998707084284676
7229,72.29000000000008,0.9998713325181753
7230,72.30000000000008,0.9998719538721483
7231,72.31000000000009,0.9998725725008706
7232,72.32000000000009,0.9998731884147936
7233,72.3300000000001,0.9998738016243363
7234,72.3400000000001,0.9998744121398858
7235,72.35000000000011,0.9998750199717968
7236,72.36000000000011,0.9998756251303922
7237,72.37000000000012,0.9998762276259626
7238,72.38000000000012,0.9998768274687667
7239,72.39000000000013,0.9998774246690314
7240,72.40000000000013,0.9998780192369516
7241,72.41000000000014,0.9998786111826906
7242,72.42000000000014,0.9998792005163799
7243,72.43000000000015,0.9998797872481192
7244,72.44000000000015,0.9998803713879768
7245,72.45000000000016,0.9998809529459893
7246,72.46000000000016,0.9998815319321621
7247,72.47000000000017,0.9998821083564688
7248,72.48000000000017,0.9998826822288519
7249,72.49000000000018,0.9998832535592227
7250,72.50000000000018,0.9998838223574609
7251,72.51000000000019,0.9998843886334153
7252,72.5200000000002,0.9998849523969037
7253,72.5300000000002,0.9998855136577125
7254,72.5400000000002,0.9998860724255975
7255,72.55000000000021,0.9998866287102831
7256,72.56000000000022,0.9998871825214635
7257,72.57000000000022,0.9998877338688016
7258,72.58000000000023,0.9998882827619295
7259,72.59000000000023,0.9998888292104492
7260,72.60000000000024,0.9998893732239315
7261,72.61000000000024,0.9998899148119168
7262,72.62000000000025,0.9998904539839152
7263,72.63000000000025,0.9998909907494062
7264,72.64000000000026,0.9998915251178392
7265,72.65000000000026,0.9998920570986329
7266,72.66000000000027,0.9998925867011761
7267,72.67000000000027,0.9998931139348272
7268,72.68000000000028,0.9998936388089145
7269,72.69000000000028,0.9998941613327366
7270,72.70000000000029,0.9998946815155616
7271,72.71000000000029,0.9998951993666281
7272,72.7200000000003,0.9998957148951445
7273,72.7300000000003,0.9998962281102898
7274,72.74000000000031,0.9998967390212129
7275,72.75000000000031,0.9998972476370331
7276,72.76000000000032,0.9998977539668403
7277,72.77000000000032,0.9998982580196948
7278,72.78000000000033,0.9998987598046272
7279,72.79000000000033,0.9998992593306387
7280,72.80000000000034,0.9998997566067015
7281,72.81000000000034,0.9999002516417582
7282,72.82000000000035,0.9999007444447222
7283,72.83000000000035,0.9999012350244778
7284,72.84000000000036,0.9999017233898801
7285,72.85000000000036,0.9999022095497555
7286,72.86000000000037,0.9999026935129008
7287,72.87000000000037,0.9999031752880846
7288,72.88000000000038,0.9999036548840461
7289,72.89000000000038,0.9999041323094959
7290,72.90000000000039,0.999904607573116
7291,72.9100000000004,0.9999050806835598
7292,72.9200000000004,0.9999055516494515
7293,72.9300000000004,0.9999060204793875
7294,72.94000000000041,0.9999064871819354
7295,72.95000000000041,0.9999069517656346
7296,72.96000000000042,0.9999074142389958
7297,72.97000000000043,0.9999078746105016
7298,72.98000000000043,0.9999083328886065
7299,72.99000000000044,0.9999087890817367
7300,73.00000000000044,0.9999092431982904
7301,73.01000000000045,0.999909695246638
7302,73.02000000000045,0.9999101452351213
7303,73.03000000000046,0.9999105931720548
7304,73.04000000000046,0.999911039065725
7305,73.05000000000047,0.9999114829243905
7306,73.06000000000047,0.9999119247562823
7307,73.07000000000048,0.9999123645696038
7308,73.08000000000048,0.9999128023725308
7309,73.09000000000049,0.9999132381732115
7310,73.10000000000049,0.9999136719797668
7311,73.1100000000005,0.9999141038002901
7312,73.1200000000005,0.9999145336428474
7313,73.1300000000005,0.9999149615154778
7314,73.14000000000051,0.9999153874261927
7315,73.15000000000052,0.9999158113829767
7316,73.16000000000052,0.9999162333937873
7317,73.17000000000053,0.999916653466555
7318,73.18000000000053,0.9999170716091832
7319,73.19000000000054,0.9999174878295486
7320,73.20000000000054,0.999917902135501
7321,73.21000000000055,0.9999183145348636
7322,73.22000000000055,0.9999187250354327
7323,73.23000000000056,0.999919133644978
7324,73.24000000000056,0.9999195403712428
7325,73.25000000000057,0.9999199452219437
7326,73.26000000000057,0.9999203482047713
7327,73.27000000000058,0.9999207493273892
7328,73.28000000000058,0.9999211485974351
7329,73.29000000000059,0.9999215460225205
7330,73.3000000000006,0.9999219416102304
7331,73.3100000000006,0.9999223353681241
7332,73.3200000000006,0.9999227273037345
7333,73.33000000000061,0.9999231174245689
7334,73.34000000000061,0.9999235057381081
7335,73.35000000000062,0.9999238922518076
7336,73.36000000000062,0.9999242769730967
7337,73.37000000000063,0.9999246599093793
7338,73.38000000000063,0.9999250410680335
7339,73.39000000000064,0.9999254204564116
7340,73.40000000000065,0.9999257980818408
7341,73.41000000000065,0.9999261739516224
7342,73.42000000000066,0.9999265480730324
7343,73.43000000000066,0.9999269204533215
7344,73.44000000000067,0.9999272910997153
7345,73.45000000000067,0.9999276600194138
7346,73.46000000000068,0.9999280272195921
7347,73.47000000000068,0.9999283927074
7348,73.48000000000069,0.9999287564899624
7349,73.49000000000069,0.9999291185743794
7350,73.5000000000007,0.9999294789677258
7351,73.5100000000007,0.9999298376770518
7352,73.5200000000007,0.9999301947093828
7353,73.53000000000071,0.9999305500717196
7354,73.54000000000072,0.9999309037710379
7355,73.55000000000072,0.9999312558142893
7356,73.56000000000073,0.9999316062084007
7357,73.57000000000073,0.9999319549602743
7358,73.58000000000074,0.9999323020767884
7359,73.59000000000074,0.9999326475647964
7360,73.60000000000075,0.9999329914311277
7361,73.61000000000075,0.9999333336825876
7362,73.62000000000076,0.9999336743259569
7363,73.63000000000076,0.9999340133679928
7364,73.64000000000077,0.9999343508154279
7365,73.65000000000077,0.9999346866749712
7366,73.66000000000078,0.9999350209533078
7367,73.67000000000078,0.9999353536570988
7368,73.68000000000079,0.9999356847929816
7369,73.6900000000008,0.9999360143675698
7370,73.7000000000008,0.9999363423874535
7371,73.7100000000008,0.9999366688591991
7372,73.72000000000081,0.9999369937893495
7373,73.73000000000081,0.9999373171844241
7374,73.74000000000082,0.9999376390509189
7375,73.75000000000082,0.9999379593953067
7376,73.76000000000083,0.9999382782240368
7377,73.77000000000083,0.9999385955435353
7378,73.78000000000084,0.9999389113602053
7379,73.79000000000084,0.9999392256804267
7380,73.80000000000085,0.9999395385105565
7381,73.81000000000085,0.9999398498569284
7382,73.82000000000086,0.9999401597258535
7383,73.83000000000087,0.9999404681236199
7384,73.84000000000087,0.9999407750564931
7385,73.85000000000088,0.9999410805307156
7386,73.86000000000088,0.9999413845525075
7387,73.87000000000089,0.999941687128066
7388,73.88000000000089,0.9999419882635661
7389,73.8900000000009,0.9999422879651599
7390,73.9000000000009,0.9999425862389776
7391,73.9100000000009,0.9999428830911267
7392,73.92000000000091,0.9999431785276923
7393,73.93000000000092,0.9999434725547376
7394,73.94000000000092,0.9999437651783034
7395,73.95000000000093,0.9999440564044085
7396,73.96000000000093,0.9999443462390496
7397,73.97000000000094,0.9999446346882014
7398,73.98000000000094,0.9999449217578166
7399,73.99000000000095,0.9999452074538261
7400,74.00000000000095,0.999945491782139
7401,74.01000000000096,0.9999457747486428
7402,74.02000000000096,0.9999460563592029
7403,74.03000000000097,0.9999463366196634
7404,74.04000000000097,0.9999466155358468
7405,74.05000000000098,0.9999468931135542
7406,74.06000000000098,0.9999471693585649
7407,74.07000000000099,0.999947444276637
7408,74.080000000001,0.9999477178735072
7409,74.090000000001,0.9999479901548913
7410,74.100000000001,0.9999482611264836
7411,74.11000000000101,0.999948530793957
7412,74.12000000000101,0.9999487991629636
7413,74.13000000000102,0.9999490662391347
7414,74.14000000000102,0.9999493320280802
7415,74.15000000000103,0.9999495965353894
7416,74.16000000000103,0.9999498597666304
7417,74.17000000000104,0.999950121727351
7418,74.18000000000104,0.9999503824230778
7419,74.19000000000105,0.999950641859317
7420,74.20000000000105,0.9999509000415541
7421,74.21000000000106,0.9999511569752542
7422,74.22000000000106,0.9999514126658615
7423,74.23000000000107,0.9999516671188003
7424,74.24000000000107,0.9999519203394743
7425,74.25000000000108,0.9999521723332666
7426,74.26000000000109,0.9999524231055406
7427,74.27000000000109,0.9999526726616388
7428,74.2800000000011,0.9999529210068844
7429,74.2900000000011,0.9999531681465796
7430,74.3000000000011,0.9999534140860076
7431,74.31000000000111,0.9999536588304306
7432,74.32000000000112,0.9999539023850916
7433,74.33000000000112,0.9999541447552136
7434,74.34000000000113,0.9999543859459996
7435,74.35000000000113,0.9999546259626331
7436,74.36000000000114,0.9999548648102777
7437,74.37000000000114,0.9999551024940777
7438,74.38000000000115,0.9999553390191577
7439,74.39000000000115,0.9999555743906224
7440,74.40000000000116,0.9999558086135579
7441,74.41000000000116,0.9999560416930301
7442,74.42000000000117,0.9999562736340861
7443,74.43000000000117,0.9999565044417534
7444,74.44000000000118,0.9999567341210405
7445,74.45000000000118,0.9999569626769367
7446,74.46000000000119,0.9999571901144121
7447,74.47000000000119,0.9999574164384178
7448,74.4800000000012,0.9999576416538861
7449,74.4900000000012,0.9999578657657301
7450,74.50000000000121,0.9999580887788442
7451,74.51000000000121,0.9999583106981039
7452,74.52000000000122,0.999958531528366
7453,74.53000000000122,0.9999587512744686
7454,74.54000000000123,0.9999589699412312
7455,74.55000000000123,0.9999591875334545
7456,74.56000000000124,0.999959404055921
7457,74.57000000000124,0.9999596195133943
7458,74.58000000000125,0.99995983391062
7459,74.59000000000125,0.9999600472523251
7460,74.60000000000126,0.9999602595432184
7461,74.61000000000126,0.9999604707879904
7462,74.62000000000127,0.9999606809913134
7463,74.63000000000127,0.9999608901578416
7464,74.64000000000128,0.999961098292211
7465,74.65000000000128,0.9999613053990397
7466,74.66000000000129,0.9999615114829278
7467,74.6700000000013,0.9999617165484574
7468,74.6800000000013,0.9999619206001931
7469,74.6900000000013,0.999962123642681
7470,74.70000000000131,0.99996232568045
7471,74.71000000000132,0.9999625267180111
7472,74.72000000000132,0.9999627267598579
7473,74.73000000000133,0.9999629258104661
7474,74.74000000000133,0.9999631238742939
7475,74.75000000000134,0.9999633209557821
7476,74.76000000000134,0.9999635170593543
7477,74.77000000000135,0.9999637121894164
7478,74.78000000000135,0.9999639063503569
7479,74.79000000000136,0.9999640995465475
7480,74.80000000000136,0.9999642917823424
7481,74.81000000000137,0.9999644830620786
7482,74.82000000000137,0.9999646733900761
7483,74.83000000000138,0.9999648627706378
7484,74.84000000000138,0.9999650512080497
7485,74.85000000000139,0.9999652387065808
7486,74.86000000000139,0.9999654252704832
7487,74.8700000000014,0.9999656109039922
7488,74.8800000000014,0.9999657956113261
7489,74.89000000000141,0.9999659793966871
7490,74.90000000000141,0.99996616226426
7491,74.91000000000142,0.9999663442182135
7492,74.92000000000142,0.9999665252626994
7493,74.93000000000143,0.9999667054018531
7494,74.94000000000143,0.9999668846397937
7495,74.95000000000144,0.9999670629806235
7496,74.96000000000144,0.999967240428429
7497,74.97000000000145,0.9999674169872799
7498,74.98000000000145,0.9999675926612298
7499,74.99000000000146,0.9999677674543164
7500,75.00000000000146,0.9999679413705608
7501,75.01000000000147,0.9999681144139683
7502,75.02000000000147,0.9999682865885279
7503,75.03000000000148,0.999968457898213
7504,75.04000000000148,0.9999686283469806
7505,75.05000000000149,0.9999687979387724
7506,75.0600000000015,0.9999689666775136
7507,75.0700000000015,0.999969134567114
7508,75.0800000000015,0.9999693016114678
7509,75.09000000000151,0.9999694678144531
7510,75.10000000000151,0.9999696331799326
7511,75.11000000000152,0.9999697977117535
7512,75.12000000000153,0.9999699614137475
7513,75.13000000000153,0.9999701242897305
7514,75.14000000000154,0.9999702863435033
7515,75.15000000000154,0.9999704475788511
7516,75.16000000000155,0.9999706079995441
7517,75.17000000000155,0.9999707676093367
7518,75.18000000000156,0.9999709264119686
7519,75.19000000000156,0.9999710844111641
7520,75.20000000000157,0.9999712416106323
7521,75.21000000000157,0.9999713980140674
7522,75.22000000000158,0.9999715536251484
7523,75.23000000000158,0.9999717084475395
7524,75.24000000000159,0.9999718624848899
7525,75.25000000000159,0.9999720157408338
7526,75.2600000000016,0.9999721682189907
7527,75.2700000000016,0.9999723199229655
7528,75.2800000000016,0.999972470856348
7529,75.29000000000161,0.9999726210227136
7530,75.30000000000162,0.9999727704256228
7531,75.31000000000162,0.9999729190686221
7532,75.32000000000163,0.9999730669552426
7533,75.33000000000163,0.9999732140890016
7534,75.34000000000164,0.9999733604734019
7535,75.35000000000164,0.9999735061119315
7536,75.36000000000165,0.9999736510080645
7537,75.37000000000165,0.9999737951652605
7538,75.38000000000166,0.9999739385869648
7539,75.39000000000166,0.9999740812766089
7540,75.40000000000167,0.9999742232376095
7541,75.41000000000167,0.99997436447337
7542,75.42000000000168,0.9999745049872788
7543,75.43000000000168,0.9999746447827113
7544,75.44000000000169,0.9999747838630282
7545,75.4500000000017,0.9999749222315767
7546,75.4600000000017,0.9999750598916899
7547,75.4700000000017,0.9999751968466872
7548,75.48000000000171,0.9999753330998743
7549,75.49000000000171,0.9999754686545431
7550,75.50000000000172,0.999975603513972
7551,75.51000000000172,0.9999757376814252
7552,75.52000000000173,0.9999758711601542
7553,75.53000000000173,0.9999760039533964
7554,75.54000000000174,0.9999761360643756
7555,75.55000000000175,0.9999762674963026
7556,75.56000000000175,0.9999763982523747
7557,75.57000000000176,0.9999765283357757
7558,75.58000000000176,0.999976657749676
7559,75.59000000000177,0.9999767864972331
7560,75.60000000000177,0.999976914581591
7561,75.61000000000178,0.9999770420058808
7562,75.62000000000178,0.9999771687732201
7563,75.63000000000179,0.9999772948867139
7564,75.64000000000179,0.9999774203494538
7565,75.6500000000018,0.9999775451645188
7566,75.6600000000018,0.9999776693349743
7567,75.6700000000018,0.9999777928638737
7568,75.68000000000181,0.9999779157542569
7569,75.69000000000182,0.9999780380091511
7570,75.70000000000182,0.999978159631571
7571,75.71000000000183,0.9999782806245184
7572,75.72000000000183,0.9999784009909826
7573,75.73000000000184,0.9999785207339399
7574,75.74000000000184,0.9999786398563545
7575,75.75000000000185,0.9999787583611779
7576,75.76000000000185,0.9999788762513488
7577,75.77000000000186,0.999978993529794
7578,75.78000000000186,0.9999791101994275
7579,75.79000000000187,0.9999792262631512
7580,75.80000000000187,0.9999793417238544
7581,75.81000000000188,0.9999794565844143
7582,75.82000000000188,0.9999795708476961
7583,75.83000000000189,0.9999796845165523
7584,75.8400000000019,0.9999797975938237
7585,75.8500000000019,0.9999799100823389
7586,75.8600000000019,0.9999800219849144
7587,75.87000000000191,0.9999801333043546
7588,75.88000000000191,0.9999802440434522
7589,75.89000000000192,0.9999803542049878
7590,75.90000000000192,0.99998046379173
7591,75.91000000000193,0.9999805728064357
7592,75.92000000000193,0.9999806812518502
7593,75.93000000000194,0.9999807891307068
7594,75.94000000000194,0.9999808964457271
7595,75.95000000000195,0.9999810031996209
7596,75.96000000000195,0.9999811093950869
7597,75.97000000000196,0.9999812150348117
7598,75.98000000000197,0.9999813201214706
7599,75.99000000000197,0.9999814246577272
7600,76.00000000000198,0.9999815286462338
7601,76.01000000000198,0.9999816320896313
7602,76.02000000000199,0.9999817349905493
7603,76.03000000000199,0.9999818373516057
7604,76.040000000002,0.9999819391754076
7605,76.050000000002,0.9999820404645504
7606,76.060000000002,0.9999821412216187
7607,76.07000000000201,0.9999822414491853
7608,76.08000000000202,0.9999823411498129
7609,76.09000000000202,0.999982440326052
7610,76.10000000000203,0.9999825389804428
7611,76.11000000000203,0.9999826371155142
7612,76.12000000000204,0.999982734733784
7613,76.13000000000204,0.9999828318377595
7614,76.14000000000205,0.9999829284299367
7615,76.15000000000205,0.9999830245128011
7616,76.16000000000206,0.9999831200888271
7617,76.17000000000206,0.9999832151604783
7618,76.18000000000207,0.9999833097302079
7619,76.19000000000207,0.9999834038004581
7620,76.20000000000208,0.9999834973736608
7621,76.21000000000208,0.9999835904522367
7622,76.22000000000209,0.9999836830385966
7623,76.2300000000021,0.9999837751351404
7624,76.2400000000021,0.9999838667442574
7625,76.2500000000021,0.9999839578683268
7626,76.26000000000211,0.9999840485097172
7627,76.27000000000211,0.9999841386707868
7628,76.28000000000212,0.9999842283538835
7629,76.29000000000212,0.9999843175613446
7630,76.30000000000213,0.999984406295498
7631,76.31000000000213,0.9999844945586603
7632,76.32000000000214,0.9999845823531388
7633,76.33000000000214,0.99998466968123
7634,76.34000000000215,0.9999847565452207
7635,76.35000000000215,0.9999848429473875
7636,76.36000000000216,0.999984928889997
7637,76.37000000000216,0.9999850143753056
7638,76.38000000000217,0.9999850994055602
7639,76.39000000000217,0.9999851839829973
7640,76.40000000000218,0.9999852681098438
7641,76.41000000000219,0.9999853517883167
7642,76.42000000000219,0.999985435020623
7643,76.4300000000022,0.9999855178089603
7644,76.4400000000022,0.9999856001555162
7645,76.4500000000022,0.9999856820624685
7646,76.46000000000221,0.9999857635319859
7647,76.47000000000222,0.9999858445662266
7648,76.48000000000222,0.9999859251673401
7649,76.49000000000223,0.9999860053374656
7650,76.50000000000223,0.9999860850787334
7651,76.51000000000224,0.999986164393264
7652,76.52000000000224,0.9999862432831684
7653,76.53000000000225,0.9999863217505485
7654,76.54000000000225,0.9999863997974964
7655,76.55000000000226,0.9999864774260953
7656,76.56000000000226,0.9999865546384187
7657,76.57000000000227,0.9999866314365312
7658,76.58000000000227,0.999986707822488
7659,76.59000000000228,0.999986783798335
7660,76.60000000000228,0.9999868593661093
7661,76.61000000000229,0.9999869345278385
7662,76.62000000000229,0.9999870092855412
7663,76.6300000000023,0.999987083641227
7664,76.6400000000023,0.9999871575968966
7665,76.65000000000231,0.9999872311545416
7666,76.66000000000231,0.9999873043161446
7667,76.67000000000232,0.9999873770836794
7668,76.68000000000232,0.9999874494591107
7669,76.69000000000233,0.9999875214443946
7670,76.70000000000233,0.9999875930414786
7671,76.71000000000234,0.9999876642523007
7672,76.72000000000234,0.9999877350787909
7673,76.73000000000235,0.99998780552287
7674,76.74000000000235,0.9999878755864505
7675,76.75000000000236,0.999987945271436
7676,76.76000000000236,0.9999880145797214
7677,76.77000000000237,0.9999880835131936
7678,76.78000000000237,0.9999881520737302
7679,76.79000000000238,0.9999882202632007
7680,76.80000000000238,0.9999882880834662
7681,76.81000000000239,0.9999883555363791
7682,76.8200000000024,0.9999884226237837
7683,76.8300000000024,0.9999884893475157
7684,76.8400000000024,0.9999885557094025
7685,76.85000000000241,0.9999886217112631
7686,76.86000000000242,0.9999886873549085
7687,76.87000000000242,0.9999887526421414
7688,76.88000000000243,0.9999888175747559
7689,76.89000000000243,0.9999888821545384
7690,76.90000000000244,0.9999889463832669
7691,76.91000000000244,0.9999890102627113
7692,76.92000000000245,0.9999890737946335
7693,76.93000000000245,0.9999891369807874
7694,76.94000000000246,0.9999891998229187
7695,76.95000000000246,0.9999892623227652
7696,76.96000000000247,0.9999893244820569
7697,76.97000000000247,0.9999893863025157
7698,76.98000000000248,0.9999894477858554
7699,76.99000000000248,0.9999895089337825
7700,77.00000000000249,0.9999895697479952
7701,77.01000000000249,0.9999896302301842
7702,77.0200000000025,0.999989690382032
7703,77.0300000000025,0.999989750205214
7704,77.04000000000251,0.9999898097013974
7705,77.05000000000251,0.9999898688722418
7706,77.06000000000252,0.9999899277193994
7707,77.07000000000252,0.9999899862445145
7708,77.08000000000253,0.999990044449224
7709,77.09000000000253,0.9999901023351573
7710,77.10000000000254,0.999990159903936
7711,77.11000000000254,0.9999902171571744
7712,77.12000000000255,0.9999902740964794
7713,77.13000000000255,0.9999903307234504
7714,77.14000000000256,0.9999903870396794
7715,77.15000000000256,0.9999904430467508
7716,77.16000000000257,0.9999904987462421
7717,77.17000000000257,0.9999905541397233
7718,77.18000000000258,0.9999906092287569
7719,77.19000000000258,0.9999906640148986
7720,77.20000000000259,0.9999907184996962
7721,77.2100000000026,0.999990772684691
7722,77.2200000000026,0.9999908265714169
7723,77.2300000000026,0.9999908801614006
7724,77.24000000000261,0.9999909334561614
7725,77.25000000000261,0.9999909864572122
7726,77.26000000000262,0.9999910391660582
7727,77.27000000000263,0.9999910915841982
7728,77.28000000000263,0.9999911437131233
7729,77.29000000000264,0.9999911955543181
7730,77.30000000000264,0.9999912471092604
7731,77.31000000000265,0.9999912983794206
7732,77.32000000000265,0.9999913493662627
7733,77.33000000000266,0.9999914000712434
7734,77.34000000000266,0.999991450495813
7735,77.35000000000267,0.9999915006414147
7736,77.36000000000267,0.9999915505094851
7737,77.37000000000268,0.999991600101454
7738,77.38000000000268,0.9999916494187446
7739,77.39000000000269,0.9999916984627732
7740,77.40000000000269,0.9999917472349498
7741,77.4100000000027,0.9999917957366772
7742,77.4200000000027,0.999991843969352
7743,77.4300000000027,0.9999918919343643
7744,77.44000000000271,0.9999919396330975
7745,77.45000000000272,0.9999919870669285
7746,77.46000000000272,0.9999920342372276
7747,77.47000000000273,0.9999920811453589
7748,77.48000000000273,0.9999921277926798
7749,77.49000000000274,0.9999921741805413
7750,77.50000000000274,0.9999922203102882
7751,77.51000000000275,0.9999922661832589
7752,77.52000000000275,0.9999923118007853
7753,77.53000000000276,0.9999923571641932
7754,77.54000000000276,0.999992402274802
7755,77.55000000000277,0.9999924471339248
7756,77.56000000000277,0.9999924917428685
7757,77.57000000000278,0.9999925361029341
7758,77.58000000000278,0.9999925802154159
7759,77.59000000000279,0.9999926240816025
7760,77.6000000000028,0.9999926677027761
7761,77.6100000000028,0.9999927110802128
7762,77.6200000000028,0.9999927542151829
7763,77.63000000000281,0.9999927971089503
7764,77.64000000000281,0.9999928397627732
7765,77.65000000000282,0.9999928821779035
7766,77.66000000000282,0.9999929243555874
7767,77.67000000000283,0.999992966297065
7768,77.68000000000283,0.9999930080035706
7769,77.69000000000284,0.9999930494763324
7770,77.70000000000285,0.9999930907165727
7771,77.71000000000285,0.9999931317255084
7772,77.72000000000286,0.9999931725043502
7773,77.73000000000286,0.9999932130543028
7774,77.74000000000287,0.9999932533765657
7775,77.75000000000287,0.9999932934723323
7776,77.76000000000288,0.9999933333427903
7777,77.77000000000288,0.9999933729891216
7778,77.78000000000289,0.9999934124125028
7779,77.79000000000289,0.9999934516141044
7780,77.8000000000029,0.9999934905950916
7781,77.8100000000029,0.9999935293566237
7782,77.8200000000029,0.9999935678998547
7783,77.83000000000291,0.999993606225933
7784,77.84000000000292,0.9999936443360012
7785,77.85000000000292,0.9999936822311969
7786,77.86000000000293,0.9999937199126515
7787,77.87000000000293,0.9999937573814917
7788,77.88000000000294,0.9999937946388382
7789,77.89000000000294,0.9999938316858066
7790,77.90000000000295,0.9999938685235068
7791,77.91000000000295,0.9999939051530438
7792,77.92000000000296,0.9999939415755167
7793,77.93000000000296,0.9999939777920197
7794,77.94000000000297,0.9999940138036415
7795,77.95000000000297,0.9999940496114658
7796,77.96000000000298,0.9999940852165704
7797,77.97000000000298,0.9999941206200287
7798,77.98000000000299,0.9999941558229082
7799,77.990000000003,0.9999941908262716
7800,78.000000000003,0.9999942256311763
7801,78.010000000003,0.9999942602386747
7802,78.02000000000301,0.9999942946498137
7803,78.03000000000301,0.9999943288656356
7804,78.04000000000302,0.9999943628871772
7805,78.05000000000302,0.9999943967154707
7806,78.06000000000303,0.9999944303515428
7807,78.07000000000303,0.9999944637964154
7808,78.08000000000304,0.9999944970511054
7809,78.09000000000304,0.9999945301166248
7810,78.10000000000305,0.9999945629939805
7811,78.11000000000305,0.9999945956841746
7812,78.12000000000306,0.9999946281882043
7813,78.13000000000306,0.9999946605070618
7814,78.14000000000307,0.9999946926417346
7815,78.15000000000308,0.9999947245932052
7816,78.16000000000308,0.9999947563624514
7817,78.17000000000309,0.999994787950446
7818,78.18000000000309,0.9999948193581576
7819,78.1900000000031,0.9999948505865492
7820,78.2000000000031,0.9999948816365798
7821,78.2100000000031,0.9999949125092032
7822,78.22000000000311,0.9999949432053689
7823,78.23000000000312,0.9999949737260212
7824,78.24000000000312,0.9999950040721002
7825,78.25000000000313,0.9999950342445414
7826,78.26000000000313,0.9999950642442753
7827,78.27000000000314,0.9999950940722282
7828,78.28000000000314,0.9999951237293215
7829,78.29000000000315,0.9999951532164725
7830,78.30000000000315,0.9999951825345934
7831,78.31000000000316,0.9999952116845923
7832,78.32000000000316,0.9999952406673726
7833,78.33000000000317,0.9999952694838333
7834,78.34000000000317,0.9999952981348691
7835,78.35000000000318,0.99999532662137
7836,78.36000000000318,0.9999953549442219
7837,78.37000000000319,0.9999953831043059
7838,78.3800000000032,0.9999954111024991
7839,78.3900000000032,0.999995438939674
7840,78.4000000000032,0.999995466616699
7841,78.41000000000321,0.9999954941344379
7842,78.42000000000321,0.9999955214937505
7843,78.43000000000322,0.9999955486954921
7844,78.44000000000322,0.9999955757405139
7845,78.45000000000323,0.9999956026296626
7846,78.46000000000323,0.9999956293637811
7847,78.47000000000324,0.9999956559437077
7848,78.48000000000324,0.9999956823702768
7849,78.49000000000325,0.9999957086443184
7850,78.50000000000325,0.9999957347666586
7851,78.51000000000326,0.9999957607381191
7852,78.52000000000326,0.9999957865595178
7853,78.53000000000327,0.9999958122316683
7854,78.54000000000327,0.9999958377553803
7855,78.55000000000328,0.999995863131459
7856,78.56000000000328,0.9999958883607063
7857,78.57000000000329,0.9999959134439194
7858,78.5800000000033,0.9999959383818918
7859,78.5900000000033,0.9999959631754132
7860,78.6000000000033,0.9999959878252689
7861,78.61000000000331,0.9999960123322407
7862,78.62000000000332,0.9999960366971061
7863,78.63000000000332,0.9999960609206391
7864,78.64000000000333,0.9999960850036093
7865,78.65000000000333,0.9999961089467828
7866,78.66000000000334,0.9999961327509218
7867,78.67000000000334,0.9999961564167846
7868,78.68000000000335,0.9999961799451256
7869,78.69000000000335,0.9999962033366955
7870,78.70000000000336,0.9999962265922412
7871,78.71000000000336,0.9999962497125058
7872,78.72000000000337,0.9999962726982287
7873,78.73000000000337,0.9999962955501456
7874,78.74000000000338,0.9999963182689883
7875,78.75000000000338,0.9999963408554849
7876,78.76000000000339,0.9999963633103603
7877,78.77000000000339,0.999996385634335
7878,78.7800000000034,0.9999964078281265
7879,78.7900000000034,0.9999964298924481
7880,78.80000000000341,0.9999964518280099
7881,78.81000000000341,0.9999964736355182
7882,78.82000000000342,0.9999964953156759
7883,78.83000000000342,0.9999965168691821
7884,78.84000000000343,0.9999965382967324
7885,78.85000000000343,0.999996559599019
7886,78.86000000000344,0.9999965807767305
7887,78.87000000000344,0.999996601830552
7888,78.88000000000345,0.999996622761165
7889,78.89000000000345,0.9999966435692477
7890,78.90000000000346,0.9999966642554746
7891,78.91000000000346,0.9999966848205173
7892,78.92000000000347,0.9999967052650434
7893,78.93000000000347,0.9999967255897173
7894,78.94000000000348,0.9999967457951999
7895,78.95000000000348,0.9999967658821491
7896,78.96000000000349,0.9999967858512191
7897,78.9700000000035,0.9999968057030606
7898,78.9800000000035,0.9999968254383215
7899,78.9900000000035,0.9999968450576459
7900,79.00000000000351,0.9999968645616748
7901,79.01000000000352,0.9999968839510459
7902,79.02000000000352,0.9999969032263937
7903,79.03000000000353,0.9999969223883493
7904,79.04000000000353,0.9999969414375407
7905,79.05000000000354,0.9999969603745925
7906,79.06000000000354,0.9999969792001264
7907,79.07000000000355,0.9999969979147605
7908,79.08000000000355,0.9999970165191101
7909,79.09000000000356,0.999997035013787
7910,79.10000000000356,0.9999970533994003
7911,79.11000000000357,0.9999970716765553
7912,79.12000000000357,0.9999970898458548
7913,79.13000000000358,0.9999971079078982
7914,79.14000000000358,0.9999971258632819
7915,79.15000000000359,0.9999971437125992
7916,79.16000000000359,0.9999971614564401
7917,79.1700000000036,0.9999971790953921
7918,79.1800000000036,0.9999971966300393
7919,79.19000000000361,0.9999972140609625
7920,79.20000000000361,0.9999972313887402
7921,79.21000000000362,0.9999972486139473
7922,79.22000000000362,0.9999972657371561
7923,79.23000000000363,0.9999972827589356
7924,79.24000000000363,0.9999972996798523
7925,79.25000000000364,0.9999973165004692
7926,79.26000000000364,0.9999973332213469
7927,79.27000000000365,0.9999973498430427
7928,79.28000000000365,0.9999973663661114
7929,79.29000000000366,0.9999973827911044
7930,79.30000000000366,0.9999973991185708
7931,79.31000000000367,0.9999974153490563
7932,79.32000000000367,0.9999974314831043
7933,79.33000000000368,0.999997447521255
7934,79.34000000000368,0.9999974634640459
7935,79.35000000000369,0.9999974793120117
7936,79.3600000000037,0.9999974950656842
7937,79.3700000000037,0.9999975107255927
7938,79.3800000000037,0.9999975262922635
7939,79.39000000000371,0.9999975417662201
7940,79.40000000000371,0.9999975571479837
7941,79.41000000000372,0.9999975724380721
7942,79.42000000000372,0.999997587637001
7943,79.43000000000373,0.999997602745283
7944,79.44000000000374,0.9999976177634284
7945,79.45000000000374,0.9999976326919444
7946,79.46000000000375,0.9999976475313359
7947,79.47000000000375,0.9999976622821048
7948,79.48000000000376,0.999997676944751
7949,79.49000000000376,0.9999976915197708
7950,79.50000000000377,0.9999977060076588
7951,79.51000000000377,0.9999977204089067
7952,79.52000000000378,0.9999977347240033
7953,79.53000000000378,0.9999977489534353
7954,79.54000000000379,0.9999977630976866
7955,79.55000000000379,0.9999977771572386
7956,79.5600000000038,0.99999779113257
7957,79.5700000000038,0.9999978050241576
7958,79.5800000000038,0.9999978188324747
7959,79.59000000000381,0.9999978325579929
7960,79.60000000000382,0.9999978462011812
7961,79.61000000000382,0.9999978597625057
7962,79.62000000000383,0.9999978732424304
7963,79.63000000000383,0.9999978866414168
7964,79.64000000000384,0.9999978999599239
7965,79.65000000000384,0.9999979131984084
7966,79.66000000000385,0.9999979263573244
7967,79.67000000000385,0.9999979394371237
7968,79.68000000000386,0.9999979524382557
7969,79.69000000000386,0.9999979653611676
7970,79.70000000000387,0.9999979782063038
7971,79.71000000000387,0.9999979909741066
7972,79.72000000000388,0.999998003665016
7973,79.73000000000388,0.9999980162794698
7974,79.74000000000389,0.9999980288179031
7975,79.7500000000039,0.9999980412807489
7976,79.7600000000039,0.9999980536684379
7977,79.7700000000039,0.9999980659813985
7978,79.78000000000391,0.9999980782200569
7979,79.79000000000391,0.9999980903848368
7980,79.80000000000392,0.9999981024761598
7981,79.81000000000392,0.9999981144944455
7982,79.82000000000393,0.9999981264401108
7983,79.83000000000393,0.9999981383135705
7984,79.84000000000394,0.9999981501152375
7985,79.85000000000394,0.9999981618455221
7986,79.86000000000395,0.9999981735048328
7987,79.87000000000396,0.9999981850935755
7988,79.88000000000396,0.9999981966121543
7989,79.89000000000397,0.9999982080609708
7990,79.90000000000397,0.9999982194404249
7991,79.91000000000398,0.9999982307509138
7992,79.92000000000398,0.999998241992833
7993,79.93000000000399,0.9999982531665759
7994,79.94000000000399,0.9999982642725335
7995,79.950000000004,0.9999982753110948
7996,79.960000000004,0.9999982862826468
7997,79.970000000004,0.9999982971875745
7998,79.98000000000401,0.9999983080262606
7999,79.99000000000402,0.9999983187990859
8000,80.00000000000402,0.9999983295064291
8001,80.01000000000403,0.999998340148667
8002,80.02000000000403,0.9999983507261742
8003,80.03000000000404,0.9999983612393232
8004,80.04000000000404,0.9999983716884849
8005,80.05000000000405,0.9999983820740278
8006,80.06000000000405,0.9999983923963186
8007,80.07000000000406,0.9999984026557219
8008,80.08000000000406,0.9999984128526007
8009,80.09000000000407,0.9999984229873154
8010,80.10000000000407,0.9999984330602251
8011,80.11000000000408,0.9999984430716865
8012,80.12000000000408,0.9999984530220547
8013,80.13000000000409,0.9999984629116827
8014,80.1400000000041,0.9999984727409215
8015,80.1500000000041,0.9999984825101205
8016,80.1600000000041,0.999998492219627
8017,80.17000000000411,0.9999985018697863
8018,80.18000000000411,0.9999985114609423
8019,80.19000000000412,0.9999985209934364
8020,80.20000000000412,0.9999985304676088
8021,80.21000000000413,0.9999985398837974
8022,80.22000000000413,0.9999985492423382
8023,80.23000000000414,0.9999985585435659
8024,80.24000000000414,0.9999985677878129
8025,80.25000000000415,0.99999857697541
8026,80.26000000000415,0.9999985861066861
8027,80.27000000000416,0.9999985951819684
8028,80.28000000000416,0.9999986042015824
8029,80.29000000000417,0.9999986131658515
8030,80.30000000000418,0.9999986220750977
8031,80.31000000000418,0.9999986309296411
8032,80.32000000000419,0.9999986397298002
8033,80.33000000000419,0.9999986484758913
8034,80.3400000000042,0.9999986571682296
8035,80.3500000000042,0.999998665807128
8036,80.3600000000042,0.9999986743928982
8037,80.37000000000421,0.99999868292585
8038,80.38000000000422,0.9999986914062914
8039,80.39000000000422,0.9999986998345287
8040,80.40000000000423,0.9999987082108668
8041,80.41000000000423,0.9999987165356086
8042,80.42000000000424,0.9999987248090555
8043,80.43000000000424,0.9999987330315073
8044,80.44000000000425,0.9999987412032623
8045,80.45000000000425,0.9999987493246166
8046,80.46000000000426,0.9999987573958653
8047,80.47000000000426,0.9999987654173015
8048,80.48000000000427,0.9999987733892169
8049,80.49000000000427,0.9999987813119015
8050,80.50000000000428,0.9999987891856437
8051,80.51000000000428,0.9999987970107304
8052,80.52000000000429,0.9999988047874467
8053,80.53000000000429,0.9999988125160766
8054,80.5400000000043,0.9999988201969019
8055,80.5500000000043,0.9999988278302034
8056,80.56000000000431,0.9999988354162601
8057,80.57000000000431,0.9999988429553494
8058,80.58000000000432,0.9999988504477474
8059,80.59000000000432,0.9999988578937284
8060,80.60000000000433,0.9999988652935656
8061,80.61000000000433,0.9999988726475302
8062,80.62000000000434,0.9999988799558921
8063,80.63000000000434,0.9999988872189199
8064,80.64000000000435,0.9999988944368806
8065,80.65000000000435,0.9999989016100395
8066,80.66000000000436,0.9999989087386606
8067,80.67000000000436,0.9999989158230066
8068,80.68000000000437,0.9999989228633386
8069,80.69000000000437,0.9999989298599161
8070,80.70000000000438,0.9999989368129975
8071,80.71000000000438,0.9999989437228395
8072,80.72000000000439,0.9999989505896973
8073,80.7300000000044,0.9999989574138252
8074,80.7400000000044,0.9999989641954755
8075,80.7500000000044,0.9999989709348993
8076,80.76000000000441,0.9999989776323465
8077,80.77000000000442,0.9999989842880653
8078,80.78000000000442,0.9999989909023028
8079,80.79000000000443,0.9999989974753045
8080,80.80000000000443,0.9999990040073148
8081,80.81000000000444,0.9999990104985763
8082,80.82000000000444,0.9999990169493307
8083,80.83000000000445,0.9999990233598182
8084,80.84000000000445,0.9999990297302774
8085,80.85000000000446,0.9999990360609462
8086,80.86000000000446,0.9999990423520605
8087,80.87000000000447,0.9999990486038551
8088,80.88000000000447,0.9999990548165638
8089,80.89000000000448,0.9999990609904187
8090,80.90000000000448,0.9999990671256508
8091,80.91000000000449,0.9999990732224897
8092,80.92000000000449,0.9999990792811638
8093,80.9300000000045,0.9999990853019003
8094,80.9400000000045,0.9999990912849248
8095,80.95000000000451,0.9999990972304621
8096,80.96000000000451,0.9999991031387354
8097,80.97000000000452,0.9999991090099667
8098,80.98000000000452,0.999999114844377
8099,80.99000000000453,0.9999991206421855
8100,81.00000000000453,0.999999126403611
8101,81.01000000000454,0.9999991321288703
8102,81.02000000000454,0.9999991378181794
8103,81.03000000000455,0.9999991434717529
8104,81.04000000000455,0.9999991490898044
8105,81.05000000000456,0.9999991546725461
8106,81.06000000000456,0.9999991602201891
8107,81.07000000000457,0.9999991657329433
8108,81.08000000000457,0.9999991712110174
8109,81.09000000000458,0.9999991766546189
8110,81.10000000000458,0.9999991820639542
8111,81.11000000000459,0.9999991874392287
8112,81.1200000000046,0.999999192780646
8113,81.1300000000046,0.9999991980884094
8114,81.1400000000046,0.9999992033627204
8115,81.15000000000461,0.9999992086037798
8116,81.16000000000462,0.999999213811787
8117,81.17000000000462,0.9999992189869403
8118,81.18000000000463,0.999999224129437
8119,81.19000000000463,0.9999992292394733
8120,81.20000000000464,0.9999992343172439
8121,81.21000000000464,0.9999992393629431
8122,81.22000000000465,0.9999992443767634
8123,81.23000000000465,0.9999992493588966
8124,81.24000000000466,0.9999992543095334
8125,81.25000000000466,0.9999992592288633
8126,81.26000000000467,0.9999992641170747
8127,81.27000000000467,0.9999992689743552
8128,81.28000000000468,0.9999992738008909
8129,81.29000000000468,0.9999992785968672
8130,81.30000000000469,0.9999992833624683
8131,81.31000000000469,0.9999992880978775
8132,81.3200000000047,0.9999992928032768
8133,81.3300000000047,0.9999992974788473
8134,81.34000000000471,0.9999993021247691
8135,81.35000000000471,0.9999993067412213
8136,81.36000000000472,0.9999993113283818
8137,81.37000000000472,0.9999993158864279
8138,81.38000000000473,0.9999993204155352
8139,81.39000000000473,0.999999324915879
8140,81.40000000000474,0.9999993293876333
8141,81.41000000000474,0.9999993338309708
8142,81.42000000000475,0.9999993382460639
8143,81.43000000000475,0.9999993426330835
8144,81.44000000000476,0.9999993469921996
8145,81.45000000000476,0.9999993513235814
8146,81.46000000000477,0.999999355627397
8147,81.47000000000477,0.9999993599038135
8148,81.48000000000478,0.9999993641529971
8149,81.49000000000478,0.9999993683751132
8150,81.50000000000479,0.9999993725703259
8151,81.5100000000048,0.9999993767387988
8152,81.5200000000048,0.9999993808806941
8153,81.5300000000048,0.9999993849961735
8154,81.54000000000481,0.9999993890853974
8155,81.55000000000481,0.9999993931485256
8156,81.56000000000482,0.9999993971857167
8157,81.57000000000482,0.9999994011971287
8158,81.58000000000483,0.9999994051829184
8159,81.59000000000484,0.9999994091432418
8160,81.60000000000484,0.9999994130782541
8161,81.61000000000485,0.9999994169881095
8162,81.62000000000485,0.9999994208729613
8163,81.63000000000486,0.999999424732962
8164,81.64000000000486,0.9999994285682631
8165,81.65000000000487,0.9999994323790153
8166,81.66000000000487,0.9999994361653687
8167,81.67000000000488,0.999999439927472
8168,81.68000000000488,0.9999994436654733
8169,81.69000000000489,0.9999994473795201
8170,81.70000000000489,0.9999994510697585
8171,81.7100000000049,0.9999994547363343
8172,81.7200000000049,0.9999994583793922
8173,81.7300000000049,0.999999461999076
8174,81.74000000000491,0.9999994655955287
8175,81.75000000000492,0.9999994691688927
8176,81.76000000000492,0.9999994727193092
8177,81.77000000000493,0.9999994762469191
8178,81.78000000000493,0.9999994797518618
8179,81.79000000000494,0.9999994832342766
8180,81.80000000000494,0.9999994866943013
8181,81.81000000000495,0.9999994901320736
8182,81.82000000000495,0.9999994935477299
8183,81.83000000000496,0.9999994969414059
8184,81.84000000000496,0.9999995003132367
8185,81.85000000000497,0.9999995036633564
8186,81.86000000000497,0.9999995069918985
8187,81.87000000000498,0.9999995102989956
8188,81.88000000000498,0.9999995135847796
8189,81.89000000000499,0.9999995168493815
8190,81.900000000005,0.9999995200929318
8191,81.910000000005,0.99999952331556
8192,81.920000000005,0.9999995265173949
8193,81.93000000000501,0.9999995296985645
8194,81.94000000000501,0.9999995328591963
8195,81.95000000000502,0.9999995359994168
8196,81.96000000000502,0.9999995391193519
8197,81.97000000000503,0.9999995422191266
8198,81.98000000000503,0.9999995452988654
8199,81.99000000000504,0.999999548358692
8200,82.00000000000504,0.9999995513987291
8201,82.01000000000505,0.9999995544190992
8202,82.02000000000506,0.9999995574199235
8203,82.03000000000506,0.9999995604013231
8204,82.04000000000507,0.999999563363418
8205,82.05000000000507,0.9999995663063275
8206,82.06000000000508,0.9999995692301702
8207,82.07000000000508,0.9999995721350643
8208,82.08000000000509,0.999999575021127
8209,82.09000000000509,0.9999995778884749
8210,82.1000000000051,0.9999995807372241
8211,82.1100000000051,0.9999995835674894
8212,82.1200000000051,0.9999995863793859
8213,82.13000000000511,0.9999995891730271
8214,82.14000000000512,0.9999995919485265
8215,82.15000000000512,0.9999995947059965
8216,82.16000000000513,0.9999995974455491
8217,82.17000000000513,0.9999996001672955
8218,82.18000000000514,0.9999996028713463
8219,82.19000000000514,0.9999996055578113
8220,82.20000000000515,0.9999996082268
8221,82.21000000000515,0.999999610878421
8222,82.22000000000516,0.9999996135127823
8223,82.23000000000516,0.9999996161299912
8224,82.24000000000517,0.9999996187301545
8225,82.25000000000517,0.9999996213133783
8226,82.26000000000518,0.9999996238797682
8227,82.27000000000518,0.9999996264294287
8228,82.28000000000519,0.9999996289624645
8229,82.2900000000052,0.999999631478979
8230,82.3000000000052,0.9999996339790751
8231,82.3100000000052,0.9999996364628554
8232,82.32000000000521,0.9999996389304217
8233,82.33000000000521,0.999999641381875
8234,82.34000000000522,0.9999996438173162
8235,82.35000000000522,0.999999646236845
8236,82.36000000000523,0.999999648640561
8237,82.37000000000523,0.999999651028563
8238,82.38000000000524,0.9999996534009492
8239,82.39000000000524,0.9999996557578172
8240,82.40000000000525,0.9999996580992643
8241,82.41000000000525,0.9999996604253867
8242,82.42000000000526,0.9999996627362805
8243,82.43000000000526,0.9999996650320411
8244,82.44000000000527,0.999999667312763
8245,82.45000000000528,0.9999996695785408
8246,82.46000000000528,0.999999671829468
8247,82.47000000000529,0.9999996740656377
8248,82.48000000000529,0.9999996762871425
8249,82.4900000000053,0.9999996784940743
8250,82.5000000000053,0.9999996806865248
8251,82.5100000000053,0.9999996828645846
8252,82.52000000000531,0.9999996850283444
8253,82.53000000000532,0.9999996871778937
8254,82.54000000000532,0.999999689313322
8255,82.55000000000533,0.999999691434718
8256,82.56000000000533,0.9999996935421699
8257,82.57000000000534,0.9999996956357655
8258,82.58000000000534,0.999999697715592
8259,82.59000000000535,0.9999996997817361
8260,82.60000000000535,0.9999997018342838
8261,82.61000000000536,0.9999997038733207
8262,82.62000000000536,0.9999997058989321
8263,82.63000000000537,0.9999997079112025
8264,82.64000000000537,0.999999709910216
8265,82.65000000000538,0.9999997118960563
8266,82.66000000000538,0.9999997138688064
8267,82.67000000000539,0.9999997158285489
8268,82.68000000000539,0.9999997177753659
8269,82.6900000000054,0.9999997197093392
8270,82.7000000000054,0.9999997216305496
8271,82.71000000000541,0.9999997235390781
8272,82.72000000000541,0.9999997254350046
8273,82.73000000000542,0.9999997273184088
8274,82.74000000000542,0.99999972918937
8275,82.75000000000543,0.9999997310479668
8276,82.76000000000543,0.9999997328942776
8277,82.77000000000544,0.99999973472838
8278,82.78000000000544,0.9999997365503515
8279,82.79000000000545,0.9999997383602687
8280,82.80000000000545,0.9999997401582081
8281,82.81000000000546,0.9999997419442458
8282,82.82000000000546,0.999999743718457
8283,82.83000000000547,0.9999997454809169
8284,82.84000000000547,0.9999997472316998
8285,82.85000000000548,0.9999997489708801
8286,82.86000000000548,0.9999997506985312
8287,82.87000000000549,0.9999997524147266
8288,82.8800000000055,0.9999997541195388
8289,82.8900000000055,0.9999997558130402
8290,82.9000000000055,0.9999997574953029
8291,82.91000000000551,0.9999997591663982
8292,82.92000000000552,0.9999997608263971
8293,82.93000000000552,0.9999997624753701
8294,82.94000000000553,0.9999997641133876
8295,82.95000000000553,0.9999997657405194
8296,82.96000000000554,0.9999997673568346
8297,82.97000000000554,0.9999997689624022
8298,82.98000000000555,0.9999997705572906
8299,82.99000000000555,0.999999772141568
8300,83.00000000000556,0.999999773715302
8301,83.01000000000556,0.99999977527856
8302,83.02000000000557,0.9999997768314085
8303,83.03000000000557,0.9999997783739143
8304,83.04000000000558,0.9999997799061432
8305,83.05000000000558,0.9999997814281609
8306,83.06000000000559,0.9999997829400328
8307,83.07000000000559,0.9999997844418235
8308,83.0800000000056,0.9999997859335975
8309,83.0900000000056,0.9999997874154188
8310,83.10000000000561,0.9999997888873513
8311,83.11000000000561,0.999999790349458
8312,83.12000000000562,0.9999997918018019
8313,83.13000000000562,0.9999997932444455
8314,83.14000000000563,0.999999794677451
8315,83.15000000000563,0.9999997961008801
8316,83.16000000000564,0.9999997975147941
8317,83.17000000000564,0.9999997989192541
8318,83.18000000000565,0.9999998003143205
8319,83.19000000000565,0.9999998017000539
8320,83.20000000000566,0.9999998030765138
8321,83.21000000000566,0.99999980444376
8322,83.22000000000567,0.9999998058018517
8323,83.23000000000567,0.9999998071508475
8324,83.24000000000568,0.9999998084908058
8325,83.25000000000568,0.9999998098217848
8326,83.26000000000569,0.9999998111438423
8327,83.2700000000057,0.9999998124570355
8328,83.2800000000057,0.9999998137614216
8329,83.2900000000057,0.9999998150570569
8330,83.30000000000571,0.9999998163439981
8331,83.31000000000572,0.9999998176223012
8332,83.32000000000572,0.9999998188920215
8333,83.33000000000573,0.9999998201532144
8334,83.34000000000573,0.999999821405935
8335,83.35000000000574,0.9999998226502379
8336,83.36000000000574,0.9999998238861773
8337,83.37000000000575,0.999999825113807
8338,83.38000000000575,0.9999998263331809
8339,83.39000000000576,0.9999998275443521
8340,83.40000000000576,0.9999998287473736
8341,83.41000000000577,0.9999998299422981
8342,83.42000000000577,0.9999998311291778
8343,83.43000000000578,0.9999998323080647
8344,83.44000000000578,0.9999998334790104
8345,83.45000000000579,0.9999998346420664
8346,83.46000000000579,0.9999998357972838
8347,83.4700000000058,0.9999998369447131
8348,83.4800000000058,0.9999998380844046
8349,83.49000000000581,0.9999998392164088
8350,83.50000000000581,0.9999998403407752
8351,83.51000000000582,0.9999998414575532
8352,83.52000000000582,0.9999998425667922
8353,83.53000000000583,0.9999998436685409
8354,83.54000000000583,0.999999844762848
8355,83.55000000000584,0.9999998458497615
8356,83.56000000000584,0.9999998469293297
8357,83.57000000000585,0.9999998480016001
8358,83.58000000000585,0.9999998490666201
8359,83.59000000000586,0.9999998501244368
8360,83.60000000000586,0.9999998511750969
8361,83.61000000000587,0.999999852218647
8362,83.62000000000587,0.9999998532551332
8363,83.63000000000588,0.9999998542846015
8364,83.64000000000588,0.9999998553070976
8365,83.65000000000589,0.9999998563226666
8366,83.6600000000059,0.9999998573313539
8367,83.6700000000059,0.9999998583332042
8368,83.6800000000059,0.9999998593282619
8369,83.69000000000591,0.9999998603165712
8370,83.70000000000591,0.9999998612981762
8371,83.71000000000592,0.9999998622731207
8372,83.72000000000592,0.9999998632414479
8373,83.73000000000593,0.999999864203201
8374,83.74000000000594,0.9999998651584229
8375,83.75000000000594,0.9999998661071563
8376,83.76000000000595,0.9999998670494434
8377,83.77000000000595,0.9999998679853264
8378,83.78000000000596,0.999999868914847
8379,83.79000000000596,0.999999869838047
8380,83.80000000000597,0.9999998707549674
8381,83.81000000000597,0.9999998716656495
8382,83.82000000000598,0.9999998725701339
8383,83.83000000000598,0.9999998734684612
8384,83.84000000000599,0.9999998743606717
8385,83.85000000000599,0.9999998752468056
8386,83.860000000006,0.9999998761269023
8387,83.870000000006,0.9999998770010016
8388,83.880000000006,0.9999998778691427
8389,83.89000000000601,0.9999998787313646
8390,83.90000000000602,0.9999998795877063
8391,83.91000000000602,0.9999998804382061
8392,83.92000000000603,0.9999998812829025
8393,83.93000000000603,0.9999998821218334
8394,83.94000000000604,0.9999998829550367
8395,83.95000000000604,0.9999998837825501
8396,83.96000000000605,0.9999998846044108
8397,83.97000000000605,0.999999885420656
8398,83.98000000000606,0.9999998862313225
8399,83.99000000000606,0.9999998870364472
8400,84.00000000000607,0.9999998878360663
8401,84.01000000000607,0.999999888630216
8402,84.02000000000608,0.9999998894189325
8403,84.03000000000608,0.9999998902022512
8404,84.04000000000609,0.9999998909802079
8405,84.0500000000061,0.9999998917528379
8406,84.0600000000061,0.9999998925201761
8407,84.0700000000061,0.9999998932822575
8408,84.08000000000611,0.9999998940391166
8409,84.09000000000611,0.999999894790788
8410,84.10000000000612,0.9999998955373057
8411,84.11000000000612,0.9999998962787039
8412,84.12000000000613,0.9999998970150162
8413,84.13000000000613,0.9999998977462762
8414,84.14000000000614,0.9999998984725174
8415,84.15000000000614,0.9999998991937726
8416,84.16000000000615,0.9999998999100751
8417,84.17000000000616,0.9999999006214575
8418,84.18000000000616,0.9999999013279521
8419,84.19000000000617,0.9999999020295915
8420,84.20000000000617,0.9999999027264077
8421,84.21000000000618,0.9999999034184325
8422,84.22000000000618,0.9999999041056977
8423,84.23000000000619,0.9999999047882349
8424,84.24000000000619,0.9999999054660751
8425,84.2500000000062,0.9999999061392497
8426,84.2600000000062,0.9999999068077895
8427,84.2700000000062,0.9999999074717252
8428,84.28000000000621,0.9999999081310872
8429,84.29000000000622,0.999999908785906
8430,84.30000000000622,0.9999999094362118
8431,84.31000000000623,0.9999999100820341
8432,84.32000000000623,0.9999999107234032
8433,84.33000000000624,0.9999999113603483
8434,84.34000000000624,0.999999911992899
8435,84.35000000000625,0.9999999126210841
8436,84.36000000000625,0.9999999132449331
8437,84.37000000000626,0.9999999138644745
8438,84.38000000000626,0.999999914479737
8439,84.39000000000627,0.999999915090749
8440,84.40000000000627,0.9999999156975389
8441,84.41000000000628,0.9999999163001346
8442,84.42000000000628,0.9999999168985643
8443,84.43000000000629,0.9999999174928554
8444,84.4400000000063,0.9999999180830357
8445,84.4500000000063,0.9999999186691324
8446,84.4600000000063,0.9999999192511728
8447,84.47000000000631,0.999999919829184
8448,84.48000000000631,0.9999999204031927
8449,84.49000000000632,0.9999999209732258
8450,84.50000000000632,0.9999999215393095
8451,84.51000000000633,0.9999999221014705
8452,84.52000000000633,0.9999999226597347
8453,84.53000000000634,0.9999999232141283
8454,84.54000000000634,0.9999999237646771
8455,84.55000000000635,0.9999999243114067
8456,84.56000000000635,0.9999999248543427
8457,84.57000000000636,0.9999999253935105
8458,84.58000000000636,0.999999925928935
8459,84.59000000000637,0.9999999264606416
8460,84.60000000000637,0.999999926988655
8461,84.61000000000638,0.9999999275129999
8462,84.62000000000639,0.999999928033701
8463,84.63000000000639,0.9999999285507825
8464,84.6400000000064,0.9999999290642687
8465,84.6500000000064,0.9999999295741837
8466,84.6600000000064,0.9999999300805514
8467,84.67000000000641,0.9999999305833958
8468,84.68000000000642,0.9999999310827401
8469,84.69000000000642,0.999999931578608
8470,84.70000000000643,0.9999999320710229
8471,84.71000000000643,0.9999999325600079
8472,84.72000000000644,0.999999933045586
8473,84.73000000000644,0.99999993352778
8474,84.74000000000645,0.9999999340066128
8475,84.75000000000645,0.9999999344821068
8476,84.76000000000646,0.9999999349542846
8477,84.77000000000646,0.9999999354231683
8478,84.78000000000647,0.9999999358887803
8479,84.79000000000647,0.9999999363511424
8480,84.80000000000648,0.9999999368102765
8481,84.81000000000648,0.9999999372662044
8482,84.82000000000649,0.9999999377189476
8483,84.83000000000649,0.9999999381685275
8484,84.8400000000065,0.9999999386149655
8485,84.8500000000065,0.9999999390582828
8486,84.86000000000651,0.9999999394985003
8487,84.87000000000651,0.999999939935639
8488,84.88000000000652,0.9999999403697196
8489,84.89000000000652,0.9999999408007627
8490,84.90000000000653,0.9999999412287889
8491,84.91000000000653,0.9999999416538184
8492,84.92000000000654,0.9999999420758716
8493,84.93000000000654,0.9999999424949685
8494,84.94000000000655,0.9999999429111291
8495,84.95000000000655,0.9999999433243731
8496,84.96000000000656,0.9999999437347205
8497,84.97000000000656,0.9999999441421906
8498,84.98000000000657,0.999999944546803
8499,84.99000000000657,0.9999999449485769
8500,85.00000000000658,0.9999999453475317
8501,85.01000000000658,0.9999999457436862
8502,85.02000000000659,0.9999999461370597
8503,85.0300000000066,0.9999999465276707
8504,85.0400000000066,0.9999999469155381
8505,85.0500000000066,0.9999999473006804
8506,85.06000000000661,0.9999999476831162
8507,85.07000000000662,0.9999999480628637
8508,85.08000000000662,0.9999999484399412
8509,85.09000000000663,0.9999999488143668
8510,85.10000000000663,0.9999999491861584
8511,85.11000000000664,0.9999999495553341
8512,85.12000000000664,0.9999999499219113
8513,85.13000000000665,0.999999950285908
8514,85.14000000000665,0.9999999506473416
8515,85.15000000000666,0.9999999510062294
8516,85.16000000000666,0.9999999513625888
8517,85.17000000000667,0.999999951716437
8518,85.18000000000667,0.999999952067791
8519,85.19000000000668,0.9999999524166678
8520,85.20000000000668,0.9999999527630843
8521,85.21000000000669,0.9999999531070572
8522,85.22000000000669,0.9999999534486032
8523,85.2300000000067,0.9999999537877386
8524,85.2400000000067,0.9999999541244801
8525,85.25000000000671,0.9999999544588438
8526,85.26000000000671,0.999999954790846
8527,85.27000000000672,0.9999999551205028
8528,85.28000000000672,0.9999999554478302
8529,85.29000000000673,0.999999955772844
8530,85.30000000000673,0.99999995609556
8531,85.31000000000674,0.9999999564159939
8532,85.32000000000674,0.9999999567341614
8533,85.33000000000675,0.9999999570500778
8534,85.34000000000675,0.9999999573637586
8535,85.35000000000676,0.9999999576752189
8536,85.36000000000676,0.999999957984474
8537,85.37000000000677,0.999999958291539
8538,85.38000000000677,0.9999999585964288
8539,85.39000000000678,0.9999999588991583
8540,85.40000000000678,0.9999999591997423
8541,85.41000000000679,0.9999999594981954
8542,85.4200000000068,0.9999999597945323
8543,85.4300000000068,0.9999999600887673
8544,85.4400000000068,0.999999960380915
8545,85.45000000000681,0.9999999606709896
8546,85.46000000000681,0.9999999609590053
8547,85.47000000000682,0.9999999612449764
8548,85.48000000000683,0.9999999615289165
8549,85.49000000000683,0.9999999618108398
8550,85.50000000000684,0.9999999620907603
8551,85.51000000000684,0.9999999623686914
8552,85.52000000000685,0.9999999626446469
8553,85.53000000000685,0.9999999629186404
8554,85.54000000000686,0.9999999631906852
8555,85.55000000000686,0.9999999634607949
8556,85.56000000000687,0.9999999637289827
8557,85.57000000000687,0.9999999639952619
8558,85.58000000000688,0.9999999642596454
8559,85.59000000000688,0.9999999645221465
8560,85.60000000000689,0.9999999647827779
8561,85.61000000000689,0.9999999650415526
8562,85.6200000000069,0.9999999652984833
8563,85.6300000000069,0.9999999655535828
8564,85.6400000000069,0.9999999658068638
8565,85.65000000000691,0.9999999660583385
8566,85.66000000000692,0.9999999663080196
8567,85.67000000000692,0.9999999665559193
8568,85.68000000000693,0.9999999668020499
8569,85.69000000000693,0.9999999670464238
8570,85.70000000000694,0.9999999672890529
8571,85.71000000000694,0.9999999675299494
8572,85.72000000000695,0.999999967769125
8573,85.73000000000695,0.9999999680065917
8574,85.74000000000696,0.9999999682423615
8575,85.75000000000696,0.9999999684764459
8576,85.76000000000697,0.9999999687088565
8577,85.77000000000697,0.9999999689396051
8578,85.78000000000698,0.9999999691687029
8579,85.79000000000698,0.9999999693961615
8580,85.80000000000699,0.9999999696219921
8581,85.810000000007,0.9999999698462062
8582,85.820000000007,0.9999999700688148
8583,85.830000000007,0.9999999702898289
8584,85.84000000000701,0.9999999705092598
8585,85.85000000000701,0.9999999707271183
8586,85.86000000000702,0.9999999709434153
8587,85.87000000000702,0.9999999711581617
8588,85.88000000000703,0.9999999713713682
8589,85.89000000000703,0.9999999715830454
8590,85.90000000000704,0.999999971793204
8591,85.91000000000705,0.9999999720018545
8592,85.92000000000705,0.9999999722090074
8593,85.93000000000706,0.999999972414673
8594,85.94000000000706,0.9999999726188616
8595,85.95000000000707,0.9999999728215836
8596,85.96000000000707,0.999999973022849
8597,85.97000000000708,0.9999999732226682
8598,85.98000000000708,0.999999973421051
8599,85.99000000000709,0.9999999736180074
8600,86.00000000000709,0.9999999738135474
8601,86.0100000000071,0.9999999740076809
8602,86.0200000000071,0.9999999742004175
8603,86.0300000000071,0.9999999743917671
8604,86.04000000000711,0.9999999745817393
8605,86.05000000000712,0.9999999747703435
8606,86.06000000000712,0.9999999749575895
8607,86.07000000000713,0.9999999751434866
8608,86.08000000000713,0.9999999753280443
8609,86.09000000000714,0.9999999755112718
8610,86.10000000000714,0.9999999756931786
8611,86.11000000000715,0.9999999758737735
8612,86.12000000000715,0.9999999760530661
8613,86.13000000000716,0.9999999762310652
8614,86.14000000000716,0.9999999764077799
8615,86.15000000000717,0.9999999765832193
8616,86.16000000000717,0.999999976757392
8617,86.17000000000718,0.9999999769303072
8618,86.18000000000718,0.9999999771019733
8619,86.19000000000719,0.9999999772723994
8620,86.2000000000072,0.9999999774415939
8621,86.2100000000072,0.9999999776095655
8622,86.2200000000072,0.9999999777763229
8623,86.23000000000721,0.9999999779418742
8624,86.24000000000721,0.9999999781062283
8625,86.25000000000722,0.9999999782693932
8626,86.26000000000722,0.9999999784313776
8627,86.27000000000723,0.9999999785921894
8628,86.28000000000723,0.9999999787518369
8629,86.29000000000724,0.9999999789103284
8630,86.30000000000724,0.9999999790676719
8631,86.31000000000725,0.9999999792238755
8632,86.32000000000725,0.9999999793789471
8633,86.33000000000726,0.9999999795328947
8634,86.34000000000727,0.9999999796857262
8635,86.35000000000727,0.9999999798374494
8636,86.36000000000728,0.999999979988072
8637,86.37000000000728,0.9999999801376018
8638,86.38000000000729,0.9999999802860466
8639,86.39000000000729,0.9999999804334139
8640,86.4000000000073,0.9999999805797112
8641,86.4100000000073,0.999999980724946
8642,86.4200000000073,0.999999980869126
8643,86.43000000000731,0.9999999810122584
8644,86.44000000000732,0.9999999811543506
8645,86.45000000000732,0.99999998129541
8646,86.46000000000733,0.9999999814354438
8647,86.47000000000733,0.9999999815744592
8648,86.48000000000734,0.9999999817124635
8649,86.49000000000734,0.9999999818494637
8650,86.50000000000735,0.9999999819854668
8651,86.51000000000735,0.99999998212048
8652,86.52000000000736,0.9999999822545101
8653,86.53000000000736,0.9999999823875643
8654,86.54000000000737,0.9999999825196492
8655,86.55000000000737,0.9999999826507717
8656,86.56000000000738,0.9999999827809387
8657,86.57000000000738,0.9999999829101568
8658,86.58000000000739,0.9999999830384327
8659,86.5900000000074,0.9999999831657733
8660,86.6000000000074,0.999999983292185
8661,86.6100000000074,0.9999999834176743
8662,86.62000000000741,0.9999999835422477
8663,86.63000000000741,0.9999999836659119
8664,86.64000000000742,0.9999999837886732
8665,86.65000000000742,0.9999999839105379
8666,86.66000000000743,0.9999999840315126
8667,86.67000000000743,0.9999999841516032
8668,86.68000000000744,0.9999999842708163
8669,86.69000000000744,0.9999999843891579
8670,86.70000000000745,0.9999999845066343
8671,86.71000000000745,0.9999999846232516
8672,86.72000000000746,0.9999999847390157
8673,86.73000000000746,0.999999984853933
8674,86.74000000000747,0.9999999849680092
8675,86.75000000000747,0.9999999850812504
8676,86.76000000000748,0.9999999851936626
8677,86.77000000000749,0.9999999853052515
8678,86.78000000000749,0.9999999854160229
8679,86.7900000000075,0.9999999855259828
8680,86.8000000000075,0.9999999856351368
8681,86.8100000000075,0.9999999857434908
8682,86.82000000000751,0.9999999858510503
8683,86.83000000000752,0.999999985957821
8684,86.84000000000752,0.9999999860638085
8685,86.85000000000753,0.9999999861690184
8686,86.86000000000753,0.9999999862734562
8687,86.87000000000754,0.9999999863771275
8688,86.88000000000754,0.9999999864800375
8689,86.89000000000755,0.9999999865821918
8690,86.90000000000755,0.9999999866835958
8691,86.91000000000756,0.9999999867842547
8692,86.92000000000756,0.999999986884174
8693,86.93000000000757,0.9999999869833588
8694,86.94000000000757,0.9999999870818144
8695,86.95000000000758,0.9999999871795459
8696,86.96000000000758,0.9999999872765586
8697,86.97000000000759,0.9999999873728576
8698,86.98000000000759,0.9999999874684478
8699,86.9900000000076,0.9999999875633345
8700,87.0000000000076,0.9999999876575226
8701,87.01000000000761,0.9999999877510171
8702,87.02000000000761,0.9999999878438229
8703,87.03000000000762,0.9999999879359451
8704,87.04000000000762,0.9999999880273884
8705,87.05000000000763,0.9999999881181577
8706,87.06000000000763,0.9999999882082579
8707,87.07000000000764,0.9999999882976935
8708,87.08000000000764,0.9999999883864696
8709,87.09000000000765,0.9999999884745907
8710,87.10000000000765,0.9999999885620616
8711,87.11000000000766,0.9999999886488868
8712,87.12000000000766,0.9999999887350711
8713,87.13000000000767,0.999999988820619
8714,87.14000000000767,0.999999988905535
8715,87.15000000000768,0.9999999889898238
8716,87.16000000000768,0.9999999890734896
8717,87.17000000000769,0.9999999891565372
8718,87.1800000000077,0.9999999892389708
8719,87.1900000000077,0.9999999893207948
8720,87.2000000000077,0.9999999894020137
8721,87.21000000000771,0.9999999894826318
8722,87.22000000000772,0.9999999895626533
8723,87.23000000000772,0.9999999896420827
8724,87.24000000000773,0.9999999897209241
8725,87.25000000000773,0.9999999897991817
8726,87.26000000000774,0.9999999898768597
8727,87.27000000000774,0.9999999899539622
8728,87.28000000000775,0.9999999900304936
8729,87.29000000000775,0.9999999901064577
8730,87.30000000000776,0.9999999901818587
8731,87.31000000000776,0.9999999902567007
8732,87.32000000000777,0.9999999903309877
8733,87.33000000000777,0.9999999904047236
8734,87.34000000000778,0.9999999904779124
8735,87.35000000000778,0.9999999905505582
8736,87.36000000000779,0.9999999906226646
8737,87.37000000000779,0.9999999906942358
8738,87.3800000000078,0.9999999907652755
8739,87.3900000000078,0.9999999908357874
8740,87.40000000000781,0.9999999909057755
8741,87.41000000000781,0.9999999909752436
8742,87.42000000000782,0.9999999910441952
8743,87.43000000000782,0.9999999911126344
8744,87.44000000000783,0.9999999911805645
8745,87.45000000000783,0.9999999912479893
8746,87.46000000000784,0.9999999913149127
8747,87.47000000000784,0.999999991381338
8748,87.48000000000785,0.9999999914472689
8749,87.49000000000785,0.999999991512709
8750,87.50000000000786,0.9999999915776618
8751,87.51000000000786,0.9999999916421309
8752,87.52000000000787,0.9999999917061198
8753,87.53000000000787,0.9999999917696318
8754,87.54000000000788,0.9999999918326705
8755,87.55000000000788,0.9999999918952392
8756,87.56000000000789,0.9999999919573415
8757,87.5700000000079,0.9999999920189806
8758,87.5800000000079,0.9999999920801599
8759,87.5900000000079,0.9999999921408828
8760,87.60000000000791,0.9999999922011524
8761,87.61000000000791,0.9999999922609722
8762,87.62000000000792,0.9999999923203454
8763,87.63000000000793,0.9999999923792753
8764,87.64000000000793,0.9999999924377648
8765,87.65000000000794,0.9999999924958175
8766,87.66000000000794,0.9999999925534363
8767,87.67000000000795,0.9999999926106246
8768,87.68000000000795,0.9999999926673852
8769,87.69000000000796,0.9999999927237213
8770,87.70000000000796,0.9999999927796361
8771,87.71000000000797,0.9999999928351326
8772,87.72000000000797,0.9999999928902139
8773,87.73000000000798,0.999999992944883
8774,87.74000000000798,0.9999999929991427
8775,87.75000000000799,0.9999999930529961
8776,87.76000000000799,0.9999999931064463
8777,87.770000000008,0.9999999931594961
8778,87.780000000008,0.9999999932121483
8779,87.790000000008,0.999999993264406
8780,87.80000000000801,0.999999993316272
8781,87.81000000000802,0.999999993367749
8782,87.82000000000802,0.99999999341884
8783,87.83000000000803,0.9999999934695479
8784,87.84000000000803,0.9999999935198752
8785,87.85000000000804,0.9999999935698249
8786,87.86000000000804,0.9999999936193997
8787,87.87000000000805,0.9999999936686023
8788,87.88000000000805,0.9999999937174354
8789,87.89000000000806,0.9999999937659018
8790,87.90000000000806,0.9999999938140041
8791,87.91000000000807,0.9999999938617448
8792,87.92000000000807,0.9999999939091267
8793,87.93000000000808,0.9999999939561526
8794,87.94000000000808,0.9999999940028248
8795,87.95000000000809,0.999999994049146
8796,87.9600000000081,0.9999999940951186
8797,87.9700000000081,0.9999999941407455
8798,87.9800000000081,0.9999999941860289
8799,87.99000000000811,0.9999999942309715
8800,88.00000000000811,0.9999999942755757
8801,88.01000000000812,0.999999994319844
8802,88.02000000000812,0.999999994363779
8803,88.03000000000813,0.9999999944073827
8804,88.04000000000813,0.999999994450658
8805,88.05000000000814,0.9999999944936071
8806,88.06000000000815,0.9999999945362325
8807,88.07000000000815,0.9999999945785364
8808,88.08000000000816,0.9999999946205212
8809,88.09000000000816,0.9999999946621893
8810,88.10000000000817,0.999999994703543
8811,88.11000000000817,0.9999999947445846
8812,88.12000000000818,0.9999999947853163
8813,88.13000000000818,0.9999999948257406
8814,88.14000000000819,0.9999999948658596
8815,88.15000000000819,0.9999999949056755
8816,88.1600000000082,0.9999999949451905
8817,88.1700000000082,0.999999994984407
8818,88.1800000000082,0.999999995023327
8819,88.19000000000821,0.9999999950619528
8820,88.20000000000822,0.9999999951002865
8821,88.21000000000822,0.9999999951383303
8822,88.22000000000823,0.9999999951760863
8823,88.23000000000823,0.9999999952135565
8824,88.24000000000824,0.9999999952507431
8825,88.25000000000824,0.9999999952876484
8826,88.26000000000825,0.9999999953242741
8827,88.27000000000825,0.9999999953606225
8828,88.28000000000826,0.9999999953966954
8829,88.29000000000826,0.9999999954324951
8830,88.30000000000827,0.9999999954680234
8831,88.31000000000827,0.9999999955032826
8832,88.32000000000828,0.9999999955382743
8833,88.33000000000828,0.9999999955730007
8834,88.34000000000829,0.9999999956074637
8835,88.3500000000083,0.9999999956416653
8836,88.3600000000083,0.9999999956756073
8837,88.3700000000083,0.9999999957092918
8838,88.38000000000831,0.9999999957427205
8839,88.39000000000831,0.9999999957758953
8840,88.40000000000832,0.9999999958088183
8841,88.41000000000832,0.999999995841491
8842,88.42000000000833,0.9999999958739156
8843,88.43000000000833,0.9999999959060938
8844,88.44000000000834,0.9999999959380274
8845,88.45000000000834,0.9999999959697182
8846,88.46000000000835,0.999999996001168
8847,88.47000000000835,0.9999999960323785
8848,88.48000000000836,0.9999999960633518
8849,88.49000000000837,0.9999999960940892
8850,88.50000000000837,0.9999999961245927
8851,88.51000000000838,0.999999996154864
8852,88.52000000000838,0.9999999961849049
8853,88.53000000000839,0.9999999962147168
8854,88.54000000000839,0.9999999962443018
8855,88.5500000000084,0.9999999962736613
8856,88.5600000000084,0.999999996302797
8857,88.5700000000084,0.9999999963317108
8858,88.58000000000841,0.999999996360404
8859,88.59000000000842,0.9999999963888785
8860,88.60000000000842,0.9999999964171357
8861,88.61000000000843,0.9999999964451773
8862,88.62000000000843,0.9999999964730051
8863,88.63000000000844,0.9999999965006204
8864,88.64000000000844,0.999999996528025
8865,88.65000000000845,0.9999999965552202
8866,88.66000000000845,0.9999999965822078
8867,88.67000000000846,0.9999999966089892
8868,88.68000000000846,0.999999996635566
8869,88.69000000000847,0.9999999966619397
8870,88.70000000000847,0.9999999966881119
8871,88.71000000000848,0.9999999967140839
8872,88.72000000000848,0.9999999967398574
8873,88.73000000000849,0.9999999967654336
8874,88.7400000000085,0.9999999967908143
8875,88.7500000000085,0.9999999968160007
8876,88.7600000000085,0.9999999968409944
8877,88.77000000000851,0.9999999968657968
8878,88.78000000000851,0.9999999968904092
8879,88.79000000000852,0.9999999969148332
8880,88.80000000000852,0.9999999969390702
8881,88.81000000000853,0.9999999969631214
8882,88.82000000000853,0.9999999969869883
8883,88.83000000000854,0.9999999970106722
8884,88.84000000000854,0.9999999970341746
8885,88.85000000000855,0.9999999970574968
8886,88.86000000000855,0.9999999970806401
8887,88.87000000000856,0.9999999971036059
8888,88.88000000000856,0.9999999971263954
8889,88.89000000000857,0.9999999971490101
8890,88.90000000000857,0.9999999971714513
8891,88.91000000000858,0.99999999719372
8892,88.92000000000859,0.9999999972158178
8893,88.93000000000859,0.9999999972377459
8894,88.9400000000086,0.9999999972595055
8895,88.9500000000086,0.9999999972810979
8896,88.9600000000086,0.9999999973025243
8897,88.97000000000861,0.9999999973237861
8898,88.98000000000862,0.9999999973448843
8899,88.99000000000862,0.9999999973658203
8900,89.00000000000863,0.9999999973865954
8901,89.01000000000863,0.9999999974072105
8902,89.02000000000864,0.999999997427667
8903,89.03000000000864,0.999999997447966
8904,89.04000000000865,0.9999999974681087
8905,89.05000000000865,0.9999999974880964
8906,89.06000000000866,0.9999999975079301
8907,89.07000000000866,0.9999999975276112
8908,89.08000000000867,0.9999999975471404
8909,89.09000000000867,0.9999999975665192
8910,89.10000000000868,0.9999999975857486
8911,89.11000000000868,0.9999999976048298
8912,89.12000000000869,0.9999999976237638
8913,89.13000000000869,0.9999999976425518
8914,89.1400000000087,0.9999999976611949
8915,89.1500000000087,0.999999997679694
8916,89.16000000000871,0.9999999976980505
8917,89.17000000000871,0.9999999977162651
8918,89.18000000000872,0.9999999977343392
8919,89.19000000000872,0.9999999977522738
8920,89.20000000000873,0.9999999977700696
8921,89.21000000000873,0.9999999977877282
8922,89.22000000000874,0.9999999978052502
8923,89.23000000000874,0.9999999978226368
8924,89.24000000000875,0.999999997839889
8925,89.25000000000875,0.9999999978570078
8926,89.26000000000876,0.9999999978739942
8927,89.27000000000876,0.9999999978908491
8928,89.28000000000877,0.9999999979075738
8929,89.29000000000877,0.9999999979241689
8930,89.30000000000878,0.9999999979406355
8931,89.31000000000878,0.9999999979569748
8932,89.32000000000879,0.9999999979731875
8933,89.3300000000088,0.9999999979892746
8934,89.3400000000088,0.9999999980052372
8935,89.3500000000088,0.999999998021076
8936,89.36000000000881,0.9999999980367921
8937,89.37000000000882,0.9999999980523864
8938,89.38000000000882,0.9999999980678597
8939,89.39000000000883,0.999999998083213
8940,89.40000000000883,0.9999999980984473
8941,89.41000000000884,0.9999999981135634
8942,89.42000000000884,0.9999999981285622
8943,89.43000000000885,0.9999999981434446
8944,89.44000000000885,0.9999999981582115
8945,89.45000000000886,0.9999999981728637
8946,89.46000000000886,0.9999999981874022
8947,89.47000000000887,0.9999999982018276
8948,89.48000000000887,0.999999998216141
8949,89.49000000000888,0.9999999982303432
8950,89.50000000000888,0.9999999982444351
8951,89.51000000000889,0.9999999982584173
8952,89.52000000000889,0.9999999982722909
8953,89.5300000000089,0.9999999982860566
8954,89.5400000000089,0.9999999982997151
8955,89.55000000000891,0.9999999983132675
8956,89.56000000000891,0.9999999983267143
8957,89.57000000000892,0.9999999983400565
8958,89.58000000000892,0.9999999983532948
8959,89.59000000000893,0.99999999836643
8960,89.60000000000893,0.999999998379463
8961,89.61000000000894,0.9999999983923944
8962,89.62000000000894,0.9999999984052251
8963,89.63000000000895,0.9999999984179557
8964,89.64000000000895,0.9999999984305872
8965,89.65000000000896,0.9999999984431202
8966,89.66000000000896,0.9999999984555554
8967,89.67000000000897,0.9999999984678937
8968,89.68000000000897,0.9999999984801357
8969,89.69000000000898,0.9999999984922822
8970,89.70000000000898,0.9999999985043339
8971,89.71000000000899,0.9999999985162915
8972,89.720000000009,0.9999999985281558
8973,89.730000000009,0.9999999985399274
8974,89.740000000009,0.999999998551607
8975,89.75000000000901,0.9999999985631955
8976,89.76000000000901,0.9999999985746935
8977,89.77000000000902,0.9999999985861014
8978,89.78000000000903,0.9999999985974204
8979,89.79000000000903,0.9999999986086507
8980,89.80000000000904,0.9999999986197933
8981,89.81000000000904,0.9999999986308487
8982,89.82000000000905,0.9999999986418175
8983,89.83000000000905,0.9999999986527006
8984,89.84000000000906,0.9999999986634985
8985,89.85000000000906,0.999999998674212
8986,89.86000000000907,0.9999999986848415
8987,89.87000000000907,0.9999999986953877
8988,89.88000000000908,0.9999999987058514
8989,89.89000000000908,0.9999999987162331
8990,89.90000000000909,0.9999999987265334
8991,89.91000000000909,0.999999998736753
8992,89.9200000000091,0.9999999987468925
8993,89.9300000000091,0.9999999987569526
8994,89.9400000000091,0.9999999987669337
8995,89.95000000000911,0.9999999987768365
8996,89.96000000000912,0.9999999987866617
8997,89.97000000000912,0.9999999987964097
8998,89.98000000000913,0.9999999988060813
8999,89.99000000000913,0.9999999988156768
9000,90.00000000000914,0.9999999988251971
9001,90.01000000000914,0.9999999988346426
9002,90.02000000000915,0.9999999988440139
9003,90.03000000000915,0.9999999988533116
9004,90.04000000000916,0.9999999988625363
9005,90.05000000000916,0.9999999988716884
9006,90.06000000000917,0.9999999988807686
9007,90.07000000000917,0.9999999988897774
9008,90.08000000000918,0.9999999988987154
9009,90.09000000000918,0.999999998907583
9010,90.10000000000919,0.9999999989163809
9011,90.1100000000092,0.9999999989251096
9012,90.1200000000092,0.9999999989337696
9013,90.1300000000092,0.9999999989423614
9014,90.14000000000921,0.9999999989508854
9015,90.15000000000921,0.9999999989593424
9016,90.16000000000922,0.9999999989677328
9017,90.17000000000922,0.9999999989760572
9018,90.18000000000923,0.9999999989843159
9019,90.19000000000923,0.9999999989925095
9020,90.20000000000924,0.9999999990006385
9021,90.21000000000925,0.9999999990087034
9022,90.22000000000925,0.9999999990167048
9023,90.23000000000926,0.999999999024643
9024,90.24000000000926,0.9999999990325186
9025,90.25000000000927,0.999999999040332
9026,90.26000000000927,0.9999999990480838
9027,90.27000000000928,0.9999999990557744
9028,90.28000000000928,0.9999999990634042
9029,90.29000000000929,0.9999999990709738
9030,90.30000000000929,0.9999999990784837
9031,90.3100000000093,0.9999999990859342
9032,90.3200000000093,0.9999999990933258
9033,90.3300000000093,0.9999999991006591
9034,90.34000000000931,0.9999999991079342
9035,90.35000000000932,0.9999999991151519
9036,90.36000000000932,0.9999999991223126
9037,90.37000000000933,0.9999999991294166
9038,90.38000000000933,0.9999999991364644
9039,90.39000000000934,0.9999999991434564
9040,90.40000000000934,0.9999999991503932
9041,90.41000000000935,0.9999999991572749
9042,90.42000000000935,0.9999999991641022
9043,90.43000000000936,0.9999999991708755
9044,90.44000000000936,0.999999999177595
9045,90.45000000000937,0.9999999991842614
9046,90.46000000000937,0.9999999991908749
9047,90.47000000000938,0.999999999197436
9048,90.48000000000938,0.9999999992039451
9049,90.49000000000939,0.9999999992104026
9050,90.5000000000094,0.9999999992168089
9051,90.5100000000094,0.9999999992231644
9052,90.5200000000094,0.9999999992294695
9053,90.53000000000941,0.9999999992357245
9054,90.54000000000941,0.99999999924193
9055,90.55000000000942,0.999999999248086
9056,90.56000000000942,0.9999999992541934
9057,90.57000000000943,0.9999999992602521
9058,90.58000000000943,0.9999999992662627
9059,90.59000000000944,0.9999999992722256
9060,90.60000000000944,0.9999999992781412
9061,90.61000000000945,0.9999999992840096
9062,90.62000000000945,0.9999999992898315
9063,90.63000000000946,0.9999999992956071
9064,90.64000000000946,0.9999999993013368
9065,90.65000000000947,0.9999999993070209
9066,90.66000000000948,0.9999999993126597
9067,90.67000000000948,0.9999999993182537
9068,90.68000000000949,0.9999999993238032
9069,90.69000000000949,0.9999999993293085
9070,90.7000000000095,0.99999999933477
9071,90.7100000000095,0.999999999340188
9072,90.7200000000095,0.9999999993455628
9073,90.73000000000951,0.9999999993508949
9074,90.74000000000952,0.9999999993561844
9075,90.75000000000952,0.9999999993614319
9076,90.76000000000953,0.9999999993666374
9077,90.77000000000953,0.9999999993718015
9078,90.78000000000954,0.9999999993769244
9079,90.79000000000954,0.9999999993820065
9080,90.80000000000955,0.999999999387048
9081,90.81000000000955,0.9999999993920493
9082,90.82000000000956,0.9999999993970107
9083,90.83000000000956,0.9999999994019325
9084,90.84000000000957,0.9999999994068149
9085,90.85000000000957,0.9999999994116585
9086,90.86000000000958,0.9999999994164633
9087,90.87000000000958,0.9999999994212299
9088,90.88000000000959,0.9999999994259582
9089,90.8900000000096,0.9999999994306488
9090,90.9000000000096,0.9999999994353019
9091,90.9100000000096,0.9999999994399178
9092,90.92000000000961,0.9999999994444968
9093,90.93000000000961,0.9999999994490392
9094,90.94000000000962,0.9999999994535453
9095,90.95000000000962,0.9999999994580153
9096,90.96000000000963,0.9999999994624496
9097,90.97000000000963,0.9999999994668484
9098,90.98000000000964,0.9999999994712119
9099,90.99000000000964,0.9999999994755405
9100,91.00000000000965,0.9999999994798344
9101,91.01000000000965,0.999999999484094
9102,91.02000000000966,0.9999999994883195
9103,91.03000000000966,0.9999999994925111
9104,91.04000000000967,0.9999999994966691
9105,91.05000000000967,0.9999999995007938
9106,91.06000000000968,0.9999999995048854
9107,91.07000000000968,0.9999999995089441
9108,91.08000000000969,0.9999999995129705
9109,91.0900000000097,0.9999999995169644
9110,91.1000000000097,0.9999999995209263
9111,91.1100000000097,0.9999999995248564
9112,91.12000000000971,0.9999999995287551
9113,91.13000000000972,0.9999999995326223
9114,91.14000000000972,0.9999999995364586
9115,91.15000000000973,0.999999999540264
9116,91.16000000000973,0.9999999995440388
9117,91.17000000000974,0.9999999995477834
9118,91.18000000000974,0.9999999995514978
9119,91.19000000000975,0.9999999995551824
9120,91.20000000000975,0.9999999995588374
9121,91.21000000000976,0.999999999562463
9122,91.22000000000976,0.9999999995660594
9123,91.23000000000977,0.9999999995696269
9124,91.24000000000977,0.9999999995731658
9125,91.25000000000978,0.9999999995766761
9126,91.26000000000978,0.9999999995801582
9127,91.27000000000979,0.9999999995836123
9128,91.28000000000979,0.9999999995870386
9129,91.2900000000098,0.9999999995904372
9130,91.3000000000098,0.9999999995938085
9131,91.31000000000981,0.9999999995971527
9132,91.32000000000981,0.9999999996004698
9133,91.33000000000982,0.9999999996037603
9134,91.34000000000982,0.9999999996070242
9135,91.35000000000983,0.999999999610262
9136,91.36000000000983,0.9999999996134734
9137,91.37000000000984,0.9999999996166591
9138,91.38000000000984,0.999999999619819
9139,91.39000000000985,0.9999999996229535
9140,91.40000000000985,0.9999999996260627
9141,91.41000000000986,0.9999999996291468
9142,91.42000000000986,0.9999999996322059
9143,91.43000000000987,0.9999999996352403
9144,91.44000000000987,0.9999999996382504
9145,91.45000000000988,0.999999999641236
9146,91.46000000000988,0.9999999996441976
9147,91.47000000000989,0.9999999996471352
9148,91.4800000000099,0.999999999650049
9149,91.4900000000099,0.9999999996529394
9150,91.5000000000099,0.9999999996558063
9151,91.51000000000991,0.9999999996586502
9152,91.52000000000992,0.9999999996614709
9153,91.53000000000992,0.9999999996642689
9154,91.54000000000993,0.9999999996670442
9155,91.55000000000993,0.999999999669797
9156,91.56000000000994,0.9999999996725276
9157,91.57000000000994,0.9999999996752361
9158,91.58000000000995,0.9999999996779227
9159,91.59000000000995,0.9999999996805875
9160,91.60000000000996,0.9999999996832307
9161,91.61000000000996,0.9999999996858525
9162,91.62000000000997,0.9999999996884531
9163,91.63000000000997,0.9999999996910326
9164,91.64000000000998,0.9999999996935912
9165,91.65000000000998,0.9999999996961291
9166,91.66000000000999,0.9999999996986463
9167,91.67000000000999,0.9999999997011432
9168,91.68000000001,0.9999999997036197
9169,91.69000000001,0.9999999997060762
9170,91.70000000001001,0.9999999997085128
9171,91.71000000001001,0.9999999997109296
9172,91.72000000001002,0.9999999997133268
9173,91.73000000001002,0.9999999997157045
9174,91.74000000001003,0.9999999997180629
9175,91.75000000001003,0.9999999997204021
9176,91.76000000001004,0.9999999997227224
9177,91.77000000001004,0.9999999997250237
9178,91.78000000001005,0.9999999997273065
9179,91.79000000001005,0.9999999997295707
9180,91.80000000001006,0.9999999997318163
9181,91.81000000001006,0.9999999997340439
9182,91.82000000001007,0.9999999997362532
9183,91.83000000001007,0.9999999997384446
9184,91.84000000001008,0.9999999997406182
9185,91.85000000001008,0.999999999742774
9186,91.86000000001009,0.9999999997449123
9187,91.8700000000101,0.9999999997470332
9188,91.8800000000101,0.9999999997491369
9189,91.8900000000101,0.9999999997512233
9190,91.90000000001011,0.9999999997532929
9191,91.91000000001011,0.9999999997553456
9192,91.92000000001012,0.9999999997573815
9193,91.93000000001012,0.9999999997594008
9194,91.94000000001013,0.9999999997614037
9195,91.95000000001014,0.9999999997633903
9196,91.96000000001014,0.9999999997653606
9197,91.97000000001015,0.9999999997673149
9198,91.98000000001015,0.9999999997692532
9199,91.99000000001016,0.9999999997711758
9200,92.00000000001016,0.9999999997730826
9201,92.01000000001017,0.9999999997749739
9202,92.02000000001017,0.9999999997768498
9203,92.03000000001018,0.9999999997787103
9204,92.04000000001018,0.9999999997805556
9205,92.05000000001019,0.999999999782386
9206,92.06000000001019,0.9999999997842013
9207,92.0700000000102,0.9999999997860017
9208,92.0800000000102,0.9999999997877875
9209,92.0900000000102,0.9999999997895587
9210,92.10000000001021,0.9999999997913154
9211,92.11000000001022,0.9999999997930576
9212,92.12000000001022,0.9999999997947858
9213,92.13000000001023,0.9999999997964997
9214,92.14000000001023,0.9999999997981996
9215,92.15000000001024,0.9999999997998856
9216,92.16000000001024,0.9999999998015578
9217,92.17000000001025,0.9999999998032164
9218,92.18000000001025,0.9999999998048613
9219,92.19000000001026,0.9999999998064928
9220,92.20000000001026,0.9999999998081109
9221,92.21000000001027,0.9999999998097158
9222,92.22000000001027,0.9999999998113075
9223,92.23000000001028,0.9999999998128862
9224,92.24000000001028,0.999999999814452
9225,92.25000000001029,0.9999999998160048
9226,92.2600000000103,0.999999999817545
9227,92.2700000000103,0.9999999998190725
9228,92.2800000000103,0.9999999998205875
9229,92.29000000001031,0.9999999998220901
9230,92.30000000001031,0.9999999998235803
9231,92.31000000001032,0.9999999998250584
9232,92.32000000001032,0.9999999998265243
9233,92.33000000001033,0.9999999998279782
9234,92.34000000001033,0.99999999982942
9235,92.35000000001034,0.9999999998308501
9236,92.36000000001034,0.9999999998322684
9237,92.37000000001035,0.9999999998336752
9238,92.38000000001036,0.9999999998350703
9239,92.39000000001036,0.9999999998364539
9240,92.40000000001037,0.9999999998378262
9241,92.41000000001037,0.9999999998391872
9242,92.42000000001038,0.999999999840537
9243,92.43000000001038,0.9999999998418757
9244,92.44000000001039,0.9999999998432033
9245,92.45000000001039,0.9999999998445201
9246,92.4600000000104,0.999999999845826
9247,92.4700000000104,0.9999999998471212
9248,92.4800000000104,0.9999999998484057
9249,92.49000000001041,0.9999999998496797
9250,92.50000000001042,0.9999999998509431
9251,92.51000000001042,0.9999999998521962
9252,92.52000000001043,0.9999999998534389
9253,92.53000000001043,0.9999999998546714
9254,92.54000000001044,0.9999999998558937
9255,92.55000000001044,0.999999999857106
9256,92.56000000001045,0.9999999998583082
9257,92.57000000001045,0.9999999998595006
9258,92.58000000001046,0.9999999998606831
9259,92.59000000001046,0.9999999998618558
9260,92.60000000001047,0.9999999998630189
9261,92.61000000001047,0.9999999998641724
9262,92.62000000001048,0.9999999998653164
9263,92.63000000001048,0.9999999998664509
9264,92.64000000001049,0.999999999867576
9265,92.6500000000105,0.9999999998686919
9266,92.6600000000105,0.9999999998697986
9267,92.6700000000105,0.999999999870896
9268,92.68000000001051,0.9999999998719845
9269,92.69000000001051,0.999999999873064
9270,92.70000000001052,0.9999999998741346
9271,92.71000000001052,0.9999999998751962
9272,92.72000000001053,0.9999999998762491
9273,92.73000000001053,0.9999999998772933
9274,92.74000000001054,0.9999999998783289
9275,92.75000000001054,0.9999999998793558
9276,92.76000000001055,0.9999999998803744
9277,92.77000000001055,0.9999999998813844
9278,92.78000000001056,0.9999999998823861
9279,92.79000000001056,0.9999999998833795
9280,92.80000000001057,0.9999999998843647
9281,92.81000000001058,0.9999999998853417
9282,92.82000000001058,0.9999999998863107
9283,92.83000000001059,0.9999999998872716
9284,92.84000000001059,0.9999999998882245
9285,92.8500000000106,0.9999999998891695
9286,92.8600000000106,0.9999999998901068
9287,92.8700000000106,0.9999999998910363
9288,92.88000000001061,0.999999999891958
9289,92.89000000001062,0.9999999998928721
9290,92.90000000001062,0.9999999998937786
9291,92.91000000001063,0.9999999998946776
9292,92.92000000001063,0.9999999998955692
9293,92.93000000001064,0.9999999998964533
9294,92.94000000001064,0.9999999998973301
9295,92.95000000001065,0.9999999998981997
9296,92.96000000001065,0.999999999899062
9297,92.97000000001066,0.9999999998999171
9298,92.98000000001066,0.999999999900765
9299,92.99000000001067,0.999999999901606
9300,93.00000000001067,0.9999999999024402
9301,93.01000000001068,0.9999999999032672
9302,93.02000000001068,0.9999999999040874
9303,93.03000000001069,0.9999999999049007
9304,93.04000000001069,0.9999999999057073
9305,93.0500000000107,0.9999999999065072
9306,93.0600000000107,0.9999999999073005
9307,93.07000000001071,0.9999999999080872
9308,93.08000000001071,0.9999999999088673
9309,93.09000000001072,0.999999999909641
9310,93.10000000001072,0.9999999999104081
9311,93.11000000001073,0.9999999999111688
9312,93.12000000001073,0.9999999999119233
9313,93.13000000001074,0.9999999999126715
9314,93.14000000001074,0.9999999999134135
9315,93.15000000001075,0.9999999999141492
9316,93.16000000001075,0.9999999999148789
9317,93.17000000001076,0.9999999999156024
9318,93.18000000001076,0.9999999999163199
9319,93.19000000001077,0.9999999999170314
9320,93.20000000001077,0.999999999917737
9321,93.21000000001078,0.9999999999184367
9322,93.22000000001078,0.9999999999191306
9323,93.23000000001079,0.9999999999198187
9324,93.2400000000108,0.999999999920501
9325,93.2500000000108,0.9999999999211777
9326,93.2600000000108,0.9999999999218487
9327,93.27000000001081,0.9999999999225141
9328,93.28000000001082,0.999999999923174
9329,93.29000000001082,0.9999999999238283
9330,93.30000000001083,0.9999999999244772
9331,93.31000000001083,0.9999999999251206
9332,93.32000000001084,0.9999999999257587
9333,93.33000000001084,0.9999999999263914
9334,93.34000000001085,0.9999999999270188
9335,93.35000000001085,0.9999999999276411
9336,93.36000000001086,0.999999999928258
9337,93.37000000001086,0.9999999999288699
9338,93.38000000001087,0.9999999999294766
9339,93.39000000001087,0.9999999999300783
9340,93.40000000001088,0.9999999999306749
9341,93.41000000001088,0.9999999999312665
9342,93.42000000001089,0.9999999999318532
9343,93.43000000001089,0.9999999999324349
9344,93.4400000000109,0.9999999999330118
9345,93.4500000000109,0.9999999999335839
9346,93.46000000001091,0.9999999999341511
9347,93.47000000001091,0.9999999999347137
9348,93.48000000001092,0.9999999999352714
9349,93.49000000001092,0.9999999999358246
9350,93.50000000001093,0.999999999936373
9351,93.51000000001093,0.9999999999369169
9352,93.52000000001094,0.9999999999374563
9353,93.53000000001094,0.999999999937991
9354,93.54000000001095,0.9999999999385213
9355,93.55000000001095,0.9999999999390472
9356,93.56000000001096,0.9999999999395687
9357,93.57000000001096,0.9999999999400857
9358,93.58000000001097,0.9999999999405984
9359,93.59000000001097,0.9999999999411069
9360,93.60000000001098,0.999999999941611
9361,93.61000000001098,0.999999999942111
9362,93.62000000001099,0.9999999999426067
9363,93.630000000011,0.9999999999430983
9364,93.640000000011,0.9999999999435857
9365,93.650000000011,0.999999999944069
9366,93.66000000001101,0.9999999999445482
9367,93.67000000001102,0.9999999999450235
9368,93.68000000001102,0.9999999999454947
9369,93.69000000001103,0.999999999945962
9370,93.70000000001103,0.9999999999464254
9371,93.71000000001104,0.9999999999468848
9372,93.72000000001104,0.9999999999473405
9373,93.73000000001105,0.9999999999477922
9374,93.74000000001105,0.9999999999482402
9375,93.75000000001106,0.9999999999486843
9376,93.76000000001106,0.9999999999491247
9377,93.77000000001107,0.9999999999495615
9378,93.78000000001107,0.9999999999499946
9379,93.79000000001108,0.9999999999504239
9380,93.80000000001108,0.9999999999508498
9381,93.81000000001109,0.9999999999512719
9382,93.82000000001109,0.9999999999516905
9383,93.8300000000111,0.9999999999521056
9384,93.8400000000111,0.9999999999525172
9385,93.85000000001111,0.9999999999529254
9386,93.86000000001111,0.9999999999533301
9387,93.87000000001112,0.9999999999537313
9388,93.88000000001112,0.9999999999541292
9389,93.89000000001113,0.9999999999545238
9390,93.90000000001113,0.999999999954915
9391,93.91000000001114,0.9999999999553029
9392,93.92000000001114,0.9999999999556876
9393,93.93000000001115,0.9999999999560689
9394,93.94000000001115,0.9999999999564471
9395,93.95000000001116,0.999999999956822
9396,93.96000000001116,0.9999999999571938
9397,93.97000000001117,0.9999999999575625
9398,93.98000000001117,0.999999999957928
9399,93.99000000001118,0.9999999999582905
9400,94.00000000001118,0.9999999999586499
9401,94.01000000001119,0.9999999999590061
9402,94.0200000000112,0.9999999999593595
9403,94.0300000000112,0.9999999999597099
9404,94.0400000000112,0.9999999999600572
9405,94.05000000001121,0.9999999999604017
9406,94.06000000001121,0.9999999999607432
9407,94.07000000001122,0.9999999999610818
9408,94.08000000001122,0.9999999999614175
9409,94.09000000001123,0.9999999999617505
9410,94.10000000001124,0.9999999999620806
9411,94.11000000001124,0.9999999999624078
9412,94.12000000001125,0.9999999999627324
9413,94.13000000001125,0.9999999999630542
9414,94.14000000001126,0.9999999999633732
9415,94.15000000001126,0.9999999999636896
9416,94.16000000001127,0.9999999999640032
9417,94.17000000001127,0.9999999999643142
9418,94.18000000001128,0.9999999999646226
9419,94.19000000001128,0.9999999999649284
9420,94.20000000001129,0.9999999999652316
9421,94.21000000001129,0.9999999999655321
9422,94.2200000000113,0.9999999999658301
9423,94.2300000000113,0.9999999999661257
9424,94.2400000000113,0.9999999999664186
9425,94.25000000001131,0.9999999999667092
9426,94.26000000001132,0.9999999999669972
9427,94.27000000001132,0.9999999999672828
9428,94.28000000001133,0.999999999967566
9429,94.29000000001133,0.9999999999678467
9430,94.30000000001134,0.999999999968125
9431,94.31000000001134,0.9999999999684012
9432,94.32000000001135,0.9999999999686747
9433,94.33000000001135,0.9999999999689461
9434,94.34000000001136,0.9999999999692152
9435,94.35000000001136,0.9999999999694819
9436,94.36000000001137,0.9999999999697463
9437,94.37000000001137,0.9999999999700085
9438,94.38000000001138,0.9999999999702686
9439,94.39000000001138,0.9999999999705264
9440,94.40000000001139,0.9999999999707819
9441,94.4100000000114,0.9999999999710353
9442,94.4200000000114,0.9999999999712865
9443,94.4300000000114,0.9999999999715357
9444,94.44000000001141,0.9999999999717827
9445,94.45000000001141,0.9999999999720276
9446,94.46000000001142,0.9999999999722704
9447,94.47000000001142,0.9999999999725111
9448,94.48000000001143,0.9999999999727498
9449,94.49000000001143,0.9999999999729864
9450,94.50000000001144,0.999999999973221
9451,94.51000000001144,0.9999999999734537
9452,94.52000000001145,0.9999999999736843
9453,94.53000000001146,0.999999999973913
9454,94.54000000001146,0.9999999999741397
9455,94.55000000001147,0.9999999999743644
9456,94.56000000001147,0.9999999999745873
9457,94.57000000001148,0.9999999999748083
9458,94.58000000001148,0.9999999999750273
9459,94.59000000001149,0.9999999999752446
9460,94.60000000001149,0.9999999999754599
9461,94.6100000000115,0.9999999999756733
9462,94.6200000000115,0.9999999999758851
9463,94.6300000000115,0.9999999999760949
9464,94.64000000001151,0.9999999999763031
9465,94.65000000001152,0.9999999999765093
9466,94.66000000001152,0.9999999999767138
9467,94.67000000001153,0.9999999999769167
9468,94.68000000001153,0.9999999999771177
9469,94.69000000001154,0.999999999977317
9470,94.70000000001154,0.9999999999775147
9471,94.71000000001155,0.9999999999777106
9472,94.72000000001155,0.9999999999779049
9473,94.73000000001156,0.9999999999780975
9474,94.74000000001156,0.9999999999782885
9475,94.75000000001157,0.9999999999784778
9476,94.76000000001157,0.9999999999786654
9477,94.77000000001158,0.9999999999788516
9478,94.78000000001158,0.999999999979036
9479,94.79000000001159,0.999999999979219
9480,94.8000000000116,0.9999999999794003
9481,94.8100000000116,0.9999999999795801
9482,94.8200000000116,0.9999999999797583
9483,94.83000000001161,0.999999999979935
9484,94.84000000001161,0.9999999999801102
9485,94.85000000001162,0.9999999999802839
9486,94.86000000001162,0.9999999999804562
9487,94.87000000001163,0.9999999999806268
9488,94.88000000001163,0.9999999999807961
9489,94.89000000001164,0.999999999980964
9490,94.90000000001164,0.9999999999811303
9491,94.91000000001165,0.9999999999812953
9492,94.92000000001165,0.9999999999814588
9493,94.93000000001166,0.9999999999816209
9494,94.94000000001166,0.9999999999817817
9495,94.95000000001167,0.999999999981941
9496,94.96000000001168,0.999999999982099
9497,94.97000000001168,0.9999999999822556
9498,94.98000000001169,0.999999999982411
9499,94.99000000001169,0.9999999999825648
9500,95.0000000000117,0.9999999999827175
9501,95.0100000000117,0.9999999999828688
9502,95.0200000000117,0.9999999999830188
9503,95.03000000001171,0.9999999999831675
9504,95.04000000001172,0.9999999999833149
9505,95.05000000001172,0.9999999999834611
9506,95.06000000001173,0.999999999983606
9507,95.07000000001173,0.9999999999837497
9508,95.08000000001174,0.9999999999838921
9509,95.09000000001174,0.9999999999840333
9510,95.10000000001175,0.9999999999841733
9511,95.11000000001175,0.9999999999843121
9512,95.12000000001176,0.9999999999844497
9513,95.13000000001176,0.9999999999845861
9514,95.14000000001177,0.9999999999847212
9515,95.15000000001177,0.9999999999848553
9516,95.16000000001178,0.9999999999849882
9517,95.17000000001178,0.99999999998512
9518,95.18000000001179,0.9999999999852506
9519,95.19000000001179,0.9999999999853801
9520,95.2000000000118,0.9999999999855085
9521,95.2100000000118,0.9999999999856357
9522,95.22000000001181,0.999999999985762
9523,95.23000000001181,0.999999999985887
9524,95.24000000001182,0.999999999986011
9525,95.25000000001182,0.9999999999861339
9526,95.26000000001183,0.9999999999862558
9527,95.27000000001183,0.9999999999863766
9528,95.28000000001184,0.9999999999864964
9529,95.29000000001184,0.9999999999866152
9530,95.30000000001185,0.9999999999867328
9531,95.31000000001185,0.9999999999868495
9532,95.32000000001186,0.9999999999869652
9533,95.33000000001186,0.9999999999870799
9534,95.34000000001187,0.9999999999871936
9535,95.35000000001187,0.9999999999873063
9536,95.36000000001188,0.9999999999874181
9537,95.37000000001188,0.9999999999875288
9538,95.38000000001189,0.9999999999876386
9539,95.3900000000119,0.9999999999877475
9540,95.4000000000119,0.9999999999878554
9541,95.4100000000119,0.9999999999879624
9542,95.42000000001191,0.9999999999880684
9543,95.43000000001192,0.9999999999881736
9544,95.44000000001192,0.9999999999882778
9545,95.45000000001193,0.9999999999883811
9546,95.46000000001193,0.9999999999884835
9547,95.47000000001194,0.9999999999885851
9548,95.48000000001194,0.9999999999886857
9549,95.49000000001195,0.9999999999887855
9550,95.50000000001195,0.9999999999888844
9551,95.51000000001196,0.9999999999889825
9552,95.52000000001196,0.9999999999890797
9553,95.53000000001197,0.9999999999891761
9554,95.54000000001197,0.9999999999892717
9555,95.55000000001198,0.9999999999893664
9556,95.56000000001198,0.9999999999894602
9557,95.57000000001199,0.9999999999895534
9558,95.58000000001199,0.9999999999896456
9559,95.590000000012,0.9999999999897371
9560,95.600000000012,0.9999999999898277
9561,95.61000000001201,0.9999999999899176
9562,95.62000000001201,0.9999999999900068
9563,95.63000000001202,0.999999999990095
9564,95.64000000001202,0.9999999999901826
9565,95.65000000001203,0.9999999999902695
9566,95.66000000001203,0.9999999999903555
9567,95.67000000001204,0.9999999999904408
9568,95.68000000001204,0.9999999999905254
9569,95.69000000001205,0.9999999999906092
9570,95.70000000001205,0.9999999999906922
9571,95.71000000001206,0.9999999999907746
9572,95.72000000001206,0.9999999999908562
9573,95.73000000001207,0.9999999999909371
9574,95.74000000001207,0.9999999999910174
9575,95.75000000001208,0.999999999991097
9576,95.76000000001208,0.9999999999911758
9577,95.77000000001209,0.999999999991254
9578,95.7800000000121,0.9999999999913315
9579,95.7900000000121,0.9999999999914082
9580,95.8000000000121,0.9999999999914844
9581,95.81000000001211,0.9999999999915599
9582,95.82000000001212,0.9999999999916347
9583,95.83000000001212,0.9999999999917089
9584,95.84000000001213,0.9999999999917824
9585,95.85000000001213,0.9999999999918553
9586,95.86000000001214,0.9999999999919275
9587,95.87000000001214,0.9999999999919991
9588,95.88000000001215,0.9999999999920701
9589,95.89000000001215,0.9999999999921404
9590,95.90000000001216,0.9999999999922102
9591,95.91000000001216,0.9999999999922793
9592,95.92000000001217,0.9999999999923479
9593,95.93000000001217,0.9999999999924158
9594,95.94000000001218,0.9999999999924831
9595,95.95000000001218,0.99999999999255
9596,95.96000000001219,0.9999999999926161
9597,95.97000000001219,0.9999999999926817
9598,95.9800000000122,0.9999999999927467
9599,95.9900000000122,0.9999999999928112
9600,96.00000000001221,0.9999999999928751
9601,96.01000000001221,0.9999999999929384
9602,96.02000000001222,0.9999999999930013
9603,96.03000000001222,0.9999999999930634
9604,96.04000000001223,0.9999999999931252
9605,96.05000000001223,0.9999999999931863
9606,96.06000000001224,0.999999999993247
9607,96.07000000001224,0.999999999993307
9608,96.08000000001225,0.9999999999933665
9609,96.09000000001225,0.9999999999934256
9610,96.10000000001226,0.9999999999934841
9611,96.11000000001226,0.9999999999935422
9612,96.12000000001227,0.9999999999935997
9613,96.13000000001227,0.9999999999936566
9614,96.14000000001228,0.9999999999937131
9615,96.15000000001228,0.9999999999937691
9616,96.16000000001229,0.9999999999938246
9617,96.1700000000123,0.9999999999938797
9618,96.1800000000123,0.9999999999939342
9619,96.1900000000123,0.9999999999939883
9620,96.20000000001231,0.9999999999940419
9621,96.21000000001231,0.9999999999940951
9622,96.22000000001232,0.9999999999941477
9623,96.23000000001232,0.9999999999941999
9624,96.24000000001233,0.9999999999942516
9625,96.25000000001234,0.9999999999943029
9626,96.26000000001234,0.9999999999943537
9627,96.27000000001235,0.9999999999944041
9628,96.28000000001235,0.9999999999944541
9629,96.29000000001236,0.9999999999945036
9630,96.30000000001236,0.9999999999945527
9631,96.31000000001237,0.9999999999946013
9632,96.32000000001237,0.9999999999946495
9633,96.33000000001238,0.9999999999946972
9634,96.34000000001238,0.9999999999947446
9635,96.35000000001239,0.9999999999947916
9636,96.36000000001239,0.9999999999948381
9637,96.3700000000124,0.9999999999948843
9638,96.3800000000124,0.9999999999949301
9639,96.3900000000124,0.9999999999949754
9640,96.40000000001241,0.9999999999950203
9641,96.41000000001242,0.9999999999950648
9642,96.42000000001242,0.9999999999951089
9643,96.43000000001243,0.9999999999951527
9644,96.44000000001243,0.9999999999951961
9645,96.45000000001244,0.999999999995239
9646,96.46000000001244,0.9999999999952817
9647,96.47000000001245,0.9999999999953239
9648,96.48000000001245,0.9999999999953657
9649,96.49000000001246,0.9999999999954072
9650,96.50000000001246,0.9999999999954484
9651,96.51000000001247,0.9999999999954892
9652,96.52000000001247,0.9999999999955296
9653,96.53000000001248,0.9999999999955695
9654,96.54000000001248,0.9999999999956093
9655,96.55000000001249,0.9999999999956486
9656,96.5600000000125,0.9999999999956877
9657,96.5700000000125,0.9999999999957263
9658,96.5800000000125,0.9999999999957646
9659,96.59000000001251,0.9999999999958026
9660,96.60000000001251,0.9999999999958402
9661,96.61000000001252,0.9999999999958775
9662,96.62000000001252,0.9999999999959145
9663,96.63000000001253,0.9999999999959511
9664,96.64000000001253,0.9999999999959875
9665,96.65000000001254,0.9999999999960235
9666,96.66000000001254,0.9999999999960592
9667,96.67000000001255,0.9999999999960946
9668,96.68000000001256,0.9999999999961297
9669,96.69000000001256,0.9999999999961644
9670,96.70000000001257,0.9999999999961988
9671,96.71000000001257,0.999999999996233
9672,96.72000000001258,0.9999999999962669
9673,96.73000000001258,0.9999999999963004
9674,96.74000000001259,0.9999999999963336
9675,96.75000000001259,0.9999999999963666
9676,96.7600000000126,0.9999999999963992
9677,96.7700000000126,0.9999999999964316
9678,96.7800000000126,0.9999999999964637
9679,96.79000000001261,0.9999999999964955
9680,96.80000000001262,0.999999999996527
9681,96.81000000001262,0.9999999999965582
9682,96.82000000001263,0.9999999999965892
9683,96.83000000001263,0.9999999999966199
9684,96.84000000001264,0.9999999999966503
9685,96.85000000001264,0.9999999999966804
9686,96.86000000001265,0.9999999999967103
9687,96.87000000001265,0.9999999999967399
9688,96.88000000001266,0.9999999999967694
9689,96.89000000001266,0.9999999999967984
9690,96.90000000001267,0.9999999999968272
9691,96.91000000001267,0.9999999999968558
9692,96.92000000001268,0.9999999999968842
9693,96.93000000001268,0.9999999999969122
9694,96.94000000001269,0.9999999999969401
9695,96.9500000000127,0.9999999999969676
9696,96.9600000000127,0.999999999996995
9697,96.9700000000127,0.999999999997022
9698,96.98000000001271,0.9999999999970489
9699,96.99000000001271,0.9999999999970756
9700,97.00000000001272,0.999999999997102
9701,97.01000000001272,0.9999999999971281
9702,97.02000000001273,0.9999999999971539
9703,97.03000000001273,0.9999999999971797
9704,97.04000000001274,0.9999999999972051
9705,97.05000000001274,0.9999999999972303
9706,97.06000000001275,0.9999999999972554
9707,97.07000000001275,0.9999999999972802
9708,97.08000000001276,0.9999999999973047
9709,97.09000000001276,0.999999999997329
9710,97.10000000001277,0.9999999999973532
9711,97.11000000001277,0.9999999999973771
9712,97.12000000001278,0.9999999999974007
9713,97.13000000001279,0.9999999999974243
9714,97.14000000001279,0.9999999999974476
9715,97.1500000000128,0.9999999999974707
9716,97.1600000000128,0.9999999999974936
9717,97.1700000000128,0.9999999999975162
9718,97.18000000001281,0.9999999999975386
9719,97.19000000001282,0.999999999997561
9720,97.20000000001282,0.9999999999975829
9721,97.21000000001283,0.9999999999976048
9722,97.22000000001283,0.9999999999976265
9723,97.23000000001284,0.999999999997648
9724,97.24000000001284,0.9999999999976693
9725,97.25000000001285,0.9999999999976904
9726,97.26000000001285,0.9999999999977113
9727,97.27000000001286,0.999999999997732
9728,97.28000000001286,0.9999999999977526
9729,97.29000000001287,0.9999999999977729
9730,97.30000000001287,0.9999999999977931
9731,97.31000000001288,0.9999999999978131
9732,97.32000000001288,0.999999999997833
9733,97.33000000001289,0.9999999999978525
9734,97.34000000001289,0.999999999997872
9735,97.3500000000129,0.9999999999978914
9736,97.3600000000129,0.9999999999979104
9737,97.37000000001291,0.9999999999979293
9738,97.38000000001291,0.9999999999979482
9739,97.39000000001292,0.9999999999979667
9740,97.40000000001292,0.9999999999979852
9741,97.41000000001293,0.9999999999980035
9742,97.42000000001293,0.9999999999980216
9743,97.43000000001294,0.9999999999980396
9744,97.44000000001294,0.9999999999980573
9745,97.45000000001295,0.999999999998075
9746,97.46000000001295,0.9999999999980925
9747,97.47000000001296,0.9999999999981098
9748,97.48000000001296,0.9999999999981269
9749,97.49000000001297,0.999999999998144
9750,97.50000000001297,0.9999999999981608
9751,97.51000000001298,0.9999999999981776
9752,97.52000000001298,0.9999999999981941
9753,97.53000000001299,0.9999999999982105
9754,97.540000000013,0.9999999999982268
9755,97.550000000013,0.999999999998243
9756,97.560000000013,0.999999999998259
9757,97.57000000001301,0.9999999999982747
9758,97.58000000001302,0.9999999999982905
9759,97.59000000001302,0.999999999998306
9760,97.60000000001303,0.9999999999983213
9761,97.61000000001303,0.9999999999983367
9762,97.62000000001304,0.9999999999983518
9763,97.63000000001304,0.9999999999983669
9764,97.64000000001305,0.9999999999983816
9765,97.65000000001305,0.9999999999983964
9766,97.66000000001306,0.999999999998411
9767,97.67000000001306,0.9999999999984255
9768,97.68000000001307,0.9999999999984398
9769,97.69000000001307,0.999999999998454
9770,97.70000000001308,0.9999999999984681
9771,97.71000000001308,0.9999999999984821
9772,97.72000000001309,0.9999999999984959
9773,97.73000000001309,0.9999999999985096
9774,97.7400000000131,0.9999999999985232
9775,97.7500000000131,0.9999999999985367
9776,97.76000000001311,0.99999999999855
9777,97.77000000001311,0.9999999999985633
9778,97.78000000001312,0.9999999999985764
9779,97.79000000001312,0.9999999999985894
9780,97.80000000001313,0.9999999999986022
9781,97.81000000001313,0.999999999998615
9782,97.82000000001314,0.9999999999986277
9783,97.83000000001314,0.9999999999986401
9784,97.84000000001315,0.9999999999986525
9785,97.85000000001315,0.9999999999986648
9786,97.86000000001316,0.9999999999986771
9787,97.87000000001316,0.9999999999986892
9788,97.88000000001317,0.9999999999987012
9789,97.89000000001317,0.9999999999987129
9790,97.90000000001318,0.9999999999987247
9791,97.91000000001318,0.9999999999987363
9792,97.92000000001319,0.9999999999987479
9793,97.9300000000132,0.9999999999987593
9794,97.9400000000132,0.9999999999987708
9795,97.9500000000132,0.999999999998782
9796,97.96000000001321,0.9999999999987931
9797,97.97000000001321,0.9999999999988042
9798,97.98000000001322,0.9999999999988151
9799,97.99000000001323,0.9999999999988259
9800,98.00000000001323,0.9999999999988367
9801,98.01000000001324,0.9999999999988473
9802,98.02000000001324,0.9999999999988578
9803,98.03000000001325,0.9999999999988683
9804,98.04000000001325,0.9999999999988787
9805,98.05000000001326,0.9999999999988889
9806,98.06000000001326,0.9999999999988991
9807,98.07000000001327,0.9999999999989092
9808,98.08000000001327,0.9999999999989192
9809,98.09000000001328,0.9999999999989291
9810,98.10000000001328,0.9999999999989388
9811,98.11000000001329,0.9999999999989486
9812,98.12000000001329,0.9999999999989583
9813,98.1300000000133,0.9999999999989678
9814,98.1400000000133,0.9999999999989773
9815,98.1500000000133,0.9999999999989867
9816,98.16000000001331,0.9999999999989959
9817,98.17000000001332,0.9999999999990051
9818,98.18000000001332,0.9999999999990142
9819,98.19000000001333,0.9999999999990233
9820,98.20000000001333,0.9999999999990323
9821,98.21000000001334,0.9999999999990412
9822,98.22000000001334,0.99999999999905
9823,98.23000000001335,0.9999999999990586
9824,98.24000000001335,0.9999999999990673
9825,98.25000000001336,0.9999999999990759
9826,98.26000000001336,0.9999999999990844
9827,98.27000000001337,0.9999999999990928
9828,98.28000000001337,0.9999999999991012
9829,98.29000000001338,0.9999999999991094
9830,98.30000000001338,0.9999999999991176
9831,98.31000000001339,0.9999999999991257
9832,98.3200000000134,0.9999999999991337
9833,98.3300000000134,0.9999999999991417
9834,98.3400000000134,0.9999999999991496
9835,98.35000000001341,0.9999999999991573
9836,98.36000000001341,0.9999999999991651
9837,98.37000000001342,0.9999999999991728
9838,98.38000000001342,0.9999999999991804
9839,98.39000000001343,0.999999999999188
9840,98.40000000001343,0.9999999999991954
9841,98.41000000001344,0.9999999999992029
9842,98.42000000001345,0.9999999999992102
9843,98.43000000001345,0.9999999999992174
9844,98.44000000001346,0.9999999999992246
9845,98.45000000001346,0.9999999999992317
9846,98.46000000001347,0.9999999999992388
9847,98.47000000001347,0.9999999999992458
9848,98.48000000001348,0.9999999999992528
9849,98.49000000001348,0.9999999999992597
9850,98.50000000001349,0.9999999999992665
9851,98.51000000001349,0.9999999999992732
9852,98.5200000000135,0.99999999999928
9853,98.5300000000135,0.9999999999992866
9854,98.5400000000135,0.9999999999992932
9855,98.55000000001351,0.9999999999992997
9856,98.56000000001352,0.9999999999993061
9857,98.57000000001352,0.9999999999993125
9858,98.58000000001353,0.9999999999993189
9859,98.59000000001353,0.9999999999993252
9860,98.60000000001354,0.9999999999993314
9861,98.61000000001354,0.9999999999993375
9862,98.62000000001355,0.9999999999993436
9863,98.63000000001355,0.9999999999993497
9864,98.64000000001356,0.9999999999993557
9865,98.65000000001356,0.9999999999993617
9866,98.66000000001357,0.9999999999993676
9867,98.67000000001357,0.9999999999993734
9868,98.68000000001358,0.9999999999993793
9869,98.69000000001358,0.9999999999993849
9870,98.70000000001359,0.9999999999993906
9871,98.7100000000136,0.9999999999993963
9872,98.7200000000136,0.9999999999994018
9873,98.7300000000136,0.9999999999994074
9874,98.74000000001361,0.9999999999994128
9875,98.75000000001361,0.9999999999994182
9876,98.76000000001362,0.9999999999994237
9877,98.77000000001362,0.999999999999429
9878,98.78000000001363,0.9999999999994342
9879,98.79000000001363,0.9999999999994396
9880,98.80000000001364,0.9999999999994447
9881,98.81000000001364,0.9999999999994499
9882,98.82000000001365,0.9999999999994549
9883,98.83000000001365,0.99999999999946
9884,98.84000000001366,0.999999999999465
9885,98.85000000001367,0.9999999999994699
9886,98.86000000001367,0.9999999999994749
9887,98.87000000001368,0.9999999999994796
9888,98.88000000001368,0.9999999999994845
9889,98.89000000001369,0.9999999999994893
9890,98.90000000001369,0.999999999999494
9891,98.9100000000137,0.9999999999994987
9892,98.9200000000137,0.9999999999995034
9893,98.9300000000137,0.999999999999508
9894,98.94000000001371,0.9999999999995125
9895,98.95000000001372,0.999999999999517
9896,98.96000000001372,0.9999999999995215
9897,98.97000000001373,0.9999999999995259
9898,98.98000000001373,0.9999999999995304
9899,98.99000000001374,0.9999999999995347
9900,99.00000000001374,0.999999999999539
9901,99.01000000001375,0.9999999999995433
9902,99.02000000001375,0.9999999999995476
9903,99.03000000001376,0.9999999999995517
9904,99.04000000001376,0.9999999999995559
9905,99.05000000001377,0.99999999999956
9906,99.06000000001377,0.9999999999995641
9907,99.07000000001378,0.9999999999995681
9908,99.08000000001378,0.9999999999995721
9909,99.09000000001379,0.9999999999995761
9910,99.1000000000138,0.9999999999995801
9911,99.1100000000138,0.999999999999584
9912,99.1200000000138,0.9999999999995879
9913,99.13000000001381,0.9999999999995917
9914,99.14000000001381,0.9999999999995954
9915,99.15000000001382,0.9999999999995992
9916,99.16000000001382,0.999999999999603
9917,99.17000000001383,0.9999999999996066
9918,99.18000000001383,0.9999999999996103
9919,99.19000000001384,0.999999999999614
9920,99.20000000001384,0.9999999999996175
9921,99.21000000001385,0.9999999999996211
9922,99.22000000001385,0.9999999999996246
9923,99.23000000001386,0.9999999999996281
9924,99.24000000001386,0.9999999999996315
9925,99.25000000001387,0.999999999999635
9926,99.26000000001387,0.9999999999996384
9927,99.27000000001388,0.9999999999996417
9928,99.28000000001389,0.9999999999996451
9929,99.29000000001389,0.9999999999996484
9930,99.3000000000139,0.9999999999996516
9931,99.3100000000139,0.9999999999996549
9932,99.3200000000139,0.9999999999996582
9933,99.33000000001391,0.9999999999996613
9934,99.34000000001392,0.9999999999996645
9935,99.35000000001392,0.9999999999996676
9936,99.36000000001393,0.9999999999996707
9937,99.37000000001393,0.9999999999996738
9938,99.38000000001394,0.9999999999996768
9939,99.39000000001394,0.9999999999996798
9940,99.40000000001395,0.9999999999996828
9941,99.41000000001395,0.9999999999996858
9942,99.42000000001396,0.9999999999996887
9943,99.43000000001396,0.9999999999996916
9944,99.44000000001397,0.9999999999996945
9945,99.45000000001397,0.9999999999996974
9946,99.46000000001398,0.9999999999997001
9947,99.47000000001398,0.9999999999997029
9948,99.48000000001399,0.9999999999997057
9949,99.49000000001399,0.9999999999997085
9950,99.500000000014,0.9999999999997112
9951,99.510000000014,0.9999999999997139
9952,99.52000000001401,0.9999999999997166
9953,99.53000000001401,0.9999999999997192
9954,99.54000000001402,0.9999999999997219
9955,99.55000000001402,0.9999999999997244
9956,99.56000000001403,0.999999999999727
9957,99.57000000001403,0.9999999999997295
9958,99.58000000001404,0.9999999999997321
9959,99.59000000001404,0.9999999999997345
9960,99.60000000001405,0.9999999999997371
9961,99.61000000001405,0.9999999999997395
9962,99.62000000001406,0.999999999999742
9963,99.63000000001406,0.9999999999997444
9964,99.64000000001407,0.9999999999997468
9965,99.65000000001407,0.9999999999997492
9966,99.66000000001408,0.9999999999997515
9967,99.67000000001408,0.9999999999997539
9968,99.68000000001409,0.9999999999997561
9969,99.6900000000141,0.9999999999997584
9970,99.7000000000141,0.9999999999997606
9971,99.7100000000141,0.999999999999763
9972,99.72000000001411,0.9999999999997652
9973,99.73000000001412,0.9999999999997673
9974,99.74000000001412,0.9999999999997695
9975,99.75000000001413,0.9999999999997716
9976,99.76000000001413,0.9999999999997738
9977,99.77000000001414,0.999999999999776
9978,99.78000000001414,0.9999999999997781
9979,99.79000000001415,0.9999999999997802
9980,99.80000000001415,0.9999999999997822
9981,99.81000000001416,0.9999999999997842
9982,99.82000000001416,0.9999999999997863
9983,99.83000000001417,0.9999999999997883
9984,99.84000000001417,0.9999999999997903
9985,99.85000000001418,0.9999999999997922
9986,99.86000000001418,0.9999999999997942
9987,99.87000000001419,0.999999999999796
9988,99.88000000001419,0.999999999999798
9989,99.8900000000142,0.9999999999997999
9990,99.9000000000142,0.9999999999998018
9991,99.91000000001421,0.9999999999998036
9992,99.92000000001421,0.9999999999998055
9993,99.93000000001422,0.9999999999998073
9994,99.94000000001422,0.9999999999998092
9995,99.95000000001423,0.9999999999998109
9996,99.96000000001423,0.9999999999998127
9997,99.97000000001424,0.9999999999998145
9998,99.98000000001424,0.9999999999998161
9999,99.99000000001425,0.9999999999998179
10000,100.00000000001425,0.9999999999998196
10001,100.01000000001426,0.9999999999998214
10002,100.02000000001426,0.999999999999823
10003,100.03000000001427,0.9999999999998247
10004,100.04000000001427,0.9999999999998264
10005,100.05000000001428,0.9999999999998279
10006,100.06000000001428,0.9999999999998296
10007,100.07000000001429,0.9999999999998311
10008,100.0800000000143,0.9999999999998328
10009,100.0900000000143,0.9999999999998344
10010,100.1000000000143,0.9999999999998359
10011,100.11000000001431,0.9999999999998375
10012,100.12000000001431,0.999999999999839
10013,100.13000000001432,0.9999999999998405
10014,100.14000000001433,0.999999999999842
10015,100.15000000001433,0.9999999999998435
10016,100.16000000001434,0.999999999999845
10017,100.17000000001434,0.9999999999998465
10018,100.18000000001435,0.9999999999998479
10019,100.19000000001435,0.9999999999998493
10020,100.20000000001436,0.9999999999998507
10021,100.21000000001436,0.9999999999998521
10022,100.22000000001437,0.9999999999998536
10023,100.23000000001437,0.9999999999998549
10024,100.24000000001438,0.9999999999998562
10025,100.25000000001438,0.9999999999998577
10026,100.26000000001439,0.999999999999859
10027,100.27000000001439,0.9999999999998603
10028,100.2800000000144,0.9999999999998617
10029,100.2900000000144,0.9999999999998629
10030,100.3000000000144,0.9999999999998642
10031,100.31000000001441,0.9999999999998656
10032,100.32000000001442,0.9999999999998668
10033,100.33000000001442,0.999999999999868
10034,100.34000000001443,0.9999999999998693
10035,100.35000000001443,0.9999999999998705
10036,100.36000000001444,0.9999999999998718
10037,100.37000000001444,0.999999999999873
10038,100.38000000001445,0.9999999999998741
10039,100.39000000001445,0.9999999999998753
10040,100.40000000001446,0.9999999999998765
10041,100.41000000001446,0.9999999999998777
10042,100.42000000001447,0.9999999999998789
10043,100.43000000001447,0.99999999999988
10044,100.44000000001448,0.9999999999998811
10045,100.45000000001448,0.9999999999998822
10046,100.46000000001449,0.9999999999998833
10047,100.4700000000145,0.9999999999998844
10048,100.4800000000145,0.9999999999998855
10049,100.4900000000145,0.9999999999998866
10050,100.50000000001451,0.9999999999998878
10051,100.51000000001451,0.9999999999998888
10052,100.52000000001452,0.9999999999998899
10053,100.53000000001452,0.9999999999998909
10054,100.54000000001453,0.9999999999998919
10055,100.55000000001453,0.999999999999893
10056,100.56000000001454,0.999999999999894
10057,100.57000000001455,0.999999999999895
10058,100.58000000001455,0.999999999999896
10059,100.59000000001456,0.999999999999897
10060,100.60000000001456,0.9999999999998979
10061,100.61000000001457,0.9999999999998989
10062,100.62000000001457,0.9999999999998999
10063,100.63000000001458,0.9999999999999007
10064,100.64000000001458,0.9999999999999017
10065,100.65000000001459,0.9999999999999026
10066,100.66000000001459,0.9999999999999035
10067,100.6700000000146,0.9999999999999045
10068,100.6800000000146,0.9999999999999054
10069,100.6900000000146,0.9999999999999063
10070,100.70000000001461,0.9999999999999072
10071,100.71000000001462,0.9999999999999081
10072,100.72000000001462,0.999999999999909
10073,100.73000000001463,0.9999999999999098
10074,100.74000000001463,0.9999999999999106
10075,100.75000000001464,0.9999999999999115
10076,100.76000000001464,0.9999999999999123
10077,100.77000000001465,0.9999999999999132
10078,100.78000000001465,0.999999999999914
10079,100.79000000001466,0.9999999999999148
10080,100.80000000001466,0.9999999999999156
10081,100.81000000001467,0.9999999999999164
10082,100.82000000001467,0.9999999999999172
10083,100.83000000001468,0.999999999999918
10084,100.84000000001468,0.9999999999999187
10085,100.85000000001469,0.9999999999999195
10086,100.8600000000147,0.9999999999999203
10087,100.8700000000147,0.9999999999999211
10088,100.8800000000147,0.9999999999999218
10089,100.89000000001471,0.9999999999999226
10090,100.90000000001471,0.9999999999999233
10091,100.91000000001472,0.9999999999999241
10092,100.92000000001472,0.9999999999999247
10093,100.93000000001473,0.9999999999999255
10094,100.94000000001473,0.9999999999999262
10095,100.95000000001474,0.9999999999999268
10096,100.96000000001474,0.9999999999999276
10097,100.97000000001475,0.9999999999999283
10098,100.98000000001475,0.999999999999929
10099,100.99000000001476,0.9999999999999296
10100,101.00000000001477,0.9999999999999303
10101,101.01000000001477,0.9999999999999309
10102,101.02000000001478,0.9999999999999316
10103,101.03000000001478,0.9999999999999323
10104,101.04000000001479,0.9999999999999329
10105,101.05000000001479,0.9999999999999336
10106,101.0600000000148,0.9999999999999342
10107,101.0700000000148,0.9999999999999348
10108,101.0800000000148,0.9999999999999355
10109,101.09000000001481,0.999999999999936
10110,101.10000000001482,0.9999999999999367
10111,101.11000000001482,0.9999999999999373
10112,101.12000000001483,0.9999999999999378
10113,101.13000000001483,0.9999999999999385
10114,101.14000000001484,0.999999999999939
10115,101.15000000001484,0.9999999999999396
10116,101.16000000001485,0.9999999999999402
10117,101.17000000001485,0.9999999999999408
10118,101.18000000001486,0.9999999999999414
10119,101.19000000001486,0.9999999999999419
10120,101.20000000001487,0.9999999999999425
10121,101.21000000001487,0.999999999999943
10122,101.22000000001488,0.9999999999999436
10123,101.23000000001488,0.999999999999944
10124,101.24000000001489,0.9999999999999446
10125,101.2500000000149,0.9999999999999452
10126,101.2600000000149,0.9999999999999457
10127,101.2700000000149,0.9999999999999462
10128,101.28000000001491,0.9999999999999467
10129,101.29000000001491,0.9999999999999473
10130,101.30000000001492,0.9999999999999477
10131,101.31000000001492,0.9999999999999483
10132,101.32000000001493,0.9999999999999487
10133,101.33000000001493,0.9999999999999493
10134,101.34000000001494,0.9999999999999497
10135,101.35000000001494,0.9999999999999502
10136,101.36000000001495,0.9999999999999507
10137,101.37000000001495,0.9999999999999512
10138,101.38000000001496,0.9999999999999516
10139,101.39000000001496,0.999999999999952
10140,101.40000000001497,0.9999999999999525
10141,101.41000000001497,0.9999999999999529
10142,101.42000000001498,0.9999999999999534
10143,101.43000000001499,0.9999999999999538
10144,101.44000000001499,0.9999999999999543
10145,101.450000000015,0.9999999999999547
10146,101.460000000015,0.9999999999999551
10147,101.470000000015,0.9999999999999556
10148,101.48000000001501,0.999999999999956
10149,101.49000000001502,0.9999999999999565
10150,101.50000000001502,0.9999999999999569
10151,101.51000000001503,0.9999999999999573
10152,101.52000000001503,0.9999999999999577
10153,101.53000000001504,0.9999999999999581
10154,101.54000000001504,0.9999999999999585
10155,101.55000000001505,0.9999999999999589
10156,101.56000000001505,0.9999999999999593
10157,101.57000000001506,0.9999999999999597
10158,101.58000000001506,0.99999999999996
10159,101.59000000001507,0.9999999999999605
10160,101.60000000001507,0.9999999999999608
10161,101.61000000001508,0.9999999999999613
10162,101.62000000001508,0.9999999999999616
10163,101.63000000001509,0.9999999999999619
10164,101.64000000001509,0.9999999999999624
10165,101.6500000000151,0.9999999999999627
10166,101.6600000000151,0.999999999999963
10167,101.67000000001511,0.9999999999999634
10168,101.68000000001511,0.9999999999999637
10169,101.69000000001512,0.9999999999999641
10170,101.70000000001512,0.9999999999999645
10171,101.71000000001513,0.9999999999999648
10172,101.72000000001513,0.9999999999999651
10173,101.73000000001514,0.9999999999999655
10174,101.74000000001514,0.9999999999999658
10175,101.75000000001515,0.9999999999999661
10176,101.76000000001515,0.9999999999999665
10177,101.77000000001516,0.9999999999999668
10178,101.78000000001516,0.9999999999999671
10179,101.79000000001517,0.9999999999999674
10180,101.80000000001517,0.9999999999999677
10181,101.81000000001518,0.999999999999968
10182,101.82000000001518,0.9999999999999684
10183,101.83000000001519,0.9999999999999687
10184,101.8400000000152,0.9999999999999689
10185,101.8500000000152,0.9999999999999692
10186,101.8600000000152,0.9999999999999696
10187,101.87000000001521,0.9999999999999698
10188,101.88000000001522,0.9999999999999701
10189,101.89000000001522,0.9999999999999704
10190,101.90000000001523,0.9999999999999707
10191,101.91000000001523,0.999999999999971
10192,101.92000000001524,0.9999999999999712
10193,101.93000000001524,0.9999999999999716
10194,101.94000000001525,0.9999999999999718
10195,101.95000000001525,0.999999999999972
10196,101.96000000001526,0.9999999999999724
10197,101.97000000001526,0.9999999999999726
10198,101.98000000001527,0.9999999999999729
10199,101.99000000001527,0.9999999999999731
10200,102.00000000001528,0.9999999999999734
10201,102.01000000001528,0.9999999999999737
10202,102.02000000001529,0.9999999999999739
10203,102.03000000001529,0.9999999999999741
10204,102.0400000000153,0.9999999999999744
10205,102.0500000000153,0.9999999999999747
10206,102.06000000001531,0.9999999999999749
10207,102.07000000001531,0.9999999999999751
10208,102.08000000001532,0.9999999999999754
10209,102.09000000001532,0.9999999999999756
10210,102.10000000001533,0.9999999999999759
10211,102.11000000001533,0.9999999999999761
10212,102.12000000001534,0.9999999999999764
10213,102.13000000001534,0.9999999999999766
10214,102.14000000001535,0.9999999999999768
10215,102.15000000001535,0.999999999999977
10216,102.16000000001536,0.9999999999999772
10217,102.17000000001536,0.9999999999999775
10218,102.18000000001537,0.9999999999999777
10219,102.19000000001537,0.9999999999999779
10220,102.20000000001538,0.9999999999999781
10221,102.21000000001538,0.9999999999999784
10222,102.22000000001539,0.9999999999999785
10223,102.2300000000154,0.9999999999999787
10224,102.2400000000154,0.9999999999999789
10225,102.2500000000154,0.9999999999999791
10226,102.26000000001541,0.9999999999999793
10227,102.27000000001541,0.9999999999999796
10228,102.28000000001542,0.9999999999999797
10229,102.29000000001543,0.9999999999999799
10230,102.30000000001543,0.9999999999999801
10231,102.31000000001544,0.9999999999999803
10232,102.32000000001544,0.9999999999999805
10233,102.33000000001545,0.9999999999999807
10234,102.34000000001545,0.9999999999999809
10235,102.35000000001546,0.999999999999981
10236,102.36000000001546,0.9999999999999812
10237,102.37000000001547,0.9999999999999815
10238,102.38000000001547,0.9999999999999816
10239,102.39000000001548,0.9999999999999818
10240,102.40000000001548,0.999999999999982
10241,102.41000000001549,0.9999999999999821
10242,102.42000000001549,0.9999999999999823
10243,102.4300000000155,0.9999999999999825
10244,102.4400000000155,0.9999999999999827
10245,102.4500000000155,0.9999999999999828
10246,102.46000000001551,0.999999999999983
10247,102.47000000001552,0.9999999999999831
10248,102.48000000001552,0.9999999999999833
10249,102.49000000001553,0.9999999999999835
10250,102.50000000001553,0.9999999999999837
10251,102.51000000001554,0.9999999999999838
10252,102.52000000001554,0.9999999999999839
10253,102.53000000001555,0.9999999999999841
10254,102.54000000001555,0.9999999999999842
10255,102.55000000001556,0.9999999999999845
10256,102.56000000001556,0.9999999999999846
10257,102.57000000001557,0.9999999999999847
10258,102.58000000001557,0.9999999999999849
10259,102.59000000001558,0.999999999999985
10260,102.60000000001558,0.9999999999999851
10261,102.61000000001559,0.9999999999999853
10262,102.6200000000156,0.9999999999999855
10263,102.6300000000156,0.9999999999999856
10264,102.6400000000156,0.9999999999999857
10265,102.65000000001561,0.9999999999999859
10266,102.66000000001561,0.999999999999986
10267,102.67000000001562,0.9999999999999861
10268,102.68000000001562,0.9999999999999862
10269,102.69000000001563,0.9999999999999865
10270,102.70000000001563,0.9999999999999866
10271,102.71000000001564,0.9999999999999867
10272,102.72000000001565,0.9999999999999868
10273,102.73000000001565,0.9999999999999869
10274,102.74000000001566,0.999999999999987
10275,102.75000000001566,0.9999999999999872
10276,102.76000000001567,0.9999999999999873
10277,102.77000000001567,0.9999999999999875
10278,102.78000000001568,0.9999999999999876
10279,102.79000000001568,0.9999999999999877
10280,102.80000000001569,0.9999999999999878
10281,102.81000000001569,0.9999999999999879
10282,102.8200000000157,0.999999999999988
10283,102.8300000000157,0.9999999999999881
10284,102.8400000000157,0.9999999999999882
10285,102.85000000001571,0.9999999999999883
10286,102.86000000001572,0.9999999999999885
10287,102.87000000001572,0.9999999999999886
10288,102.88000000001573,0.9999999999999887
10289,102.89000000001573,0.9999999999999888
10290,102.90000000001574,0.9999999999999889
10291,102.91000000001574,0.999999999999989
10292,102.92000000001575,0.9999999999999891
10293,102.93000000001575,0.9999999999999892
10294,102.94000000001576,0.9999999999999893
10295,102.95000000001576,0.9999999999999895
10296,102.96000000001577,0.9999999999999896
10297,102.97000000001577,0.9999999999999897
10298,102.98000000001578,0.9999999999999898
10299,102.99000000001578,0.9999999999999899
10300,103.00000000001579,0.99999999999999
10301,103.0100000000158,0.9999999999999901
10302,103.0200000000158,0.9999999999999901
10303,103.0300000000158,0.9999999999999902
10304,103.04000000001581,0.9999999999999903
10305,103.05000000001581,0.9999999999999905
10306,103.06000000001582,0.9999999999999906
10307,103.07000000001582,0.9999999999999907
10308,103.08000000001583,0.9999999999999907
10309,103.09000000001583,0.9999999999999908
10310,103.10000000001584,0.9999999999999909
10311,103.11000000001584,0.999999999999991
10312,103.12000000001585,0.9999999999999911
10313,103.13000000001585,0.9999999999999911
10314,103.14000000001586,0.9999999999999912
10315,103.15000000001586,0.9999999999999913
10316,103.16000000001587,0.9999999999999915
10317,103.17000000001588,0.9999999999999916
10318,103.18000000001588,0.9999999999999916
10319,103.19000000001589,0.9999999999999917
10320,103.20000000001589,0.9999999999999918
10321,103.2100000000159,0.9999999999999918
10322,103.2200000000159,0.9999999999999919
10323,103.2300000000159,0.999999999999992
10324,103.24000000001591,0.9999999999999921
10325,103.25000000001592,0.9999999999999921
10326,103.26000000001592,0.9999999999999922
10327,103.27000000001593,0.9999999999999923
10328,103.28000000001593,0.9999999999999923
10329,103.29000000001594,0.9999999999999925
10330,103.30000000001594,0.9999999999999926
10331,103.31000000001595,0.9999999999999926
10332,103.32000000001595,0.9999999999999927
10333,103.33000000001596,0.9999999999999928
10334,103.34000000001596,0.9999999999999928
10335,103.35000000001597,0.9999999999999929
10336,103.36000000001597,0.999999999999993
10337,103.37000000001598,0.999999999999993
10338,103.38000000001598,0.9999999999999931
10339,103.39000000001599,0.9999999999999931
10340,103.400000000016,0.9999999999999932
10341,103.410000000016,0.9999999999999933
10342,103.420000000016,0.9999999999999933
10343,103.43000000001601,0.9999999999999934
10344,103.44000000001601,0.9999999999999934
10345,103.45000000001602,0.9999999999999936
10346,103.46000000001602,0.9999999999999937
10347,103.47000000001603,0.9999999999999937
10348,103.48000000001603,0.9999999999999938
10349,103.49000000001604,0.9999999999999938
10350,103.50000000001604,0.9999999999999939
10351,103.51000000001605,0.9999999999999939
10352,103.52000000001605,0.999999999999994
10353,103.53000000001606,0.999999999999994
10354,103.54000000001606,0.9999999999999941
10355,103.55000000001607,0.9999999999999941
10356,103.56000000001607,0.9999999999999942
10357,103.57000000001608,0.9999999999999942
10358,103.58000000001608,0.9999999999999943
10359,103.59000000001609,0.9999999999999943
10360,103.6000000000161,0.9999999999999944
10361,103.6100000000161,0.9999999999999944
10362,103.6200000000161,0.9999999999999946
10363,103.63000000001611,0.9999999999999946
10364,103.64000000001612,0.9999999999999947
10365,103.65000000001612,0.9999999999999947
10366,103.66000000001613,0.9999999999999948
10367,103.67000000001613,0.9999999999999948
10368,103.68000000001614,0.9999999999999949
10369,103.69000000001614,0.9999999999999949
10370,103.70000000001615,0.999999999999995
10371,103.71000000001615,0.999999999999995
10372,103.72000000001616,0.9999999999999951
10373,103.73000000001616,0.9999999999999951
10374,103.74000000001617,0.9999999999999951
10375,103.75000000001617,0.9999999999999952
10376,103.76000000001618,0.9999999999999952
10377,103.77000000001618,0.9999999999999953
10378,103.78000000001619,0.9999999999999953
10379,103.79000000001619,0.9999999999999954
10380,103.8000000000162,0.9999999999999954
10381,103.8100000000162,0.9999999999999954
10382,103.82000000001621,0.9999999999999956
10383,103.83000000001621,0.9999999999999956
10384,103.84000000001622,0.9999999999999957
10385,103.85000000001622,0.9999999999999957
10386,103.86000000001623,0.9999999999999957
10387,103.87000000001623,0.9999999999999958
10388,103.88000000001624,0.9999999999999958
10389,103.89000000001624,0.9999999999999958
10390,103.90000000001625,0.9999999999999959
10391,103.91000000001625,0.9999999999999959
10392,103.92000000001626,0.999999999999996
10393,103.93000000001626,0.999999999999996
10394,103.94000000001627,0.999999999999996
10395,103.95000000001627,0.9999999999999961
10396,103.96000000001628,0.9999999999999961
10397,103.97000000001628,0.9999999999999961
10398,103.98000000001629,0.9999999999999962
10399,103.9900000000163,0.9999999999999962
10400,104.0000000000163,0.9999999999999962
10401,104.0100000000163,0.9999999999999963
10402,104.02000000001631,0.9999999999999963
10403,104.03000000001632,0.9999999999999963
10404,104.04000000001632,0.9999999999999964
10405,104.05000000001633,0.9999999999999964
10406,104.06000000001633,0.9999999999999964
10407,104.07000000001634,0.9999999999999966
10408,104.08000000001634,0.9999999999999966
10409,104.09000000001635,0.9999999999999966
10410,104.10000000001635,0.9999999999999966
10411,104.11000000001636,0.9999999999999967
10412,104.12000000001636,0.9999999999999967
10413,104.13000000001637,0.9999999999999967
10414,104.14000000001637,0.9999999999999968
10415,104.15000000001638,0.9999999999999968
10416,104.16000000001638,0.9999999999999968
10417,104.17000000001639,0.9999999999999969
10418,104.18000000001639,0.9999999999999969
10419,104.1900000000164,0.9999999999999969
10420,104.2000000000164,0.9999999999999969
10421,104.21000000001641,0.999999999999997
10422,104.22000000001641,0.999999999999997
10423,104.23000000001642,0.999999999999997
10424,104.24000000001642,0.999999999999997
10425,104.25000000001643,0.9999999999999971
10426,104.26000000001643,0.9999999999999971
10427,104.27000000001644,0.9999999999999971
10428,104.28000000001644,0.9999999999999971
10429,104.29000000001645,0.9999999999999972
10430,104.30000000001645,0.9999999999999972
10431,104.31000000001646,0.9999999999999972
10432,104.32000000001646,0.9999999999999972
10433,104.33000000001647,0.9999999999999973
10434,104.34000000001647,0.9999999999999973
10435,104.35000000001648,0.9999999999999973
10436,104.36000000001648,0.9999999999999973
10437,104.37000000001649,0.9999999999999974
10438,104.3800000000165,0.9999999999999974
10439,104.3900000000165,0.9999999999999974
10440,104.4000000000165,0.9999999999999974
10441,104.41000000001651,0.9999999999999976
10442,104.42000000001651,0.9999999999999976
10443,104.43000000001652,0.9999999999999976
10444,104.44000000001652,0.9999999999999976
10445,104.45000000001653,0.9999999999999976
10446,104.46000000001654,0.9999999999999977
10447,104.47000000001654,0.9999999999999977
10448,104.48000000001655,0.9999999999999977
10449,104.49000000001655,0.9999999999999977
10450,104.50000000001656,0.9999999999999978
10451,104.51000000001656,0.9999999999999978
10452,104.52000000001657,0.9999999999999978
10453,104.53000000001657,0.9999999999999978
10454,104.54000000001658,0.9999999999999978
10455,104.55000000001658,0.9999999999999979
10456,104.56000000001659,0.9999999999999979
10457,104.57000000001659,0.9999999999999979
10458,104.5800000000166,0.9999999999999979
10459,104.5900000000166,0.9999999999999979
10460,104.6000000000166,0.9999999999999979
10461,104.61000000001661,0.999999999999998
10462,104.62000000001662,0.999999999999998
10463,104.63000000001662,0.999999999999998
10464,104.64000000001663,0.999999999999998
10465,104.65000000001663,0.999999999999998
10466,104.66000000001664,0.9999999999999981
10467,104.67000000001664,0.9999999999999981
10468,104.68000000001665,0.9999999999999981
10469,104.69000000001665,0.9999999999999981
10470,104.70000000001666,0.9999999999999981
10471,104.71000000001666,0.9999999999999981
10472,104.72000000001667,0.9999999999999982
10473,104.73000000001667,0.9999999999999982
10474,104.74000000001668,0.9999999999999982
10475,104.75000000001668,0.9999999999999982
10476,104.76000000001669,0.9999999999999982
10477,104.7700000000167,0.9999999999999982
10478,104.7800000000167,0.9999999999999983
10479,104.7900000000167,0.9999999999999983
10480,104.80000000001671,0.9999999999999983
10481,104.81000000001671,0.9999999999999983
10482,104.82000000001672,0.9999999999999983
10483,104.83000000001672,0.9999999999999983
10484,104.84000000001673,0.9999999999999983
10485,104.85000000001673,0.9999999999999984
10486,104.86000000001674,0.9999999999999984
10487,104.87000000001674,0.9999999999999984
10488,104.88000000001675,0.9999999999999984
10489,104.89000000001676,0.9999999999999984
10490,104.90000000001676,0.9999999999999984
10491,104.91000000001677,0.9999999999999984
10492,104.92000000001677,0.9999999999999986
10493,104.93000000001678,0.9999999999999986
10494,104.94000000001678,0.9999999999999986
10495,104.95000000001679,0.9999999999999986
10496,104.96000000001679,0.9999999999999986
10497,104.9700000000168,0.9999999999999986
10498,104.9800000000168,0.9999999999999986
10499,104.9900000000168,0.9999999999999986
10500,105.00000000001681,0.9999999999999987
10501,105.01000000001682,0.9999999999999987
10502,105.02000000001682,0.9999999999999987
10503,105.03000000001683,0.9999999999999987
10504,105.04000000001683,0.9999999999999987
10505,105.05000000001684,0.9999999999999987
10506,105.06000000001684,0.9999999999999987
10507,105.07000000001685,0.9999999999999987
10508,105.08000000001685,0.9999999999999988
10509,105.09000000001686,0.9999999999999988
10510,105.10000000001686,0.9999999999999988
10511,105.11000000001687,0.9999999999999988
10512,105.12000000001687,0.9999999999999988
10513,105.13000000001688,0.9999999999999988
10514,105.14000000001688,0.9999999999999988
10515,105.15000000001689,0.9999999999999988
10516,105.1600000000169,0.9999999999999988
10517,105.1700000000169,0.9999999999999989
10518,105.1800000000169,0.9999999999999989
10519,105.19000000001691,0.9999999999999989
10520,105.20000000001691,0.9999999999999989
10521,105.21000000001692,0.9999999999999989
10522,105.22000000001692,0.9999999999999989
10523,105.23000000001693,0.9999999999999989
10524,105.24000000001693,0.9999999999999989
10525,105.25000000001694,0.9999999999999989
10526,105.26000000001694,0.9999999999999989
10527,105.27000000001695,0.999999999999999
10528,105.28000000001695,0.999999999999999
10529,105.29000000001696,0.999999999999999
10530,105.30000000001696,0.999999999999999
10531,105.31000000001697,0.999999999999999
10532,105.32000000001698,0.999999999999999
10533,105.33000000001698,0.999999999999999
10534,105.34000000001699,0.999999999999999
10535,105.35000000001699,0.999999999999999
10536,105.360000000017,0.999999999999999
10537,105.370000000017,0.999999999999999
10538,105.380000000017,0.9999999999999991
10539,105.39000000001701,0.9999999999999991
10540,105.40000000001702,0.9999999999999991
10541,105.41000000001702,0.9999999999999991
10542,105.42000000001703,0.9999999999999991
10543,105.43000000001703,0.9999999999999991
10544,105.44000000001704,0.9999999999999991
10545,105.45000000001704,0.9999999999999991
10546,105.46000000001705,0.9999999999999991
10547,105.47000000001705,0.9999999999999991
10548,105.48000000001706,0.9999999999999991
10549,105.49000000001706,0.9999999999999991
10550,105.50000000001707,0.9999999999999991
10551,105.51000000001707,0.9999999999999992
10552,105.52000000001708,0.9999999999999992
10553,105.53000000001708,0.9999999999999992
10554,105.54000000001709,0.9999999999999992
10555,105.55000000001709,0.9999999999999992
10556,105.5600000000171,0.9999999999999992
10557,105.5700000000171,0.9999999999999992
10558,105.58000000001711,0.9999999999999992
10559,105.59000000001711,0.9999999999999992
10560,105.60000000001712,0.9999999999999992
10561,105.61000000001712,0.9999999999999992
10562,105.62000000001713,0.9999999999999992
10563,105.63000000001713,0.9999999999999992
10564,105.64000000001714,0.9999999999999992
10565,105.65000000001714,0.9999999999999993
10566,105.66000000001715,0.9999999999999993
10567,105.67000000001715,0.9999999999999993
10568,105.68000000001716,0.9999999999999993
10569,105.69000000001716,0.9999999999999993
10570,105.70000000001717,0.9999999999999993
10571,105.71000000001717,0.9999999999999993
10572,105.72000000001718,0.9999999999999993
10573,105.73000000001718,0.9999999999999993
10574,105.74000000001719,0.9999999999999993
10575,105.7500000000172,0.9999999999999993
10576,105.7600000000172,0.9999999999999993
10577,105.7700000000172,0.9999999999999993
10578,105.78000000001721,0.9999999999999993
10579,105.79000000001722,0.9999999999999993
10580,105.80000000001722,0.9999999999999993
10581,105.81000000001723,0.9999999999999994
10582,105.82000000001723,0.9999999999999994
10583,105.83000000001724,0.9999999999999994
10584,105.84000000001724,0.9999999999999994
10585,105.85000000001725,0.9999999999999994
10586,105.86000000001725,0.9999999999999994
10587,105.87000000001726,0.9999999999999994
10588,105.88000000001726,0.9999999999999994
10589,105.89000000001727,0.9999999999999994
10590,105.90000000001727,0.9999999999999994
10591,105.91000000001728,0.9999999999999994
10592,105.92000000001728,0.9999999999999994
10593,105.93000000001729,0.9999999999999994
10594,105.94000000001729,0.9999999999999994
10595,105.9500000000173,0.9999999999999994
10596,105.9600000000173,0.9999999999999994
10597,105.97000000001731,0.9999999999999994
10598,105.98000000001731,0.9999999999999994
10599,105.99000000001732,0.9999999999999994
10600,106.00000000001732,0.9999999999999994
10601,106.01000000001733,0.9999999999999996
10602,106.02000000001733,0.9999999999999996
10603,106.03000000001734,0.9999999999999996
10604,106.04000000001734,0.9999999999999996
10605,106.05000000001735,0.9999999999999996
10606,106.06000000001735,0.9999999999999996
10607,106.07000000001736,0.9999999999999996
10608,106.08000000001736,0.9999999999999996
10609,106.09000000001737,0.9999999999999996
10610,106.10000000001737,0.9999999999999996
10611,106.11000000001738,0.9999999999999996
10612,106.12000000001738,0.9999999999999996
10613,106.13000000001739,0.9999999999999996
10614,106.1400000000174,0.9999999999999996
10615,106.1500000000174,0.9999999999999996
10616,106.1600000000174,0.9999999999999996
10617,106.17000000001741,0.9999999999999996
10618,106.18000000001742,0.9999999999999996
10619,106.19000000001742,0.9999999999999996
10620,106.20000000001743,0.9999999999999996
10621,106.21000000001743,0.9999999999999996
10622,106.22000000001744,0.9999999999999996
10623,106.23000000001744,0.9999999999999996
10624,106.24000000001745,0.9999999999999996
10625,106.25000000001745,0.9999999999999996
10626,106.26000000001746,0.9999999999999997
10627,106.27000000001746,0.9999999999999997
10628,106.28000000001747,0.9999999999999997
10629,106.29000000001747,0.9999999999999997
10630,106.30000000001748,0.9999999999999997
10631,106.31000000001748,0.9999999999999997
10632,106.32000000001749,0.9999999999999997
10633,106.33000000001749,0.9999999999999997
10634,106.3400000000175,0.9999999999999997
10635,106.3500000000175,0.9999999999999997
10636,106.36000000001751,0.9999999999999997
10637,106.37000000001751,0.9999999999999997
10638,106.38000000001752,0.9999999999999997
10639,106.39000000001752,0.9999999999999997
10640,106.40000000001753,0.9999999999999997
10641,106.41000000001753,0.9999999999999997
10642,106.42000000001754,0.9999999999999997
10643,106.43000000001754,0.9999999999999997
10644,106.44000000001755,0.9999999999999997
10645,106.45000000001755,0.9999999999999997
10646,106.46000000001756,0.9999999999999997
10647,106.47000000001756,0.9999999999999997
10648,106.48000000001757,0.9999999999999997
10649,106.49000000001757,0.9999999999999997
10650,106.50000000001758,0.9999999999999997
10651,106.51000000001758,0.9999999999999997
10652,106.52000000001759,0.9999999999999997
10653,106.5300000000176,0.9999999999999997
10654,106.5400000000176,0.9999999999999997
10655,106.5500000000176,0.9999999999999997
10656,106.56000000001761,0.9999999999999997
10657,106.57000000001761,0.9999999999999997
10658,106.58000000001762,0.9999999999999997
10659,106.59000000001762,0.9999999999999998
10660,106.60000000001763,0.9999999999999998
10661,106.61000000001764,0.9999999999999998
10662,106.62000000001764,0.9999999999999998
10663,106.63000000001765,0.9999999999999998
10664,106.64000000001765,0.9999999999999998
10665,106.65000000001766,0.9999999999999998
10666,106.66000000001766,0.9999999999999998
10667,106.67000000001767,0.9999999999999998
10668,106.68000000001767,0.9999999999999998
10669,106.69000000001768,0.9999999999999998
10670,106.70000000001768,0.9999999999999998
10671,106.71000000001769,0.9999999999999998
10672,106.72000000001769,0.9999999999999998
10673,106.7300000000177,0.9999999999999998
10674,106.7400000000177,0.9999999999999998
10675,106.7500000000177,0.9999999999999998
10676,106.76000000001771,0.9999999999999998
10677,106.77000000001772,0.9999999999999998
10678,106.78000000001772,0.9999999999999998
10679,106.79000000001773,0.9999999999999998
10680,106.80000000001773,0.9999999999999998
10681,106.81000000001774,0.9999999999999998
10682,106.82000000001774,0.9999999999999998
10683,106.83000000001775,0.9999999999999998
10684,106.84000000001775,0.9999999999999998
10685,106.85000000001776,0.9999999999999998
10686,106.86000000001776,0.9999999999999998
10687,106.87000000001777,0.9999999999999998
10688,106.88000000001777,0.9999999999999998
10689,106.89000000001778,0.9999999999999998
10690,106.90000000001778,0.9999999999999998
10691,106.91000000001779,0.9999999999999998
10692,106.9200000000178,0.9999999999999998
10693,106.9300000000178,0.9999999999999998
10694,106.9400000000178,0.9999999999999998
10695,106.95000000001781,0.9999999999999998
10696,106.96000000001781,0.9999999999999998
10697,106.97000000001782,0.9999999999999998
10698,106.98000000001782,0.9999999999999998
10699,106.99000000001783,0.9999999999999998
10700,107.00000000001783,0.9999999999999998
10701,107.01000000001784,0.9999999999999998
10702,107.02000000001784,0.9999999999999998
10703,107.03000000001785,0.9999999999999998
10704,107.04000000001786,0.9999999999999998
10705,107.05000000001786,0.9999999999999998
10706,107.06000000001787,0.9999999999999998
10707,107.07000000001787,0.9999999999999998
10708,107.08000000001788,0.9999999999999998
10709,107.09000000001788,0.9999999999999999
10710,107.10000000001789,0.9999999999999999
10711,107.11000000001789,0.9999999999999999
10712,107.1200000000179,0.9999999999999999
10713,107.1300000000179,0.9999999999999999
10714,107.1400000000179,0.9999999999999999
10715,107.15000000001791,0.9999999999999999
10716,107.16000000001792,0.9999999999999999
10717,107.17000000001792,0.9999999999999999
10718,107.18000000001793,0.9999999999999999
10719,107.19000000001793,0.9999999999999999
10720,107.20000000001794,0.9999999999999999
10721,107.21000000001794,0.9999999999999999
10722,107.22000000001795,0.9999999999999999
10723,107.23000000001795,0.9999999999999999
10724,107.24000000001796,0.9999999999999999
10725,107.25000000001796,0.9999999999999999
10726,107.26000000001797,0.9999999999999999
10727,107.27000000001797,0.9999999999999999
10728,107.28000000001798,0.9999999999999999
10729,107.29000000001798,0.9999999999999999
10730,107.30000000001799,0.9999999999999999
10731,107.310000000018,0.9999999999999999
10732,107.320000000018,0.9999999999999999
10733,107.330000000018,0.9999999999999999
10734,107.34000000001801,0.9999999999999999
10735,107.35000000001801,0.9999999999999999
10736,107.36000000001802,0.9999999999999999
10737,107.37000000001802,0.9999999999999999
10738,107.38000000001803,0.9999999999999999
10739,107.39000000001803,0.9999999999999999
10740,107.40000000001804,0.9999999999999999
10741,107.41000000001804,0.9999999999999999
10742,107.42000000001805,0.9999999999999999
10743,107.43000000001805,0.9999999999999999
10744,107.44000000001806,0.9999999999999999
10745,107.45000000001806,0.9999999999999999
10746,107.46000000001807,0.9999999999999999
10747,107.47000000001808,0.9999999999999999
10748,107.48000000001808,0.9999999999999999
10749,107.49000000001809,0.9999999999999999
10750,107.50000000001809,0.9999999999999999
10751,107.5100000000181,0.9999999999999999
10752,107.5200000000181,0.9999999999999999
10753,107.5300000000181,0.9999999999999999
10754,107.54000000001811,0.9999999999999999
10755,107.55000000001812,0.9999999999999999
10756,107.56000000001812,0.9999999999999999
10757,107.57000000001813,0.9999999999999999
10758,107.58000000001813,0.9999999999999999
10759,107.59000000001814,0.9999999999999999
10760,107.60000000001814,0.9999999999999999
10761,107.61000000001815,0.9999999999999999
10762,107.62000000001815,0.9999999999999999
10763,107.63000000001816,0.9999999999999999
10764,107.64000000001816,0.9999999999999999
10765,107.65000000001817,0.9999999999999999
10766,107.66000000001817,0.9999999999999999
10767,107.67000000001818,0.9999999999999999
10768,107.68000000001818,0.9999999999999999
10769,107.69000000001819,0.9999999999999999
10770,107.70000000001819,0.9999999999999999
10771,107.7100000000182,0.9999999999999999
10772,107.7200000000182,0.9999999999999999
10773,107.73000000001821,0.9999999999999999
10774,107.74000000001821,0.9999999999999999
10775,107.75000000001822,0.9999999999999999
10776,107.76000000001822,0.9999999999999999
10777,107.77000000001823,0.9999999999999999
10778,107.78000000001823,0.9999999999999999
10779,107.79000000001824,0.9999999999999999
10780,107.80000000001824,0.9999999999999999
10781,107.81000000001825,0.9999999999999999
10782,107.82000000001825,0.9999999999999999
10783,107.83000000001826,0.9999999999999999
10784,107.84000000001826,0.9999999999999999
10785,107.85000000001827,0.9999999999999999
10786,107.86000000001827,0.9999999999999999
10787,107.87000000001828,0.9999999999999999
10788,107.88000000001828,0.9999999999999999
10789,107.89000000001829,0.9999999999999999
10790,107.9000000000183,0.9999999999999999
10791,107.9100000000183,0.9999999999999999
10792,107.9200000000183,0.9999999999999999
10793,107.93000000001831,0.9999999999999999
10794,107.94000000001832,0.9999999999999999
10795,107.95000000001832,0.9999999999999999
10796,107.96000000001833,0.9999999999999999
10797,107.97000000001833,0.9999999999999999
10798,107.98000000001834,0.9999999999999999
10799,107.99000000001834,0.9999999999999999
10800,108.00000000001835,0.9999999999999999
10801,108.01000000001835,0.9999999999999999
10802,108.02000000001836,0.9999999999999999
10803,108.03000000001836,0.9999999999999999
10804,108.04000000001837,0.9999999999999999
10805,108.05000000001837,0.9999999999999999
10806,108.06000000001838,0.9999999999999999
10807,108.07000000001838,0.9999999999999999
10808,108.08000000001839,0.9999999999999999
10809,108.09000000001839,0.9999999999999999
10810,108.1000000000184,0.9999999999999999
10811,108.1100000000184,0.9999999999999999
10812,108.12000000001841,0.9999999999999999
10813,108.13000000001841,0.9999999999999999
10814,108.14000000001842,0.9999999999999999
10815,108.15000000001842,1.0
10816,108.16000000001843,1.0
10817,108.17000000001843,1.0
10818,108.18000000001844,1.0
10819,108.19000000001844,1.0
10820,108.20000000001845,1.0
10821,108.21000000001845,1.0
10822,108.22000000001846,1.0
10823,108.23000000001846,1.0
10824,108.24000000001847,1.0
10825,108.25000000001847,1.0
10826,108.26000000001848,1.0
10827,108.27000000001848,1.0
10828,108.28000000001849,1.0
10829,108.2900000000185,1.0
10830,108.3000000000185,1.0
10831,108.3100000000185,1.0
10832,108.32000000001851,1.0
10833,108.33000000001852,1.0
10834,108.34000000001852,1.0
10835,108.35000000001853,1.0
10836,108.36000000001853,1.0
10837,108.37000000001854,1.0
10838,108.38000000001854,1.0
10839,108.39000000001855,1.0
10840,108.40000000001855,1.0
10841,108.41000000001856,1.0
10842,108.42000000001856,1.0
10843,108.43000000001857,1.0
10844,108.44000000001857,1.0
10845,108.45000000001858,1.0
10846,108.46000000001858,1.0
10847,108.47000000001859,1.0
10848,108.48000000001859,1.0
10849,108.4900000000186,1.0
10850,108.5000000000186,1.0
10851,108.51000000001861,1.0
10852,108.52000000001861,1.0
10853,108.53000000001862,1.0
10854,108.54000000001862,1.0
10855,108.55000000001863,1.0
10856,108.56000000001863,1.0
10857,108.57000000001864,1.0
10858,108.58000000001864,1.0
10859,108.59000000001865,1.0
10860,108.60000000001865,1.0
10861,108.61000000001866,1.0
10862,108.62000000001866,1.0
10863,108.63000000001867,1.0
10864,108.64000000001867,1.0
10865,108.65000000001868,1.0
10866,108.66000000001868,1.0
10867,108.67000000001869,1.0
10868,108.6800000000187,1.0
10869,108.6900000000187,1.0
10870,108.7000000000187,1.0
10871,108.71000000001871,1.0
10872,108.72000000001871,1.0
10873,108.73000000001872,1.0
10874,108.74000000001872,1.0
10875,108.75000000001873,1.0
10876,108.76000000001874,1.0
10877,108.77000000001874,1.0
10878,108.78000000001875,1.0
10879,108.79000000001875,1.0
10880,108.80000000001876,1.0
10881,108.81000000001876,1.0
10882,108.82000000001877,1.0
10883,108.83000000001877,1.0
10884,108.84000000001878,1.0
10885,108.85000000001878,1.0
10886,108.86000000001879,1.0
10887,108.87000000001879,1.0
10888,108.8800000000188,1.0
10889,108.8900000000188,1.0
10890,108.9000000000188,1.0
10891,108.91000000001881,1.0
10892,108.92000000001882,1.0
10893,108.93000000001882,1.0
10894,108.94000000001883,1.0
10895,108.95000000001883,1.0
10896,108.96000000001884,1.0
10897,108.97000000001884,1.0
10898,108.98000000001885,1.0
10899,108.99000000001885,1.0
10900,109.00000000001886,1.0
10901,109.01000000001886,1.0
10902,109.02000000001887,1.0
10903,109.03000000001887,1.0
10904,109.04000000001888,1.0
10905,109.05000000001888,1.0
10906,109.06000000001889,1.0
10907,109.0700000000189,1.0
10908,109.0800000000189,1.0
10909,109.0900000000189,1.0
10910,109.10000000001891,1.0
10911,109.11000000001891,1.0
10912,109.12000000001892,1.0
10913,109.13000000001892,1.0
10914,109.14000000001893,1.0
10915,109.15000000001893,1.0
10916,109.16000000001894,1.0
10917,109.17000000001894,1.0
10918,109.18000000001895,1.0
10919,109.19000000001896,1.0
10920,109.20000000001896,1.0
10921,109.21000000001897,1.0
10922,109.22000000001897,1.0
10923,109.23000000001898,1.0
10924,109.24000000001898,1.0
10925,109.25000000001899,1.0
10926,109.26000000001899,1.0
10927,109.270000000019,1.0
10928,109.280000000019,1.0
10929,109.290000000019,1.0
10930,109.30000000001901,1.0
10931,109.31000000001902,1.0
10932,109.32000000001902,1.0
10933,109.33000000001903,1.0
10934,109.34000000001903,1.0
10935,109.35000000001904,1.0
10936,109.36000000001904,1.0
10937,109.37000000001905,1.0
10938,109.38000000001905,1.0
10939,109.39000000001906,1.0
10940,109.40000000001906,1.0
10941,109.41000000001907,1.0
10942,109.42000000001907,1.0
10943,109.43000000001908,1.0
10944,109.44000000001908,1.0
10945,109.45000000001909,1.0
10946,109.4600000000191,1.0
10947,109.4700000000191,1.0
10948,109.4800000000191,1.0
10949,109.49000000001911,1.0
10950,109.50000000001911,1.0
10951,109.51000000001912,1.0
10952,109.52000000001912,1.0
10953,109.53000000001913,1.0
10954,109.54000000001913,1.0
10955,109.55000000001914,1.0
10956,109.56000000001914,1.0
10957,109.57000000001915,1.0
10958,109.58000000001915,1.0
10959,109.59000000001916,1.0
10960,109.60000000001916,1.0
10961,109.61000000001917,1.0
10962,109.62000000001917,1.0
10963,109.63000000001918,1.0
10964,109.64000000001919,1.0
10965,109.65000000001919,1.0
10966,109.6600000000192,1.0
10967,109.6700000000192,1.0
10968,109.6800000000192,1.0
10969,109.69000000001921,1.0
10970,109.70000000001922,1.0
10971,109.71000000001922,1.0
10972,109.72000000001923,1.0
10973,109.73000000001923,1.0
10974,109.74000000001924,1.0
10975,109.75000000001924,1.0
10976,109.76000000001925,1.0
10977,109.77000000001925,1.0
10978,109.78000000001926,1.0
10979,109.79000000001926,1.0
10980,109.80000000001927,1.0
10981,109.81000000001927,1.0
10982,109.82000000001928,1.0
10983,109.83000000001928,1.0
10984,109.84000000001929,1.0
10985,109.85000000001929,1.0
10986,109.8600000000193,1.0
10987,109.8700000000193,1.0
10988,109.88000000001931,1.0
10989,109.89000000001931,1.0
10990,109.90000000001932,1.0
10991,109.91000000001932,1.0
10992,109.92000000001933,1.0
10993,109.93000000001933,1.0
10994,109.94000000001934,1.0
10995,109.95000000001934,1.0
10996,109.96000000001935,1.0
10997,109.97000000001935,1.0
10998,109.98000000001936,1.0
10999,109.99000000001936,1.0
11000,110.00000000001937,1.0
11001,110.01000000001937,1.0
11002,110.02000000001938,1.0
11003,110.03000000001938,1.0
11004,110.04000000001939,1.0
11005,110.0500000000194,1.0
11006,110.0600000000194,1.0
11007,110.0700000000194,1.0
11008,110.08000000001941,1.0
11009,110.09000000001942,1.0
11010,110.10000000001942,1.0
11011,110.11000000001943,1.0
11012,110.12000000001943,1.0
11013,110.13000000001944,1.0
11014,110.14000000001944,1.0
11015,110.15000000001945,1.0
11016,110.16000000001945,1.0
11017,110.17000000001946,1.0
11018,110.18000000001946,1.0
11019,110.19000000001947,1.0
11020,110.20000000001947,1.0
11021,110.21000000001948,1.0
11022,110.22000000001948,1.0
11023,110.23000000001949,1.0
11024,110.24000000001949,1.0
11025,110.2500000000195,1.0
11026,110.2600000000195,1.0
11027,110.27000000001951,1.0
11028,110.28000000001951,1.0
11029,110.29000000001952,1.0
11030,110.30000000001952,1.0
11031,110.31000000001953,1.0
11032,110.32000000001953,1.0
11033,110.33000000001954,1.0
11034,110.34000000001954,1.0
11035,110.35000000001955,1.0
11036,110.36000000001955,1.0
11037,110.37000000001956,1.0
11038,110.38000000001956,1.0
11039,110.39000000001957,1.0
11040,110.40000000001957,1.0
11041,110.41000000001958,1.0
11042,110.42000000001958,-inf
11043,110.43000000001959,-inf
11044,110.4400000000196,-inf
11045,110.4500000000196,-inf
11046,110.4600000000196,-inf
11047,110.47000000001961,-inf
11048,110.48000000001961,-inf
11049,110.49000000001962,-inf
11050,110.50000000001963,-inf
11051,110.51000000001963,-inf
11052,110.52000000001964,-inf
11053,110.53000000001964,-inf
11054,110.54000000001965,-inf
11055,110.55000000001965,-inf
11056,110.56000000001966,-inf
11057,110.57000000001966,-inf
11058,110.58000000001967,-inf
11059,110.59000000001967,-inf
11060,110.60000000001968,-inf
11061,110.61000000001968,-inf
11062,110.62000000001969,-inf
11063,110.63000000001969,-inf
11064,110.6400000000197,-inf
11065,110.6500000000197,-inf
11066,110.6600000000197,-inf
11067,110.67000000001971,-inf
11068,110.68000000001972,-inf
11069,110.69000000001972,-inf
11070,110.70000000001973,-inf
11071,110.71000000001973,-inf
11072,110.72000000001974,-inf
11073,110.73000000001974,-inf
11074,110.74000000001975,-inf
11075,110.75000000001975,-inf
11076,110.76000000001976,-inf
11077,110.77000000001976,-inf
11078,110.78000000001977,-inf
11079,110.79000000001977,-inf
11080,110.80000000001978,-inf
11081,110.81000000001978,-inf
11082,110.82000000001979,-inf
11083,110.8300000000198,-inf
11084,110.8400000000198,-inf
11085,110.8500000000198,-inf
11086,110.86000000001981,-inf
11087,110.87000000001981,-inf
11088,110.88000000001982,-inf
11089,110.89000000001982,-inf
11090,110.90000000001983,-inf
11091,110.91000000001983,-inf
11092,110.92000000001984,-inf
11093,110.93000000001985,-inf
11094,110.94000000001985,-inf
11095,110.95000000001986,-inf
11096,110.96000000001986,-inf
11097,110.97000000001987,-inf
11098,110.98000000001987,-inf
11099,110.99000000001988,-inf
11100,111.00000000001988,-inf
11101,111.01000000001989,-inf
11102,111.02000000001989,-inf
11103,111.0300000000199,-inf
11104,111.0400000000199,-inf
11105,111.0500000000199,-inf
11106,111.06000000001991,-inf
11107,111.07000000001992,-inf
11108,111.08000000001992,-inf
11109,111.09000000001993,-inf
11110,111.10000000001993,-inf
11111,111.11000000001994,-inf
11112,111.12000000001994,-inf
11113,111.13000000001995,-inf
11114,111.14000000001995,-inf
11115,111.15000000001996,-inf
11116,111.16000000001996,-inf
11117,111.17000000001997,-inf
11118,111.18000000001997,-inf
11119,111.19000000001998,-inf
11120,111.20000000001998,-inf
11121,111.21000000001999,-inf
11122,111.22000000002,-inf
11123,111.23000000002,-inf
11124,111.24000000002,-inf
11125,111.25000000002001,-inf
11126,111.26000000002001,-inf
11127,111.27000000002002,-inf
11128,111.28000000002002,-inf
11129,111.29000000002003,-inf
11130,111.30000000002003,-inf
11131,111.31000000002004,-inf
11132,111.32000000002004,-inf
11133,111.33000000002005,-inf
11134,111.34000000002005,-inf
11135,111.35000000002006,-inf
11136,111.36000000002007,-inf
11137,111.37000000002007,-inf
11138,111.38000000002008,-inf
11139,111.39000000002008,-inf
11140,111.40000000002009,-inf
11141,111.41000000002009,-inf
11142,111.4200000000201,-inf
11143,111.4300000000201,-inf
11144,111.4400000000201,-inf
11145,111.45000000002011,-inf
11146,111.46000000002012,-inf
11147,111.47000000002012,-inf
11148,111.48000000002013,-inf
11149,111.49000000002013,-inf
11150,111.50000000002014,-inf
11151,111.51000000002014,-inf
11152,111.52000000002015,-inf
11153,111.53000000002015,-inf
11154,111.54000000002016,-inf
11155,111.55000000002016,-inf
11156,111.56000000002017,-inf
11157,111.57000000002017,-inf
11158,111.58000000002018,-inf
11159,111.59000000002018,-inf
11160,111.60000000002019,-inf
11161,111.6100000000202,-inf
11162,111.6200000000202,-inf
11163,111.6300000000202,-inf
11164,111.64000000002021,-inf
11165,111.65000000002021,-inf
11166,111.66000000002022,-inf
11167,111.67000000002022,-inf
11168,111.68000000002023,-inf
11169,111.69000000002023,-inf
11170,111.70000000002024,-inf
11171,111.71000000002024,-inf
11172,111.72000000002025,-inf
11173,111.73000000002025,-inf
11174,111.74000000002026,-inf
11175,111.75000000002026,-inf
11176,111.76000000002027,-inf
11177,111.77000000002027,-inf
11178,111.78000000002028,-inf
11179,111.79000000002029,-inf
11180,111.80000000002029,-inf
11181,111.8100000000203,-inf
11182,111.8200000000203,-inf
11183,111.8300000000203,-inf
11184,111.84000000002031,-inf
11185,111.85000000002032,-inf
11186,111.86000000002032,-inf
11187,111.87000000002033,-inf
11188,111.88000000002033,-inf
11189,111.89000000002034,-inf
11190,111.90000000002034,-inf
11191,111.91000000002035,-inf
11192,111.92000000002035,-inf
11193,111.93000000002036,-inf
11194,111.94000000002036,-inf
11195,111.95000000002037,-inf
11196,111.96000000002037,-inf
11197,111.97000000002038,-inf
11198,111.98000000002038,-inf
11199,111.99000000002039,-inf
11200,112.00000000002039,-inf
11201,112.0100000000204,-inf
11202,112.0200000000204,-inf
11203,112.03000000002041,-inf
11204,112.04000000002041,-inf
11205,112.05000000002042,-inf
11206,112.06000000002042,-inf
11207,112.07000000002043,-inf
11208,112.08000000002043,-inf
11209,112.09000000002044,-inf
11210,112.10000000002044,-inf
11211,112.11000000002045,-inf
11212,112.12000000002045,-inf
11213,112.13000000002046,-inf
11214,112.14000000002046,-inf
11215,112.15000000002047,-inf
11216,112.16000000002047,-inf
11217,112.17000000002048,-inf
11218,112.18000000002048,-inf
11219,112.19000000002049,-inf
11220,112.2000000000205,-inf
11221,112.2100000000205,-inf
11222,112.2200000000205,-inf
11223,112.23000000002051,-inf
11224,112.24000000002052,-inf
11225,112.25000000002052,-inf
11226,112.26000000002053,-inf
11227,112.27000000002053,-inf
11228,112.28000000002054,-inf
11229,112.29000000002054,-inf
11230,112.30000000002055,-inf
11231,112.31000000002055,-inf
11232,112.32000000002056,-inf
11233,112.33000000002056,-inf
11234,112.34000000002057,-inf
11235,112.35000000002057,-inf
11236,112.36000000002058,-inf
11237,112.37000000002058,-inf
11238,112.38000000002059,-inf
11239,112.39000000002059,-inf
11240,112.4000000000206,-inf
11241,112.4100000000206,-inf
11242,112.42000000002061,-inf
11243,112.43000000002061,-inf
11244,112.44000000002062,-inf
11245,112.45000000002062,-inf
11246,112.46000000002063,-inf
11247,112.47000000002063,-inf
11248,112.48000000002064,-inf
11249,112.49000000002064,-inf
11250,112.50000000002065,-inf
11251,112.51000000002065,-inf
11252,112.52000000002066,-inf
11253,112.53000000002066,-inf
11254,112.54000000002067,-inf
11255,112.55000000002067,-inf
11256,112.56000000002068,-inf
11257,112.57000000002068,-inf
11258,112.58000000002069,-inf
11259,112.5900000000207,-inf
11260,112.6000000000207,-inf
11261,112.6100000000207,-inf
11262,112.62000000002071,-inf
11263,112.63000000002071,-inf
11264,112.64000000002072,-inf
11265,112.65000000002073,-inf
11266,112.66000000002073,-inf
11267,112.67000000002074,-inf
11268,112.68000000002074,-inf
11269,112.69000000002075,-inf
11270,112.70000000002075,-inf
11271,112.71000000002076,-inf
11272,112.72000000002076,-inf
11273,112.73000000002077,-inf
11274,112.74000000002077,-inf
11275,112.75000000002078,-inf
11276,112.76000000002078,-inf
11277,112.77000000002079,-inf
11278,112.78000000002079,-inf
11279,112.7900000000208,-inf
11280,112.8000000000208,-inf
11281,112.8100000000208,-inf
11282,112.82000000002081,-inf
11283,112.83000000002082,-inf
11284,112.84000000002082,-inf
11285,112.85000000002083,-inf
11286,112.86000000002083,-inf
11287,112.87000000002084,-inf
11288,112.88000000002084,-inf
11289,112.89000000002085,-inf
11290,112.90000000002085,-inf
11291,112.91000000002086,-inf
11292,112.92000000002086,-inf
11293,112.93000000002087,-inf
11294,112.94000000002087,-inf
11295,112.95000000002088,-inf
11296,112.96000000002088,-inf
11297,112.97000000002089,-inf
11298,112.9800000000209,-inf
11299,112.9900000000209,-inf
11300,113.0000000000209,-inf
11301,113.01000000002091,-inf
11302,113.02000000002091,-inf
11303,113.03000000002092,-inf
11304,113.04000000002092,-inf
11305,113.05000000002093,-inf
11306,113.06000000002093,-inf
11307,113.07000000002094,-inf
11308,113.08000000002095,-inf
11309,113.09000000002095,-inf
11310,113.10000000002096,-inf
11311,113.11000000002096,-inf
11312,113.12000000002097,-inf
11313,113.13000000002097,-inf
11314,113.14000000002098,-inf
11315,113.15000000002098,-inf
11316,113.16000000002099,-inf
11317,113.17000000002099,-inf
11318,113.180000000021,-inf
11319,113.190000000021,-inf
11320,113.200000000021,-inf
11321,113.21000000002101,-inf
11322,113.22000000002102,-inf
11323,113.23000000002102,-inf
11324,113.24000000002103,-inf
11325,113.25000000002103,-inf
11326,113.26000000002104,-inf
11327,113.27000000002104,-inf
11328,113.28000000002105,-inf
11329,113.29000000002105,-inf
11330,113.30000000002106,-inf
11331,113.31000000002106,-inf
11332,113.32000000002107,-inf
11333,113.33000000002107,-inf
11334,113.34000000002108,-inf
11335,113.35000000002108,-inf
11336,113.36000000002109,-inf
11337,113.3700000000211,-inf
11338,113.3800000000211,-inf
11339,113.3900000000211,-inf
11340,113.40000000002111,-inf
11341,113.41000000002111,-inf
11342,113.42000000002112,-inf
11343,113.43000000002112,-inf
11344,113.44000000002113,-inf
11345,113.45000000002113,-inf
11346,113.46000000002114,-inf
11347,113.47000000002114,-inf
11348,113.48000000002115,-inf
11349,113.49000000002115,-inf
11350,113.50000000002116,-inf
11351,113.51000000002117,-inf
11352,113.52000000002117,-inf
11353,113.53000000002118,-inf
11354,113.54000000002118,-inf
11355,113.55000000002119,-inf
11356,113.56000000002119,-inf
11357,113.5700000000212,-inf
11358,113.5800000000212,-inf
11359,113.5900000000212,-inf
11360,113.60000000002121,-inf
11361,113.61000000002122,-inf
11362,113.62000000002122,-inf
11363,113.63000000002123,-inf
11364,113.64000000002123,-inf
11365,113.65000000002124,-inf
11366,113.66000000002124,-inf
11367,113.67000000002125,-inf
11368,113.68000000002125,-inf
11369,113.69000000002126,-inf
11370,113.70000000002126,-inf
11371,113.71000000002127,-inf
11372,113.72000000002127,-inf
11373,113.73000000002128,-inf
11374,113.74000000002128,-inf
11375,113.75000000002129,-inf
11376,113.7600000000213,-inf
11377,113.7700000000213,-inf
11378,113.7800000000213,-inf
11379,113.79000000002131,-inf
11380,113.80000000002131,-inf
11381,113.81000000002132,-inf
11382,113.82000000002132,-inf
11383,113.83000000002133,-inf
11384,113.84000000002133,-inf
11385,113.85000000002134,-inf
11386,113.86000000002134,-inf
11387,113.87000000002135,-inf
11388,113.88000000002135,-inf
11389,113.89000000002136,-inf
11390,113.90000000002136,-inf
11391,113.91000000002137,-inf
11392,113.92000000002137,-inf
11393,113.93000000002138,-inf
11394,113.94000000002139,-inf
11395,113.95000000002139,-inf
11396,113.9600000000214,-inf
11397,113.9700000000214,-inf
11398,113.9800000000214,-inf
11399,113.99000000002141,-inf
11400,114.00000000002142,-inf
11401,114.01000000002142,-inf
11402,114.02000000002143,-inf
11403,114.03000000002143,-inf
11404,114.04000000002144,-inf
11405,114.05000000002144,-inf
11406,114.06000000002145,-inf
11407,114.07000000002145,-inf
11408,114.08000000002146,-inf
11409,114.09000000002146,-inf
11410,114.10000000002147,-inf
11411,114.11000000002147,-inf
11412,114.12000000002148,-inf
11413,114.13000000002148,-inf
11414,114.14000000002149,-inf
11415,114.15000000002149,-inf
11416,114.1600000000215,-inf
11417,114.1700000000215,-inf
11418,114.18000000002151,-inf
11419,114.19000000002151,-inf
11420,114.20000000002152,-inf
11421,114.21000000002152,-inf
11422,114.22000000002153,-inf
11423,114.23000000002153,-inf
11424,114.24000000002154,-inf
11425,114.25000000002154,-inf
11426,114.26000000002155,-inf
11427,114.27000000002155,-inf
11428,114.28000000002156,-inf
11429,114.29000000002156,-inf
11430,114.30000000002157,-inf
11431,114.31000000002157,-inf
11432,114.32000000002158,-inf
11433,114.33000000002158,-inf
11434,114.34000000002159,-inf
11435,114.3500000000216,-inf
11436,114.3600000000216,-inf
11437,114.3700000000216,-inf
11438,114.38000000002161,-inf
11439,114.39000000002162,-inf
11440,114.40000000002162,-inf
11441,114.41000000002163,-inf
11442,114.42000000002163,-inf
11443,114.43000000002164,-inf
11444,114.44000000002164,-inf
11445,114.45000000002165,-inf
11446,114.46000000002165,-inf
11447,114.47000000002166,-inf
11448,114.48000000002166,-inf
11449,114.49000000002167,-inf
11450,114.50000000002167,-inf
11451,114.51000000002168,-inf
11452,114.52000000002168,-inf
11453,114.53000000002169,-inf
11454,114.54000000002169,-inf
11455,114.5500000000217,-inf
11456,114.5600000000217,-inf
11457,114.57000000002171,-inf
11458,114.58000000002171,-inf
11459,114.59000000002172,-inf
11460,114.60000000002172,-inf
11461,114.61000000002173,-inf
11462,114.62000000002173,-inf
11463,114.63000000002174,-inf
11464,114.64000000002174,-inf
11465,114.65000000002175,-inf
11466,114.66000000002175,-inf
11467,114.67000000002176,-inf
11468,114.68000000002176,-inf
11469,114.69000000002177,-inf
11470,114.70000000002177,-inf
11471,114.71000000002178,-inf
11472,114.72000000002178,-inf
11473,114.73000000002179,-inf
11474,114.7400000000218,-inf
11475,114.7500000000218,-inf
11476,114.7600000000218,-inf
11477,114.77000000002181,-inf
11478,114.78000000002181,-inf
11479,114.79000000002182,-inf
11480,114.80000000002183,-inf
11481,114.81000000002183,-inf
11482,114.82000000002184,-inf
11483,114.83000000002184,-inf
11484,114.84000000002185,-inf
11485,114.85000000002185,-inf
11486,114.86000000002186,-inf
11487,114.87000000002186,-inf
11488,114.88000000002187,-inf
11489,114.89000000002187,-inf
11490,114.90000000002188,-inf
11491,114.91000000002188,-inf
11492,114.92000000002189,-inf
11493,114.93000000002189,-inf
11494,114.9400000000219,-inf
11495,114.9500000000219,-inf
11496,114.9600000000219,-inf
11497,114.97000000002191,-inf
11498,114.98000000002192,-inf
11499,114.99000000002192,-inf
11500,115.00000000002193,-inf
11501,115.01000000002193,-inf
11502,115.02000000002194,-inf
11503,115.03000000002194,-inf
11504,115.04000000002195,-inf
11505,115.05000000002195,-inf
11506,115.06000000002196,-inf
11507,115.07000000002196,-inf
11508,115.08000000002197,-inf
11509,115.09000000002197,-inf
11510,115.10000000002198,-inf
11511,115.11000000002198,-inf
11512,115.12000000002199,-inf
11513,115.130000000022,-inf
11514,115.140000000022,-inf
11515,115.150000000022,-inf
11516,115.16000000002201,-inf
11517,115.17000000002201,-inf
11518,115.18000000002202,-inf
11519,115.19000000002202,-inf
11520,115.20000000002203,-inf
11521,115.21000000002203,-inf
11522,115.22000000002204,-inf
11523,115.23000000002205,-inf
11524,115.24000000002205,-inf
11525,115.25000000002206,-inf
11526,115.26000000002206,-inf
11527,115.27000000002207,-inf
11528,115.28000000002207,-inf
11529,115.29000000002208,-inf
11530,115.30000000002208,-inf
11531,115.31000000002209,-inf
11532,115.32000000002209,-inf
11533,115.3300000000221,-inf
11534,115.3400000000221,-inf
11535,115.3500000000221,-inf
11536,115.36000000002211,-inf
11537,115.37000000002212,-inf
11538,115.38000000002212,-inf
11539,115.39000000002213,-inf
11540,115.40000000002213,-inf
11541,115.41000000002214,-inf
11542,115.42000000002214,-inf
11543,115.43000000002215,-inf
11544,115.44000000002215,-inf
11545,115.45000000002216,-inf
11546,115.46000000002216,-inf
11547,115.47000000002217,-inf
11548,115.48000000002217,-inf
11549,115.49000000002218,-inf
11550,115.50000000002218,-inf
11551,115.51000000002219,-inf
11552,115.5200000000222,-inf
11553,115.5300000000222,-inf
11554,115.5400000000222,-inf
11555,115.55000000002221,-inf
11556,115.56000000002221,-inf
11557,115.57000000002222,-inf
11558,115.58000000002222,-inf
11559,115.59000000002223,-inf
11560,115.60000000002223,-inf
11561,115.61000000002224,-inf
11562,115.62000000002224,-inf
11563,115.63000000002225,-inf
11564,115.64000000002225,-inf
11565,115.65000000002226,-inf
11566,115.66000000002226,-inf
11567,115.67000000002227,-inf
11568,115.68000000002228,-inf
11569,115.69000000002228,-inf
11570,115.70000000002229,-inf
11571,115.71000000002229,-inf
11572,115.7200000000223,-inf
11573,115.7300000000223,-inf
11574,115.7400000000223,-inf
11575,115.75000000002231,-inf
11576,115.76000000002232,-inf
11577,115.77000000002232,-inf
11578,115.78000000002233,-inf
11579,115.79000000002233,-inf
11580,115.80000000002234,-inf
11581,115.81000000002234,-inf
11582,115.82000000002235,-inf
11583,115.83000000002235,-inf
11584,115.84000000002236,-inf
11585,115.85000000002236,-inf
11586,115.86000000002237,-inf
11587,115.87000000002237,-inf
11588,115.88000000002238,-inf
11589,115.89000000002238,-inf
11590,115.90000000002239,-inf
11591,115.9100000000224,-inf
11592,115.9200000000224,-inf
11593,115.9300000000224,-inf
11594,115.94000000002241,-inf
11595,115.95000000002241,-inf
11596,115.96000000002242,-inf
11597,115.97000000002242,-inf
11598,115.98000000002243,-inf
11599,115.99000000002243,-inf
11600,116.00000000002244,-inf
11601,116.01000000002244,-inf
11602,116.02000000002245,-inf
11603,116.03000000002245,-inf
11604,116.04000000002246,-inf
11605,116.05000000002246,-inf
11606,116.06000000002247,-inf
11607,116.07000000002247,-inf
11608,116.08000000002248,-inf
11609,116.09000000002248,-inf
11610,116.10000000002249,-inf
11611,116.1100000000225,-inf
11612,116.1200000000225,-inf
11613,116.1300000000225,-inf
11614,116.14000000002251,-inf
11615,116.15000000002252,-inf
11616,116.16000000002252,-inf
11617,116.17000000002253,-inf
11618,116.18000000002253,-inf
11619,116.19000000002254,-inf
11620,116.20000000002254,-inf
11621,116.21000000002255,-inf
11622,116.22000000002255,-inf
11623,116.23000000002256,-inf
11624,116.24000000002256,-inf
11625,116.25000000002257,-inf
11626,116.26000000002257,-inf
11627,116.27000000002258,-inf
11628,116.28000000002258,-inf
11629,116.29000000002259,-inf
11630,116.30000000002259,-inf
11631,116.3100000000226,-inf
11632,116.3200000000226,-inf
11633,116.33000000002261,-inf
11634,116.34000000002261,-inf
11635,116.35000000002262,-inf
11636,116.36000000002262,-inf
11637,116.37000000002263,-inf
11638,116.38000000002263,-inf
11639,116.39000000002264,-inf
11640,116.40000000002264,-inf
11641,116.41000000002265,-inf
11642,116.42000000002265,-inf
11643,116.43000000002266,-inf
11644,116.44000000002266,-inf
11645,116.45000000002267,-inf
11646,116.46000000002267,-inf
11647,116.47000000002268,-inf
11648,116.48000000002268,-inf
11649,116.49000000002269,-inf
11650,116.5000000000227,-inf
11651,116.5100000000227,-inf
11652,116.5200000000227,-inf
11653,116.53000000002271,-inf
11654,116.54000000002272,-inf
11655,116.55000000002272,-inf
11656,116.56000000002273,-inf
11657,116.57000000002273,-inf
11658,116.58000000002274,-inf
11659,116.59000000002274,-inf
11660,116.60000000002275,-inf
11661,116.61000000002275,-inf
11662,116.62000000002276,-inf
11663,116.63000000002276,-inf
11664,116.64000000002277,-inf
11665,116.65000000002277,-inf
11666,116.66000000002278,-inf
11667,116.67000000002278,-inf
11668,116.68000000002279,-inf
11669,116.69000000002279,-inf
11670,116.7000000000228,-inf
11671,116.7100000000228,-inf
11672,116.72000000002281,-inf
11673,116.73000000002281,-inf
11674,116.74000000002282,-inf
11675,116.75000000002282,-inf
11676,116.76000000002283,-inf
11677,116.77000000002283,-inf
11678,116.78000000002284,-inf
11679,116.79000000002284,-inf
11680,116.80000000002285,-inf
11681,116.81000000002285,-inf
11682,116.82000000002286,-inf
11683,116.83000000002286,-inf
11684,116.84000000002287,-inf
11685,116.85000000002287,-inf
11686,116.86000000002288,-inf
11687,116.87000000002288,-inf
11688,116.88000000002289,-inf
11689,116.8900000000229,-inf
11690,116.9000000000229,-inf
11691,116.9100000000229,-inf
11692,116.92000000002291,-inf
11693,116.93000000002291,-inf
11694,116.94000000002292,-inf
11695,116.95000000002292,-inf
11696,116.96000000002293,-inf
11697,116.97000000002294,-inf
11698,116.98000000002294,-inf
11699,116.99000000002295,-inf
11700,117.00000000002295,-inf
11701,117.01000000002296,-inf
11702,117.02000000002296,-inf
11703,117.03000000002297,-inf
11704,117.04000000002297,-inf
11705,117.05000000002298,-inf
11706,117.06000000002298,-inf
11707,117.07000000002299,-inf
11708,117.08000000002299,-inf
11709,117.090000000023,-inf
11710,117.100000000023,-inf
11711,117.110000000023,-inf
11712,117.12000000002301,-inf
11713,117.13000000002302,-inf
11714,117.14000000002302,-inf
11715,117.15000000002303,-inf
11716,117.16000000002303,-inf
11717,117.17000000002304,-inf
11718,117.18000000002304,-inf
11719,117.19000000002305,-inf
11720,117.20000000002305,-inf
11721,117.21000000002306,-inf
11722,117.22000000002306,-inf
11723,117.23000000002307,-inf
11724,117.24000000002307,-inf
11725,117.25000000002308,-inf
11726,117.26000000002308,-inf
11727,117.27000000002309,-inf
11728,117.2800000000231,-inf
11729,117.2900000000231,-inf
11730,117.3000000000231,-inf
11731,117.31000000002311,-inf
11732,117.32000000002311,-inf
11733,117.33000000002312,-inf
11734,117.34000000002312,-inf
11735,117.35000000002313,-inf
11736,117.36000000002313,-inf
11737,117.37000000002314,-inf
11738,117.38000000002314,-inf
11739,117.39000000002315,-inf
11740,117.40000000002316,-inf
11741,117.41000000002316,-inf
11742,117.42000000002317,-inf
11743,117.43000000002317,-inf
11744,117.44000000002318,-inf
11745,117.45000000002318,-inf
11746,117.46000000002319,-inf
11747,117.47000000002319,-inf
11748,117.4800000000232,-inf
11749,117.4900000000232,-inf
11750,117.5000000000232,-inf
11751,117.51000000002321,-inf
11752,117.52000000002322,-inf
11753,117.53000000002322,-inf
11754,117.54000000002323,-inf
11755,117.55000000002323,-inf
11756,117.56000000002324,-inf
11757,117.57000000002324,-inf
11758,117.58000000002325,-inf
11759,117.59000000002325,-inf
11760,117.60000000002326,-inf
11761,117.61000000002326,-inf
11762,117.62000000002327,-inf
11763,117.63000000002327,-inf
11764,117.64000000002328,-inf
11765,117.65000000002328,-inf
11766,117.66000000002329,-inf
11767,117.6700000000233,-inf
11768,117.6800000000233,-inf
11769,117.6900000000233,-inf
11770,117.70000000002331,-inf
11771,117.71000000002331,-inf
11772,117.72000000002332,-inf
11773,117.73000000002332,-inf
11774,117.74000000002333,-inf
11775,117.75000000002333,-inf
11776,117.76000000002334,-inf
11777,117.77000000002334,-inf
11778,117.78000000002335,-inf
11779,117.79000000002335,-inf
11780,117.80000000002336,-inf
11781,117.81000000002336,-inf
11782,117.82000000002337,-inf
11783,117.83000000002338,-inf
11784,117.84000000002338,-inf
11785,117.85000000002339,-inf
11786,117.86000000002339,-inf
11787,117.8700000000234,-inf
11788,117.8800000000234,-inf
11789,117.8900000000234,-inf
11790,117.90000000002341,-inf
11791,117.91000000002342,-inf
11792,117.92000000002342,-inf
11793,117.93000000002343,-inf
11794,117.94000000002343,-inf
11795,117.95000000002344,-inf
11796,117.96000000002344,-inf
11797,117.97000000002345,-inf
11798,117.98000000002345,-inf
11799,117.99000000002346,-inf
11800,118.00000000002346,-inf
11801,118.01000000002347,-inf
11802,118.02000000002347,-inf
11803,118.03000000002348,-inf
11804,118.04000000002348,-inf
11805,118.05000000002349,-inf
11806,118.06000000002349,-inf
11807,118.0700000000235,-inf
11808,118.0800000000235,-inf
11809,118.09000000002351,-inf
11810,118.10000000002351,-inf
11811,118.11000000002352,-inf
11812,118.12000000002352,-inf
11813,118.13000000002353,-inf
11814,118.14000000002353,-inf
11815,118.15000000002354,-inf
11816,118.16000000002354,-inf
11817,118.17000000002355,-inf
11818,118.18000000002355,-inf
11819,118.19000000002356,-inf
11820,118.20000000002356,-inf
11821,118.21000000002357,-inf
11822,118.22000000002357,-inf
11823,118.23000000002358,-inf
11824,118.24000000002358,-inf
11825,118.25000000002359,-inf
11826,118.2600000000236,-inf
11827,118.2700000000236,-inf
11828,118.2800000000236,-inf
11829,118.29000000002361,-inf
11830,118.30000000002362,-inf
11831,118.31000000002362,-inf
11832,118.32000000002363,-inf
11833,118.33000000002363,-inf
11834,118.34000000002364,-inf
11835,118.35000000002364,-inf
11836,118.36000000002365,-inf
11837,118.37000000002365,-inf
11838,118.38000000002366,-inf
11839,118.39000000002366,-inf
11840,118.40000000002367,-inf
11841,118.41000000002367,-inf
11842,118.42000000002368,-inf
11843,118.43000000002368,-inf
11844,118.44000000002369,-inf
11845,118.45000000002369,-inf
11846,118.4600000000237,-inf
11847,118.4700000000237,-inf
11848,118.48000000002371,-inf
11849,118.49000000002371,-inf
11850,118.50000000002372,-inf
11851,118.51000000002372,-inf
11852,118.52000000002373,-inf
11853,118.53000000002373,-inf
11854,118.54000000002374,-inf
11855,118.55000000002374,-inf
11856,118.56000000002375,-inf
11857,118.57000000002375,-inf
11858,118.58000000002376,-inf
11859,118.59000000002376,-inf
11860,118.60000000002377,-inf
11861,118.61000000002377,-inf
11862,118.62000000002378,-inf
11863,118.63000000002378,-inf
11864,118.64000000002379,-inf
11865,118.6500000000238,-inf
11866,118.6600000000238,-inf
11867,118.6700000000238,-inf
11868,118.68000000002381,-inf
11869,118.69000000002382,-inf
11870,118.70000000002382,-inf
11871,118.71000000002383,-inf
11872,118.72000000002383,-inf
11873,118.73000000002384,-inf
11874,118.74000000002384,-inf
11875,118.75000000002385,-inf
11876,118.76000000002385,-inf
11877,118.77000000002386,-inf
11878,118.78000000002386,-inf
11879,118.79000000002387,-inf
11880,118.80000000002387,-inf
11881,118.81000000002388,-inf
11882,118.82000000002388,-inf
11883,118.83000000002389,-inf
11884,118.84000000002389,-inf
11885,118.8500000000239,-inf
11886,118.8600000000239,-inf
11887,118.87000000002391,-inf
11888,118.88000000002391,-inf
11889,118.89000000002392,-inf
11890,118.90000000002392,-inf
11891,118.91000000002393,-inf
11892,118.92000000002393,-inf
11893,118.93000000002394,-inf
11894,118.94000000002394,-inf
11895,118.95000000002395,-inf
11896,118.96000000002395,-inf
11897,118.97000000002396,-inf
11898,118.98000000002396,-inf
11899,118.99000000002397,-inf
11900,119.00000000002397,-inf
11901,119.01000000002398,-inf
11902,119.02000000002398,-inf
11903,119.03000000002399,-inf
11904,119.040000000024,-inf
11905,119.050000000024,-inf
11906,119.060000000024,-inf
11907,119.07000000002401,-inf
11908,119.08000000002401,-inf
11909,119.09000000002402,-inf
11910,119.10000000002402,-inf
11911,119.11000000002403,-inf
11912,119.12000000002404,-inf
11913,119.13000000002404,-inf
11914,119.14000000002405,-inf
11915,119.15000000002405,-inf
11916,119.16000000002406,-inf
11917,119.17000000002406,-inf
11918,119.18000000002407,-inf
11919,119.19000000002407,-inf
11920,119.20000000002408,-inf
11921,119.21000000002408,-inf
11922,119.22000000002409,-inf
11923,119.23000000002409,-inf
11924,119.2400000000241,-inf
11925,119.2500000000241,-inf
11926,119.2600000000241,-inf
11927,119.27000000002411,-inf
11928,119.28000000002412,-inf
11929,119.29000000002412,-inf
11930,119.30000000002413,-inf
11931,119.31000000002413,-inf
11932,119.32000000002414,-inf
11933,119.33000000002414,-inf
11934,119.34000000002415,-inf
11935,119.35000000002415,-inf
11936,119.36000000002416,-inf
11937,119.37000000002416,-inf
11938,119.38000000002417,-inf
11939,119.39000000002417,-inf
11940,119.40000000002418,-inf
11941,119.41000000002418,-inf
11942,119.42000000002419,-inf
11943,119.4300000000242,-inf
11944,119.4400000000242,-inf
11945,119.4500000000242,-inf
11946,119.46000000002421,-inf
11947,119.47000000002421,-inf
11948,119.48000000002422,-inf
11949,119.49000000002422,-inf
11950,119.50000000002423,-inf
11951,119.51000000002423,-inf
11952,119.52000000002424,-inf
11953,119.53000000002424,-inf
11954,119.54000000002425,-inf
11955,119.55000000002426,-inf
11956,119.56000000002426,-inf
11957,119.57000000002427,-inf
11958,119.58000000002427,-inf
11959,119.59000000002428,-inf
11960,119.60000000002428,-inf
11961,119.61000000002429,-inf
11962,119.62000000002429,-inf
11963,119.6300000000243,-inf
11964,119.6400000000243,-inf
11965,119.6500000000243,-inf
11966,119.66000000002431,-inf
11967,119.67000000002432,-inf
11968,119.68000000002432,-inf
11969,119.69000000002433,-inf
11970,119.70000000002433,-inf
11971,119.71000000002434,-inf
11972,119.72000000002434,-inf
11973,119.73000000002435,-inf
11974,119.74000000002435,-inf
11975,119.75000000002436,-inf
11976,119.76000000002436,-inf
11977,119.77000000002437,-inf
11978,119.78000000002437,-inf
11979,119.79000000002438,-inf
11980,119.80000000002438,-inf
11981,119.81000000002439,-inf
11982,119.8200000000244,-inf
11983,119.8300000000244,-inf
11984,119.8400000000244,-inf
11985,119.85000000002441,-inf
11986,119.86000000002441,-inf
11987,119.87000000002442,-inf
11988,119.88000000002442,-inf
11989,119.89000000002443,-inf
11990,119.90000000002443,-inf
11991,119.91000000002444,-inf
11992,119.92000000002444,-inf
11993,119.93000000002445,-inf
11994,119.94000000002445,-inf
11995,119.95000000002446,-inf
11996,119.96000000002446,-inf
11997,119.97000000002447,-inf
11998,119.98000000002448,-inf
11999,119.99000000002448,-inf
12000,120.00000000002449,-inf
12001,120.01000000002449,-inf
12002,120.0200000000245,-inf
12003,120.0300000000245,-inf
12004,120.0400000000245,-inf
12005,120.05000000002451,-inf
12006,120.06000000002452,-inf
12007,120.07000000002452,-inf
12008,120.08000000002453,-inf
12009,120.09000000002453,-inf
12010,120.10000000002454,-inf
12011,120.11000000002454,-inf
12012,120.12000000002455,-inf
12013,120.13000000002455,-inf
12014,120.14000000002456,-inf
12015,120.15000000002456,-inf
12016,120.16000000002457,-inf
12017,120.17000000002457,-inf
12018,120.18000000002458,-inf
12019,120.19000000002458,-inf
12020,120.20000000002459,-inf
12021,120.21000000002459,-inf
12022,120.2200000000246,-inf
12023,120.2300000000246,-inf
12024,120.24000000002461,-inf
12025,120.25000000002461,-inf
12026,120.26000000002462,-inf
12027,120.27000000002462,-inf
12028,120.28000000002463,-inf
12029,120.29000000002463,-inf
12030,120.30000000002464,-inf
12031,120.31000000002464,-inf
12032,120.32000000002465,-inf
12033,120.33000000002465,-inf
12034,120.34000000002466,-inf
12035,120.35000000002466,-inf
12036,120.36000000002467,-inf
12037,120.37000000002467,-inf
12038,120.38000000002468,-inf
12039,120.39000000002468,-inf
12040,120.40000000002469,-inf
12041,120.4100000000247,-inf
12042,120.4200000000247,-inf
12043,120.4300000000247,-inf
12044,120.44000000002471,-inf
12045,120.45000000002472,-inf
12046,120.46000000002472,-inf
12047,120.47000000002473,-inf
12048,120.48000000002473,-inf
12049,120.49000000002474,-inf
12050,120.50000000002474,-inf
12051,120.51000000002475,-inf
12052,120.52000000002475,-inf
12053,120.53000000002476,-inf
12054,120.54000000002476,-inf
12055,120.55000000002477,-inf
12056,120.56000000002477,-inf
12057,120.57000000002478,-inf
12058,120.58000000002478,-inf
12059,120.59000000002479,-inf
12060,120.60000000002479,-inf
12061,120.6100000000248,-inf
12062,120.6200000000248,-inf
12063,120.63000000002481,-inf
12064,120.64000000002481,-inf
12065,120.65000000002482,-inf
12066,120.66000000002482,-inf
12067,120.67000000002483,-inf
12068,120.68000000002483,-inf
12069,120.69000000002484,-inf
12070,120.70000000002484,-inf
12071,120.71000000002485,-inf
12072,120.72000000002485,-inf
12073,120.73000000002486,-inf
12074,120.74000000002486,-inf
12075,120.75000000002487,-inf
12076,120.76000000002487,-inf
12077,120.77000000002488,-inf
12078,120.78000000002488,-inf
12079,120.79000000002489,-inf
12080,120.8000000000249,-inf
12081,120.8100000000249,-inf
12082,120.8200000000249,-inf
12083,120.83000000002491,-inf
12084,120.84000000002492,-inf
12085,120.85000000002492,-inf
12086,120.86000000002493,-inf
12087,120.87000000002493,-inf
12088,120.88000000002494,-inf
12089,120.89000000002494,-inf
12090,120.90000000002495,-inf
12091,120.91000000002495,-inf
12092,120.92000000002496,-inf
12093,120.93000000002496,-inf
12094,120.94000000002497,-inf
12095,120.95000000002497,-inf
12096,120.96000000002498,-inf
12097,120.97000000002498,-inf
12098,120.98000000002499,-inf
12099,120.99000000002499,-inf
12100,121.000000000025,-inf
12101,121.010000000025,-inf
12102,121.02000000002501,-inf
12103,121.03000000002501,-inf
12104,121.04000000002502,-inf
12105,121.05000000002502,-inf
12106,121.06000000002503,-inf
12107,121.07000000002503,-inf
12108,121.08000000002504,-inf
12109,121.09000000002504,-inf
12110,121.10000000002505,-inf
12111,121.11000000002505,-inf
12112,121.12000000002506,-inf
12113,121.13000000002506,-inf
12114,121.14000000002507,-inf
12115,121.15000000002507,-inf
12116,121.16000000002508,-inf
12117,121.17000000002508,-inf
12118,121.18000000002509,-inf
12119,121.1900000000251,-inf
12120,121.2000000000251,-inf
12121,121.2100000000251,-inf
12122,121.22000000002511,-inf
12123,121.23000000002511,-inf
12124,121.24000000002512,-inf
12125,121.25000000002512,-inf
12126,121.26000000002513,-inf
12127,121.27000000002514,-inf
12128,121.28000000002514,-inf
12129,121.29000000002515,-inf
12130,121.30000000002515,-inf
12131,121.31000000002516,-inf
12132,121.32000000002516,-inf
12133,121.33000000002517,-inf
12134,121.34000000002517,-inf
12135,121.35000000002518,-inf
12136,121.36000000002518,-inf
12137,121.37000000002519,-inf
12138,121.38000000002519,-inf
12139,121.3900000000252,-inf
12140,121.4000000000252,-inf
12141,121.4100000000252,-inf
12142,121.42000000002521,-inf
12143,121.43000000002522,-inf
12144,121.44000000002522,-inf
12145,121.45000000002523,-inf
12146,121.46000000002523,-inf
12147,121.47000000002524,-inf
12148,121.48000000002524,-inf
12149,121.49000000002525,-inf
12150,121.50000000002525,-inf
12151,121.51000000002526,-inf
12152,121.52000000002526,-inf
12153,121.53000000002527,-inf
12154,121.54000000002527,-inf
12155,121.55000000002528,-inf
12156,121.56000000002528,-inf
12157,121.57000000002529,-inf
12158,121.5800000000253,-inf
12159,121.5900000000253,-inf
12160,121.6000000000253,-inf
12161,121.61000000002531,-inf
12162,121.62000000002531,-inf
12163,121.63000000002532,-inf
12164,121.64000000002532,-inf
12165,121.65000000002533,-inf
12166,121.66000000002533,-inf
12167,121.67000000002534,-inf
12168,121.68000000002534,-inf
12169,121.69000000002535,-inf
12170,121.70000000002536,-inf
12171,121.71000000002536,-inf
12172,121.72000000002537,-inf
12173,121.73000000002537,-inf
12174,121.74000000002538,-inf
12175,121.75000000002538,-inf
12176,121.76000000002539,-inf
12177,121.77000000002539,-inf
12178,121.7800000000254,-inf
12179,121.7900000000254,-inf
12180,121.8000000000254,-inf
12181,121.81000000002541,-inf
12182,121.82000000002542,-inf
12183,121.83000000002542,-inf
12184,121.84000000002543,-inf
12185,121.85000000002543,-inf
12186,121.86000000002544,-inf
12187,121.87000000002544,-inf
12188,121.88000000002545,-inf
12189,121.89000000002545,-inf
12190,121.90000000002546,-inf
12191,121.91000000002546,-inf
12192,121.92000000002547,-inf
12193,121.93000000002547,-inf
12194,121.94000000002548,-inf
12195,121.95000000002548,-inf
12196,121.96000000002549,-inf
12197,121.9700000000255,-inf
12198,121.9800000000255,-inf
12199,121.9900000000255,-inf
12200,122.00000000002551,-inf
12201,122.01000000002551,-inf
12202,122.02000000002552,-inf
12203,122.03000000002552,-inf
12204,122.04000000002553,-inf
12205,122.05000000002553,-inf
12206,122.06000000002554,-inf
12207,122.07000000002554,-inf
12208,122.08000000002555,-inf
12209,122.09000000002555,-inf
12210,122.10000000002556,-inf
12211,122.11000000002556,-inf
12212,122.12000000002557,-inf
12213,122.13000000002557,-inf
12214,122.14000000002558,-inf
12215,122.15000000002559,-inf
12216,122.16000000002559,-inf
12217,122.1700000000256,-inf
12218,122.1800000000256,-inf
12219,122.1900000000256,-inf
12220,122.20000000002561,-inf
12221,122.21000000002562,-inf
12222,122.22000000002562,-inf
12223,122.23000000002563,-inf
12224,122.24000000002563,-inf
12225,122.25000000002564,-inf
12226,122.26000000002564,-inf
12227,122.27000000002565,-inf
12228,122.28000000002565,-inf
12229,122.29000000002566,-inf
12230,122.30000000002566,-inf
12231,122.31000000002567,-inf
12232,122.32000000002567,-inf
12233,122.33000000002568,-inf
12234,122.34000000002568,-inf
12235,122.35000000002569,-inf
12236,122.36000000002569,-inf
12237,122.3700000000257,-inf
12238,122.3800000000257,-inf
12239,122.39000000002571,-inf
12240,122.40000000002571,-inf
12241,122.41000000002572,-inf
12242,122.42000000002572,-inf
12243,122.43000000002573,-inf
12244,122.44000000002573,-inf
12245,122.45000000002574,-inf
12246,122.46000000002574,-inf
12247,122.47000000002575,-inf
12248,122.48000000002575,-inf
12249,122.49000000002576,-inf
12250,122.50000000002576,-inf
12251,122.51000000002577,-inf
12252,122.52000000002577,-inf
12253,122.53000000002578,-inf
12254,122.54000000002578,-inf
12255,122.55000000002579,-inf
12256,122.5600000000258,-inf
12257,122.5700000000258,-inf
12258,122.5800000000258,-inf
12259,122.59000000002581,-inf
12260,122.60000000002582,-inf
12261,122.61000000002582,-inf
12262,122.62000000002583,-inf
12263,122.63000000002583,-inf
12264,122.64000000002584,-inf
12265,122.65000000002584,-inf
12266,122.66000000002585,-inf
12267,122.67000000002585,-inf
12268,122.68000000002586,-inf
12269,122.69000000002586,-inf
12270,122.70000000002587,-inf
12271,122.71000000002587,-inf
12272,122.72000000002588,-inf
12273,122.73000000002588,-inf
12274,122.74000000002589,-inf
12275,122.75000000002589,-inf
12276,122.7600000000259,-inf
12277,122.7700000000259,-inf
12278,122.78000000002591,-inf
12279,122.79000000002591,-inf
12280,122.80000000002592,-inf
12281,122.81000000002592,-inf
12282,122.82000000002593,-inf
12283,122.83000000002593,-inf
12284,122.84000000002594,-inf
12285,122.85000000002594,-inf
12286,122.86000000002595,-inf
12287,122.87000000002595,-inf
12288,122.88000000002596,-inf
12289,122.89000000002596,-inf
12290,122.90000000002597,-inf
12291,122.91000000002597,-inf
12292,122.92000000002598,-inf
12293,122.93000000002598,-inf
12294,122.94000000002599,-inf
12295,122.950000000026,-inf
12296,122.960000000026,-inf
12297,122.970000000026,-inf
12298,122.98000000002601,-inf
12299,122.99000000002601,-inf
12300,123.00000000002602,-inf
12301,123.01000000002603,-inf
12302,123.02000000002603,-inf
12303,123.03000000002604,-inf
12304,123.04000000002604,-inf
12305,123.05000000002605,-inf
12306,123.06000000002605,-inf
12307,123.07000000002606,-inf
12308,123.08000000002606,-inf
12309,123.09000000002607,-inf
12310,123.10000000002607,-inf
12311,123.11000000002608,-inf
12312,123.12000000002608,-inf
12313,123.13000000002609,-inf
12314,123.14000000002609,-inf
12315,123.1500000000261,-inf
12316,123.1600000000261,-inf
12317,123.1700000000261,-inf
12318,123.18000000002611,-inf
12319,123.19000000002612,-inf
12320,123.20000000002612,-inf
12321,123.21000000002613,-inf
12322,123.22000000002613,-inf
12323,123.23000000002614,-inf
12324,123.24000000002614,-inf
12325,123.25000000002615,-inf
12326,123.26000000002615,-inf
12327,123.27000000002616,-inf
12328,123.28000000002616,-inf
12329,123.29000000002617,-inf
12330,123.30000000002617,-inf
12331,123.31000000002618,-inf
12332,123.32000000002618,-inf
12333,123.33000000002619,-inf
12334,123.3400000000262,-inf
12335,123.3500000000262,-inf
12336,123.3600000000262,-inf
12337,123.37000000002621,-inf
12338,123.38000000002621,-inf
12339,123.39000000002622,-inf
12340,123.40000000002622,-inf
12341,123.41000000002623,-inf
12342,123.42000000002623,-inf
12343,123.43000000002624,-inf
12344,123.44000000002625,-inf
12345,123.45000000002625,-inf
12346,123.46000000002626,-inf
12347,123.47000000002626,-inf
12348,123.48000000002627,-inf
12349,123.49000000002627,-inf
12350,123.50000000002628,-inf
12351,123.51000000002628,-inf
12352,123.52000000002629,-inf
12353,123.53000000002629,-inf
12354,123.5400000000263,-inf
12355,123.5500000000263,-inf
12356,123.5600000000263,-inf
12357,123.57000000002631,-inf
12358,123.58000000002632,-inf
12359,123.59000000002632,-inf
12360,123.60000000002633,-inf
12361,123.61000000002633,-inf
12362,123.62000000002634,-inf
12363,123.63000000002634,-inf
12364,123.64000000002635,-inf
12365,123.65000000002635,-inf
12366,123.66000000002636,-inf
12367,123.67000000002636,-inf
12368,123.68000000002637,-inf
12369,123.69000000002637,-inf
12370,123.70000000002638,-inf
12371,123.71000000002638,-inf
12372,123.72000000002639,-inf
12373,123.7300000000264,-inf
12374,123.7400000000264,-inf
12375,123.7500000000264,-inf
12376,123.76000000002641,-inf
12377,123.77000000002641,-inf
12378,123.78000000002642,-inf
12379,123.79000000002642,-inf
12380,123.80000000002643,-inf
12381,123.81000000002643,-inf
12382,123.82000000002644,-inf
12383,123.83000000002644,-inf
12384,123.84000000002645,-inf
12385,123.85000000002645,-inf
12386,123.86000000002646,-inf
12387,123.87000000002647,-inf
12388,123.88000000002647,-inf
12389,123.89000000002648,-inf
12390,123.90000000002648,-inf
12391,123.91000000002649,-inf
12392,123.92000000002649,-inf
12393,123.9300000000265,-inf
12394,123.9400000000265,-inf
12395,123.9500000000265,-inf
12396,123.96000000002651,-inf
12397,123.97000000002652,-inf
12398,123.98000000002652,-inf
12399,123.99000000002653,-inf
12400,124.00000000002653,-inf
12401,124.01000000002654,-inf
12402,124.02000000002654,-inf
12403,124.03000000002655,-inf
12404,124.04000000002655,-inf
12405,124.05000000002656,-inf
12406,124.06000000002656,-inf
12407,124.07000000002657,-inf
12408,124.08000000002657,-inf
12409,124.09000000002658,-inf
12410,124.10000000002658,-inf
12411,124.11000000002659,-inf
12412,124.1200000000266,-inf
12413,124.1300000000266,-inf
12414,124.1400000000266,-inf
12415,124.15000000002661,-inf
12416,124.16000000002661,-inf
12417,124.17000000002662,-inf
12418,124.18000000002662,-inf
12419,124.19000000002663,-inf
12420,124.20000000002663,-inf
12421,124.21000000002664,-inf
12422,124.22000000002664,-inf
12423,124.23000000002665,-inf
12424,124.24000000002665,-inf
12425,124.25000000002666,-inf
12426,124.26000000002666,-inf
12427,124.27000000002667,-inf
12428,124.28000000002667,-inf
12429,124.29000000002668,-inf
12430,124.30000000002669,-inf
12431,124.31000000002669,-inf
12432,124.3200000000267,-inf
12433,124.3300000000267,-inf
12434,124.3400000000267,-inf
12435,124.35000000002671,-inf
12436,124.36000000002672,-inf
12437,124.37000000002672,-inf
12438,124.38000000002673,-inf
12439,124.39000000002673,-inf
12440,124.40000000002674,-inf
12441,124.41000000002674,-inf
12442,124.42000000002675,-inf
12443,124.43000000002675,-inf
12444,124.44000000002676,-inf
12445,124.45000000002676,-inf
12446,124.46000000002677,-inf
12447,124.47000000002677,-inf
12448,124.48000000002678,-inf
12449,124.49000000002678,-inf
12450,124.50000000002679,-inf
12451,124.51000000002679,-inf
12452,124.5200000000268,-inf
12453,124.5300000000268,-inf
12454,124.54000000002681,-inf
12455,124.55000000002681,-inf
12456,124.56000000002682,-inf
12457,124.57000000002682,-inf
12458,124.58000000002683,-inf
12459,124.59000000002683,-inf
12460,124.60000000002684,-inf
12461,124.61000000002684,-inf
12462,124.62000000002685,-inf
12463,124.63000000002685,-inf
12464,124.64000000002686,-inf
12465,124.65000000002686,-inf
12466,124.66000000002687,-inf
12467,124.67000000002687,-inf
12468,124.68000000002688,-inf
12469,124.69000000002688,-inf
12470,124.70000000002689,-inf
12471,124.7100000000269,-inf
12472,124.7200000000269,-inf
12473,124.7300000000269,-inf
12474,124.74000000002691,-inf
12475,124.75000000002692,-inf
12476,124.76000000002692,-inf
12477,124.77000000002693,-inf
12478,124.78000000002693,-inf
12479,124.79000000002694,-inf
12480,124.80000000002694,-inf
12481,124.81000000002695,-inf
12482,124.82000000002695,-inf
12483,124.83000000002696,-inf
12484,124.84000000002696,-inf
12485,124.85000000002697,-inf
12486,124.86000000002697,-inf
12487,124.87000000002698,-inf
12488,124.88000000002698,-inf
12489,124.89000000002699,-inf
12490,124.90000000002699,-inf
12491,124.910000000027,-inf
12492,124.920000000027,-inf
12493,124.93000000002701,-inf
12494,124.94000000002701,-inf
12495,124.95000000002702,-inf
12496,124.96000000002702,-inf
12497,124.97000000002703,-inf
12498,124.98000000002703,-inf
12499,124.99000000002704,-inf
12500,125.00000000002704,-inf
12501,125.01000000002705,-inf
12502,125.02000000002705,-inf
12503,125.03000000002706,-inf
12504,125.04000000002706,-inf
12505,125.05000000002707,-inf
12506,125.06000000002707,-inf
12507,125.07000000002708,-inf
12508,125.08000000002708,-inf
12509,125.09000000002709,-inf
12510,125.1000000000271,-inf
12511,125.1100000000271,-inf
12512,125.1200000000271,-inf
12513,125.13000000002711,-inf
12514,125.14000000002711,-inf
12515,125.15000000002712,-inf
12516,125.16000000002713,-inf
12517,125.17000000002713,-inf
12518,125.18000000002714,-inf
12519,125.19000000002714,-inf
12520,125.20000000002715,-inf
12521,125.21000000002715,-inf
12522,125.22000000002716,-inf
12523,125.23000000002716,-inf
12524,125.24000000002717,-inf
12525,125.25000000002717,-inf
12526,125.26000000002718,-inf
12527,125.27000000002718,-inf
12528,125.28000000002719,-inf
12529,125.29000000002719,-inf
12530,125.3000000000272,-inf
12531,125.3100000000272,-inf
12532,125.3200000000272,-inf
12533,125.33000000002721,-inf
12534,125.34000000002722,-inf
12535,125.35000000002722,-inf
12536,125.36000000002723,-inf
12537,125.37000000002723,-inf
12538,125.38000000002724,-inf
12539,125.39000000002724,-inf
12540,125.40000000002725,-inf
12541,125.41000000002725,-inf
12542,125.42000000002726,-inf
12543,125.43000000002726,-inf
12544,125.44000000002727,-inf
12545,125.45000000002727,-inf
12546,125.46000000002728,-inf
12547,125.47000000002728,-inf
12548,125.48000000002729,-inf
12549,125.4900000000273,-inf
12550,125.5000000000273,-inf
12551,125.5100000000273,-inf
12552,125.52000000002731,-inf
12553,125.53000000002731,-inf
12554,125.54000000002732,-inf
12555,125.55000000002732,-inf
12556,125.56000000002733,-inf
12557,125.57000000002733,-inf
12558,125.58000000002734,-inf
12559,125.59000000002735,-inf
12560,125.60000000002735,-inf
12561,125.61000000002736,-inf
12562,125.62000000002736,-inf
12563,125.63000000002737,-inf
12564,125.64000000002737,-inf
12565,125.65000000002738,-inf
12566,125.66000000002738,-inf
12567,125.67000000002739,-inf
12568,125.68000000002739,-inf
12569,125.6900000000274,-inf
12570,125.7000000000274,-inf
12571,125.7100000000274,-inf
12572,125.72000000002741,-inf
12573,125.73000000002742,-inf
12574,125.74000000002742,-inf
12575,125.75000000002743,-inf
12576,125.76000000002743,-inf
12577,125.77000000002744,-inf
12578,125.78000000002744,-inf
12579,125.79000000002745,-inf
12580,125.80000000002745,-inf
12581,125.81000000002746,-inf
12582,125.82000000002746,-inf
12583,125.83000000002747,-inf
12584,125.84000000002747,-inf
12585,125.85000000002748,-inf
12586,125.86000000002748,-inf
12587,125.87000000002749,-inf
12588,125.8800000000275,-inf
12589,125.8900000000275,-inf
12590,125.9000000000275,-inf
12591,125.91000000002751,-inf
12592,125.92000000002751,-inf
12593,125.93000000002752,-inf
12594,125.94000000002752,-inf
12595,125.95000000002753,-inf
12596,125.96000000002753,-inf
12597,125.97000000002754,-inf
12598,125.98000000002754,-inf
12599,125.99000000002755,-inf
12600,126.00000000002755,-inf
12601,126.01000000002756,-inf
12602,126.02000000002757,-inf
12603,126.03000000002757,-inf
12604,126.04000000002758,-inf
12605,126.05000000002758,-inf
12606,126.06000000002759,-inf
12607,126.07000000002759,-inf
12608,126.0800000000276,-inf
12609,126.0900000000276,-inf
12610,126.1000000000276,-inf
12611,126.11000000002761,-inf
12612,126.12000000002762,-inf
12613,126.13000000002762,-inf
12614,126.14000000002763,-inf
12615,126.15000000002763,-inf
12616,126.16000000002764,-inf
12617,126.17000000002764,-inf
12618,126.18000000002765,-inf
12619,126.19000000002765,-inf
12620,126.20000000002766,-inf
12621,126.21000000002766,-inf
12622,126.22000000002767,-inf
12623,126.23000000002767,-inf
12624,126.24000000002768,-inf
12625,126.25000000002768,-inf
12626,126.26000000002769,-inf
12627,126.2700000000277,-inf
12628,126.2800000000277,-inf
12629,126.2900000000277,-inf
12630,126.30000000002771,-inf
12631,126.31000000002771,-inf
12632,126.32000000002772,-inf
12633,126.33000000002772,-inf
12634,126.34000000002773,-inf
12635,126.35000000002773,-inf
12636,126.36000000002774,-inf
12637,126.37000000002774,-inf
12638,126.38000000002775,-inf
12639,126.39000000002775,-inf
12640,126.40000000002776,-inf
12641,126.41000000002776,-inf
12642,126.42000000002777,-inf
12643,126.43000000002777,-inf
12644,126.44000000002778,-inf
12645,126.45000000002779,-inf
12646,126.46000000002779,-inf
12647,126.4700000000278,-inf
12648,126.4800000000278,-inf
12649,126.4900000000278,-inf
12650,126.50000000002781,-inf
12651,126.51000000002782,-inf
12652,126.52000000002782,-inf
12653,126.53000000002783,-inf
12654,126.54000000002783,-inf
12655,126.55000000002784,-inf
12656,126.56000000002784,-inf
12657,126.57000000002785,-inf
12658,126.58000000002785,-inf
12659,126.59000000002786,-inf
12660,126.60000000002786,-inf
12661,126.61000000002787,-inf
12662,126.62000000002787,-inf
12663,126.63000000002788,-inf
12664,126.64000000002788,-inf
12665,126.65000000002789,-inf
12666,126.66000000002789,-inf
12667,126.6700000000279,-inf
12668,126.6800000000279,-inf
12669,126.69000000002791,-inf
12670,126.70000000002791,-inf
12671,126.71000000002792,-inf
12672,126.72000000002792,-inf
12673,126.73000000002793,-inf
12674,126.74000000002793,-inf
12675,126.75000000002794,-inf
12676,126.76000000002794,-inf
12677,126.77000000002795,-inf
12678,126.78000000002795,-inf
12679,126.79000000002796,-inf
12680,126.80000000002796,-inf
12681,126.81000000002797,-inf
12682,126.82000000002797,-inf
12683,126.83000000002798,-inf
12684,126.84000000002798,-inf
12685,126.85000000002799,-inf
12686,126.860000000028,-inf
12687,126.870000000028,-inf
12688,126.880000000028,-inf
12689,126.89000000002801,-inf
12690,126.90000000002802,-inf
12691,126.91000000002802,-inf
12692,126.92000000002803,-inf
12693,126.93000000002803,-inf
12694,126.94000000002804,-inf
12695,126.95000000002804,-inf
12696,126.96000000002805,-inf
12697,126.97000000002805,-inf
12698,126.98000000002806,-inf
12699,126.99000000002806,-inf
12700,127.00000000002807,-inf
12701,127.01000000002807,-inf
12702,127.02000000002808,-inf
12703,127.03000000002808,-inf
12704,127.04000000002809,-inf
12705,127.05000000002809,-inf
12706,127.0600000000281,-inf
12707,127.0700000000281,-inf
12708,127.08000000002811,-inf
12709,127.09000000002811,-inf
12710,127.10000000002812,-inf
12711,127.11000000002812,-inf
12712,127.12000000002813,-inf
12713,127.13000000002813,-inf
12714,127.14000000002814,-inf
12715,127.15000000002814,-inf
12716,127.16000000002815,-inf
12717,127.17000000002815,-inf
12718,127.18000000002816,-inf
12719,127.19000000002816,-inf
12720,127.20000000002817,-inf
12721,127.21000000002817,-inf
12722,127.22000000002818,-inf
12723,127.23000000002818,-inf
12724,127.24000000002819,-inf
12725,127.2500000000282,-inf
12726,127.2600000000282,-inf
12727,127.2700000000282,-inf
12728,127.28000000002821,-inf
12729,127.29000000002821,-inf
12730,127.30000000002822,-inf
12731,127.31000000002823,-inf
12732,127.32000000002823,-inf
12733,127.33000000002824,-inf
12734,127.34000000002824,-inf
12735,127.35000000002825,-inf
12736,127.36000000002825,-inf
12737,127.37000000002826,-inf
12738,127.38000000002826,-inf
12739,127.39000000002827,-inf
12740,127.40000000002827,-inf
12741,127.41000000002828,-inf
12742,127.42000000002828,-inf
12743,127.43000000002829,-inf
12744,127.44000000002829,-inf
12745,127.4500000000283,-inf
12746,127.4600000000283,-inf
12747,127.4700000000283,-inf
12748,127.48000000002831,-inf
12749,127.49000000002832,-inf
12750,127.50000000002832,-inf
12751,127.51000000002833,-inf
12752,127.52000000002833,-inf
12753,127.53000000002834,-inf
12754,127.54000000002834,-inf
12755,127.55000000002835,-inf
12756,127.56000000002835,-inf
12757,127.57000000002836,-inf
12758,127.58000000002836,-inf
12759,127.59000000002837,-inf
12760,127.60000000002837,-inf
12761,127.61000000002838,-inf
12762,127.62000000002838,-inf
12763,127.63000000002839,-inf
12764,127.6400000000284,-inf
12765,127.6500000000284,-inf
12766,127.6600000000284,-inf
12767,127.67000000002841,-inf
12768,127.68000000002841,-inf
12769,127.69000000002842,-inf
12770,127.70000000002842,-inf
12771,127.71000000002843,-inf
12772,127.72000000002843,-inf
12773,127.73000000002844,-inf
12774,127.74000000002845,-inf
12775,127.75000000002845,-inf
12776,127.76000000002846,-inf
12777,127.77000000002846,-inf
12778,127.78000000002847,-inf
12779,127.79000000002847,-inf
12780,127.80000000002848,-inf
12781,127.81000000002848,-inf
12782,127.82000000002849,-inf
12783,127.83000000002849,-inf
12784,127.8400000000285,-inf
12785,127.8500000000285,-inf
12786,127.8600000000285,-inf
12787,127.87000000002851,-inf
12788,127.88000000002852,-inf
12789,127.89000000002852,-inf
12790,127.90000000002853,-inf
12791,127.91000000002853,-inf
12792,127.92000000002854,-inf
12793,127.93000000002854,-inf
12794,127.94000000002855,-inf
12795,127.95000000002855,-inf
12796,127.96000000002856,-inf
12797,127.97000000002856,-inf
12798,127.98000000002857,-inf
12799,127.99000000002857,-inf
12800,128.00000000002856,-inf
12801,128.01000000002855,-inf
12802,128.02000000002855,-inf
12803,128.03000000002854,-inf
12804,128.04000000002853,-inf
12805,128.05000000002852,-inf
12806,128.0600000000285,-inf
12807,128.0700000000285,-inf
12808,128.0800000000285,-inf
12809,128.09000000002848,-inf
12810,128.10000000002847,-inf
12811,128.11000000002846,-inf
12812,128.12000000002845,-inf
12813,128.13000000002845,-inf
12814,128.14000000002844,-inf
12815,128.15000000002843,-inf
12816,128.16000000002842,-inf
12817,128.1700000000284,-inf
12818,128.1800000000284,-inf
12819,128.1900000000284,-inf
12820,128.20000000002838,-inf
12821,128.21000000002837,-inf
12822,128.22000000002836,-inf
12823,128.23000000002835,-inf
12824,128.24000000002835,-inf
12825,128.25000000002834,-inf
12826,128.26000000002833,-inf
12827,128.27000000002832,-inf
12828,128.2800000000283,-inf
12829,128.2900000000283,-inf
12830,128.3000000000283,-inf
12831,128.31000000002828,-inf
12832,128.32000000002827,-inf
12833,128.33000000002826,-inf
12834,128.34000000002825,-inf
12835,128.35000000002825,-inf
12836,128.36000000002824,-inf
12837,128.37000000002823,-inf
12838,128.38000000002822,-inf
12839,128.3900000000282,-inf
12840,128.4000000000282,-inf
12841,128.4100000000282,-inf
12842,128.42000000002818,-inf
12843,128.43000000002817,-inf
12844,128.44000000002816,-inf
12845,128.45000000002815,-inf
12846,128.46000000002815,-inf
12847,128.47000000002814,-inf
12848,128.48000000002813,-inf
12849,128.49000000002812,-inf
12850,128.5000000000281,-inf
12851,128.5100000000281,-inf
12852,128.5200000000281,-inf
12853,128.53000000002808,-inf
12854,128.54000000002807,-inf
12855,128.55000000002806,-inf
12856,128.56000000002805,-inf
12857,128.57000000002805,-inf
12858,128.58000000002804,-inf
12859,128.59000000002803,-inf
12860,128.60000000002802,-inf
12861,128.610000000028,-inf
12862,128.620000000028,-inf
12863,128.630000000028,-inf
12864,128.64000000002798,-inf
12865,128.65000000002797,-inf
12866,128.66000000002796,-inf
12867,128.67000000002795,-inf
12868,128.68000000002795,-inf
12869,128.69000000002794,-inf
12870,128.70000000002793,-inf
12871,128.71000000002792,-inf
12872,128.7200000000279,-inf
12873,128.7300000000279,-inf
12874,128.7400000000279,-inf
12875,128.75000000002788,-inf
12876,128.76000000002787,-inf
12877,128.77000000002786,-inf
12878,128.78000000002785,-inf
12879,128.79000000002785,-inf
12880,128.80000000002784,-inf
12881,128.81000000002783,-inf
12882,128.82000000002782,-inf
12883,128.8300000000278,-inf
12884,128.8400000000278,-inf
12885,128.8500000000278,-inf
12886,128.86000000002778,-inf
12887,128.87000000002777,-inf
12888,128.88000000002776,-inf
12889,128.89000000002775,-inf
12890,128.90000000002775,-inf
12891,128.91000000002774,-inf
12892,128.92000000002773,-inf
12893,128.93000000002772,-inf
12894,128.9400000000277,-inf
12895,128.9500000000277,-inf
12896,128.9600000000277,-inf
12897,128.97000000002768,-inf
12898,128.98000000002767,-inf
12899,128.99000000002766,-inf
12900,129.00000000002765,-inf
12901,129.01000000002765,-inf
12902,129.02000000002764,-inf
12903,129.03000000002763,-inf
12904,129.04000000002762,-inf
12905,129.0500000000276,-inf
12906,129.0600000000276,-inf
12907,129.0700000000276,-inf
12908,129.08000000002758,-inf
12909,129.09000000002757,-inf
12910,129.10000000002756,-inf
12911,129.11000000002755,-inf
12912,129.12000000002755,-inf
12913,129.13000000002754,-inf
12914,129.14000000002753,-inf
12915,129.15000000002752,-inf
12916,129.1600000000275,-inf
12917,129.1700000000275,-inf
12918,129.1800000000275,-inf
12919,129.19000000002748,-inf
12920,129.20000000002747,-inf
12921,129.21000000002746,-inf
12922,129.22000000002745,-inf
12923,129.23000000002745,-inf
12924,129.24000000002744,-inf
12925,129.25000000002743,-inf
12926,129.26000000002742,-inf
12927,129.2700000000274,-inf
12928,129.2800000000274,-inf
12929,129.2900000000274,-inf
12930,129.30000000002738,-inf
12931,129.31000000002737,-inf
12932,129.32000000002736,-inf
12933,129.33000000002735,-inf
12934,129.34000000002735,-inf
12935,129.35000000002734,-inf
12936,129.36000000002733,-inf
12937,129.37000000002732,-inf
12938,129.3800000000273,-inf
12939,129.3900000000273,-inf
12940,129.4000000000273,-inf
12941,129.41000000002728,-inf
12942,129.42000000002727,-inf
12943,129.43000000002726,-inf
12944,129.44000000002725,-inf
12945,129.45000000002725,-inf
12946,129.46000000002724,-inf
12947,129.47000000002723,-inf
12948,129.48000000002722,-inf
12949,129.4900000000272,-inf
12950,129.5000000000272,-inf
12951,129.5100000000272,-inf
12952,129.52000000002718,-inf
12953,129.53000000002717,-inf
12954,129.54000000002716,-inf
12955,129.55000000002715,-inf
12956,129.56000000002715,-inf
12957,129.57000000002714,-inf
12958,129.58000000002713,-inf
12959,129.59000000002712,-inf
12960,129.6000000000271,-inf
12961,129.6100000000271,-inf
12962,129.6200000000271,-inf
12963,129.63000000002708,-inf
12964,129.64000000002707,-inf
12965,129.65000000002706,-inf
12966,129.66000000002705,-inf
12967,129.67000000002704,-inf
12968,129.68000000002704,-inf
12969,129.69000000002703,-inf
12970,129.70000000002702,-inf
12971,129.710000000027,-inf
12972,129.720000000027,-inf
12973,129.730000000027,-inf
12974,129.74000000002698,-inf
12975,129.75000000002697,-inf
12976,129.76000000002696,-inf
12977,129.77000000002695,-inf
12978,129.78000000002694,-inf
12979,129.79000000002694,-inf
12980,129.80000000002693,-inf
12981,129.81000000002692,-inf
12982,129.8200000000269,-inf
12983,129.8300000000269,-inf
12984,129.8400000000269,-inf
12985,129.85000000002688,-inf
12986,129.86000000002687,-inf
12987,129.87000000002686,-inf
12988,129.88000000002685,-inf
12989,129.89000000002684,-inf
12990,129.90000000002684,-inf
12991,129.91000000002683,-inf
12992,129.92000000002682,-inf
12993,129.9300000000268,-inf
12994,129.9400000000268,-inf
12995,129.9500000000268,-inf
12996,129.96000000002678,-inf
12997,129.97000000002677,-inf
12998,129.98000000002676,-inf
12999,129.99000000002675,-inf
13000,130.00000000002674,-inf
13001,130.01000000002674,-inf
13002,130.02000000002673,-inf
13003,130.03000000002672,-inf
13004,130.0400000000267,-inf
13005,130.0500000000267,-inf
13006,130.0600000000267,-inf
13007,130.07000000002668,-inf
13008,130.08000000002667,-inf
13009,130.09000000002666,-inf
13010,130.10000000002665,-inf
13011,130.11000000002664,-inf
13012,130.12000000002664,-inf
13013,130.13000000002663,-inf
13014,130.14000000002662,-inf
13015,130.1500000000266,-inf
13016,130.1600000000266,-inf
13017,130.1700000000266,-inf
13018,130.18000000002658,-inf
13019,130.19000000002657,-inf
13020,130.20000000002656,-inf
13021,130.21000000002655,-inf
13022,130.22000000002654,-inf
13023,130.23000000002654,-inf
13024,130.24000000002653,-inf
13025,130.25000000002652,-inf
13026,130.2600000000265,-inf
13027,130.2700000000265,-inf
13028,130.2800000000265,-inf
13029,130.29000000002648,-inf
13030,130.30000000002647,-inf
13031,130.31000000002646,-inf
13032,130.32000000002645,-inf
13033,130.33000000002644,-inf
13034,130.34000000002644,-inf
13035,130.35000000002643,-inf
13036,130.36000000002642,-inf
13037,130.3700000000264,-inf
13038,130.3800000000264,-inf
13039,130.3900000000264,-inf
13040,130.40000000002638,-inf
13041,130.41000000002637,-inf
13042,130.42000000002636,-inf
13043,130.43000000002635,-inf
13044,130.44000000002634,-inf
13045,130.45000000002634,-inf
13046,130.46000000002633,-inf
13047,130.47000000002632,-inf
13048,130.4800000000263,-inf
13049,130.4900000000263,-inf
13050,130.5000000000263,-inf
13051,130.51000000002628,-inf
13052,130.52000000002627,-inf
13053,130.53000000002626,-inf
13054,130.54000000002625,-inf
13055,130.55000000002624,-inf
13056,130.56000000002624,-inf
13057,130.57000000002623,-inf
13058,130.58000000002622,-inf
13059,130.5900000000262,-inf
13060,130.6000000000262,-inf
13061,130.6100000000262,-inf
13062,130.62000000002618,-inf
13063,130.63000000002617,-inf
13064,130.64000000002616,-inf
13065,130.65000000002615,-inf
13066,130.66000000002614,-inf
13067,130.67000000002614,-inf
13068,130.68000000002613,-inf
13069,130.69000000002612,-inf
13070,130.7000000000261,-inf
13071,130.7100000000261,-inf
13072,130.7200000000261,-inf
13073,130.73000000002608,-inf
13074,130.74000000002607,-inf
13075,130.75000000002606,-inf
13076,130.76000000002605,-inf
13077,130.77000000002604,-inf
13078,130.78000000002604,-inf
13079,130.79000000002603,-inf
13080,130.80000000002602,-inf
13081,130.810000000026,-inf
13082,130.820000000026,-inf
13083,130.830000000026,-inf
13084,130.84000000002598,-inf
13085,130.85000000002597,-inf
13086,130.86000000002596,-inf
13087,130.87000000002595,-inf
13088,130.88000000002594,-inf
13089,130.89000000002594,-inf
13090,130.90000000002593,-inf
13091,130.91000000002592,-inf
13092,130.9200000000259,-inf
13093,130.9300000000259,-inf
13094,130.9400000000259,-inf
13095,130.95000000002588,-inf
13096,130.96000000002587,-inf
13097,130.97000000002586,-inf
13098,130.98000000002585,-inf
13099,130.99000000002584,-inf
13100,131.00000000002584,-inf
13101,131.01000000002583,-inf
13102,131.02000000002582,-inf
13103,131.0300000000258,-inf
13104,131.0400000000258,-inf
13105,131.0500000000258,-inf
13106,131.06000000002578,-inf
13107,131.07000000002577,-inf
13108,131.08000000002576,-inf
13109,131.09000000002575,-inf
13110,131.10000000002574,-inf
13111,131.11000000002574,-inf
13112,131.12000000002573,-inf
13113,131.13000000002572,-inf
13114,131.1400000000257,-inf
13115,131.1500000000257,-inf
13116,131.1600000000257,-inf
13117,131.17000000002568,-inf
13118,131.18000000002567,-inf
13119,131.19000000002566,-inf
13120,131.20000000002565,-inf
13121,131.21000000002564,-inf
13122,131.22000000002564,-inf
13123,131.23000000002563,-inf
13124,131.24000000002562,-inf
13125,131.2500000000256,-inf
13126,131.2600000000256,-inf
13127,131.2700000000256,-inf
13128,131.28000000002558,-inf
13129,131.29000000002557,-inf
13130,131.30000000002556,-inf
13131,131.31000000002555,-inf
13132,131.32000000002554,-inf
13133,131.33000000002554,-inf
13134,131.34000000002553,-inf
13135,131.35000000002552,-inf
13136,131.3600000000255,-inf
13137,131.3700000000255,-inf
13138,131.3800000000255,-inf
13139,131.39000000002548,-inf
13140,131.40000000002547,-inf
13141,131.41000000002546,-inf
13142,131.42000000002545,-inf
13143,131.43000000002544,-inf
13144,131.44000000002544,-inf
13145,131.45000000002543,-inf
13146,131.46000000002542,-inf
13147,131.4700000000254,-inf
13148,131.4800000000254,-inf
13149,131.4900000000254,-inf
13150,131.50000000002538,-inf
13151,131.51000000002537,-inf
13152,131.52000000002536,-inf
13153,131.53000000002535,-inf
13154,131.54000000002534,-inf
13155,131.55000000002534,-inf
13156,131.56000000002533,-inf
13157,131.57000000002532,-inf
13158,131.5800000000253,-inf
13159,131.5900000000253,-inf
13160,131.6000000000253,-inf
13161,131.61000000002528,-inf
13162,131.62000000002527,-inf
13163,131.63000000002526,-inf
13164,131.64000000002525,-inf
13165,131.65000000002524,-inf
13166,131.66000000002524,-inf
13167,131.67000000002523,-inf
13168,131.68000000002522,-inf
13169,131.6900000000252,-inf
13170,131.7000000000252,-inf
13171,131.7100000000252,-inf
13172,131.72000000002518,-inf
13173,131.73000000002517,-inf
13174,131.74000000002516,-inf
13175,131.75000000002515,-inf
13176,131.76000000002514,-inf
13177,131.77000000002514,-inf
13178,131.78000000002513,-inf
13179,131.79000000002512,-inf
13180,131.8000000000251,-inf
13181,131.8100000000251,-inf
13182,131.8200000000251,-inf
13183,131.83000000002508,-inf
13184,131.84000000002507,-inf
13185,131.85000000002506,-inf
13186,131.86000000002505,-inf
13187,131.87000000002504,-inf
13188,131.88000000002503,-inf
13189,131.89000000002503,-inf
13190,131.90000000002502,-inf
13191,131.910000000025,-inf
13192,131.920000000025,-inf
13193,131.930000000025,-inf
13194,131.94000000002498,-inf
13195,131.95000000002497,-inf
13196,131.96000000002496,-inf
13197,131.97000000002495,-inf
13198,131.98000000002494,-inf
13199,131.99000000002493,-inf
13200,132.00000000002493,-inf
13201,132.01000000002492,-inf
13202,132.0200000000249,-inf
13203,132.0300000000249,-inf
13204,132.0400000000249,-inf
13205,132.05000000002488,-inf
13206,132.06000000002487,-inf
13207,132.07000000002486,-inf
13208,132.08000000002485,-inf
13209,132.09000000002484,-inf
13210,132.10000000002483,-inf
13211,132.11000000002483,-inf
13212,132.12000000002482,-inf
13213,132.1300000000248,-inf
13214,132.1400000000248,-inf
13215,132.1500000000248,-inf
13216,132.16000000002478,-inf
13217,132.17000000002477,-inf
13218,132.18000000002476,-inf
13219,132.19000000002475,-inf
13220,132.20000000002474,-inf
13221,132.21000000002473,-inf
13222,132.22000000002473,-inf
13223,132.23000000002472,-inf
13224,132.2400000000247,-inf
13225,132.2500000000247,-inf
13226,132.2600000000247,-inf
13227,132.27000000002468,-inf
13228,132.28000000002467,-inf
13229,132.29000000002466,-inf
13230,132.30000000002465,-inf
13231,132.31000000002464,-inf
13232,132.32000000002463,-inf
13233,132.33000000002463,-inf
13234,132.34000000002462,-inf
13235,132.3500000000246,-inf
13236,132.3600000000246,-inf
13237,132.3700000000246,-inf
13238,132.38000000002458,-inf
13239,132.39000000002457,-inf
13240,132.40000000002456,-inf
13241,132.41000000002455,-inf
13242,132.42000000002454,-inf
13243,132.43000000002453,-inf
13244,132.44000000002453,-inf
13245,132.45000000002452,-inf
13246,132.4600000000245,-inf
13247,132.4700000000245,-inf
13248,132.4800000000245,-inf
13249,132.49000000002448,-inf
13250,132.50000000002447,-inf
13251,132.51000000002446,-inf
13252,132.52000000002445,-inf
13253,132.53000000002444,-inf
13254,132.54000000002443,-inf
13255,132.55000000002443,-inf
13256,132.56000000002442,-inf
13257,132.5700000000244,-inf
13258,132.5800000000244,-inf
13259,132.5900000000244,-inf
13260,132.60000000002438,-inf
13261,132.61000000002437,-inf
13262,132.62000000002436,-inf
13263,132.63000000002435,-inf
13264,132.64000000002434,-inf
13265,132.65000000002433,-inf
13266,132.66000000002433,-inf
13267,132.67000000002432,-inf
13268,132.6800000000243,-inf
13269,132.6900000000243,-inf
13270,132.7000000000243,-inf
13271,132.71000000002428,-inf
13272,132.72000000002427,-inf
13273,132.73000000002426,-inf
13274,132.74000000002425,-inf
13275,132.75000000002424,-inf
13276,132.76000000002423,-inf
13277,132.77000000002423,-inf
13278,132.78000000002422,-inf
13279,132.7900000000242,-inf
13280,132.8000000000242,-inf
13281,132.8100000000242,-inf
13282,132.82000000002418,-inf
13283,132.83000000002417,-inf
13284,132.84000000002416,-inf
13285,132.85000000002415,-inf
13286,132.86000000002414,-inf
13287,132.87000000002413,-inf
13288,132.88000000002413,-inf
13289,132.89000000002412,-inf
13290,132.9000000000241,-inf
13291,132.9100000000241,-inf
13292,132.9200000000241,-inf
13293,132.93000000002408,-inf
13294,132.94000000002407,-inf
13295,132.95000000002406,-inf
13296,132.96000000002405,-inf
13297,132.97000000002404,-inf
13298,132.98000000002403,-inf
13299,132.99000000002403,-inf
13300,133.00000000002402,-inf
13301,133.010000000024,-inf
13302,133.020000000024,-inf
13303,133.030000000024,-inf
13304,133.04000000002398,-inf
13305,133.05000000002397,-inf
13306,133.06000000002396,-inf
13307,133.07000000002395,-inf
13308,133.08000000002394,-inf
13309,133.09000000002393,-inf
13310,133.10000000002393,-inf
13311,133.11000000002392,-inf
13312,133.1200000000239,-inf
13313,133.1300000000239,-inf
13314,133.1400000000239,-inf
13315,133.15000000002388,-inf
13316,133.16000000002387,-inf
13317,133.17000000002386,-inf
13318,133.18000000002385,-inf
13319,133.19000000002384,-inf
13320,133.20000000002383,-inf
13321,133.21000000002383,-inf
13322,133.22000000002382,-inf
13323,133.2300000000238,-inf
13324,133.2400000000238,-inf
13325,133.2500000000238,-inf
13326,133.26000000002378,-inf
13327,133.27000000002377,-inf
13328,133.28000000002376,-inf
13329,133.29000000002375,-inf
13330,133.30000000002374,-inf
13331,133.31000000002373,-inf
13332,133.32000000002373,-inf
13333,133.33000000002372,-inf
13334,133.3400000000237,-inf
13335,133.3500000000237,-inf
13336,133.3600000000237,-inf
13337,133.37000000002368,-inf
13338,133.38000000002367,-inf
13339,133.39000000002366,-inf
13340,133.40000000002365,-inf
13341,133.41000000002364,-inf
13342,133.42000000002363,-inf
13343,133.43000000002363,-inf
13344,133.44000000002362,-inf
13345,133.4500000000236,-inf
13346,133.4600000000236,-inf
13347,133.4700000000236,-inf
13348,133.48000000002358,-inf
13349,133.49000000002357,-inf
13350,133.50000000002356,-inf
13351,133.51000000002355,-inf
13352,133.52000000002354,-inf
13353,133.53000000002353,-inf
13354,133.54000000002353,-inf
13355,133.55000000002352,-inf
13356,133.5600000000235,-inf
13357,133.5700000000235,-inf
13358,133.5800000000235,-inf
13359,133.59000000002348,-inf
13360,133.60000000002347,-inf
13361,133.61000000002346,-inf
13362,133.62000000002345,-inf
13363,133.63000000002344,-inf
13364,133.64000000002343,-inf
13365,133.65000000002343,-inf
13366,133.66000000002342,-inf
13367,133.6700000000234,-inf
13368,133.6800000000234,-inf
13369,133.6900000000234,-inf
13370,133.70000000002338,-inf
13371,133.71000000002337,-inf
13372,133.72000000002336,-inf
13373,133.73000000002335,-inf
13374,133.74000000002334,-inf
13375,133.75000000002333,-inf
13376,133.76000000002333,-inf
13377,133.77000000002332,-inf
13378,133.7800000000233,-inf
13379,133.7900000000233,-inf
13380,133.8000000000233,-inf
13381,133.81000000002328,-inf
13382,133.82000000002327,-inf
13383,133.83000000002326,-inf
13384,133.84000000002325,-inf
13385,133.85000000002324,-inf
13386,133.86000000002323,-inf
13387,133.87000000002323,-inf
13388,133.88000000002322,-inf
13389,133.8900000000232,-inf
13390,133.9000000000232,-inf
13391,133.9100000000232,-inf
13392,133.92000000002318,-inf
13393,133.93000000002317,-inf
13394,133.94000000002316,-inf
13395,133.95000000002315,-inf
13396,133.96000000002314,-inf
13397,133.97000000002313,-inf
13398,133.98000000002313,-inf
13399,133.99000000002312,-inf
13400,134.0000000000231,-inf
13401,134.0100000000231,-inf
13402,134.0200000000231,-inf
13403,134.03000000002308,-inf
13404,134.04000000002307,-inf
13405,134.05000000002306,-inf
13406,134.06000000002305,-inf
13407,134.07000000002304,-inf
13408,134.08000000002303,-inf
13409,134.09000000002302,-inf
13410,134.10000000002302,-inf
13411,134.110000000023,-inf
13412,134.120000000023,-inf
13413,134.130000000023,-inf
13414,134.14000000002298,-inf
13415,134.15000000002297,-inf
13416,134.16000000002296,-inf
13417,134.17000000002295,-inf
13418,134.18000000002294,-inf
13419,134.19000000002293,-inf
13420,134.20000000002292,-inf
13421,134.21000000002292,-inf
13422,134.2200000000229,-inf
13423,134.2300000000229,-inf
13424,134.2400000000229,-inf
13425,134.25000000002288,-inf
13426,134.26000000002287,-inf
13427,134.27000000002286,-inf
13428,134.28000000002285,-inf
13429,134.29000000002284,-inf
13430,134.30000000002283,-inf
13431,134.31000000002282,-inf
13432,134.32000000002282,-inf
13433,134.3300000000228,-inf
13434,134.3400000000228,-inf
13435,134.3500000000228,-inf
13436,134.36000000002278,-inf
13437,134.37000000002277,-inf
13438,134.38000000002276,-inf
13439,134.39000000002275,-inf
13440,134.40000000002274,-inf
13441,134.41000000002273,-inf
13442,134.42000000002272,-inf
13443,134.43000000002272,-inf
13444,134.4400000000227,-inf
13445,134.4500000000227,-inf
13446,134.4600000000227,-inf
13447,134.47000000002268,-inf
13448,134.48000000002267,-inf
13449,134.49000000002266,-inf
13450,134.50000000002265,-inf
13451,134.51000000002264,-inf
13452,134.52000000002263,-inf
13453,134.53000000002262,-inf
13454,134.54000000002262,-inf
13455,134.5500000000226,-inf
13456,134.5600000000226,-inf
13457,134.5700000000226,-inf
13458,134.58000000002258,-inf
13459,134.59000000002257,-inf
13460,134.60000000002256,-inf
13461,134.61000000002255,-inf
13462,134.62000000002254,-inf
13463,134.63000000002253,-inf
13464,134.64000000002252,-inf
13465,134.65000000002252,-inf
13466,134.6600000000225,-inf
13467,134.6700000000225,-inf
13468,134.6800000000225,-inf
13469,134.69000000002248,-inf
13470,134.70000000002247,-inf
13471,134.71000000002246,-inf
13472,134.72000000002245,-inf
13473,134.73000000002244,-inf
13474,134.74000000002243,-inf
13475,134.75000000002242,-inf
13476,134.76000000002242,-inf
13477,134.7700000000224,-inf
13478,134.7800000000224,-inf
13479,134.7900000000224,-inf
13480,134.80000000002238,-inf
13481,134.81000000002237,-inf
13482,134.82000000002236,-inf
13483,134.83000000002235,-inf
13484,134.84000000002234,-inf
13485,134.85000000002233,-inf
13486,134.86000000002232,-inf
13487,134.87000000002232,-inf
13488,134.8800000000223,-inf
13489,134.8900000000223,-inf
13490,134.9000000000223,-inf
13491,134.91000000002228,-inf
13492,134.92000000002227,-inf
13493,134.93000000002226,-inf
13494,134.94000000002225,-inf
13495,134.95000000002224,-inf
13496,134.96000000002223,-inf
13497,134.97000000002222,-inf
13498,134.98000000002222,-inf
13499,134.9900000000222,-inf
13500,135.0000000000222,-inf
13501,135.0100000000222,-inf
13502,135.02000000002218,-inf
13503,135.03000000002217,-inf
13504,135.04000000002216,-inf
13505,135.05000000002215,-inf
13506,135.06000000002214,-inf
13507,135.07000000002213,-inf
13508,135.08000000002212,-inf
13509,135.09000000002212,-inf
13510,135.1000000000221,-inf
13511,135.1100000000221,-inf
13512,135.1200000000221,-inf
13513,135.13000000002208,-inf
13514,135.14000000002207,-inf
13515,135.15000000002206,-inf
13516,135.16000000002205,-inf
13517,135.17000000002204,-inf
13518,135.18000000002203,-inf
13519,135.19000000002202,-inf
13520,135.20000000002202,-inf
13521,135.210000000022,-inf
13522,135.220000000022,-inf
13523,135.230000000022,-inf
13524,135.24000000002198,-inf
13525,135.25000000002197,-inf
13526,135.26000000002196,-inf
13527,135.27000000002195,-inf
13528,135.28000000002194,-inf
13529,135.29000000002193,-inf
13530,135.30000000002192,-inf
13531,135.31000000002192,-inf
13532,135.3200000000219,-inf
13533,135.3300000000219,-inf
13534,135.3400000000219,-inf
13535,135.35000000002188,-inf
13536,135.36000000002187,-inf
13537,135.37000000002186,-inf
13538,135.38000000002185,-inf
13539,135.39000000002184,-inf
13540,135.40000000002183,-inf
13541,135.41000000002182,-inf
13542,135.42000000002182,-inf
13543,135.4300000000218,-inf
13544,135.4400000000218,-inf
13545,135.4500000000218,-inf
13546,135.46000000002178,-inf
13547,135.47000000002177,-inf
13548,135.48000000002176,-inf
13549,135.49000000002175,-inf
13550,135.50000000002174,-inf
13551,135.51000000002173,-inf
13552,135.52000000002172,-inf
13553,135.53000000002172,-inf
13554,135.5400000000217,-inf
13555,135.5500000000217,-inf
13556,135.5600000000217,-inf
13557,135.57000000002168,-inf
13558,135.58000000002167,-inf
13559,135.59000000002166,-inf
13560,135.60000000002165,-inf
13561,135.61000000002164,-inf
13562,135.62000000002163,-inf
13563,135.63000000002162,-inf
13564,135.64000000002162,-inf
13565,135.6500000000216,-inf
13566,135.6600000000216,-inf
13567,135.6700000000216,-inf
13568,135.68000000002158,-inf
13569,135.69000000002157,-inf
13570,135.70000000002156,-inf
13571,135.71000000002155,-inf
13572,135.72000000002154,-inf
13573,135.73000000002153,-inf
13574,135.74000000002152,-inf
13575,135.75000000002152,-inf
13576,135.7600000000215,-inf
13577,135.7700000000215,-inf
13578,135.7800000000215,-inf
13579,135.79000000002148,-inf
13580,135.80000000002147,-inf
13581,135.81000000002146,-inf
13582,135.82000000002145,-inf
13583,135.83000000002144,-inf
13584,135.84000000002143,-inf
13585,135.85000000002142,-inf
13586,135.86000000002142,-inf
13587,135.8700000000214,-inf
13588,135.8800000000214,-inf
13589,135.8900000000214,-inf
13590,135.90000000002138,-inf
13591,135.91000000002137,-inf
13592,135.92000000002136,-inf
13593,135.93000000002135,-inf
13594,135.94000000002134,-inf
13595,135.95000000002133,-inf
13596,135.96000000002132,-inf
13597,135.97000000002132,-inf
13598,135.9800000000213,-inf
13599,135.9900000000213,-inf
13600,136.0000000000213,-inf
13601,136.01000000002128,-inf
13602,136.02000000002127,-inf
13603,136.03000000002126,-inf
13604,136.04000000002125,-inf
13605,136.05000000002124,-inf
13606,136.06000000002123,-inf
13607,136.07000000002122,-inf
13608,136.08000000002122,-inf
13609,136.0900000000212,-inf
13610,136.1000000000212,-inf
13611,136.1100000000212,-inf
13612,136.12000000002118,-inf
13613,136.13000000002117,-inf
13614,136.14000000002116,-inf
13615,136.15000000002115,-inf
13616,136.16000000002114,-inf
13617,136.17000000002113,-inf
13618,136.18000000002112,-inf
13619,136.19000000002112,-inf
13620,136.2000000000211,-inf
13621,136.2100000000211,-inf
13622,136.2200000000211,-inf
13623,136.23000000002108,-inf
13624,136.24000000002107,-inf
13625,136.25000000002106,-inf
13626,136.26000000002105,-inf
13627,136.27000000002104,-inf
13628,136.28000000002103,-inf
13629,136.29000000002102,-inf
13630,136.30000000002102,-inf
13631,136.310000000021,-inf
13632,136.320000000021,-inf
13633,136.330000000021,-inf
13634,136.34000000002098,-inf
13635,136.35000000002097,-inf
13636,136.36000000002096,-inf
13637,136.37000000002095,-inf
13638,136.38000000002094,-inf
13639,136.39000000002093,-inf
13640,136.40000000002092,-inf
13641,136.41000000002091,-inf
13642,136.4200000000209,-inf
13643,136.4300000000209,-inf
13644,136.4400000000209,-inf
13645,136.45000000002088,-inf
13646,136.46000000002087,-inf
13647,136.47000000002086,-inf
13648,136.48000000002085,-inf
13649,136.49000000002084,-inf
13650,136.50000000002083,-inf
13651,136.51000000002082,-inf
13652,136.52000000002081,-inf
13653,136.5300000000208,-inf
13654,136.5400000000208,-inf
13655,136.5500000000208,-inf
13656,136.56000000002078,-inf
13657,136.57000000002077,-inf
13658,136.58000000002076,-inf
13659,136.59000000002075,-inf
13660,136.60000000002074,-inf
13661,136.61000000002073,-inf
13662,136.62000000002072,-inf
13663,136.63000000002071,-inf
13664,136.6400000000207,-inf
13665,136.6500000000207,-inf
13666,136.6600000000207,-inf
13667,136.67000000002068,-inf
13668,136.68000000002067,-inf
13669,136.69000000002066,-inf
13670,136.70000000002065,-inf
13671,136.71000000002064,-inf
13672,136.72000000002063,-inf
13673,136.73000000002062,-inf
13674,136.74000000002061,-inf
13675,136.7500000000206,-inf
13676,136.7600000000206,-inf
13677,136.7700000000206,-inf
13678,136.78000000002058,-inf
13679,136.79000000002057,-inf
13680,136.80000000002056,-inf
13681,136.81000000002055,-inf
13682,136.82000000002054,-inf
13683,136.83000000002053,-inf
13684,136.84000000002052,-inf
13685,136.85000000002051,-inf
13686,136.8600000000205,-inf
13687,136.8700000000205,-inf
13688,136.8800000000205,-inf
13689,136.89000000002048,-inf
13690,136.90000000002047,-inf
13691,136.91000000002046,-inf
13692,136.92000000002045,-inf
13693,136.93000000002044,-inf
13694,136.94000000002043,-inf
13695,136.95000000002042,-inf
13696,136.96000000002041,-inf
13697,136.9700000000204,-inf
13698,136.9800000000204,-inf
13699,136.9900000000204,-inf
13700,137.00000000002038,-inf
13701,137.01000000002037,-inf
13702,137.02000000002036,-inf
13703,137.03000000002035,-inf
13704,137.04000000002034,-inf
13705,137.05000000002033,-inf
13706,137.06000000002032,-inf
13707,137.07000000002031,-inf
13708,137.0800000000203,-inf
13709,137.0900000000203,-inf
13710,137.1000000000203,-inf
13711,137.11000000002028,-inf
13712,137.12000000002027,-inf
13713,137.13000000002026,-inf
13714,137.14000000002025,-inf
13715,137.15000000002024,-inf
13716,137.16000000002023,-inf
13717,137.17000000002022,-inf
13718,137.18000000002021,-inf
13719,137.1900000000202,-inf
13720,137.2000000000202,-inf
13721,137.2100000000202,-inf
13722,137.22000000002018,-inf
13723,137.23000000002017,-inf
13724,137.24000000002016,-inf
13725,137.25000000002015,-inf
13726,137.26000000002014,-inf
13727,137.27000000002013,-inf
13728,137.28000000002012,-inf
13729,137.29000000002011,-inf
13730,137.3000000000201,-inf
13731,137.3100000000201,-inf
13732,137.3200000000201,-inf
13733,137.33000000002008,-inf
13734,137.34000000002007,-inf
13735,137.35000000002006,-inf
13736,137.36000000002005,-inf
13737,137.37000000002004,-inf
13738,137.38000000002003,-inf
13739,137.39000000002002,-inf
13740,137.40000000002001,-inf
13741,137.41000000002,-inf
13742,137.42000000002,-inf
13743,137.43000000002,-inf
13744,137.44000000001998,-inf
13745,137.45000000001997,-inf
13746,137.46000000001996,-inf
13747,137.47000000001995,-inf
13748,137.48000000001994,-inf
13749,137.49000000001993,-inf
13750,137.50000000001992,-inf
13751,137.51000000001991,-inf
13752,137.5200000000199,-inf
13753,137.5300000000199,-inf
13754,137.5400000000199,-inf
13755,137.55000000001988,-inf
13756,137.56000000001987,-inf
13757,137.57000000001986,-inf
13758,137.58000000001985,-inf
13759,137.59000000001984,-inf
13760,137.60000000001983,-inf
13761,137.61000000001982,-inf
13762,137.62000000001981,-inf
13763,137.6300000000198,-inf
13764,137.6400000000198,-inf
13765,137.6500000000198,-inf
13766,137.66000000001978,-inf
13767,137.67000000001977,-inf
13768,137.68000000001976,-inf
13769,137.69000000001975,-inf
13770,137.70000000001974,-inf
13771,137.71000000001973,-inf
13772,137.72000000001972,-inf
13773,137.73000000001971,-inf
13774,137.7400000000197,-inf
13775,137.7500000000197,-inf
13776,137.7600000000197,-inf
13777,137.77000000001968,-inf
13778,137.78000000001967,-inf
13779,137.79000000001966,-inf
13780,137.80000000001965,-inf
13781,137.81000000001964,-inf
13782,137.82000000001963,-inf
13783,137.83000000001962,-inf
13784,137.84000000001961,-inf
13785,137.8500000000196,-inf
13786,137.8600000000196,-inf
13787,137.8700000000196,-inf
13788,137.88000000001958,-inf
13789,137.89000000001957,-inf
13790,137.90000000001956,-inf
13791,137.91000000001955,-inf
13792,137.92000000001954,-inf
13793,137.93000000001953,-inf
13794,137.94000000001952,-inf
13795,137.95000000001951,-inf
13796,137.9600000000195,-inf
13797,137.9700000000195,-inf
13798,137.9800000000195,-inf
13799,137.99000000001948,-inf
13800,138.00000000001947,-inf
13801,138.01000000001946,-inf
13802,138.02000000001945,-inf
13803,138.03000000001944,-inf
13804,138.04000000001943,-inf
13805,138.05000000001942,-inf
13806,138.06000000001941,-inf
13807,138.0700000000194,-inf
13808,138.0800000000194,-inf
13809,138.0900000000194,-inf
13810,138.10000000001938,-inf
13811,138.11000000001937,-inf
13812,138.12000000001936,-inf
13813,138.13000000001935,-inf
13814,138.14000000001934,-inf
13815,138.15000000001933,-inf
13816,138.16000000001932,-inf
13817,138.17000000001931,-inf
13818,138.1800000000193,-inf
13819,138.1900000000193,-inf
13820,138.2000000000193,-inf
13821,138.21000000001928,-inf
13822,138.22000000001927,-inf
13823,138.23000000001926,-inf
13824,138.24000000001925,-inf
13825,138.25000000001924,-inf
13826,138.26000000001923,-inf
13827,138.27000000001922,-inf
13828,138.28000000001921,-inf
13829,138.2900000000192,-inf
13830,138.3000000000192,-inf
13831,138.3100000000192,-inf
13832,138.32000000001918,-inf
13833,138.33000000001917,-inf
13834,138.34000000001916,-inf
13835,138.35000000001915,-inf
13836,138.36000000001914,-inf
13837,138.37000000001913,-inf
13838,138.38000000001912,-inf
13839,138.3900000000191,-inf
13840,138.4000000000191,-inf
13841,138.4100000000191,-inf
13842,138.4200000000191,-inf
13843,138.43000000001908,-inf
13844,138.44000000001907,-inf
13845,138.45000000001906,-inf
13846,138.46000000001905,-inf
13847,138.47000000001904,-inf
13848,138.48000000001903,-inf
13849,138.49000000001902,-inf
13850,138.500000000019,-inf
13851,138.510000000019,-inf
13852,138.520000000019,-inf
13853,138.530000000019,-inf
13854,138.54000000001898,-inf
13855,138.55000000001897,-inf
13856,138.56000000001896,-inf
13857,138.57000000001895,-inf
13858,138.58000000001894,-inf
13859,138.59000000001893,-inf
13860,138.60000000001892,-inf
13861,138.6100000000189,-inf
13862,138.6200000000189,-inf
13863,138.6300000000189,-inf
13864,138.6400000000189,-inf
13865,138.65000000001888,-inf
13866,138.66000000001887,-inf
13867,138.67000000001886,-inf
13868,138.68000000001885,-inf
13869,138.69000000001884,-inf
13870,138.70000000001883,-inf
13871,138.71000000001882,-inf
13872,138.7200000000188,-inf
13873,138.7300000000188,-inf
13874,138.7400000000188,-inf
13875,138.7500000000188,-inf
13876,138.76000000001878,-inf
13877,138.77000000001877,-inf
13878,138.78000000001876,-inf
13879,138.79000000001875,-inf
13880,138.80000000001874,-inf
13881,138.81000000001873,-inf
13882,138.82000000001872,-inf
13883,138.8300000000187,-inf
13884,138.8400000000187,-inf
13885,138.8500000000187,-inf
13886,138.8600000000187,-inf
13887,138.87000000001868,-inf
13888,138.88000000001867,-inf
13889,138.89000000001866,-inf
13890,138.90000000001865,-inf
13891,138.91000000001864,-inf
13892,138.92000000001863,-inf
13893,138.93000000001862,-inf
13894,138.9400000000186,-inf
13895,138.9500000000186,-inf
13896,138.9600000000186,-inf
13897,138.9700000000186,-inf
13898,138.98000000001858,-inf
13899,138.99000000001857,-inf
13900,139.00000000001856,-inf
13901,139.01000000001855,-inf
13902,139.02000000001854,-inf
13903,139.03000000001853,-inf
13904,139.04000000001852,-inf
13905,139.0500000000185,-inf
13906,139.0600000000185,-inf
13907,139.0700000000185,-inf
13908,139.0800000000185,-inf
13909,139.09000000001848,-inf
13910,139.10000000001847,-inf
13911,139.11000000001846,-inf
13912,139.12000000001845,-inf
13913,139.13000000001844,-inf
13914,139.14000000001843,-inf
13915,139.15000000001842,-inf
13916,139.1600000000184,-inf
13917,139.1700000000184,-inf
13918,139.1800000000184,-inf
13919,139.1900000000184,-inf
13920,139.20000000001838,-inf
13921,139.21000000001837,-inf
13922,139.22000000001836,-inf
13923,139.23000000001835,-inf
13924,139.24000000001834,-inf
13925,139.25000000001833,-inf
13926,139.26000000001832,-inf
13927,139.2700000000183,-inf
13928,139.2800000000183,-inf
13929,139.2900000000183,-inf
13930,139.3000000000183,-inf
13931,139.31000000001828,-inf
13932,139.32000000001827,-inf
13933,139.33000000001826,-inf
13934,139.34000000001825,-inf
13935,139.35000000001824,-inf
13936,139.36000000001823,-inf
13937,139.37000000001822,-inf
13938,139.3800000000182,-inf
13939,139.3900000000182,-inf
13940,139.4000000000182,-inf
13941,139.4100000000182,-inf
13942,139.42000000001818,-inf
13943,139.43000000001817,-inf
13944,139.44000000001816,-inf
13945,139.45000000001815,-inf
13946,139.46000000001814,-inf
13947,139.47000000001813,-inf
13948,139.48000000001812,-inf
13949,139.4900000000181,-inf
13950,139.5000000000181,-inf
13951,139.5100000000181,-inf
13952,139.5200000000181,-inf
13953,139.53000000001808,-inf
13954,139.54000000001807,-inf
13955,139.55000000001806,-inf
13956,139.56000000001805,-inf
13957,139.57000000001804,-inf
13958,139.58000000001803,-inf
13959,139.59000000001802,-inf
13960,139.600000000018,-inf
13961,139.610000000018,-inf
13962,139.620000000018,-inf
13963,139.630000000018,-inf
13964,139.64000000001798,-inf
13965,139.65000000001797,-inf
13966,139.66000000001796,-inf
13967,139.67000000001795,-inf
13968,139.68000000001794,-inf
13969,139.69000000001793,-inf
13970,139.70000000001792,-inf
13971,139.7100000000179,-inf
13972,139.7200000000179,-inf
13973,139.7300000000179,-inf
13974,139.7400000000179,-inf
13975,139.75000000001788,-inf
13976,139.76000000001787,-inf
13977,139.77000000001786,-inf
13978,139.78000000001785,-inf
13979,139.79000000001784,-inf
13980,139.80000000001783,-inf
13981,139.81000000001782,-inf
13982,139.8200000000178,-inf
13983,139.8300000000178,-inf
13984,139.8400000000178,-inf
13985,139.8500000000178,-inf
13986,139.86000000001778,-inf
13987,139.87000000001777,-inf
13988,139.88000000001776,-inf
13989,139.89000000001775,-inf
13990,139.90000000001774,-inf
13991,139.91000000001773,-inf
13992,139.92000000001772,-inf
13993,139.9300000000177,-inf
13994,139.9400000000177,-inf
13995,139.9500000000177,-inf
13996,139.9600000000177,-inf
13997,139.97000000001768,-inf
13998,139.98000000001767,-inf
13999,139.99000000001766,-inf
14000,140.00000000001765,-inf
14001,140.01000000001764,-inf
14002,140.02000000001763,-inf
14003,140.03000000001762,-inf
14004,140.0400000000176,-inf
14005,140.0500000000176,-inf
14006,140.0600000000176,-inf
14007,140.0700000000176,-inf
14008,140.08000000001758,-inf
14009,140.09000000001757,-inf
14010,140.10000000001756,-inf
14011,140.11000000001755,-inf
14012,140.12000000001754,-inf
14013,140.13000000001753,-inf
14014,140.14000000001752,-inf
14015,140.1500000000175,-inf
14016,140.1600000000175,-inf
14017,140.1700000000175,-inf
14018,140.1800000000175,-inf
14019,140.19000000001748,-inf
14020,140.20000000001747,-inf
14021,140.21000000001746,-inf
14022,140.22000000001745,-inf
14023,140.23000000001744,-inf
14024,140.24000000001743,-inf
14025,140.25000000001742,-inf
14026,140.2600000000174,-inf
14027,140.2700000000174,-inf
14028,140.2800000000174,-inf
14029,140.2900000000174,-inf
14030,140.30000000001738,-inf
14031,140.31000000001737,-inf
14032,140.32000000001736,-inf
14033,140.33000000001735,-inf
14034,140.34000000001734,-inf
14035,140.35000000001733,-inf
14036,140.36000000001732,-inf
14037,140.3700000000173,-inf
14038,140.3800000000173,-inf
14039,140.3900000000173,-inf
14040,140.4000000000173,-inf
14041,140.41000000001728,-inf
14042,140.42000000001727,-inf
14043,140.43000000001726,-inf
14044,140.44000000001725,-inf
14045,140.45000000001724,-inf
14046,140.46000000001723,-inf
14047,140.47000000001722,-inf
14048,140.4800000000172,-inf
14049,140.4900000000172,-inf
14050,140.5000000000172,-inf
14051,140.5100000000172,-inf
14052,140.52000000001718,-inf
14053,140.53000000001717,-inf
14054,140.54000000001716,-inf
14055,140.55000000001715,-inf
14056,140.56000000001714,-inf
14057,140.57000000001713,-inf
14058,140.58000000001712,-inf
14059,140.5900000000171,-inf
14060,140.6000000000171,-inf
14061,140.6100000000171,-inf
14062,140.6200000000171,-inf
14063,140.63000000001708,-inf
14064,140.64000000001707,-inf
14065,140.65000000001706,-inf
14066,140.66000000001705,-inf
14067,140.67000000001704,-inf
14068,140.68000000001703,-inf
14069,140.69000000001702,-inf
14070,140.700000000017,-inf
14071,140.710000000017,-inf
14072,140.720000000017,-inf
14073,140.730000000017,-inf
14074,140.74000000001698,-inf
14075,140.75000000001697,-inf
14076,140.76000000001696,-inf
14077,140.77000000001695,-inf
14078,140.78000000001694,-inf
14079,140.79000000001693,-inf
14080,140.80000000001692,-inf
14081,140.8100000000169,-inf
14082,140.8200000000169,-inf
14083,140.8300000000169,-inf
14084,140.8400000000169,-inf
14085,140.85000000001688,-inf
14086,140.86000000001687,-inf
14087,140.87000000001686,-inf
14088,140.88000000001685,-inf
14089,140.89000000001684,-inf
14090,140.90000000001683,-inf
14091,140.91000000001682,-inf
14092,140.9200000000168,-inf
14093,140.9300000000168,-inf
14094,140.9400000000168,-inf
14095,140.9500000000168,-inf
14096,140.96000000001678,-inf
14097,140.97000000001677,-inf
14098,140.98000000001676,-inf
14099,140.99000000001675,-inf
14100,141.00000000001674,-inf
14101,141.01000000001673,-inf
14102,141.02000000001672,-inf
14103,141.0300000000167,-inf
14104,141.0400000000167,-inf
14105,141.0500000000167,-inf
14106,141.0600000000167,-inf
14107,141.07000000001668,-inf
14108,141.08000000001667,-inf
14109,141.09000000001666,-inf
14110,141.10000000001665,-inf
14111,141.11000000001664,-inf
14112,141.12000000001663,-inf
14113,141.13000000001662,-inf
14114,141.1400000000166,-inf
14115,141.1500000000166,-inf
14116,141.1600000000166,-inf
14117,141.17000000001659,-inf
14118,141.18000000001658,-inf
14119,141.19000000001657,-inf
14120,141.20000000001656,-inf
14121,141.21000000001655,-inf
14122,141.22000000001654,-inf
14123,141.23000000001653,-inf
14124,141.24000000001652,-inf
14125,141.2500000000165,-inf
14126,141.2600000000165,-inf
14127,141.2700000000165,-inf
14128,141.28000000001649,-inf
14129,141.29000000001648,-inf
14130,141.30000000001647,-inf
14131,141.31000000001646,-inf
14132,141.32000000001645,-inf
14133,141.33000000001644,-inf
14134,141.34000000001643,-inf
14135,141.35000000001642,-inf
14136,141.3600000000164,-inf
14137,141.3700000000164,-inf
14138,141.3800000000164,-inf
14139,141.39000000001639,-inf
14140,141.40000000001638,-inf
14141,141.41000000001637,-inf
14142,141.42000000001636,-inf
14143,141.43000000001635,-inf
14144,141.44000000001634,-inf
14145,141.45000000001633,-inf
14146,141.46000000001632,-inf
14147,141.4700000000163,-inf
14148,141.4800000000163,-inf
14149,141.4900000000163,-inf
14150,141.50000000001629,-inf
14151,141.51000000001628,-inf
14152,141.52000000001627,-inf
14153,141.53000000001626,-inf
14154,141.54000000001625,-inf
14155,141.55000000001624,-inf
14156,141.56000000001623,-inf
14157,141.57000000001622,-inf
14158,141.5800000000162,-inf
14159,141.5900000000162,-inf
14160,141.6000000000162,-inf
14161,141.61000000001619,-inf
14162,141.62000000001618,-inf
14163,141.63000000001617,-inf
14164,141.64000000001616,-inf
14165,141.65000000001615,-inf
14166,141.66000000001614,-inf
14167,141.67000000001613,-inf
14168,141.68000000001612,-inf
14169,141.6900000000161,-inf
14170,141.7000000000161,-inf
14171,141.7100000000161,-inf
14172,141.72000000001609,-inf
14173,141.73000000001608,-inf
14174,141.74000000001607,-inf
14175,141.75000000001606,-inf
14176,141.76000000001605,-inf
14177,141.77000000001604,-inf
14178,141.78000000001603,-inf
14179,141.79000000001602,-inf
14180,141.800000000016,-inf
14181,141.810000000016,-inf
14182,141.820000000016,-inf
14183,141.83000000001599,-inf
14184,141.84000000001598,-inf
14185,141.85000000001597,-inf
14186,141.86000000001596,-inf
14187,141.87000000001595,-inf
14188,141.88000000001594,-inf
14189,141.89000000001593,-inf
14190,141.90000000001592,-inf
14191,141.9100000000159,-inf
14192,141.9200000000159,-inf
14193,141.9300000000159,-inf
14194,141.94000000001589,-inf
14195,141.95000000001588,-inf
14196,141.96000000001587,-inf
14197,141.97000000001586,-inf
14198,141.98000000001585,-inf
14199,141.99000000001584,-inf
14200,142.00000000001583,-inf
14201,142.01000000001582,-inf
14202,142.0200000000158,-inf
14203,142.0300000000158,-inf
14204,142.0400000000158,-inf
14205,142.05000000001579,-inf
14206,142.06000000001578,-inf
14207,142.07000000001577,-inf
14208,142.08000000001576,-inf
14209,142.09000000001575,-inf
14210,142.10000000001574,-inf
14211,142.11000000001573,-inf
14212,142.12000000001572,-inf
14213,142.1300000000157,-inf
14214,142.1400000000157,-inf
14215,142.1500000000157,-inf
14216,142.16000000001569,-inf
14217,142.17000000001568,-inf
14218,142.18000000001567,-inf
14219,142.19000000001566,-inf
14220,142.20000000001565,-inf
14221,142.21000000001564,-inf
14222,142.22000000001563,-inf
14223,142.23000000001562,-inf
14224,142.2400000000156,-inf
14225,142.2500000000156,-inf
14226,142.2600000000156,-inf
14227,142.27000000001559,-inf
14228,142.28000000001558,-inf
14229,142.29000000001557,-inf
14230,142.30000000001556,-inf
14231,142.31000000001555,-inf
14232,142.32000000001554,-inf
14233,142.33000000001553,-inf
14234,142.34000000001552,-inf
14235,142.3500000000155,-inf
14236,142.3600000000155,-inf
14237,142.3700000000155,-inf
14238,142.38000000001549,-inf
14239,142.39000000001548,-inf
14240,142.40000000001547,-inf
14241,142.41000000001546,-inf
14242,142.42000000001545,-inf
14243,142.43000000001544,-inf
14244,142.44000000001543,-inf
14245,142.45000000001542,-inf
14246,142.4600000000154,-inf
14247,142.4700000000154,-inf
14248,142.4800000000154,-inf
14249,142.49000000001539,-inf
14250,142.50000000001538,-inf
14251,142.51000000001537,-inf
14252,142.52000000001536,-inf
14253,142.53000000001535,-inf
14254,142.54000000001534,-inf
14255,142.55000000001533,-inf
14256,142.56000000001532,-inf
14257,142.5700000000153,-inf
14258,142.5800000000153,-inf
14259,142.5900000000153,-inf
14260,142.60000000001529,-inf
14261,142.61000000001528,-inf
14262,142.62000000001527,-inf
14263,142.63000000001526,-inf
14264,142.64000000001525,-inf
14265,142.65000000001524,-inf
14266,142.66000000001523,-inf
14267,142.67000000001522,-inf
14268,142.6800000000152,-inf
14269,142.6900000000152,-inf
14270,142.7000000000152,-inf
14271,142.71000000001519,-inf
14272,142.72000000001518,-inf
14273,142.73000000001517,-inf
14274,142.74000000001516,-inf
14275,142.75000000001515,-inf
14276,142.76000000001514,-inf
14277,142.77000000001513,-inf
14278,142.78000000001512,-inf
14279,142.7900000000151,-inf
14280,142.8000000000151,-inf
14281,142.8100000000151,-inf
14282,142.82000000001509,-inf
14283,142.83000000001508,-inf
14284,142.84000000001507,-inf
14285,142.85000000001506,-inf
14286,142.86000000001505,-inf
14287,142.87000000001504,-inf
14288,142.88000000001503,-inf
14289,142.89000000001502,-inf
14290,142.900000000015,-inf
14291,142.910000000015,-inf
14292,142.920000000015,-inf
14293,142.93000000001499,-inf
14294,142.94000000001498,-inf
14295,142.95000000001497,-inf
14296,142.96000000001496,-inf
14297,142.97000000001495,-inf
14298,142.98000000001494,-inf
14299,142.99000000001493,-inf
14300,143.00000000001492,-inf
14301,143.0100000000149,-inf
14302,143.0200000000149,-inf
14303,143.0300000000149,-inf
14304,143.04000000001489,-inf
14305,143.05000000001488,-inf
14306,143.06000000001487,-inf
14307,143.07000000001486,-inf
14308,143.08000000001485,-inf
14309,143.09000000001484,-inf
14310,143.10000000001483,-inf
14311,143.11000000001482,-inf
14312,143.1200000000148,-inf
14313,143.1300000000148,-inf
14314,143.1400000000148,-inf
14315,143.15000000001478,-inf
14316,143.16000000001478,-inf
14317,143.17000000001477,-inf
14318,143.18000000001476,-inf
14319,143.19000000001475,-inf
14320,143.20000000001474,-inf
14321,143.21000000001473,-inf
14322,143.22000000001472,-inf
14323,143.2300000000147,-inf
14324,143.2400000000147,-inf
14325,143.2500000000147,-inf
14326,143.26000000001468,-inf
14327,143.27000000001468,-inf
14328,143.28000000001467,-inf
14329,143.29000000001466,-inf
14330,143.30000000001465,-inf
14331,143.31000000001464,-inf
14332,143.32000000001463,-inf
14333,143.33000000001462,-inf
14334,143.3400000000146,-inf
14335,143.3500000000146,-inf
14336,143.3600000000146,-inf
14337,143.37000000001458,-inf
14338,143.38000000001458,-inf
14339,143.39000000001457,-inf
14340,143.40000000001456,-inf
14341,143.41000000001455,-inf
14342,143.42000000001454,-inf
14343,143.43000000001453,-inf
14344,143.44000000001452,-inf
14345,143.4500000000145,-inf
14346,143.4600000000145,-inf
14347,143.4700000000145,-inf
14348,143.48000000001448,-inf
14349,143.49000000001448,-inf
14350,143.50000000001447,-inf
14351,143.51000000001446,-inf
14352,143.52000000001445,-inf
14353,143.53000000001444,-inf
14354,143.54000000001443,-inf
14355,143.55000000001442,-inf
14356,143.5600000000144,-inf
14357,143.5700000000144,-inf
14358,143.5800000000144,-inf
14359,143.59000000001438,-inf
14360,143.60000000001438,-inf
14361,143.61000000001437,-inf
14362,143.62000000001436,-inf
14363,143.63000000001435,-inf
14364,143.64000000001434,-inf
14365,143.65000000001433,-inf
14366,143.66000000001432,-inf
14367,143.6700000000143,-inf
14368,143.6800000000143,-inf
14369,143.6900000000143,-inf
14370,143.70000000001428,-inf
14371,143.71000000001428,-inf
14372,143.72000000001427,-inf
14373,143.73000000001426,-inf
14374,143.74000000001425,-inf
14375,143.75000000001424,-inf
14376,143.76000000001423,-inf
14377,143.77000000001422,-inf
14378,143.7800000000142,-inf
14379,143.7900000000142,-inf
14380,143.8000000000142,-inf
14381,143.81000000001418,-inf
14382,143.82000000001418,-inf
14383,143.83000000001417,-inf
14384,143.84000000001416,-inf
14385,143.85000000001415,-inf
14386,143.86000000001414,-inf
14387,143.87000000001413,-inf
14388,143.88000000001412,-inf
14389,143.8900000000141,-inf
14390,143.9000000000141,-inf
14391,143.9100000000141,-inf
14392,143.92000000001408,-inf
14393,143.93000000001408,-inf
14394,143.94000000001407,-inf
14395,143.95000000001406,-inf
14396,143.96000000001405,-inf
14397,143.97000000001404,-inf
14398,143.98000000001403,-inf
14399,143.99000000001402,-inf
14400,144.000000000014,-inf
14401,144.010000000014,-inf
14402,144.020000000014,-inf
14403,144.03000000001398,-inf
14404,144.04000000001398,-inf
14405,144.05000000001397,-inf
14406,144.06000000001396,-inf
14407,144.07000000001395,-inf
14408,144.08000000001394,-inf
14409,144.09000000001393,-inf
14410,144.10000000001392,-inf
14411,144.1100000000139,-inf
14412,144.1200000000139,-inf
14413,144.1300000000139,-inf
14414,144.14000000001388,-inf
14415,144.15000000001388,-inf
14416,144.16000000001387,-inf
14417,144.17000000001386,-inf
14418,144.18000000001385,-inf
14419,144.19000000001384,-inf
14420,144.20000000001383,-inf
14421,144.21000000001382,-inf
14422,144.2200000000138,-inf
14423,144.2300000000138,-inf
14424,144.2400000000138,-inf
14425,144.25000000001378,-inf
14426,144.26000000001378,-inf
14427,144.27000000001377,-inf
14428,144.28000000001376,-inf
14429,144.29000000001375,-inf
14430,144.30000000001374,-inf
14431,144.31000000001373,-inf
14432,144.32000000001372,-inf
14433,144.3300000000137,-inf
14434,144.3400000000137,-inf
14435,144.3500000000137,-inf
14436,144.36000000001368,-inf
14437,144.37000000001368,-inf
14438,144.38000000001367,-inf
14439,144.39000000001366,-inf
14440,144.40000000001365,-inf
14441,144.41000000001364,-inf
14442,144.42000000001363,-inf
14443,144.43000000001362,-inf
14444,144.4400000000136,-inf
14445,144.4500000000136,-inf
14446,144.4600000000136,-inf
14447,144.47000000001358,-inf
14448,144.48000000001358,-inf
14449,144.49000000001357,-inf
14450,144.50000000001356,-inf
14451,144.51000000001355,-inf
14452,144.52000000001354,-inf
14453,144.53000000001353,-inf
14454,144.54000000001352,-inf
14455,144.5500000000135,-inf
14456,144.5600000000135,-inf
14457,144.5700000000135,-inf
14458,144.58000000001348,-inf
14459,144.59000000001348,-inf
14460,144.60000000001347,-inf
14461,144.61000000001346,-inf
14462,144.62000000001345,-inf
14463,144.63000000001344,-inf
14464,144.64000000001343,-inf
14465,144.65000000001342,-inf
14466,144.6600000000134,-inf
14467,144.6700000000134,-inf
14468,144.6800000000134,-inf
14469,144.69000000001338,-inf
14470,144.70000000001338,-inf
14471,144.71000000001337,-inf
14472,144.72000000001336,-inf
14473,144.73000000001335,-inf
14474,144.74000000001334,-inf
14475,144.75000000001333,-inf
14476,144.76000000001332,-inf
14477,144.7700000000133,-inf
14478,144.7800000000133,-inf
14479,144.7900000000133,-inf
14480,144.80000000001328,-inf
14481,144.81000000001328,-inf
14482,144.82000000001327,-inf
14483,144.83000000001326,-inf
14484,144.84000000001325,-inf
14485,144.85000000001324,-inf
14486,144.86000000001323,-inf
14487,144.87000000001322,-inf
14488,144.8800000000132,-inf
14489,144.8900000000132,-inf
14490,144.9000000000132,-inf
14491,144.91000000001318,-inf
14492,144.92000000001318,-inf
14493,144.93000000001317,-inf
14494,144.94000000001316,-inf
14495,144.95000000001315,-inf
14496,144.96000000001314,-inf
14497,144.97000000001313,-inf
14498,144.98000000001312,-inf
14499,144.9900000000131,-inf
14500,145.0000000000131,-inf
14501,145.0100000000131,-inf
14502,145.02000000001308,-inf
14503,145.03000000001308,-inf
14504,145.04000000001307,-inf
14505,145.05000000001306,-inf
14506,145.06000000001305,-inf
14507,145.07000000001304,-inf
14508,145.08000000001303,-inf
14509,145.09000000001302,-inf
14510,145.100000000013,-inf
14511,145.110000000013,-inf
14512,145.120000000013,-inf
14513,145.13000000001298,-inf
14514,145.14000000001298,-inf
14515,145.15000000001297,-inf
14516,145.16000000001296,-inf
14517,145.17000000001295,-inf
14518,145.18000000001294,-inf
14519,145.19000000001293,-inf
14520,145.20000000001292,-inf
14521,145.2100000000129,-inf
14522,145.2200000000129,-inf
14523,145.2300000000129,-inf
14524,145.24000000001288,-inf
14525,145.25000000001288,-inf
14526,145.26000000001287,-inf
14527,145.27000000001286,-inf
14528,145.28000000001285,-inf
14529,145.29000000001284,-inf
14530,145.30000000001283,-inf
14531,145.31000000001282,-inf
14532,145.3200000000128,-inf
14533,145.3300000000128,-inf
14534,145.3400000000128,-inf
14535,145.35000000001278,-inf
14536,145.36000000001277,-inf
14537,145.37000000001277,-inf
14538,145.38000000001276,-inf
14539,145.39000000001275,-inf
14540,145.40000000001274,-inf
14541,145.41000000001273,-inf
14542,145.42000000001272,-inf
14543,145.4300000000127,-inf
14544,145.4400000000127,-inf
14545,145.4500000000127,-inf
14546,145.46000000001268,-inf
14547,145.47000000001267,-inf
14548,145.48000000001267,-inf
14549,145.49000000001266,-inf
14550,145.50000000001265,-inf
14551,145.51000000001264,-inf
14552,145.52000000001263,-inf
14553,145.53000000001262,-inf
14554,145.5400000000126,-inf
14555,145.5500000000126,-inf
14556,145.5600000000126,-inf
14557,145.57000000001258,-inf
14558,145.58000000001257,-inf
14559,145.59000000001257,-inf
14560,145.60000000001256,-inf
14561,145.61000000001255,-inf
14562,145.62000000001254,-inf
14563,145.63000000001253,-inf
14564,145.64000000001252,-inf
14565,145.6500000000125,-inf
14566,145.6600000000125,-inf
14567,145.6700000000125,-inf
14568,145.68000000001248,-inf
14569,145.69000000001247,-inf
14570,145.70000000001247,-inf
14571,145.71000000001246,-inf
14572,145.72000000001245,-inf
14573,145.73000000001244,-inf
14574,145.74000000001243,-inf
14575,145.75000000001242,-inf
14576,145.7600000000124,-inf
14577,145.7700000000124,-inf
14578,145.7800000000124,-inf
14579,145.79000000001238,-inf
14580,145.80000000001237,-inf
14581,145.81000000001237,-inf
14582,145.82000000001236,-inf
14583,145.83000000001235,-inf
14584,145.84000000001234,-inf
14585,145.85000000001233,-inf
14586,145.86000000001232,-inf
14587,145.8700000000123,-inf
14588,145.8800000000123,-inf
14589,145.8900000000123,-inf
14590,145.90000000001228,-inf
14591,145.91000000001227,-inf
14592,145.92000000001227,-inf
14593,145.93000000001226,-inf
14594,145.94000000001225,-inf
14595,145.95000000001224,-inf
14596,145.96000000001223,-inf
14597,145.97000000001222,-inf
14598,145.9800000000122,-inf
14599,145.9900000000122,-inf
14600,146.0000000000122,-inf
14601,146.01000000001218,-inf
14602,146.02000000001217,-inf
14603,146.03000000001217,-inf
14604,146.04000000001216,-inf
14605,146.05000000001215,-inf
14606,146.06000000001214,-inf
14607,146.07000000001213,-inf
14608,146.08000000001212,-inf
14609,146.0900000000121,-inf
14610,146.1000000000121,-inf
14611,146.1100000000121,-inf
14612,146.12000000001208,-inf
14613,146.13000000001207,-inf
14614,146.14000000001207,-inf
14615,146.15000000001206,-inf
14616,146.16000000001205,-inf
14617,146.17000000001204,-inf
14618,146.18000000001203,-inf
14619,146.19000000001202,-inf
14620,146.200000000012,-inf
14621,146.210000000012,-inf
14622,146.220000000012,-inf
14623,146.23000000001198,-inf
14624,146.24000000001197,-inf
14625,146.25000000001197,-inf
14626,146.26000000001196,-inf
14627,146.27000000001195,-inf
14628,146.28000000001194,-inf
14629,146.29000000001193,-inf
14630,146.30000000001192,-inf
14631,146.3100000000119,-inf
14632,146.3200000000119,-inf
14633,146.3300000000119,-inf
14634,146.34000000001188,-inf
14635,146.35000000001187,-inf
14636,146.36000000001187,-inf
14637,146.37000000001186,-inf
14638,146.38000000001185,-inf
14639,146.39000000001184,-inf
14640,146.40000000001183,-inf
14641,146.41000000001182,-inf
14642,146.4200000000118,-inf
14643,146.4300000000118,-inf
14644,146.4400000000118,-inf
14645,146.45000000001178,-inf
14646,146.46000000001177,-inf
14647,146.47000000001177,-inf
14648,146.48000000001176,-inf
14649,146.49000000001175,-inf
14650,146.50000000001174,-inf
14651,146.51000000001173,-inf
14652,146.52000000001172,-inf
14653,146.5300000000117,-inf
14654,146.5400000000117,-inf
14655,146.5500000000117,-inf
14656,146.56000000001168,-inf
14657,146.57000000001167,-inf
14658,146.58000000001167,-inf
14659,146.59000000001166,-inf
14660,146.60000000001165,-inf
14661,146.61000000001164,-inf
14662,146.62000000001163,-inf
14663,146.63000000001162,-inf
14664,146.6400000000116,-inf
14665,146.6500000000116,-inf
14666,146.6600000000116,-inf
14667,146.67000000001158,-inf
14668,146.68000000001157,-inf
14669,146.69000000001157,-inf
14670,146.70000000001156,-inf
14671,146.71000000001155,-inf
14672,146.72000000001154,-inf
14673,146.73000000001153,-inf
14674,146.74000000001152,-inf
14675,146.7500000000115,-inf
14676,146.7600000000115,-inf
14677,146.7700000000115,-inf
14678,146.78000000001148,-inf
14679,146.79000000001147,-inf
14680,146.80000000001147,-inf
14681,146.81000000001146,-inf
14682,146.82000000001145,-inf
14683,146.83000000001144,-inf
14684,146.84000000001143,-inf
14685,146.85000000001142,-inf
14686,146.8600000000114,-inf
14687,146.8700000000114,-inf
14688,146.8800000000114,-inf
14689,146.89000000001138,-inf
14690,146.90000000001137,-inf
14691,146.91000000001137,-inf
14692,146.92000000001136,-inf
14693,146.93000000001135,-inf
14694,146.94000000001134,-inf
14695,146.95000000001133,-inf
14696,146.96000000001132,-inf
14697,146.9700000000113,-inf
14698,146.9800000000113,-inf
14699,146.9900000000113,-inf
14700,147.00000000001128,-inf
14701,147.01000000001127,-inf
14702,147.02000000001127,-inf
14703,147.03000000001126,-inf
14704,147.04000000001125,-inf
14705,147.05000000001124,-inf
14706,147.06000000001123,-inf
14707,147.07000000001122,-inf
14708,147.0800000000112,-inf
14709,147.0900000000112,-inf
14710,147.1000000000112,-inf
14711,147.11000000001118,-inf
14712,147.12000000001117,-inf
14713,147.13000000001117,-inf
14714,147.14000000001116,-inf
14715,147.15000000001115,-inf
14716,147.16000000001114,-inf
14717,147.17000000001113,-inf
14718,147.18000000001112,-inf
14719,147.1900000000111,-inf
14720,147.2000000000111,-inf
14721,147.2100000000111,-inf
14722,147.22000000001108,-inf
14723,147.23000000001107,-inf
14724,147.24000000001107,-inf
14725,147.25000000001106,-inf
14726,147.26000000001105,-inf
14727,147.27000000001104,-inf
14728,147.28000000001103,-inf
14729,147.29000000001102,-inf
14730,147.300000000011,-inf
14731,147.310000000011,-inf
14732,147.320000000011,-inf
14733,147.33000000001098,-inf
14734,147.34000000001097,-inf
14735,147.35000000001097,-inf
14736,147.36000000001096,-inf
14737,147.37000000001095,-inf
14738,147.38000000001094,-inf
14739,147.39000000001093,-inf
14740,147.40000000001092,-inf
14741,147.4100000000109,-inf
14742,147.4200000000109,-inf
14743,147.4300000000109,-inf
14744,147.44000000001088,-inf
14745,147.45000000001087,-inf
14746,147.46000000001087,-inf
14747,147.47000000001086,-inf
14748,147.48000000001085,-inf
14749,147.49000000001084,-inf
14750,147.50000000001083,-inf
14751,147.51000000001082,-inf
14752,147.5200000000108,-inf
14753,147.5300000000108,-inf
14754,147.5400000000108,-inf
14755,147.55000000001078,-inf
14756,147.56000000001077,-inf
14757,147.57000000001077,-inf
14758,147.58000000001076,-inf
14759,147.59000000001075,-inf
14760,147.60000000001074,-inf
14761,147.61000000001073,-inf
14762,147.62000000001072,-inf
14763,147.6300000000107,-inf
14764,147.6400000000107,-inf
14765,147.6500000000107,-inf
14766,147.66000000001068,-inf
14767,147.67000000001067,-inf
14768,147.68000000001066,-inf
14769,147.69000000001066,-inf
14770,147.70000000001065,-inf
14771,147.71000000001064,-inf
14772,147.72000000001063,-inf
14773,147.73000000001062,-inf
14774,147.7400000000106,-inf
14775,147.7500000000106,-inf
14776,147.7600000000106,-inf
14777,147.77000000001058,-inf
14778,147.78000000001057,-inf
14779,147.79000000001056,-inf
14780,147.80000000001056,-inf
14781,147.81000000001055,-inf
14782,147.82000000001054,-inf
14783,147.83000000001053,-inf
14784,147.84000000001052,-inf
14785,147.8500000000105,-inf
14786,147.8600000000105,-inf
14787,147.8700000000105,-inf
14788,147.88000000001048,-inf
14789,147.89000000001047,-inf
14790,147.90000000001046,-inf
14791,147.91000000001046,-inf
14792,147.92000000001045,-inf
14793,147.93000000001044,-inf
14794,147.94000000001043,-inf
14795,147.95000000001042,-inf
14796,147.9600000000104,-inf
14797,147.9700000000104,-inf
14798,147.9800000000104,-inf
14799,147.99000000001038,-inf
14800,148.00000000001037,-inf
14801,148.01000000001036,-inf
14802,148.02000000001036,-inf
14803,148.03000000001035,-inf
14804,148.04000000001034,-inf
14805,148.05000000001033,-inf
14806,148.06000000001032,-inf
14807,148.0700000000103,-inf
14808,148.0800000000103,-inf
14809,148.0900000000103,-inf
14810,148.10000000001028,-inf
14811,148.11000000001027,-inf
14812,148.12000000001026,-inf
14813,148.13000000001026,-inf
14814,148.14000000001025,-inf
14815,148.15000000001024,-inf
14816,148.16000000001023,-inf
14817,148.17000000001022,-inf
14818,148.1800000000102,-inf
14819,148.1900000000102,-inf
14820,148.2000000000102,-inf
14821,148.21000000001018,-inf
14822,148.22000000001017,-inf
14823,148.23000000001016,-inf
14824,148.24000000001016,-inf
14825,148.25000000001015,-inf
14826,148.26000000001014,-inf
14827,148.27000000001013,-inf
14828,148.28000000001012,-inf
14829,148.2900000000101,-inf
14830,148.3000000000101,-inf
14831,148.3100000000101,-inf
14832,148.32000000001008,-inf
14833,148.33000000001007,-inf
14834,148.34000000001006,-inf
14835,148.35000000001006,-inf
14836,148.36000000001005,-inf
14837,148.37000000001004,-inf
14838,148.38000000001003,-inf
14839,148.39000000001002,-inf
14840,148.40000000001,-inf
14841,148.41000000001,-inf
14842,148.42000000001,-inf
14843,148.43000000000998,-inf
14844,148.44000000000997,-inf
14845,148.45000000000996,-inf
14846,148.46000000000996,-inf
14847,148.47000000000995,-inf
14848,148.48000000000994,-inf
14849,148.49000000000993,-inf
14850,148.50000000000992,-inf
14851,148.5100000000099,-inf
14852,148.5200000000099,-inf
14853,148.5300000000099,-inf
14854,148.54000000000988,-inf
14855,148.55000000000987,-inf
14856,148.56000000000986,-inf
14857,148.57000000000986,-inf
14858,148.58000000000985,-inf
14859,148.59000000000984,-inf
14860,148.60000000000983,-inf
14861,148.61000000000982,-inf
14862,148.6200000000098,-inf
14863,148.6300000000098,-inf
14864,148.6400000000098,-inf
14865,148.65000000000978,-inf
14866,148.66000000000977,-inf
14867,148.67000000000976,-inf
14868,148.68000000000976,-inf
14869,148.69000000000975,-inf
14870,148.70000000000974,-inf
14871,148.71000000000973,-inf
14872,148.72000000000972,-inf
14873,148.7300000000097,-inf
14874,148.7400000000097,-inf
14875,148.7500000000097,-inf
14876,148.76000000000968,-inf
14877,148.77000000000967,-inf
14878,148.78000000000966,-inf
14879,148.79000000000966,-inf
14880,148.80000000000965,-inf
14881,148.81000000000964,-inf
14882,148.82000000000963,-inf
14883,148.83000000000962,-inf
14884,148.8400000000096,-inf
14885,148.8500000000096,-inf
14886,148.8600000000096,-inf
14887,148.87000000000958,-inf
14888,148.88000000000957,-inf
14889,148.89000000000956,-inf
14890,148.90000000000956,-inf
14891,148.91000000000955,-inf
14892,148.92000000000954,-inf
14893,148.93000000000953,-inf
14894,148.94000000000952,-inf
14895,148.9500000000095,-inf
14896,148.9600000000095,-inf
14897,148.9700000000095,-inf
14898,148.98000000000948,-inf
14899,148.99000000000947,-inf
14900,149.00000000000946,-inf
14901,149.01000000000946,-inf
14902,149.02000000000945,-inf
14903,149.03000000000944,-inf
14904,149.04000000000943,-inf
14905,149.05000000000942,-inf
14906,149.0600000000094,-inf
14907,149.0700000000094,-inf
14908,149.0800000000094,-inf
14909,149.09000000000938,-inf
14910,149.10000000000937,-inf
14911,149.11000000000936,-inf
14912,149.12000000000936,-inf
14913,149.13000000000935,-inf
14914,149.14000000000934,-inf
14915,149.15000000000933,-inf
14916,149.16000000000932,-inf
14917,149.1700000000093,-inf
14918,149.1800000000093,-inf
14919,149.1900000000093,-inf
14920,149.20000000000928,-inf
14921,149.21000000000927,-inf
14922,149.22000000000926,-inf
14923,149.23000000000926,-inf
14924,149.24000000000925,-inf
14925,149.25000000000924,-inf
14926,149.26000000000923,-inf
14927,149.27000000000922,-inf
14928,149.2800000000092,-inf
14929,149.2900000000092,-inf
14930,149.3000000000092,-inf
14931,149.31000000000918,-inf
14932,149.32000000000917,-inf
14933,149.33000000000916,-inf
14934,149.34000000000916,-inf
14935,149.35000000000915,-inf
14936,149.36000000000914,-inf
14937,149.37000000000913,-inf
14938,149.38000000000912,-inf
14939,149.3900000000091,-inf
14940,149.4000000000091,-inf
14941,149.4100000000091,-inf
14942,149.42000000000908,-inf
14943,149.43000000000907,-inf
14944,149.44000000000906,-inf
14945,149.45000000000906,-inf
14946,149.46000000000905,-inf
14947,149.47000000000904,-inf
14948,149.48000000000903,-inf
14949,149.49000000000902,-inf
14950,149.500000000009,-inf
14951,149.510000000009,-inf
14952,149.520000000009,-inf
14953,149.53000000000898,-inf
14954,149.54000000000897,-inf
14955,149.55000000000896,-inf
14956,149.56000000000896,-inf
14957,149.57000000000895,-inf
14958,149.58000000000894,-inf
14959,149.59000000000893,-inf
14960,149.60000000000892,-inf
14961,149.6100000000089,-inf
14962,149.6200000000089,-inf
14963,149.6300000000089,-inf
14964,149.64000000000888,-inf
14965,149.65000000000887,-inf
14966,149.66000000000886,-inf
14967,149.67000000000886,-inf
14968,149.68000000000885,-inf
14969,149.69000000000884,-inf
14970,149.70000000000883,-inf
14971,149.71000000000882,-inf
14972,149.7200000000088,-inf
14973,149.7300000000088,-inf
14974,149.7400000000088,-inf
14975,149.75000000000878,-inf
14976,149.76000000000877,-inf
14977,149.77000000000876,-inf
14978,149.78000000000876,-inf
14979,149.79000000000875,-inf
14980,149.80000000000874,-inf
14981,149.81000000000873,-inf
14982,149.82000000000872,-inf
14983,149.8300000000087,-inf
14984,149.8400000000087,-inf
14985,149.8500000000087,-inf
14986,149.86000000000868,-inf
14987,149.87000000000867,-inf
14988,149.88000000000866,-inf
14989,149.89000000000865,-inf
14990,149.90000000000865,-inf
14991,149.91000000000864,-inf
14992,149.92000000000863,-inf
14993,149.93000000000862,-inf
14994,149.9400000000086,-inf
14995,149.9500000000086,-inf
14996,149.9600000000086,-inf
14997,149.97000000000858,-inf
14998,149.98000000000857,-inf
14999,149.99000000000856,-inf
15000,150.00000000000855,-inf
15001,150.01000000000855,-inf
15002,150.02000000000854,-inf
15003,150.03000000000853,-inf
15004,150.04000000000852,-inf
15005,150.0500000000085,-inf
15006,150.0600000000085,-inf
15007,150.0700000000085,-inf
15008,150.08000000000848,-inf
15009,150.09000000000847,-inf
15010,150.10000000000846,-inf
15011,150.11000000000845,-inf
15012,150.12000000000845,-inf
15013,150.13000000000844,-inf
15014,150.14000000000843,-inf
15015,150.15000000000842,-inf
15016,150.1600000000084,-inf
15017,150.1700000000084,-inf
15018,150.1800000000084,-inf
15019,150.19000000000838,-inf
15020,150.20000000000837,-inf
15021,150.21000000000836,-inf
15022,150.22000000000835,-inf
15023,150.23000000000835,-inf
15024,150.24000000000834,-inf
15025,150.25000000000833,-inf
15026,150.26000000000832,-inf
15027,150.2700000000083,-inf
15028,150.2800000000083,-inf
15029,150.2900000000083,-inf
15030,150.30000000000828,-inf
15031,150.31000000000827,-inf
15032,150.32000000000826,-inf
15033,150.33000000000825,-inf
15034,150.34000000000825,-inf
15035,150.35000000000824,-inf
15036,150.36000000000823,-inf
15037,150.37000000000822,-inf
15038,150.3800000000082,-inf
15039,150.3900000000082,-inf
15040,150.4000000000082,-inf
15041,150.41000000000818,-inf
15042,150.42000000000817,-inf
15043,150.43000000000816,-inf
15044,150.44000000000815,-inf
15045,150.45000000000815,-inf
15046,150.46000000000814,-inf
15047,150.47000000000813,-inf
15048,150.48000000000812,-inf
15049,150.4900000000081,-inf
15050,150.5000000000081,-inf
15051,150.5100000000081,-inf
15052,150.52000000000808,-inf
15053,150.53000000000807,-inf
15054,150.54000000000806,-inf
15055,150.55000000000805,-inf
15056,150.56000000000805,-inf
15057,150.57000000000804,-inf
15058,150.58000000000803,-inf
15059,150.59000000000802,-inf
15060,150.600000000008,-inf
15061,150.610000000008,-inf
15062,150.620000000008,-inf
15063,150.63000000000798,-inf
15064,150.64000000000797,-inf
15065,150.65000000000796,-inf
15066,150.66000000000795,-inf
15067,150.67000000000795,-inf
15068,150.68000000000794,-inf
15069,150.69000000000793,-inf
15070,150.70000000000792,-inf
15071,150.7100000000079,-inf
15072,150.7200000000079,-inf
15073,150.7300000000079,-inf
15074,150.74000000000788,-inf
15075,150.75000000000787,-inf
15076,150.76000000000786,-inf
15077,150.77000000000785,-inf
15078,150.78000000000785,-inf
15079,150.79000000000784,-inf
15080,150.80000000000783,-inf
15081,150.81000000000782,-inf
15082,150.8200000000078,-inf
15083,150.8300000000078,-inf
15084,150.8400000000078,-inf
15085,150.85000000000778,-inf
15086,150.86000000000777,-inf
15087,150.87000000000776,-inf
15088,150.88000000000775,-inf
15089,150.89000000000775,-inf
15090,150.90000000000774,-inf
15091,150.91000000000773,-inf
15092,150.92000000000772,-inf
15093,150.9300000000077,-inf
15094,150.9400000000077,-inf
15095,150.9500000000077,-inf
15096,150.96000000000768,-inf
15097,150.97000000000767,-inf
15098,150.98000000000766,-inf
15099,150.99000000000765,-inf
15100,151.00000000000765,-inf
15101,151.01000000000764,-inf
15102,151.02000000000763,-inf
15103,151.03000000000762,-inf
15104,151.0400000000076,-inf
15105,151.0500000000076,-inf
15106,151.0600000000076,-inf
15107,151.07000000000758,-inf
15108,151.08000000000757,-inf
15109,151.09000000000756,-inf
15110,151.10000000000755,-inf
15111,151.11000000000755,-inf
15112,151.12000000000754,-inf
15113,151.13000000000753,-inf
15114,151.14000000000752,-inf
15115,151.1500000000075,-inf
15116,151.1600000000075,-inf
15117,151.1700000000075,-inf
15118,151.18000000000748,-inf
15119,151.19000000000747,-inf
15120,151.20000000000746,-inf
15121,151.21000000000745,-inf
15122,151.22000000000745,-inf
15123,151.23000000000744,-inf
15124,151.24000000000743,-inf
15125,151.25000000000742,-inf
15126,151.2600000000074,-inf
15127,151.2700000000074,-inf
15128,151.2800000000074,-inf
15129,151.29000000000738,-inf
15130,151.30000000000737,-inf
15131,151.31000000000736,-inf
15132,151.32000000000735,-inf
15133,151.33000000000735,-inf
15134,151.34000000000734,-inf
15135,151.35000000000733,-inf
15136,151.36000000000732,-inf
15137,151.3700000000073,-inf
15138,151.3800000000073,-inf
15139,151.3900000000073,-inf
15140,151.40000000000728,-inf
15141,151.41000000000727,-inf
15142,151.42000000000726,-inf
15143,151.43000000000725,-inf
15144,151.44000000000725,-inf
15145,151.45000000000724,-inf
15146,151.46000000000723,-inf
15147,151.47000000000722,-inf
15148,151.4800000000072,-inf
15149,151.4900000000072,-inf
15150,151.5000000000072,-inf
15151,151.51000000000718,-inf
15152,151.52000000000717,-inf
15153,151.53000000000716,-inf
15154,151.54000000000715,-inf
15155,151.55000000000715,-inf
15156,151.56000000000714,-inf
15157,151.57000000000713,-inf
15158,151.58000000000712,-inf
15159,151.5900000000071,-inf
15160,151.6000000000071,-inf
15161,151.6100000000071,-inf
15162,151.62000000000708,-inf
15163,151.63000000000707,-inf
15164,151.64000000000706,-inf
15165,151.65000000000705,-inf
15166,151.66000000000705,-inf
15167,151.67000000000704,-inf
15168,151.68000000000703,-inf
15169,151.69000000000702,-inf
15170,151.700000000007,-inf
15171,151.710000000007,-inf
15172,151.720000000007,-inf
15173,151.73000000000698,-inf
15174,151.74000000000697,-inf
15175,151.75000000000696,-inf
15176,151.76000000000695,-inf
15177,151.77000000000695,-inf
15178,151.78000000000694,-inf
15179,151.79000000000693,-inf
15180,151.80000000000692,-inf
15181,151.8100000000069,-inf
15182,151.8200000000069,-inf
15183,151.8300000000069,-inf
15184,151.84000000000688,-inf
15185,151.85000000000687,-inf
15186,151.86000000000686,-inf
15187,151.87000000000685,-inf
15188,151.88000000000685,-inf
15189,151.89000000000684,-inf
15190,151.90000000000683,-inf
15191,151.91000000000682,-inf
15192,151.9200000000068,-inf
15193,151.9300000000068,-inf
15194,151.9400000000068,-inf
15195,151.95000000000678,-inf
15196,151.96000000000677,-inf
15197,151.97000000000676,-inf
15198,151.98000000000675,-inf
15199,151.99000000000675,-inf
15200,152.00000000000674,-inf
15201,152.01000000000673,-inf
15202,152.02000000000672,-inf
15203,152.0300000000067,-inf
15204,152.0400000000067,-inf
15205,152.0500000000067,-inf
15206,152.06000000000668,-inf
15207,152.07000000000667,-inf
15208,152.08000000000666,-inf
15209,152.09000000000665,-inf
15210,152.10000000000664,-inf
15211,152.11000000000664,-inf
15212,152.12000000000663,-inf
15213,152.13000000000662,-inf
15214,152.1400000000066,-inf
15215,152.1500000000066,-inf
15216,152.1600000000066,-inf
15217,152.17000000000658,-inf
15218,152.18000000000657,-inf
15219,152.19000000000656,-inf
15220,152.20000000000655,-inf
15221,152.21000000000654,-inf
15222,152.22000000000654,-inf
15223,152.23000000000653,-inf
15224,152.24000000000652,-inf
15225,152.2500000000065,-inf
15226,152.2600000000065,-inf
15227,152.2700000000065,-inf
15228,152.28000000000648,-inf
15229,152.29000000000647,-inf
15230,152.30000000000646,-inf
15231,152.31000000000645,-inf
15232,152.32000000000644,-inf
15233,152.33000000000644,-inf
15234,152.34000000000643,-inf
15235,152.35000000000642,-inf
15236,152.3600000000064,-inf
15237,152.3700000000064,-inf
15238,152.3800000000064,-inf
15239,152.39000000000638,-inf
15240,152.40000000000637,-inf
15241,152.41000000000636,-inf
15242,152.42000000000635,-inf
15243,152.43000000000634,-inf
15244,152.44000000000634,-inf
15245,152.45000000000633,-inf
15246,152.46000000000632,-inf
15247,152.4700000000063,-inf
15248,152.4800000000063,-inf
15249,152.4900000000063,-inf
15250,152.50000000000628,-inf
15251,152.51000000000627,-inf
15252,152.52000000000626,-inf
15253,152.53000000000625,-inf
15254,152.54000000000624,-inf
15255,152.55000000000624,-inf
15256,152.56000000000623,-inf
15257,152.57000000000622,-inf
15258,152.5800000000062,-inf
15259,152.5900000000062,-inf
15260,152.6000000000062,-inf
15261,152.61000000000618,-inf
15262,152.62000000000617,-inf
15263,152.63000000000616,-inf
15264,152.64000000000615,-inf
15265,152.65000000000614,-inf
15266,152.66000000000614,-inf
15267,152.67000000000613,-inf
15268,152.68000000000612,-inf
15269,152.6900000000061,-inf
15270,152.7000000000061,-inf
15271,152.7100000000061,-inf
15272,152.72000000000608,-inf
15273,152.73000000000607,-inf
15274,152.74000000000606,-inf
15275,152.75000000000605,-inf
15276,152.76000000000604,-inf
15277,152.77000000000604,-inf
15278,152.78000000000603,-inf
15279,152.79000000000602,-inf
15280,152.800000000006,-inf
15281,152.810000000006,-inf
15282,152.820000000006,-inf
15283,152.83000000000598,-inf
15284,152.84000000000597,-inf
15285,152.85000000000596,-inf
15286,152.86000000000595,-inf
15287,152.87000000000594,-inf
15288,152.88000000000594,-inf
15289,152.89000000000593,-inf
15290,152.90000000000592,-inf
15291,152.9100000000059,-inf
15292,152.9200000000059,-inf
15293,152.9300000000059,-inf
15294,152.94000000000588,-inf
15295,152.95000000000587,-inf
15296,152.96000000000586,-inf
15297,152.97000000000585,-inf
15298,152.98000000000584,-inf
15299,152.99000000000584,-inf
15300,153.00000000000583,-inf
15301,153.01000000000582,-inf
15302,153.0200000000058,-inf
15303,153.0300000000058,-inf
15304,153.0400000000058,-inf
15305,153.05000000000578,-inf
15306,153.06000000000577,-inf
15307,153.07000000000576,-inf
15308,153.08000000000575,-inf
15309,153.09000000000574,-inf
15310,153.10000000000574,-inf
15311,153.11000000000573,-inf
15312,153.12000000000572,-inf
15313,153.1300000000057,-inf
15314,153.1400000000057,-inf
15315,153.1500000000057,-inf
15316,153.16000000000568,-inf
15317,153.17000000000567,-inf
15318,153.18000000000566,-inf
15319,153.19000000000565,-inf
15320,153.20000000000564,-inf
15321,153.21000000000564,-inf
15322,153.22000000000563,-inf
15323,153.23000000000562,-inf
15324,153.2400000000056,-inf
15325,153.2500000000056,-inf
15326,153.2600000000056,-inf
15327,153.27000000000558,-inf
15328,153.28000000000557,-inf
15329,153.29000000000556,-inf
15330,153.30000000000555,-inf
15331,153.31000000000554,-inf
15332,153.32000000000554,-inf
15333,153.33000000000553,-inf
15334,153.34000000000552,-inf
15335,153.3500000000055,-inf
15336,153.3600000000055,-inf
15337,153.3700000000055,-inf
15338,153.38000000000548,-inf
15339,153.39000000000547,-inf
15340,153.40000000000546,-inf
15341,153.41000000000545,-inf
15342,153.42000000000544,-inf
15343,153.43000000000544,-inf
15344,153.44000000000543,-inf
15345,153.45000000000542,-inf
15346,153.4600000000054,-inf
15347,153.4700000000054,-inf
15348,153.4800000000054,-inf
15349,153.49000000000538,-inf
15350,153.50000000000537,-inf
15351,153.51000000000536,-inf
15352,153.52000000000535,-inf
15353,153.53000000000534,-inf
15354,153.54000000000534,-inf
15355,153.55000000000533,-inf
15356,153.56000000000532,-inf
15357,153.5700000000053,-inf
15358,153.5800000000053,-inf
15359,153.5900000000053,-inf
15360,153.60000000000528,-inf
15361,153.61000000000527,-inf
15362,153.62000000000526,-inf
15363,153.63000000000525,-inf
15364,153.64000000000524,-inf
15365,153.65000000000524,-inf
15366,153.66000000000523,-inf
15367,153.67000000000522,-inf
15368,153.6800000000052,-inf
15369,153.6900000000052,-inf
15370,153.7000000000052,-inf
15371,153.71000000000518,-inf
15372,153.72000000000517,-inf
15373,153.73000000000516,-inf
15374,153.74000000000515,-inf
15375,153.75000000000514,-inf
15376,153.76000000000514,-inf
15377,153.77000000000513,-inf
15378,153.78000000000512,-inf
15379,153.7900000000051,-inf
15380,153.8000000000051,-inf
15381,153.8100000000051,-inf
15382,153.82000000000508,-inf
15383,153.83000000000507,-inf
15384,153.84000000000506,-inf
15385,153.85000000000505,-inf
15386,153.86000000000504,-inf
15387,153.87000000000504,-inf
15388,153.88000000000503,-inf
15389,153.89000000000502,-inf
15390,153.900000000005,-inf
15391,153.910000000005,-inf
15392,153.920000000005,-inf
15393,153.93000000000498,-inf
15394,153.94000000000497,-inf
15395,153.95000000000496,-inf
15396,153.96000000000495,-inf
15397,153.97000000000494,-inf
15398,153.98000000000494,-inf
15399,153.99000000000493,-inf
15400,154.00000000000492,-inf
15401,154.0100000000049,-inf
15402,154.0200000000049,-inf
15403,154.0300000000049,-inf
15404,154.04000000000488,-inf
15405,154.05000000000487,-inf
15406,154.06000000000486,-inf
15407,154.07000000000485,-inf
15408,154.08000000000484,-inf
15409,154.09000000000484,-inf
15410,154.10000000000483,-inf
15411,154.11000000000482,-inf
15412,154.1200000000048,-inf
15413,154.1300000000048,-inf
15414,154.1400000000048,-inf
15415,154.15000000000478,-inf
15416,154.16000000000477,-inf
15417,154.17000000000476,-inf
15418,154.18000000000475,-inf
15419,154.19000000000474,-inf
15420,154.20000000000474,-inf
15421,154.21000000000473,-inf
15422,154.22000000000472,-inf
15423,154.2300000000047,-inf
15424,154.2400000000047,-inf
15425,154.2500000000047,-inf
15426,154.26000000000468,-inf
15427,154.27000000000467,-inf
15428,154.28000000000466,-inf
15429,154.29000000000465,-inf
15430,154.30000000000464,-inf
15431,154.31000000000464,-inf
15432,154.32000000000463,-inf
15433,154.33000000000462,-inf
15434,154.3400000000046,-inf
15435,154.3500000000046,-inf
15436,154.3600000000046,-inf
15437,154.37000000000458,-inf
15438,154.38000000000457,-inf
15439,154.39000000000456,-inf
15440,154.40000000000455,-inf
15441,154.41000000000454,-inf
15442,154.42000000000453,-inf
15443,154.43000000000453,-inf
15444,154.44000000000452,-inf
15445,154.4500000000045,-inf
15446,154.4600000000045,-inf
15447,154.4700000000045,-inf
15448,154.48000000000448,-inf
15449,154.49000000000447,-inf
15450,154.50000000000446,-inf
15451,154.51000000000445,-inf
15452,154.52000000000444,-inf
15453,154.53000000000443,-inf
15454,154.54000000000443,-inf
15455,154.55000000000442,-inf
15456,154.5600000000044,-inf
15457,154.5700000000044,-inf
15458,154.5800000000044,-inf
15459,154.59000000000438,-inf
15460,154.60000000000437,-inf
15461,154.61000000000436,-inf
15462,154.62000000000435,-inf
15463,154.63000000000434,-inf
15464,154.64000000000433,-inf
15465,154.65000000000433,-inf
15466,154.66000000000432,-inf
15467,154.6700000000043,-inf
15468,154.6800000000043,-inf
15469,154.6900000000043,-inf
15470,154.70000000000428,-inf
15471,154.71000000000427,-inf
15472,154.72000000000426,-inf
15473,154.73000000000425,-inf
15474,154.74000000000424,-inf
15475,154.75000000000423,-inf
15476,154.76000000000423,-inf
15477,154.77000000000422,-inf
15478,154.7800000000042,-inf
15479,154.7900000000042,-inf
15480,154.8000000000042,-inf
15481,154.81000000000418,-inf
15482,154.82000000000417,-inf
15483,154.83000000000416,-inf
15484,154.84000000000415,-inf
15485,154.85000000000414,-inf
15486,154.86000000000413,-inf
15487,154.87000000000413,-inf
15488,154.88000000000412,-inf
15489,154.8900000000041,-inf
15490,154.9000000000041,-inf
15491,154.9100000000041,-inf
15492,154.92000000000408,-inf
15493,154.93000000000407,-inf
15494,154.94000000000406,-inf
15495,154.95000000000405,-inf
15496,154.96000000000404,-inf
15497,154.97000000000403,-inf
15498,154.98000000000403,-inf
15499,154.99000000000402,-inf
15500,155.000000000004,-inf
15501,155.010000000004,-inf
15502,155.020000000004,-inf
15503,155.03000000000398,-inf
15504,155.04000000000397,-inf
15505,155.05000000000396,-inf
15506,155.06000000000395,-inf
15507,155.07000000000394,-inf
15508,155.08000000000393,-inf
15509,155.09000000000393,-inf
15510,155.10000000000392,-inf
15511,155.1100000000039,-inf
15512,155.1200000000039,-inf
15513,155.1300000000039,-inf
15514,155.14000000000388,-inf
15515,155.15000000000387,-inf
15516,155.16000000000386,-inf
15517,155.17000000000385,-inf
15518,155.18000000000384,-inf
15519,155.19000000000383,-inf
15520,155.20000000000383,-inf
15521,155.21000000000382,-inf
15522,155.2200000000038,-inf
15523,155.2300000000038,-inf
15524,155.2400000000038,-inf
15525,155.25000000000378,-inf
15526,155.26000000000377,-inf
15527,155.27000000000376,-inf
15528,155.28000000000375,-inf
15529,155.29000000000374,-inf
15530,155.30000000000373,-inf
15531,155.31000000000373,-inf
15532,155.32000000000372,-inf
15533,155.3300000000037,-inf
15534,155.3400000000037,-inf
15535,155.3500000000037,-inf
15536,155.36000000000368,-inf
15537,155.37000000000367,-inf
15538,155.38000000000366,-inf
15539,155.39000000000365,-inf
15540,155.40000000000364,-inf
15541,155.41000000000363,-inf
15542,155.42000000000363,-inf
15543,155.43000000000362,-inf
15544,155.4400000000036,-inf
15545,155.4500000000036,-inf
15546,155.4600000000036,-inf
15547,155.47000000000358,-inf
15548,155.48000000000357,-inf
15549,155.49000000000356,-inf
15550,155.50000000000355,-inf
15551,155.51000000000354,-inf
15552,155.52000000000353,-inf
15553,155.53000000000353,-inf
15554,155.54000000000352,-inf
15555,155.5500000000035,-inf
15556,155.5600000000035,-inf
15557,155.5700000000035,-inf
15558,155.58000000000348,-inf
15559,155.59000000000347,-inf
15560,155.60000000000346,-inf
15561,155.61000000000345,-inf
15562,155.62000000000344,-inf
15563,155.63000000000343,-inf
15564,155.64000000000343,-inf
15565,155.65000000000342,-inf
15566,155.6600000000034,-inf
15567,155.6700000000034,-inf
15568,155.6800000000034,-inf
15569,155.69000000000338,-inf
15570,155.70000000000337,-inf
15571,155.71000000000336,-inf
15572,155.72000000000335,-inf
15573,155.73000000000334,-inf
15574,155.74000000000333,-inf
15575,155.75000000000333,-inf
15576,155.76000000000332,-inf
15577,155.7700000000033,-inf
15578,155.7800000000033,-inf
15579,155.7900000000033,-inf
15580,155.80000000000328,-inf
15581,155.81000000000327,-inf
15582,155.82000000000326,-inf
15583,155.83000000000325,-inf
15584,155.84000000000324,-inf
15585,155.85000000000323,-inf
15586,155.86000000000323,-inf
15587,155.87000000000322,-inf
15588,155.8800000000032,-inf
15589,155.8900000000032,-inf
15590,155.9000000000032,-inf
15591,155.91000000000318,-inf
15592,155.92000000000317,-inf
15593,155.93000000000316,-inf
15594,155.94000000000315,-inf
15595,155.95000000000314,-inf
15596,155.96000000000313,-inf
15597,155.97000000000313,-inf
15598,155.98000000000312,-inf
15599,155.9900000000031,-inf
15600,156.0000000000031,-inf
15601,156.0100000000031,-inf
15602,156.02000000000308,-inf
15603,156.03000000000307,-inf
15604,156.04000000000306,-inf
15605,156.05000000000305,-inf
15606,156.06000000000304,-inf
15607,156.07000000000303,-inf
15608,156.08000000000303,-inf
15609,156.09000000000302,-inf
15610,156.100000000003,-inf
15611,156.110000000003,-inf
15612,156.120000000003,-inf
15613,156.13000000000298,-inf
15614,156.14000000000297,-inf
15615,156.15000000000296,-inf
15616,156.16000000000295,-inf
15617,156.17000000000294,-inf
15618,156.18000000000293,-inf
15619,156.19000000000293,-inf
15620,156.20000000000292,-inf
15621,156.2100000000029,-inf
15622,156.2200000000029,-inf
15623,156.2300000000029,-inf
15624,156.24000000000288,-inf
15625,156.25000000000287,-inf
15626,156.26000000000286,-inf
15627,156.27000000000285,-inf
15628,156.28000000000284,-inf
15629,156.29000000000283,-inf
15630,156.30000000000283,-inf
15631,156.31000000000282,-inf
15632,156.3200000000028,-inf
15633,156.3300000000028,-inf
15634,156.3400000000028,-inf
15635,156.35000000000278,-inf
15636,156.36000000000277,-inf
15637,156.37000000000276,-inf
15638,156.38000000000275,-inf
15639,156.39000000000274,-inf
15640,156.40000000000273,-inf
15641,156.41000000000273,-inf
15642,156.42000000000272,-inf
15643,156.4300000000027,-inf
15644,156.4400000000027,-inf
15645,156.4500000000027,-inf
15646,156.46000000000268,-inf
15647,156.47000000000267,-inf
15648,156.48000000000266,-inf
15649,156.49000000000265,-inf
15650,156.50000000000264,-inf
15651,156.51000000000263,-inf
15652,156.52000000000263,-inf
15653,156.53000000000262,-inf
15654,156.5400000000026,-inf
15655,156.5500000000026,-inf
15656,156.5600000000026,-inf
15657,156.57000000000258,-inf
15658,156.58000000000257,-inf
15659,156.59000000000256,-inf
15660,156.60000000000255,-inf
15661,156.61000000000254,-inf
15662,156.62000000000253,-inf
15663,156.63000000000252,-inf
15664,156.64000000000252,-inf
15665,156.6500000000025,-inf
15666,156.6600000000025,-inf
15667,156.6700000000025,-inf
15668,156.68000000000248,-inf
15669,156.69000000000247,-inf
15670,156.70000000000246,-inf
15671,156.71000000000245,-inf
15672,156.72000000000244,-inf
15673,156.73000000000243,-inf
15674,156.74000000000242,-inf
15675,156.75000000000242,-inf
15676,156.7600000000024,-inf
15677,156.7700000000024,-inf
15678,156.7800000000024,-inf
15679,156.79000000000238,-inf
15680,156.80000000000237,-inf
15681,156.81000000000236,-inf
15682,156.82000000000235,-inf
15683,156.83000000000234,-inf
15684,156.84000000000233,-inf
15685,156.85000000000232,-inf
15686,156.86000000000232,-inf
15687,156.8700000000023,-inf
15688,156.8800000000023,-inf
15689,156.8900000000023,-inf
15690,156.90000000000228,-inf
15691,156.91000000000227,-inf
15692,156.92000000000226,-inf
15693,156.93000000000225,-inf
15694,156.94000000000224,-inf
15695,156.95000000000223,-inf
15696,156.96000000000222,-inf
15697,156.97000000000222,-inf
15698,156.9800000000022,-inf
15699,156.9900000000022,-inf
15700,157.0000000000022,-inf
15701,157.01000000000218,-inf
15702,157.02000000000217,-inf
15703,157.03000000000216,-inf
15704,157.04000000000215,-inf
15705,157.05000000000214,-inf
15706,157.06000000000213,-inf
15707,157.07000000000212,-inf
15708,157.08000000000212,-inf
15709,157.0900000000021,-inf
15710,157.1000000000021,-inf
15711,157.1100000000021,-inf
15712,157.12000000000208,-inf
15713,157.13000000000207,-inf
15714,157.14000000000206,-inf
15715,157.15000000000205,-inf
15716,157.16000000000204,-inf
15717,157.17000000000203,-inf
15718,157.18000000000202,-inf
15719,157.19000000000202,-inf
15720,157.200000000002,-inf
15721,157.210000000002,-inf
15722,157.220000000002,-inf
15723,157.23000000000198,-inf
15724,157.24000000000197,-inf
15725,157.25000000000196,-inf
15726,157.26000000000195,-inf
15727,157.27000000000194,-inf
15728,157.28000000000193,-inf
15729,157.29000000000192,-inf
15730,157.30000000000192,-inf
15731,157.3100000000019,-inf
15732,157.3200000000019,-inf
15733,157.3300000000019,-inf
15734,157.34000000000188,-inf
15735,157.35000000000187,-inf
15736,157.36000000000186,-inf
15737,157.37000000000185,-inf
15738,157.38000000000184,-inf
15739,157.39000000000183,-inf
15740,157.40000000000182,-inf
15741,157.41000000000182,-inf
15742,157.4200000000018,-inf
15743,157.4300000000018,-inf
15744,157.4400000000018,-inf
15745,157.45000000000178,-inf
15746,157.46000000000177,-inf
15747,157.47000000000176,-inf
15748,157.48000000000175,-inf
15749,157.49000000000174,-inf
15750,157.50000000000173,-inf
15751,157.51000000000172,-inf
15752,157.52000000000172,-inf
15753,157.5300000000017,-inf
15754,157.5400000000017,-inf
15755,157.5500000000017,-inf
15756,157.56000000000168,-inf
15757,157.57000000000167,-inf
15758,157.58000000000166,-inf
15759,157.59000000000165,-inf
15760,157.60000000000164,-inf
15761,157.61000000000163,-inf
15762,157.62000000000162,-inf
15763,157.63000000000162,-inf
15764,157.6400000000016,-inf
15765,157.6500000000016,-inf
15766,157.6600000000016,-inf
15767,157.67000000000158,-inf
15768,157.68000000000157,-inf
15769,157.69000000000156,-inf
15770,157.70000000000155,-inf
15771,157.71000000000154,-inf
15772,157.72000000000153,-inf
15773,157.73000000000152,-inf
15774,157.74000000000152,-inf
15775,157.7500000000015,-inf
15776,157.7600000000015,-inf
15777,157.7700000000015,-inf
15778,157.78000000000148,-inf
15779,157.79000000000147,-inf
15780,157.80000000000146,-inf
15781,157.81000000000145,-inf
15782,157.82000000000144,-inf
15783,157.83000000000143,-inf
15784,157.84000000000142,-inf
15785,157.85000000000142,-inf
15786,157.8600000000014,-inf
15787,157.8700000000014,-inf
15788,157.8800000000014,-inf
15789,157.89000000000138,-inf
15790,157.90000000000137,-inf
15791,157.91000000000136,-inf
15792,157.92000000000135,-inf
15793,157.93000000000134,-inf
15794,157.94000000000133,-inf
15795,157.95000000000132,-inf
15796,157.96000000000132,-inf
15797,157.9700000000013,-inf
15798,157.9800000000013,-inf
15799,157.9900000000013,-inf
15800,158.00000000000128,-inf
15801,158.01000000000127,-inf
15802,158.02000000000126,-inf
15803,158.03000000000125,-inf
15804,158.04000000000124,-inf
15805,158.05000000000123,-inf
15806,158.06000000000122,-inf
15807,158.07000000000122,-inf
15808,158.0800000000012,-inf
15809,158.0900000000012,-inf
15810,158.1000000000012,-inf
15811,158.11000000000118,-inf
15812,158.12000000000117,-inf
15813,158.13000000000116,-inf
15814,158.14000000000115,-inf
15815,158.15000000000114,-inf
15816,158.16000000000113,-inf
15817,158.17000000000112,-inf
15818,158.18000000000112,-inf
15819,158.1900000000011,-inf
15820,158.2000000000011,-inf
15821,158.2100000000011,-inf
15822,158.22000000000108,-inf
15823,158.23000000000107,-inf
15824,158.24000000000106,-inf
15825,158.25000000000105,-inf
15826,158.26000000000104,-inf
15827,158.27000000000103,-inf
15828,158.28000000000102,-inf
15829,158.29000000000102,-inf
15830,158.300000000001,-inf
15831,158.310000000001,-inf
15832,158.320000000001,-inf
15833,158.33000000000098,-inf
15834,158.34000000000097,-inf
15835,158.35000000000096,-inf
15836,158.36000000000095,-inf
15837,158.37000000000094,-inf
15838,158.38000000000093,-inf
15839,158.39000000000092,-inf
15840,158.40000000000092,-inf
15841,158.4100000000009,-inf
15842,158.4200000000009,-inf
15843,158.4300000000009,-inf
15844,158.44000000000088,-inf
15845,158.45000000000087,-inf
15846,158.46000000000086,-inf
15847,158.47000000000085,-inf
15848,158.48000000000084,-inf
15849,158.49000000000083,-inf
15850,158.50000000000082,-inf
15851,158.51000000000082,-inf
15852,158.5200000000008,-inf
15853,158.5300000000008,-inf
15854,158.5400000000008,-inf
15855,158.55000000000078,-inf
15856,158.56000000000077,-inf
15857,158.57000000000076,-inf
15858,158.58000000000075,-inf
15859,158.59000000000074,-inf
15860,158.60000000000073,-inf
15861,158.61000000000072,-inf
15862,158.62000000000072,-inf
15863,158.6300000000007,-inf
15864,158.6400000000007,-inf
15865,158.6500000000007,-inf
15866,158.66000000000068,-inf
15867,158.67000000000067,-inf
15868,158.68000000000066,-inf
15869,158.69000000000065,-inf
15870,158.70000000000064,-inf
15871,158.71000000000063,-inf
15872,158.72000000000062,-inf
15873,158.73000000000062,-inf
15874,158.7400000000006,-inf
15875,158.7500000000006,-inf
15876,158.7600000000006,-inf
15877,158.77000000000058,-inf
15878,158.78000000000057,-inf
15879,158.79000000000056,-inf
15880,158.80000000000055,-inf
15881,158.81000000000054,-inf
15882,158.82000000000053,-inf
15883,158.83000000000052,-inf
15884,158.84000000000052,-inf
15885,158.8500000000005,-inf
15886,158.8600000000005,-inf
15887,158.8700000000005,-inf
15888,158.88000000000048,-inf
15889,158.89000000000047,-inf
15890,158.90000000000046,-inf
15891,158.91000000000045,-inf
15892,158.92000000000044,-inf
15893,158.93000000000043,-inf
15894,158.94000000000042,-inf
15895,158.95000000000041,-inf
15896,158.9600000000004,-inf
15897,158.9700000000004,-inf
15898,158.9800000000004,-inf
15899,158.99000000000038,-inf
15900,159.00000000000037,-inf
15901,159.01000000000036,-inf
15902,159.02000000000035,-inf
15903,159.03000000000034,-inf
15904,159.04000000000033,-inf
15905,159.05000000000032,-inf
15906,159.06000000000031,-inf
15907,159.0700000000003,-inf
15908,159.0800000000003,-inf
15909,159.0900000000003,-inf
15910,159.10000000000028,-inf
15911,159.11000000000027,-inf
15912,159.12000000000026,-inf
15913,159.13000000000025,-inf
15914,159.14000000000024,-inf
15915,159.15000000000023,-inf
15916,159.16000000000022,-inf
15917,159.17000000000021,-inf
15918,159.1800000000002,-inf
15919,159.1900000000002,-inf
15920,159.2000000000002,-inf
15921,159.21000000000018,-inf
15922,159.22000000000017,-inf
15923,159.23000000000016,-inf
15924,159.24000000000015,-inf
15925,159.25000000000014,-inf
15926,159.26000000000013,-inf
15927,159.27000000000012,-inf
15928,159.28000000000011,-inf
15929,159.2900000000001,-inf
15930,159.3000000000001,-inf
15931,159.3100000000001,-inf
15932,159.32000000000008,-inf
15933,159.33000000000007,-inf
15934,159.34000000000006,-inf
15935,159.35000000000005,-inf
15936,159.36000000000004,-inf
15937,159.37000000000003,-inf
15938,159.38000000000002,-inf
15939,159.39000000000001,-inf
15940,159.4,-inf
15941,159.41,-inf
15942,159.42,-inf
15943,159.42999999999998,-inf
15944,159.43999999999997,-inf
15945,159.44999999999996,-inf
15946,159.45999999999995,-inf
15947,159.46999999999994,-inf
15948,159.47999999999993,-inf
15949,159.48999999999992,-inf
15950,159.49999999999991,-inf
15951,159.5099999999999,-inf
15952,159.5199999999999,-inf
15953,159.5299999999999,-inf
15954,159.53999999999988,-inf
15955,159.54999999999987,-inf
15956,159.55999999999986,-inf
15957,159.56999999999985,-inf
15958,159.57999999999984,-inf
15959,159.58999999999983,-inf
15960,159.59999999999982,-inf
15961,159.60999999999981,-inf
15962,159.6199999999998,-inf
15963,159.6299999999998,-inf
15964,159.6399999999998,-inf
15965,159.64999999999978,-inf
15966,159.65999999999977,-inf
15967,159.66999999999976,-inf
15968,159.67999999999975,-inf
15969,159.68999999999974,-inf
15970,159.69999999999973,-inf
15971,159.70999999999972,-inf
15972,159.71999999999971,-inf
15973,159.7299999999997,-inf
15974,159.7399999999997,-inf
15975,159.7499999999997,-inf
15976,159.75999999999968,-inf
15977,159.76999999999967,-inf
15978,159.77999999999966,-inf
15979,159.78999999999965,-inf
15980,159.79999999999964,-inf
15981,159.80999999999963,-inf
15982,159.81999999999962,-inf
15983,159.82999999999961,-inf
15984,159.8399999999996,-inf
15985,159.8499999999996,-inf
15986,159.8599999999996,-inf
15987,159.86999999999958,-inf
15988,159.87999999999957,-inf
15989,159.88999999999956,-inf
15990,159.89999999999955,-inf
15991,159.90999999999954,-inf
15992,159.91999999999953,-inf
15993,159.92999999999952,-inf
15994,159.93999999999951,-inf
15995,159.9499999999995,-inf
15996,159.9599999999995,-inf
15997,159.9699999999995,-inf
15998,159.97999999999948,-inf
15999,159.98999999999947,-inf
16000,159.99999999999946,-inf
16001,160.00999999999945,-inf
16002,160.01999999999944,-inf
16003,160.02999999999943,-inf
16004,160.03999999999942,-inf
16005,160.04999999999941,-inf
16006,160.0599999999994,-inf
16007,160.0699999999994,-inf
16008,160.0799999999994,-inf
16009,160.08999999999938,-inf
16010,160.09999999999937,-inf
16011,160.10999999999936,-inf
16012,160.11999999999935,-inf
16013,160.12999999999934,-inf
16014,160.13999999999933,-inf
16015,160.14999999999932,-inf
16016,160.15999999999931,-inf
16017,160.1699999999993,-inf
16018,160.1799999999993,-inf
16019,160.1899999999993,-inf
16020,160.19999999999928,-inf
16021,160.20999999999927,-inf
16022,160.21999999999926,-inf
16023,160.22999999999925,-inf
16024,160.23999999999924,-inf
16025,160.24999999999923,-inf
16026,160.25999999999922,-inf
16027,160.26999999999921,-inf
16028,160.2799999999992,-inf
16029,160.2899999999992,-inf
16030,160.2999999999992,-inf
16031,160.30999999999918,-inf
16032,160.31999999999917,-inf
16033,160.32999999999916,-inf
16034,160.33999999999915,-inf
16035,160.34999999999914,-inf
16036,160.35999999999913,-inf
16037,160.36999999999912,-inf
16038,160.37999999999911,-inf
16039,160.3899999999991,-inf
16040,160.3999999999991,-inf
16041,160.4099999999991,-inf
16042,160.41999999999908,-inf
16043,160.42999999999907,-inf
16044,160.43999999999906,-inf
16045,160.44999999999905,-inf
16046,160.45999999999904,-inf
16047,160.46999999999903,-inf
16048,160.47999999999902,-inf
16049,160.48999999999901,-inf
16050,160.499999999999,-inf
16051,160.509999999999,-inf
16052,160.519999999999,-inf
16053,160.52999999999898,-inf
16054,160.53999999999897,-inf
16055,160.54999999999896,-inf
16056,160.55999999999895,-inf
16057,160.56999999999894,-inf
16058,160.57999999999893,-inf
16059,160.58999999999892,-inf
16060,160.59999999999891,-inf
16061,160.6099999999989,-inf
16062,160.6199999999989,-inf
16063,160.6299999999989,-inf
16064,160.63999999999888,-inf
16065,160.64999999999887,-inf
16066,160.65999999999886,-inf
16067,160.66999999999885,-inf
16068,160.67999999999884,-inf
16069,160.68999999999883,-inf
16070,160.69999999999882,-inf
16071,160.70999999999881,-inf
16072,160.7199999999988,-inf
16073,160.7299999999988,-inf
16074,160.7399999999988,-inf
16075,160.74999999999878,-inf
16076,160.75999999999877,-inf
16077,160.76999999999876,-inf
16078,160.77999999999875,-inf
16079,160.78999999999874,-inf
16080,160.79999999999873,-inf
16081,160.80999999999872,-inf
16082,160.8199999999987,-inf
16083,160.8299999999987,-inf
16084,160.8399999999987,-inf
16085,160.8499999999987,-inf
16086,160.85999999999868,-inf
16087,160.86999999999867,-inf
16088,160.87999999999866,-inf
16089,160.88999999999865,-inf
16090,160.89999999999864,-inf
16091,160.90999999999863,-inf
16092,160.91999999999862,-inf
16093,160.9299999999986,-inf
16094,160.9399999999986,-inf
16095,160.9499999999986,-inf
16096,160.9599999999986,-inf
16097,160.96999999999858,-inf
16098,160.97999999999857,-inf
16099,160.98999999999856,-inf
16100,160.99999999999855,-inf
16101,161.00999999999854,-inf
16102,161.01999999999853,-inf
16103,161.02999999999852,-inf
16104,161.0399999999985,-inf
16105,161.0499999999985,-inf
16106,161.0599999999985,-inf
16107,161.0699999999985,-inf
16108,161.07999999999848,-inf
16109,161.08999999999847,-inf
16110,161.09999999999846,-inf
16111,161.10999999999845,-inf
16112,161.11999999999844,-inf
16113,161.12999999999843,-inf
16114,161.13999999999842,-inf
16115,161.1499999999984,-inf
16116,161.1599999999984,-inf
16117,161.1699999999984,-inf
16118,161.1799999999984,-inf
16119,161.18999999999838,-inf
16120,161.19999999999837,-inf
16121,161.20999999999836,-inf
16122,161.21999999999835,-inf
16123,161.22999999999834,-inf
16124,161.23999999999833,-inf
16125,161.24999999999832,-inf
16126,161.2599999999983,-inf
16127,161.2699999999983,-inf
16128,161.2799999999983,-inf
16129,161.2899999999983,-inf
16130,161.29999999999828,-inf
16131,161.30999999999827,-inf
16132,161.31999999999826,-inf
16133,161.32999999999825,-inf
16134,161.33999999999824,-inf
16135,161.34999999999823,-inf
16136,161.35999999999822,-inf
16137,161.3699999999982,-inf
16138,161.3799999999982,-inf
16139,161.3899999999982,-inf
16140,161.3999999999982,-inf
16141,161.40999999999818,-inf
16142,161.41999999999817,-inf
16143,161.42999999999816,-inf
16144,161.43999999999815,-inf
16145,161.44999999999814,-inf
16146,161.45999999999813,-inf
16147,161.46999999999812,-inf
16148,161.4799999999981,-inf
16149,161.4899999999981,-inf
16150,161.4999999999981,-inf
16151,161.5099999999981,-inf
16152,161.51999999999808,-inf
16153,161.52999999999807,-inf
16154,161.53999999999806,-inf
16155,161.54999999999805,-inf
16156,161.55999999999804,-inf
16157,161.56999999999803,-inf
16158,161.57999999999802,-inf
16159,161.589999999998,-inf
16160,161.599999999998,-inf
16161,161.609999999998,-inf
16162,161.619999999998,-inf
16163,161.62999999999798,-inf
16164,161.63999999999797,-inf
16165,161.64999999999796,-inf
16166,161.65999999999795,-inf
16167,161.66999999999794,-inf
16168,161.67999999999793,-inf
16169,161.68999999999792,-inf
16170,161.6999999999979,-inf
16171,161.7099999999979,-inf
16172,161.7199999999979,-inf
16173,161.7299999999979,-inf
16174,161.73999999999788,-inf
16175,161.74999999999787,-inf
16176,161.75999999999786,-inf
16177,161.76999999999785,-inf
16178,161.77999999999784,-inf
16179,161.78999999999783,-inf
16180,161.79999999999782,-inf
16181,161.8099999999978,-inf
16182,161.8199999999978,-inf
16183,161.8299999999978,-inf
16184,161.8399999999978,-inf
16185,161.84999999999778,-inf
16186,161.85999999999777,-inf
16187,161.86999999999776,-inf
16188,161.87999999999775,-inf
16189,161.88999999999774,-inf
16190,161.89999999999773,-inf
16191,161.90999999999772,-inf
16192,161.9199999999977,-inf
16193,161.9299999999977,-inf
16194,161.9399999999977,-inf
16195,161.9499999999977,-inf
16196,161.95999999999768,-inf
16197,161.96999999999767,-inf
16198,161.97999999999766,-inf
16199,161.98999999999765,-inf
16200,161.99999999999764,-inf
16201,162.00999999999763,-inf
16202,162.01999999999762,-inf
16203,162.0299999999976,-inf
16204,162.0399999999976,-inf
16205,162.0499999999976,-inf
16206,162.0599999999976,-inf
16207,162.06999999999758,-inf
16208,162.07999999999757,-inf
16209,162.08999999999756,-inf
16210,162.09999999999755,-inf
16211,162.10999999999754,-inf
16212,162.11999999999753,-inf
16213,162.12999999999752,-inf
16214,162.1399999999975,-inf
16215,162.1499999999975,-inf
16216,162.1599999999975,-inf
16217,162.1699999999975,-inf
16218,162.17999999999748,-inf
16219,162.18999999999747,-inf
16220,162.19999999999746,-inf
16221,162.20999999999745,-inf
16222,162.21999999999744,-inf
16223,162.22999999999743,-inf
16224,162.23999999999742,-inf
16225,162.2499999999974,-inf
16226,162.2599999999974,-inf
16227,162.2699999999974,-inf
16228,162.2799999999974,-inf
16229,162.28999999999738,-inf
16230,162.29999999999737,-inf
16231,162.30999999999736,-inf
16232,162.31999999999735,-inf
16233,162.32999999999734,-inf
16234,162.33999999999733,-inf
16235,162.34999999999732,-inf
16236,162.3599999999973,-inf
16237,162.3699999999973,-inf
16238,162.3799999999973,-inf
16239,162.3899999999973,-inf
16240,162.39999999999728,-inf
16241,162.40999999999727,-inf
16242,162.41999999999726,-inf
16243,162.42999999999725,-inf
16244,162.43999999999724,-inf
16245,162.44999999999723,-inf
16246,162.45999999999722,-inf
16247,162.4699999999972,-inf
16248,162.4799999999972,-inf
16249,162.4899999999972,-inf
16250,162.4999999999972,-inf
16251,162.50999999999718,-inf
16252,162.51999999999717,-inf
16253,162.52999999999716,-inf
16254,162.53999999999715,-inf
16255,162.54999999999714,-inf
16256,162.55999999999713,-inf
16257,162.56999999999712,-inf
16258,162.5799999999971,-inf
16259,162.5899999999971,-inf
16260,162.5999999999971,-inf
16261,162.6099999999971,-inf
16262,162.61999999999708,-inf
16263,162.62999999999707,-inf
16264,162.63999999999706,-inf
16265,162.64999999999705,-inf
16266,162.65999999999704,-inf
16267,162.66999999999703,-inf
16268,162.67999999999702,-inf
16269,162.689999999997,-inf
16270,162.699999999997,-inf
16271,162.709999999997,-inf
16272,162.719999999997,-inf
16273,162.72999999999698,-inf
16274,162.73999999999697,-inf
16275,162.74999999999696,-inf
16276,162.75999999999695,-inf
16277,162.76999999999694,-inf
16278,162.77999999999693,-inf
16279,162.78999999999692,-inf
16280,162.7999999999969,-inf
16281,162.8099999999969,-inf
16282,162.8199999999969,-inf
16283,162.8299999999969,-inf
16284,162.83999999999688,-inf
16285,162.84999999999687,-inf
16286,162.85999999999686,-inf
16287,162.86999999999685,-inf
16288,162.87999999999684,-inf
16289,162.88999999999683,-inf
16290,162.89999999999682,-inf
16291,162.9099999999968,-inf
16292,162.9199999999968,-inf
16293,162.9299999999968,-inf
16294,162.9399999999968,-inf
16295,162.94999999999678,-inf
16296,162.95999999999677,-inf
16297,162.96999999999676,-inf
16298,162.97999999999675,-inf
16299,162.98999999999674,-inf
16300,162.99999999999673,-inf
16301,163.00999999999672,-inf
16302,163.0199999999967,-inf
16303,163.0299999999967,-inf
16304,163.0399999999967,-inf
16305,163.0499999999967,-inf
16306,163.05999999999668,-inf
16307,163.06999999999667,-inf
16308,163.07999999999666,-inf
16309,163.08999999999665,-inf
16310,163.09999999999664,-inf
16311,163.10999999999663,-inf
16312,163.11999999999662,-inf
16313,163.1299999999966,-inf
16314,163.1399999999966,-inf
16315,163.1499999999966,-inf
16316,163.1599999999966,-inf
16317,163.16999999999658,-inf
16318,163.17999999999657,-inf
16319,163.18999999999656,-inf
16320,163.19999999999655,-inf
16321,163.20999999999654,-inf
16322,163.21999999999653,-inf
16323,163.22999999999652,-inf
16324,163.2399999999965,-inf
16325,163.2499999999965,-inf
16326,163.2599999999965,-inf
16327,163.2699999999965,-inf
16328,163.27999999999648,-inf
16329,163.28999999999647,-inf
16330,163.29999999999646,-inf
16331,163.30999999999645,-inf
16332,163.31999999999644,-inf
16333,163.32999999999643,-inf
16334,163.33999999999642,-inf
16335,163.3499999999964,-inf
16336,163.3599999999964,-inf
16337,163.3699999999964,-inf
16338,163.3799999999964,-inf
16339,163.38999999999638,-inf
16340,163.39999999999637,-inf
16341,163.40999999999636,-inf
16342,163.41999999999635,-inf
16343,163.42999999999634,-inf
16344,163.43999999999633,-inf
16345,163.44999999999632,-inf
16346,163.4599999999963,-inf
16347,163.4699999999963,-inf
16348,163.4799999999963,-inf
16349,163.4899999999963,-inf
16350,163.49999999999628,-inf
16351,163.50999999999627,-inf
16352,163.51999999999626,-inf
16353,163.52999999999625,-inf
16354,163.53999999999624,-inf
16355,163.54999999999623,-inf
16356,163.55999999999622,-inf
16357,163.5699999999962,-inf
16358,163.5799999999962,-inf
16359,163.5899999999962,-inf
16360,163.5999999999962,-inf
16361,163.60999999999618,-inf
16362,163.61999999999617,-inf
16363,163.62999999999616,-inf
16364,163.63999999999615,-inf
16365,163.64999999999614,-inf
16366,163.65999999999613,-inf
16367,163.66999999999612,-inf
16368,163.6799999999961,-inf
16369,163.6899999999961,-inf
16370,163.6999999999961,-inf
16371,163.70999999999609,-inf
16372,163.71999999999608,-inf
16373,163.72999999999607,-inf
16374,163.73999999999606,-inf
16375,163.74999999999605,-inf
16376,163.75999999999604,-inf
16377,163.76999999999603,-inf
16378,163.77999999999602,-inf
16379,163.789999999996,-inf
16380,163.799999999996,-inf
16381,163.809999999996,-inf
16382,163.81999999999599,-inf
16383,163.82999999999598,-inf
16384,163.83999999999597,-inf
16385,163.84999999999596,-inf
16386,163.85999999999595,-inf
16387,163.86999999999594,-inf
16388,163.87999999999593,-inf
16389,163.88999999999592,-inf
16390,163.8999999999959,-inf
16391,163.9099999999959,-inf
16392,163.9199999999959,-inf
16393,163.92999999999589,-inf
16394,163.93999999999588,-inf
16395,163.94999999999587,-inf
16396,163.95999999999586,-inf
16397,163.96999999999585,-inf
16398,163.97999999999584,-inf
16399,163.98999999999583,-inf
16400,163.99999999999582,-inf
16401,164.0099999999958,-inf
16402,164.0199999999958,-inf
16403,164.0299999999958,-inf
16404,164.03999999999579,-inf
16405,164.04999999999578,-inf
16406,164.05999999999577,-inf
16407,164.06999999999576,-inf
16408,164.07999999999575,-inf
16409,164.08999999999574,-inf
16410,164.09999999999573,-inf
16411,164.10999999999572,-inf
16412,164.1199999999957,-inf
16413,164.1299999999957,-inf
16414,164.1399999999957,-inf
16415,164.14999999999569,-inf
16416,164.15999999999568,-inf
16417,164.16999999999567,-inf
16418,164.17999999999566,-inf
16419,164.18999999999565,-inf
16420,164.19999999999564,-inf
16421,164.20999999999563,-inf
16422,164.21999999999562,-inf
16423,164.2299999999956,-inf
16424,164.2399999999956,-inf
16425,164.2499999999956,-inf
16426,164.25999999999559,-inf
16427,164.26999999999558,-inf
16428,164.27999999999557,-inf
16429,164.28999999999556,-inf
16430,164.29999999999555,-inf
16431,164.30999999999554,-inf
16432,164.31999999999553,-inf
16433,164.32999999999552,-inf
16434,164.3399999999955,-inf
16435,164.3499999999955,-inf
16436,164.3599999999955,-inf
16437,164.36999999999549,-inf
16438,164.37999999999548,-inf
16439,164.38999999999547,-inf
16440,164.39999999999546,-inf
16441,164.40999999999545,-inf
16442,164.41999999999544,-inf
16443,164.42999999999543,-inf
16444,164.43999999999542,-inf
16445,164.4499999999954,-inf
16446,164.4599999999954,-inf
16447,164.4699999999954,-inf
16448,164.47999999999539,-inf
16449,164.48999999999538,-inf
16450,164.49999999999537,-inf
16451,164.50999999999536,-inf
16452,164.51999999999535,-inf
16453,164.52999999999534,-inf
16454,164.53999999999533,-inf
16455,164.54999999999532,-inf
16456,164.5599999999953,-inf
16457,164.5699999999953,-inf
16458,164.5799999999953,-inf
16459,164.58999999999529,-inf
16460,164.59999999999528,-inf
16461,164.60999999999527,-inf
16462,164.61999999999526,-inf
16463,164.62999999999525,-inf
16464,164.63999999999524,-inf
16465,164.64999999999523,-inf
16466,164.65999999999522,-inf
16467,164.6699999999952,-inf
16468,164.6799999999952,-inf
16469,164.6899999999952,-inf
16470,164.69999999999519,-inf
16471,164.70999999999518,-inf
16472,164.71999999999517,-inf
16473,164.72999999999516,-inf
16474,164.73999999999515,-inf
16475,164.74999999999514,-inf
16476,164.75999999999513,-inf
16477,164.76999999999512,-inf
16478,164.7799999999951,-inf
16479,164.7899999999951,-inf
16480,164.7999999999951,-inf
16481,164.80999999999509,-inf
16482,164.81999999999508,-inf
16483,164.82999999999507,-inf
16484,164.83999999999506,-inf
16485,164.84999999999505,-inf
16486,164.85999999999504,-inf
16487,164.86999999999503,-inf
16488,164.87999999999502,-inf
16489,164.889999999995,-inf
16490,164.899999999995,-inf
16491,164.909999999995,-inf
16492,164.91999999999499,-inf
16493,164.92999999999498,-inf
16494,164.93999999999497,-inf
16495,164.94999999999496,-inf
16496,164.95999999999495,-inf
16497,164.96999999999494,-inf
16498,164.97999999999493,-inf
16499,164.98999999999492,-inf
16500,164.9999999999949,-inf
16501,165.0099999999949,-inf
16502,165.0199999999949,-inf
16503,165.02999999999489,-inf
16504,165.03999999999488,-inf
16505,165.04999999999487,-inf
16506,165.05999999999486,-inf
16507,165.06999999999485,-inf
16508,165.07999999999484,-inf
16509,165.08999999999483,-inf
16510,165.09999999999482,-inf
16511,165.1099999999948,-inf
16512,165.1199999999948,-inf
16513,165.1299999999948,-inf
16514,165.13999999999479,-inf
16515,165.14999999999478,-inf
16516,165.15999999999477,-inf
16517,165.16999999999476,-inf
16518,165.17999999999475,-inf
16519,165.18999999999474,-inf
16520,165.19999999999473,-inf
16521,165.20999999999472,-inf
16522,165.2199999999947,-inf
16523,165.2299999999947,-inf
16524,165.2399999999947,-inf
16525,165.24999999999469,-inf
16526,165.25999999999468,-inf
16527,165.26999999999467,-inf
16528,165.27999999999466,-inf
16529,165.28999999999465,-inf
16530,165.29999999999464,-inf
16531,165.30999999999463,-inf
16532,165.31999999999462,-inf
16533,165.3299999999946,-inf
16534,165.3399999999946,-inf
16535,165.3499999999946,-inf
16536,165.35999999999459,-inf
16537,165.36999999999458,-inf
16538,165.37999999999457,-inf
16539,165.38999999999456,-inf
16540,165.39999999999455,-inf
16541,165.40999999999454,-inf
16542,165.41999999999453,-inf
16543,165.42999999999452,-inf
16544,165.4399999999945,-inf
16545,165.4499999999945,-inf
16546,165.4599999999945,-inf
16547,165.46999999999449,-inf
16548,165.47999999999448,-inf
16549,165.48999999999447,-inf
16550,165.49999999999446,-inf
16551,165.50999999999445,-inf
16552,165.51999999999444,-inf
16553,165.52999999999443,-inf
16554,165.53999999999442,-inf
16555,165.5499999999944,-inf
16556,165.5599999999944,-inf
16557,165.5699999999944,-inf
16558,165.57999999999439,-inf
16559,165.58999999999438,-inf
16560,165.59999999999437,-inf
16561,165.60999999999436,-inf
16562,165.61999999999435,-inf
16563,165.62999999999434,-inf
16564,165.63999999999433,-inf
16565,165.64999999999432,-inf
16566,165.6599999999943,-inf
16567,165.6699999999943,-inf
16568,165.6799999999943,-inf
16569,165.68999999999428,-inf
16570,165.69999999999428,-inf
16571,165.70999999999427,-inf
16572,165.71999999999426,-inf
16573,165.72999999999425,-inf
16574,165.73999999999424,-inf
16575,165.74999999999423,-inf
16576,165.75999999999422,-inf
16577,165.7699999999942,-inf
16578,165.7799999999942,-inf
16579,165.7899999999942,-inf
16580,165.79999999999418,-inf
16581,165.80999999999418,-inf
16582,165.81999999999417,-inf
16583,165.82999999999416,-inf
16584,165.83999999999415,-inf
16585,165.84999999999414,-inf
16586,165.85999999999413,-inf
16587,165.86999999999412,-inf
16588,165.8799999999941,-inf
16589,165.8899999999941,-inf
16590,165.8999999999941,-inf
16591,165.90999999999408,-inf
16592,165.91999999999408,-inf
16593,165.92999999999407,-inf
16594,165.93999999999406,-inf
16595,165.94999999999405,-inf
16596,165.95999999999404,-inf
16597,165.96999999999403,-inf
16598,165.97999999999402,-inf
16599,165.989999999994,-inf
16600,165.999999999994,-inf
16601,166.009999999994,-inf
16602,166.01999999999398,-inf
16603,166.02999999999398,-inf
16604,166.03999999999397,-inf
16605,166.04999999999396,-inf
16606,166.05999999999395,-inf
16607,166.06999999999394,-inf
16608,166.07999999999393,-inf
16609,166.08999999999392,-inf
16610,166.0999999999939,-inf
16611,166.1099999999939,-inf
16612,166.1199999999939,-inf
16613,166.12999999999388,-inf
16614,166.13999999999388,-inf
16615,166.14999999999387,-inf
16616,166.15999999999386,-inf
16617,166.16999999999385,-inf
16618,166.17999999999384,-inf
16619,166.18999999999383,-inf
16620,166.19999999999382,-inf
16621,166.2099999999938,-inf
16622,166.2199999999938,-inf
16623,166.2299999999938,-inf
16624,166.23999999999378,-inf
16625,166.24999999999378,-inf
16626,166.25999999999377,-inf
16627,166.26999999999376,-inf
16628,166.27999999999375,-inf
16629,166.28999999999374,-inf
16630,166.29999999999373,-inf
16631,166.30999999999372,-inf
16632,166.3199999999937,-inf
16633,166.3299999999937,-inf
16634,166.3399999999937,-inf
16635,166.34999999999368,-inf
16636,166.35999999999368,-inf
16637,166.36999999999367,-inf
16638,166.37999999999366,-inf
16639,166.38999999999365,-inf
16640,166.39999999999364,-inf
16641,166.40999999999363,-inf
16642,166.41999999999362,-inf
16643,166.4299999999936,-inf
16644,166.4399999999936,-inf
16645,166.4499999999936,-inf
16646,166.45999999999358,-inf
16647,166.46999999999358,-inf
16648,166.47999999999357,-inf
16649,166.48999999999356,-inf
16650,166.49999999999355,-inf
16651,166.50999999999354,-inf
16652,166.51999999999353,-inf
16653,166.52999999999352,-inf
16654,166.5399999999935,-inf
16655,166.5499999999935,-inf
16656,166.5599999999935,-inf
16657,166.56999999999348,-inf
16658,166.57999999999348,-inf
16659,166.58999999999347,-inf
16660,166.59999999999346,-inf
16661,166.60999999999345,-inf
16662,166.61999999999344,-inf
16663,166.62999999999343,-inf
16664,166.63999999999342,-inf
16665,166.6499999999934,-inf
16666,166.6599999999934,-inf
16667,166.6699999999934,-inf
16668,166.67999999999338,-inf
16669,166.68999999999338,-inf
16670,166.69999999999337,-inf
16671,166.70999999999336,-inf
16672,166.71999999999335,-inf
16673,166.72999999999334,-inf
16674,166.73999999999333,-inf
16675,166.74999999999332,-inf
16676,166.7599999999933,-inf
16677,166.7699999999933,-inf
16678,166.7799999999933,-inf
16679,166.78999999999328,-inf
16680,166.79999999999328,-inf
16681,166.80999999999327,-inf
16682,166.81999999999326,-inf
16683,166.82999999999325,-inf
16684,166.83999999999324,-inf
16685,166.84999999999323,-inf
16686,166.85999999999322,-inf
16687,166.8699999999932,-inf
16688,166.8799999999932,-inf
16689,166.8899999999932,-inf
16690,166.89999999999318,-inf
16691,166.90999999999318,-inf
16692,166.91999999999317,-inf
16693,166.92999999999316,-inf
16694,166.93999999999315,-inf
16695,166.94999999999314,-inf
16696,166.95999999999313,-inf
16697,166.96999999999312,-inf
16698,166.9799999999931,-inf
16699,166.9899999999931,-inf
16700,166.9999999999931,-inf
16701,167.00999999999308,-inf
16702,167.01999999999308,-inf
16703,167.02999999999307,-inf
16704,167.03999999999306,-inf
16705,167.04999999999305,-inf
16706,167.05999999999304,-inf
16707,167.06999999999303,-inf
16708,167.07999999999302,-inf
16709,167.089999999993,-inf
16710,167.099999999993,-inf
16711,167.109999999993,-inf
16712,167.11999999999298,-inf
16713,167.12999999999298,-inf
16714,167.13999999999297,-inf
16715,167.14999999999296,-inf
16716,167.15999999999295,-inf
16717,167.16999999999294,-inf
16718,167.17999999999293,-inf
16719,167.18999999999292,-inf
16720,167.1999999999929,-inf
16721,167.2099999999929,-inf
16722,167.2199999999929,-inf
16723,167.22999999999288,-inf
16724,167.23999999999288,-inf
16725,167.24999999999287,-inf
16726,167.25999999999286,-inf
16727,167.26999999999285,-inf
16728,167.27999999999284,-inf
16729,167.28999999999283,-inf
16730,167.29999999999282,-inf
16731,167.3099999999928,-inf
16732,167.3199999999928,-inf
16733,167.3299999999928,-inf
16734,167.33999999999278,-inf
16735,167.34999999999278,-inf
16736,167.35999999999277,-inf
16737,167.36999999999276,-inf
16738,167.37999999999275,-inf
16739,167.38999999999274,-inf
16740,167.39999999999273,-inf
16741,167.40999999999272,-inf
16742,167.4199999999927,-inf
16743,167.4299999999927,-inf
16744,167.4399999999927,-inf
16745,167.44999999999268,-inf
16746,167.45999999999268,-inf
16747,167.46999999999267,-inf
16748,167.47999999999266,-inf
16749,167.48999999999265,-inf
16750,167.49999999999264,-inf
16751,167.50999999999263,-inf
16752,167.51999999999262,-inf
16753,167.5299999999926,-inf
16754,167.5399999999926,-inf
16755,167.5499999999926,-inf
16756,167.55999999999258,-inf
16757,167.56999999999258,-inf
16758,167.57999999999257,-inf
16759,167.58999999999256,-inf
16760,167.59999999999255,-inf
16761,167.60999999999254,-inf
16762,167.61999999999253,-inf
16763,167.62999999999252,-inf
16764,167.6399999999925,-inf
16765,167.6499999999925,-inf
16766,167.6599999999925,-inf
16767,167.66999999999248,-inf
16768,167.67999999999248,-inf
16769,167.68999999999247,-inf
16770,167.69999999999246,-inf
16771,167.70999999999245,-inf
16772,167.71999999999244,-inf
16773,167.72999999999243,-inf
16774,167.73999999999242,-inf
16775,167.7499999999924,-inf
16776,167.7599999999924,-inf
16777,167.7699999999924,-inf
16778,167.77999999999238,-inf
16779,167.78999999999238,-inf
16780,167.79999999999237,-inf
16781,167.80999999999236,-inf
16782,167.81999999999235,-inf
16783,167.82999999999234,-inf
16784,167.83999999999233,-inf
16785,167.84999999999232,-inf
16786,167.8599999999923,-inf
16787,167.8699999999923,-inf
16788,167.8799999999923,-inf
16789,167.88999999999228,-inf
16790,167.89999999999227,-inf
16791,167.90999999999227,-inf
16792,167.91999999999226,-inf
16793,167.92999999999225,-inf
16794,167.93999999999224,-inf
16795,167.94999999999223,-inf
16796,167.95999999999222,-inf
16797,167.9699999999922,-inf
16798,167.9799999999922,-inf
16799,167.9899999999922,-inf
16800,167.99999999999218,-inf
16801,168.00999999999217,-inf
16802,168.01999999999217,-inf
16803,168.02999999999216,-inf
16804,168.03999999999215,-inf
16805,168.04999999999214,-inf
16806,168.05999999999213,-inf
16807,168.06999999999212,-inf
16808,168.0799999999921,-inf
16809,168.0899999999921,-inf
16810,168.0999999999921,-inf
16811,168.10999999999208,-inf
16812,168.11999999999207,-inf
16813,168.12999999999207,-inf
16814,168.13999999999206,-inf
16815,168.14999999999205,-inf
16816,168.15999999999204,-inf
16817,168.16999999999203,-inf
16818,168.17999999999202,-inf
16819,168.189999999992,-inf
16820,168.199999999992,-inf
16821,168.209999999992,-inf
16822,168.21999999999198,-inf
16823,168.22999999999197,-inf
16824,168.23999999999197,-inf
16825,168.24999999999196,-inf
16826,168.25999999999195,-inf
16827,168.26999999999194,-inf
16828,168.27999999999193,-inf
16829,168.28999999999192,-inf
16830,168.2999999999919,-inf
16831,168.3099999999919,-inf
16832,168.3199999999919,-inf
16833,168.32999999999188,-inf
16834,168.33999999999187,-inf
16835,168.34999999999187,-inf
16836,168.35999999999186,-inf
16837,168.36999999999185,-inf
16838,168.37999999999184,-inf
16839,168.38999999999183,-inf
16840,168.39999999999182,-inf
16841,168.4099999999918,-inf
16842,168.4199999999918,-inf
16843,168.4299999999918,-inf
16844,168.43999999999178,-inf
16845,168.44999999999177,-inf
16846,168.45999999999177,-inf
16847,168.46999999999176,-inf
16848,168.47999999999175,-inf
16849,168.48999999999174,-inf
16850,168.49999999999173,-inf
16851,168.50999999999172,-inf
16852,168.5199999999917,-inf
16853,168.5299999999917,-inf
16854,168.5399999999917,-inf
16855,168.54999999999168,-inf
16856,168.55999999999167,-inf
16857,168.56999999999167,-inf
16858,168.57999999999166,-inf
16859,168.58999999999165,-inf
16860,168.59999999999164,-inf
16861,168.60999999999163,-inf
16862,168.61999999999162,-inf
16863,168.6299999999916,-inf
16864,168.6399999999916,-inf
16865,168.6499999999916,-inf
16866,168.65999999999158,-inf
16867,168.66999999999157,-inf
16868,168.67999999999157,-inf
16869,168.68999999999156,-inf
16870,168.69999999999155,-inf
16871,168.70999999999154,-inf
16872,168.71999999999153,-inf
16873,168.72999999999152,-inf
16874,168.7399999999915,-inf
16875,168.7499999999915,-inf
16876,168.7599999999915,-inf
16877,168.76999999999148,-inf
16878,168.77999999999147,-inf
16879,168.78999999999147,-inf
16880,168.79999999999146,-inf
16881,168.80999999999145,-inf
16882,168.81999999999144,-inf
16883,168.82999999999143,-inf
16884,168.83999999999142,-inf
16885,168.8499999999914,-inf
16886,168.8599999999914,-inf
16887,168.8699999999914,-inf
16888,168.87999999999138,-inf
16889,168.88999999999137,-inf
16890,168.89999999999137,-inf
16891,168.90999999999136,-inf
16892,168.91999999999135,-inf
16893,168.92999999999134,-inf
16894,168.93999999999133,-inf
16895,168.94999999999132,-inf
16896,168.9599999999913,-inf
16897,168.9699999999913,-inf
16898,168.9799999999913,-inf
16899,168.98999999999128,-inf
16900,168.99999999999127,-inf
16901,169.00999999999127,-inf
16902,169.01999999999126,-inf
16903,169.02999999999125,-inf
16904,169.03999999999124,-inf
16905,169.04999999999123,-inf
16906,169.05999999999122,-inf
16907,169.0699999999912,-inf
16908,169.0799999999912,-inf
16909,169.0899999999912,-inf
16910,169.09999999999118,-inf
16911,169.10999999999117,-inf
16912,169.11999999999117,-inf
16913,169.12999999999116,-inf
16914,169.13999999999115,-inf
16915,169.14999999999114,-inf
16916,169.15999999999113,-inf
16917,169.16999999999112,-inf
16918,169.1799999999911,-inf
16919,169.1899999999911,-inf
16920,169.1999999999911,-inf
16921,169.20999999999108,-inf
16922,169.21999999999107,-inf
16923,169.22999999999107,-inf
16924,169.23999999999106,-inf
16925,169.24999999999105,-inf
16926,169.25999999999104,-inf
16927,169.26999999999103,-inf
16928,169.27999999999102,-inf
16929,169.289999999991,-inf
16930,169.299999999991,-inf
16931,169.309999999991,-inf
16932,169.31999999999098,-inf
16933,169.32999999999097,-inf
16934,169.33999999999097,-inf
16935,169.34999999999096,-inf
16936,169.35999999999095,-inf
16937,169.36999999999094,-inf
16938,169.37999999999093,-inf
16939,169.38999999999092,-inf
16940,169.3999999999909,-inf
16941,169.4099999999909,-inf
16942,169.4199999999909,-inf
16943,169.42999999999088,-inf
16944,169.43999999999087,-inf
16945,169.44999999999087,-inf
16946,169.45999999999086,-inf
16947,169.46999999999085,-inf
16948,169.47999999999084,-inf
16949,169.48999999999083,-inf
16950,169.49999999999082,-inf
16951,169.5099999999908,-inf
16952,169.5199999999908,-inf
16953,169.5299999999908,-inf
16954,169.53999999999078,-inf
16955,169.54999999999077,-inf
16956,169.55999999999077,-inf
16957,169.56999999999076,-inf
16958,169.57999999999075,-inf
16959,169.58999999999074,-inf
16960,169.59999999999073,-inf
16961,169.60999999999072,-inf
16962,169.6199999999907,-inf
16963,169.6299999999907,-inf
16964,169.6399999999907,-inf
16965,169.64999999999068,-inf
16966,169.65999999999067,-inf
16967,169.66999999999067,-inf
16968,169.67999999999066,-inf
16969,169.68999999999065,-inf
16970,169.69999999999064,-inf
16971,169.70999999999063,-inf
16972,169.71999999999062,-inf
16973,169.7299999999906,-inf
16974,169.7399999999906,-inf
16975,169.7499999999906,-inf
16976,169.75999999999058,-inf
16977,169.76999999999057,-inf
16978,169.77999999999057,-inf
16979,169.78999999999056,-inf
16980,169.79999999999055,-inf
16981,169.80999999999054,-inf
16982,169.81999999999053,-inf
16983,169.82999999999052,-inf
16984,169.8399999999905,-inf
16985,169.8499999999905,-inf
16986,169.8599999999905,-inf
16987,169.86999999999048,-inf
16988,169.87999999999047,-inf
16989,169.88999999999047,-inf
16990,169.89999999999046,-inf
16991,169.90999999999045,-inf
16992,169.91999999999044,-inf
16993,169.92999999999043,-inf
16994,169.93999999999042,-inf
16995,169.9499999999904,-inf
16996,169.9599999999904,-inf
16997,169.9699999999904,-inf
16998,169.97999999999038,-inf
16999,169.98999999999037,-inf
17000,169.99999999999037,-inf
17001,170.00999999999036,-inf
17002,170.01999999999035,-inf
17003,170.02999999999034,-inf
17004,170.03999999999033,-inf
17005,170.04999999999032,-inf
17006,170.0599999999903,-inf
17007,170.0699999999903,-inf
17008,170.0799999999903,-inf
17009,170.08999999999028,-inf
17010,170.09999999999027,-inf
17011,170.10999999999026,-inf
17012,170.11999999999026,-inf
17013,170.12999999999025,-inf
17014,170.13999999999024,-inf
17015,170.14999999999023,-inf
17016,170.15999999999022,-inf
17017,170.1699999999902,-inf
17018,170.1799999999902,-inf
17019,170.1899999999902,-inf
17020,170.19999999999018,-inf
17021,170.20999999999017,-inf
17022,170.21999999999016,-inf
17023,170.22999999999016,-inf
17024,170.23999999999015,-inf
17025,170.24999999999014,-inf
17026,170.25999999999013,-inf
17027,170.26999999999012,-inf
17028,170.2799999999901,-inf
17029,170.2899999999901,-inf
17030,170.2999999999901,-inf
17031,170.30999999999008,-inf
17032,170.31999999999007,-inf
17033,170.32999999999006,-inf
17034,170.33999999999006,-inf
17035,170.34999999999005,-inf
17036,170.35999999999004,-inf
17037,170.36999999999003,-inf
17038,170.37999999999002,-inf
17039,170.38999999999,-inf
17040,170.39999999999,-inf
17041,170.40999999999,-inf
17042,170.41999999998998,-inf
17043,170.42999999998997,-inf
17044,170.43999999998996,-inf
17045,170.44999999998996,-inf
17046,170.45999999998995,-inf
17047,170.46999999998994,-inf
17048,170.47999999998993,-inf
17049,170.48999999998992,-inf
17050,170.4999999999899,-inf
17051,170.5099999999899,-inf
17052,170.5199999999899,-inf
17053,170.52999999998988,-inf
17054,170.53999999998987,-inf
17055,170.54999999998986,-inf
17056,170.55999999998986,-inf
17057,170.56999999998985,-inf
17058,170.57999999998984,-inf
17059,170.58999999998983,-inf
17060,170.59999999998982,-inf
17061,170.6099999999898,-inf
17062,170.6199999999898,-inf
17063,170.6299999999898,-inf
17064,170.63999999998978,-inf
17065,170.64999999998977,-inf
17066,170.65999999998976,-inf
17067,170.66999999998976,-inf
17068,170.67999999998975,-inf
17069,170.68999999998974,-inf
17070,170.69999999998973,-inf
17071,170.70999999998972,-inf
17072,170.7199999999897,-inf
17073,170.7299999999897,-inf
17074,170.7399999999897,-inf
17075,170.74999999998968,-inf
17076,170.75999999998967,-inf
17077,170.76999999998966,-inf
17078,170.77999999998966,-inf
17079,170.78999999998965,-inf
17080,170.79999999998964,-inf
17081,170.80999999998963,-inf
17082,170.81999999998962,-inf
17083,170.8299999999896,-inf
17084,170.8399999999896,-inf
17085,170.8499999999896,-inf
17086,170.85999999998958,-inf
17087,170.86999999998957,-inf
17088,170.87999999998956,-inf
17089,170.88999999998956,-inf
17090,170.89999999998955,-inf
17091,170.90999999998954,-inf
17092,170.91999999998953,-inf
17093,170.92999999998952,-inf
17094,170.9399999999895,-inf
17095,170.9499999999895,-inf
17096,170.9599999999895,-inf
17097,170.96999999998948,-inf
17098,170.97999999998947,-inf
17099,170.98999999998946,-inf
17100,170.99999999998946,-inf
17101,171.00999999998945,-inf
17102,171.01999999998944,-inf
17103,171.02999999998943,-inf
17104,171.03999999998942,-inf
17105,171.0499999999894,-inf
17106,171.0599999999894,-inf
17107,171.0699999999894,-inf
17108,171.07999999998938,-inf
17109,171.08999999998937,-inf
17110,171.09999999998936,-inf
17111,171.10999999998936,-inf
17112,171.11999999998935,-inf
17113,171.12999999998934,-inf
17114,171.13999999998933,-inf
17115,171.14999999998932,-inf
17116,171.1599999999893,-inf
17117,171.1699999999893,-inf
17118,171.1799999999893,-inf
17119,171.18999999998928,-inf
17120,171.19999999998927,-inf
17121,171.20999999998926,-inf
17122,171.21999999998926,-inf
17123,171.22999999998925,-inf
17124,171.23999999998924,-inf
17125,171.24999999998923,-inf
17126,171.25999999998922,-inf
17127,171.2699999999892,-inf
17128,171.2799999999892,-inf
17129,171.2899999999892,-inf
17130,171.29999999998918,-inf
17131,171.30999999998917,-inf
17132,171.31999999998916,-inf
17133,171.32999999998916,-inf
17134,171.33999999998915,-inf
17135,171.34999999998914,-inf
17136,171.35999999998913,-inf
17137,171.36999999998912,-inf
17138,171.3799999999891,-inf
17139,171.3899999999891,-inf
17140,171.3999999999891,-inf
17141,171.40999999998908,-inf
17142,171.41999999998907,-inf
17143,171.42999999998906,-inf
17144,171.43999999998906,-inf
17145,171.44999999998905,-inf
17146,171.45999999998904,-inf
17147,171.46999999998903,-inf
17148,171.47999999998902,-inf
17149,171.489999999989,-inf
17150,171.499999999989,-inf
17151,171.509999999989,-inf
17152,171.51999999998898,-inf
17153,171.52999999998897,-inf
17154,171.53999999998896,-inf
17155,171.54999999998896,-inf
17156,171.55999999998895,-inf
17157,171.56999999998894,-inf
17158,171.57999999998893,-inf
17159,171.58999999998892,-inf
17160,171.5999999999889,-inf
17161,171.6099999999889,-inf
17162,171.6199999999889,-inf
17163,171.62999999998888,-inf
17164,171.63999999998887,-inf
17165,171.64999999998886,-inf
17166,171.65999999998886,-inf
17167,171.66999999998885,-inf
17168,171.67999999998884,-inf
17169,171.68999999998883,-inf
17170,171.69999999998882,-inf
17171,171.7099999999888,-inf
17172,171.7199999999888,-inf
17173,171.7299999999888,-inf
17174,171.73999999998878,-inf
17175,171.74999999998877,-inf
17176,171.75999999998876,-inf
17177,171.76999999998876,-inf
17178,171.77999999998875,-inf
17179,171.78999999998874,-inf
17180,171.79999999998873,-inf
17181,171.80999999998872,-inf
17182,171.8199999999887,-inf
17183,171.8299999999887,-inf
17184,171.8399999999887,-inf
17185,171.84999999998868,-inf
17186,171.85999999998867,-inf
17187,171.86999999998866,-inf
17188,171.87999999998866,-inf
17189,171.88999999998865,-inf
17190,171.89999999998864,-inf
17191,171.90999999998863,-inf
17192,171.91999999998862,-inf
17193,171.9299999999886,-inf
17194,171.9399999999886,-inf
17195,171.9499999999886,-inf
17196,171.95999999998858,-inf
17197,171.96999999998857,-inf
17198,171.97999999998856,-inf
17199,171.98999999998856,-inf
17200,171.99999999998855,-inf
17201,172.00999999998854,-inf
17202,172.01999999998853,-inf
17203,172.02999999998852,-inf
17204,172.0399999999885,-inf
17205,172.0499999999885,-inf
17206,172.0599999999885,-inf
17207,172.06999999998848,-inf
17208,172.07999999998847,-inf
17209,172.08999999998846,-inf
17210,172.09999999998846,-inf
17211,172.10999999998845,-inf
17212,172.11999999998844,-inf
17213,172.12999999998843,-inf
17214,172.13999999998842,-inf
17215,172.1499999999884,-inf
17216,172.1599999999884,-inf
17217,172.1699999999884,-inf
17218,172.17999999998838,-inf
17219,172.18999999998837,-inf
17220,172.19999999998836,-inf
17221,172.20999999998836,-inf
17222,172.21999999998835,-inf
17223,172.22999999998834,-inf
17224,172.23999999998833,-inf
17225,172.24999999998832,-inf
17226,172.2599999999883,-inf
17227,172.2699999999883,-inf
17228,172.2799999999883,-inf
17229,172.28999999998828,-inf
17230,172.29999999998827,-inf
17231,172.30999999998826,-inf
17232,172.31999999998826,-inf
17233,172.32999999998825,-inf
17234,172.33999999998824,-inf
17235,172.34999999998823,-inf
17236,172.35999999998822,-inf
17237,172.3699999999882,-inf
17238,172.3799999999882,-inf
17239,172.3899999999882,-inf
17240,172.39999999998818,-inf
17241,172.40999999998817,-inf
17242,172.41999999998816,-inf
17243,172.42999999998815,-inf
17244,172.43999999998815,-inf
17245,172.44999999998814,-inf
17246,172.45999999998813,-inf
17247,172.46999999998812,-inf
17248,172.4799999999881,-inf
17249,172.4899999999881,-inf
17250,172.4999999999881,-inf
17251,172.50999999998808,-inf
17252,172.51999999998807,-inf
17253,172.52999999998806,-inf
17254,172.53999999998805,-inf
17255,172.54999999998805,-inf
17256,172.55999999998804,-inf
17257,172.56999999998803,-inf
17258,172.57999999998802,-inf
17259,172.589999999988,-inf
17260,172.599999999988,-inf
17261,172.609999999988,-inf
17262,172.61999999998798,-inf
17263,172.62999999998797,-inf
17264,172.63999999998796,-inf
17265,172.64999999998795,-inf
17266,172.65999999998795,-inf
17267,172.66999999998794,-inf
17268,172.67999999998793,-inf
17269,172.68999999998792,-inf
17270,172.6999999999879,-inf
17271,172.7099999999879,-inf
17272,172.7199999999879,-inf
17273,172.72999999998788,-inf
17274,172.73999999998787,-inf
17275,172.74999999998786,-inf
17276,172.75999999998785,-inf
17277,172.76999999998785,-inf
17278,172.77999999998784,-inf
17279,172.78999999998783,-inf
17280,172.79999999998782,-inf
17281,172.8099999999878,-inf
17282,172.8199999999878,-inf
17283,172.8299999999878,-inf
17284,172.83999999998778,-inf
17285,172.84999999998777,-inf
17286,172.85999999998776,-inf
17287,172.86999999998775,-inf
17288,172.87999999998775,-inf
17289,172.88999999998774,-inf
17290,172.89999999998773,-inf
17291,172.90999999998772,-inf
17292,172.9199999999877,-inf
17293,172.9299999999877,-inf
17294,172.9399999999877,-inf
17295,172.94999999998768,-inf
17296,172.95999999998767,-inf
17297,172.96999999998766,-inf
17298,172.97999999998765,-inf
17299,172.98999999998765,-inf
17300,172.99999999998764,-inf
17301,173.00999999998763,-inf
17302,173.01999999998762,-inf
17303,173.0299999999876,-inf
17304,173.0399999999876,-inf
17305,173.0499999999876,-inf
17306,173.05999999998758,-inf
17307,173.06999999998757,-inf
17308,173.07999999998756,-inf
17309,173.08999999998755,-inf
17310,173.09999999998755,-inf
17311,173.10999999998754,-inf
17312,173.11999999998753,-inf
17313,173.12999999998752,-inf
17314,173.1399999999875,-inf
17315,173.1499999999875,-inf
17316,173.1599999999875,-inf
17317,173.16999999998748,-inf
17318,173.17999999998747,-inf
17319,173.18999999998746,-inf
17320,173.19999999998745,-inf
17321,173.20999999998745,-inf
17322,173.21999999998744,-inf
17323,173.22999999998743,-inf
17324,173.23999999998742,-inf
17325,173.2499999999874,-inf
17326,173.2599999999874,-inf
17327,173.2699999999874,-inf
17328,173.27999999998738,-inf
17329,173.28999999998737,-inf
17330,173.29999999998736,-inf
17331,173.30999999998735,-inf
17332,173.31999999998735,-inf
17333,173.32999999998734,-inf
17334,173.33999999998733,-inf
17335,173.34999999998732,-inf
17336,173.3599999999873,-inf
17337,173.3699999999873,-inf
17338,173.3799999999873,-inf
17339,173.38999999998728,-inf
17340,173.39999999998727,-inf
17341,173.40999999998726,-inf
17342,173.41999999998725,-inf
17343,173.42999999998725,-inf
17344,173.43999999998724,-inf
17345,173.44999999998723,-inf
17346,173.45999999998722,-inf
17347,173.4699999999872,-inf
17348,173.4799999999872,-inf
17349,173.4899999999872,-inf
17350,173.49999999998718,-inf
17351,173.50999999998717,-inf
17352,173.51999999998716,-inf
17353,173.52999999998715,-inf
17354,173.53999999998715,-inf
17355,173.54999999998714,-inf
17356,173.55999999998713,-inf
17357,173.56999999998712,-inf
17358,173.5799999999871,-inf
17359,173.5899999999871,-inf
17360,173.5999999999871,-inf
17361,173.60999999998708,-inf
17362,173.61999999998707,-inf
17363,173.62999999998706,-inf
17364,173.63999999998705,-inf
17365,173.64999999998705,-inf
17366,173.65999999998704,-inf
17367,173.66999999998703,-inf
17368,173.67999999998702,-inf
17369,173.689999999987,-inf
17370,173.699999999987,-inf
17371,173.709999999987,-inf
17372,173.71999999998698,-inf
17373,173.72999999998697,-inf
17374,173.73999999998696,-inf
17375,173.74999999998695,-inf
17376,173.75999999998695,-inf
17377,173.76999999998694,-inf
17378,173.77999999998693,-inf
17379,173.78999999998692,-inf
17380,173.7999999999869,-inf
17381,173.8099999999869,-inf
17382,173.8199999999869,-inf
17383,173.82999999998688,-inf
17384,173.83999999998687,-inf
17385,173.84999999998686,-inf
17386,173.85999999998685,-inf
17387,173.86999999998685,-inf
17388,173.87999999998684,-inf
17389,173.88999999998683,-inf
17390,173.89999999998682,-inf
17391,173.9099999999868,-inf
17392,173.9199999999868,-inf
17393,173.9299999999868,-inf
17394,173.93999999998678,-inf
17395,173.94999999998677,-inf
17396,173.95999999998676,-inf
17397,173.96999999998675,-inf
17398,173.97999999998675,-inf
17399,173.98999999998674,-inf
17400,173.99999999998673,-inf
17401,174.00999999998672,-inf
17402,174.0199999999867,-inf
17403,174.0299999999867,-inf
17404,174.0399999999867,-inf
17405,174.04999999998668,-inf
17406,174.05999999998667,-inf
17407,174.06999999998666,-inf
17408,174.07999999998665,-inf
17409,174.08999999998665,-inf
17410,174.09999999998664,-inf
17411,174.10999999998663,-inf
17412,174.11999999998662,-inf
17413,174.1299999999866,-inf
17414,174.1399999999866,-inf
17415,174.1499999999866,-inf
17416,174.15999999998658,-inf
17417,174.16999999998657,-inf
17418,174.17999999998656,-inf
17419,174.18999999998655,-inf
17420,174.19999999998655,-inf
17421,174.20999999998654,-inf
17422,174.21999999998653,-inf
17423,174.22999999998652,-inf
17424,174.2399999999865,-inf
17425,174.2499999999865,-inf
17426,174.2599999999865,-inf
17427,174.26999999998648,-inf
17428,174.27999999998647,-inf
17429,174.28999999998646,-inf
17430,174.29999999998645,-inf
17431,174.30999999998645,-inf
17432,174.31999999998644,-inf
17433,174.32999999998643,-inf
17434,174.33999999998642,-inf
17435,174.3499999999864,-inf
17436,174.3599999999864,-inf
17437,174.3699999999864,-inf
17438,174.37999999998638,-inf
17439,174.38999999998637,-inf
17440,174.39999999998636,-inf
17441,174.40999999998635,-inf
17442,174.41999999998635,-inf
17443,174.42999999998634,-inf
17444,174.43999999998633,-inf
17445,174.44999999998632,-inf
17446,174.4599999999863,-inf
17447,174.4699999999863,-inf
17448,174.4799999999863,-inf
17449,174.48999999998628,-inf
17450,174.49999999998627,-inf
17451,174.50999999998626,-inf
17452,174.51999999998625,-inf
17453,174.52999999998625,-inf
17454,174.53999999998624,-inf
17455,174.54999999998623,-inf
17456,174.55999999998622,-inf
17457,174.5699999999862,-inf
17458,174.5799999999862,-inf
17459,174.5899999999862,-inf
17460,174.59999999998618,-inf
17461,174.60999999998617,-inf
17462,174.61999999998616,-inf
17463,174.62999999998615,-inf
17464,174.63999999998614,-inf
17465,174.64999999998614,-inf
17466,174.65999999998613,-inf
17467,174.66999999998612,-inf
17468,174.6799999999861,-inf
17469,174.6899999999861,-inf
17470,174.6999999999861,-inf
17471,174.70999999998608,-inf
17472,174.71999999998607,-inf
17473,174.72999999998606,-inf
17474,174.73999999998605,-inf
17475,174.74999999998604,-inf
17476,174.75999999998604,-inf
17477,174.76999999998603,-inf
17478,174.77999999998602,-inf
17479,174.789999999986,-inf
17480,174.799999999986,-inf
17481,174.809999999986,-inf
17482,174.81999999998598,-inf
17483,174.82999999998597,-inf
17484,174.83999999998596,-inf
17485,174.84999999998595,-inf
17486,174.85999999998594,-inf
17487,174.86999999998594,-inf
17488,174.87999999998593,-inf
17489,174.88999999998592,-inf
17490,174.8999999999859,-inf
17491,174.9099999999859,-inf
17492,174.9199999999859,-inf
17493,174.92999999998588,-inf
17494,174.93999999998587,-inf
17495,174.94999999998586,-inf
17496,174.95999999998585,-inf
17497,174.96999999998584,-inf
17498,174.97999999998584,-inf
17499,174.98999999998583,-inf
17500,174.99999999998582,-inf
17501,175.0099999999858,-inf
17502,175.0199999999858,-inf
17503,175.0299999999858,-inf
17504,175.03999999998578,-inf
17505,175.04999999998577,-inf
17506,175.05999999998576,-inf
17507,175.06999999998575,-inf
17508,175.07999999998574,-inf
17509,175.08999999998574,-inf
17510,175.09999999998573,-inf
17511,175.10999999998572,-inf
17512,175.1199999999857,-inf
17513,175.1299999999857,-inf
17514,175.1399999999857,-inf
17515,175.14999999998568,-inf
17516,175.15999999998567,-inf
17517,175.16999999998566,-inf
17518,175.17999999998565,-inf
17519,175.18999999998564,-inf
17520,175.19999999998564,-inf
17521,175.20999999998563,-inf
17522,175.21999999998562,-inf
17523,175.2299999999856,-inf
17524,175.2399999999856,-inf
17525,175.2499999999856,-inf
17526,175.25999999998558,-inf
17527,175.26999999998557,-inf
17528,175.27999999998556,-inf
17529,175.28999999998555,-inf
17530,175.29999999998554,-inf
17531,175.30999999998554,-inf
17532,175.31999999998553,-inf
17533,175.32999999998552,-inf
17534,175.3399999999855,-inf
17535,175.3499999999855,-inf
17536,175.3599999999855,-inf
17537,175.36999999998548,-inf
17538,175.37999999998547,-inf
17539,175.38999999998546,-inf
17540,175.39999999998545,-inf
17541,175.40999999998544,-inf
17542,175.41999999998544,-inf
17543,175.42999999998543,-inf
17544,175.43999999998542,-inf
17545,175.4499999999854,-inf
17546,175.4599999999854,-inf
17547,175.4699999999854,-inf
17548,175.47999999998538,-inf
17549,175.48999999998537,-inf
17550,175.49999999998536,-inf
17551,175.50999999998535,-inf
17552,175.51999999998534,-inf
17553,175.52999999998534,-inf
17554,175.53999999998533,-inf
17555,175.54999999998532,-inf
17556,175.5599999999853,-inf
17557,175.5699999999853,-inf
17558,175.5799999999853,-inf
17559,175.58999999998528,-inf
17560,175.59999999998527,-inf
17561,175.60999999998526,-inf
17562,175.61999999998525,-inf
17563,175.62999999998524,-inf
17564,175.63999999998524,-inf
17565,175.64999999998523,-inf
17566,175.65999999998522,-inf
17567,175.6699999999852,-inf
17568,175.6799999999852,-inf
17569,175.6899999999852,-inf
17570,175.69999999998518,-inf
17571,175.70999999998517,-inf
17572,175.71999999998516,-inf
17573,175.72999999998515,-inf
17574,175.73999999998514,-inf
17575,175.74999999998514,-inf
17576,175.75999999998513,-inf
17577,175.76999999998512,-inf
17578,175.7799999999851,-inf
17579,175.7899999999851,-inf
17580,175.7999999999851,-inf
17581,175.80999999998508,-inf
17582,175.81999999998507,-inf
17583,175.82999999998506,-inf
17584,175.83999999998505,-inf
17585,175.84999999998504,-inf
17586,175.85999999998504,-inf
17587,175.86999999998503,-inf
17588,175.87999999998502,-inf
17589,175.889999999985,-inf
17590,175.899999999985,-inf
17591,175.909999999985,-inf
17592,175.91999999998498,-inf
17593,175.92999999998497,-inf
17594,175.93999999998496,-inf
17595,175.94999999998495,-inf
17596,175.95999999998494,-inf
17597,175.96999999998494,-inf
17598,175.97999999998493,-inf
17599,175.98999999998492,-inf
17600,175.9999999999849,-inf
17601,176.0099999999849,-inf
17602,176.0199999999849,-inf
17603,176.02999999998488,-inf
17604,176.03999999998487,-inf
17605,176.04999999998486,-inf
17606,176.05999999998485,-inf
17607,176.06999999998484,-inf
17608,176.07999999998484,-inf
17609,176.08999999998483,-inf
17610,176.09999999998482,-inf
17611,176.1099999999848,-inf
17612,176.1199999999848,-inf
17613,176.1299999999848,-inf
17614,176.13999999998478,-inf
17615,176.14999999998477,-inf
17616,176.15999999998476,-inf
17617,176.16999999998475,-inf
17618,176.17999999998474,-inf
17619,176.18999999998474,-inf
17620,176.19999999998473,-inf
17621,176.20999999998472,-inf
17622,176.2199999999847,-inf
17623,176.2299999999847,-inf
17624,176.2399999999847,-inf
17625,176.24999999998468,-inf
17626,176.25999999998467,-inf
17627,176.26999999998466,-inf
17628,176.27999999998465,-inf
17629,176.28999999998464,-inf
17630,176.29999999998464,-inf
17631,176.30999999998463,-inf
17632,176.31999999998462,-inf
17633,176.3299999999846,-inf
17634,176.3399999999846,-inf
17635,176.3499999999846,-inf
17636,176.35999999998458,-inf
17637,176.36999999998457,-inf
17638,176.37999999998456,-inf
17639,176.38999999998455,-inf
17640,176.39999999998454,-inf
17641,176.40999999998454,-inf
17642,176.41999999998453,-inf
17643,176.42999999998452,-inf
17644,176.4399999999845,-inf
17645,176.4499999999845,-inf
17646,176.4599999999845,-inf
17647,176.46999999998448,-inf
17648,176.47999999998447,-inf
17649,176.48999999998446,-inf
17650,176.49999999998445,-inf
17651,176.50999999998444,-inf
17652,176.51999999998444,-inf
17653,176.52999999998443,-inf
17654,176.53999999998442,-inf
17655,176.5499999999844,-inf
17656,176.5599999999844,-inf
17657,176.5699999999844,-inf
17658,176.57999999998438,-inf
17659,176.58999999998437,-inf
17660,176.59999999998436,-inf
17661,176.60999999998435,-inf
17662,176.61999999998434,-inf
17663,176.62999999998434,-inf
17664,176.63999999998433,-inf
17665,176.64999999998432,-inf
17666,176.6599999999843,-inf
17667,176.6699999999843,-inf
17668,176.6799999999843,-inf
17669,176.68999999998428,-inf
17670,176.69999999998427,-inf
17671,176.70999999998426,-inf
17672,176.71999999998425,-inf
17673,176.72999999998424,-inf
17674,176.73999999998424,-inf
17675,176.74999999998423,-inf
17676,176.75999999998422,-inf
17677,176.7699999999842,-inf
17678,176.7799999999842,-inf
17679,176.7899999999842,-inf
17680,176.79999999998418,-inf
17681,176.80999999998417,-inf
17682,176.81999999998416,-inf
17683,176.82999999998415,-inf
17684,176.83999999998414,-inf
17685,176.84999999998414,-inf
17686,176.85999999998413,-inf
17687,176.86999999998412,-inf
17688,176.8799999999841,-inf
17689,176.8899999999841,-inf
17690,176.8999999999841,-inf
17691,176.90999999998408,-inf
17692,176.91999999998407,-inf
17693,176.92999999998406,-inf
17694,176.93999999998405,-inf
17695,176.94999999998404,-inf
17696,176.95999999998403,-inf
17697,176.96999999998403,-inf
17698,176.97999999998402,-inf
17699,176.989999999984,-inf
17700,176.999999999984,-inf
17701,177.009999999984,-inf
17702,177.01999999998398,-inf
17703,177.02999999998397,-inf
17704,177.03999999998396,-inf
17705,177.04999999998395,-inf
17706,177.05999999998394,-inf
17707,177.06999999998393,-inf
17708,177.07999999998393,-inf
17709,177.08999999998392,-inf
17710,177.0999999999839,-inf
17711,177.1099999999839,-inf
17712,177.1199999999839,-inf
17713,177.12999999998388,-inf
17714,177.13999999998387,-inf
17715,177.14999999998386,-inf
17716,177.15999999998385,-inf
17717,177.16999999998384,-inf
17718,177.17999999998383,-inf
17719,177.18999999998383,-inf
17720,177.19999999998382,-inf
17721,177.2099999999838,-inf
17722,177.2199999999838,-inf
17723,177.2299999999838,-inf
17724,177.23999999998378,-inf
17725,177.24999999998377,-inf
17726,177.25999999998376,-inf
17727,177.26999999998375,-inf
17728,177.27999999998374,-inf
17729,177.28999999998373,-inf
17730,177.29999999998373,-inf
17731,177.30999999998372,-inf
17732,177.3199999999837,-inf
17733,177.3299999999837,-inf
17734,177.3399999999837,-inf
17735,177.34999999998368,-inf
17736,177.35999999998367,-inf
17737,177.36999999998366,-inf
17738,177.37999999998365,-inf
17739,177.38999999998364,-inf
17740,177.39999999998363,-inf
17741,177.40999999998363,-inf
17742,177.41999999998362,-inf
17743,177.4299999999836,-inf
17744,177.4399999999836,-inf
17745,177.4499999999836,-inf
17746,177.45999999998358,-inf
17747,177.46999999998357,-inf
17748,177.47999999998356,-inf
17749,177.48999999998355,-inf
17750,177.49999999998354,-inf
17751,177.50999999998353,-inf
17752,177.51999999998353,-inf
17753,177.52999999998352,-inf
17754,177.5399999999835,-inf
17755,177.5499999999835,-inf
17756,177.5599999999835,-inf
17757,177.56999999998348,-inf
17758,177.57999999998347,-inf
17759,177.58999999998346,-inf
17760,177.59999999998345,-inf
17761,177.60999999998344,-inf
17762,177.61999999998343,-inf
17763,177.62999999998343,-inf
17764,177.63999999998342,-inf
17765,177.6499999999834,-inf
17766,177.6599999999834,-inf
17767,177.6699999999834,-inf
17768,177.67999999998338,-inf
17769,177.68999999998337,-inf
17770,177.69999999998336,-inf
17771,177.70999999998335,-inf
17772,177.71999999998334,-inf
17773,177.72999999998333,-inf
17774,177.73999999998333,-inf
17775,177.74999999998332,-inf
17776,177.7599999999833,-inf
17777,177.7699999999833,-inf
17778,177.7799999999833,-inf
17779,177.78999999998328,-inf
17780,177.79999999998327,-inf
17781,177.80999999998326,-inf
17782,177.81999999998325,-inf
17783,177.82999999998324,-inf
17784,177.83999999998323,-inf
17785,177.84999999998323,-inf
17786,177.85999999998322,-inf
17787,177.8699999999832,-inf
17788,177.8799999999832,-inf
17789,177.8899999999832,-inf
17790,177.89999999998318,-inf
17791,177.90999999998317,-inf
17792,177.91999999998316,-inf
17793,177.92999999998315,-inf
17794,177.93999999998314,-inf
17795,177.94999999998313,-inf
17796,177.95999999998313,-inf
17797,177.96999999998312,-inf
17798,177.9799999999831,-inf
17799,177.9899999999831,-inf
17800,177.9999999999831,-inf
17801,178.00999999998308,-inf
17802,178.01999999998307,-inf
17803,178.02999999998306,-inf
17804,178.03999999998305,-inf
17805,178.04999999998304,-inf
17806,178.05999999998303,-inf
17807,178.06999999998303,-inf
17808,178.07999999998302,-inf
17809,178.089999999983,-inf
17810,178.099999999983,-inf
17811,178.109999999983,-inf
17812,178.11999999998298,-inf
17813,178.12999999998297,-inf
17814,178.13999999998296,-inf
17815,178.14999999998295,-inf
17816,178.15999999998294,-inf
17817,178.16999999998293,-inf
17818,178.17999999998293,-inf
17819,178.18999999998292,-inf
17820,178.1999999999829,-inf
17821,178.2099999999829,-inf
17822,178.2199999999829,-inf
17823,178.22999999998288,-inf
17824,178.23999999998287,-inf
17825,178.24999999998286,-inf
17826,178.25999999998285,-inf
17827,178.26999999998284,-inf
17828,178.27999999998283,-inf
17829,178.28999999998283,-inf
17830,178.29999999998282,-inf
17831,178.3099999999828,-inf
17832,178.3199999999828,-inf
17833,178.3299999999828,-inf
17834,178.33999999998278,-inf
17835,178.34999999998277,-inf
17836,178.35999999998276,-inf
17837,178.36999999998275,-inf
17838,178.37999999998274,-inf
17839,178.38999999998273,-inf
17840,178.39999999998273,-inf
17841,178.40999999998272,-inf
17842,178.4199999999827,-inf
17843,178.4299999999827,-inf
17844,178.4399999999827,-inf
17845,178.44999999998268,-inf
17846,178.45999999998267,-inf
17847,178.46999999998266,-inf
17848,178.47999999998265,-inf
17849,178.48999999998264,-inf
17850,178.49999999998263,-inf
17851,178.50999999998263,-inf
17852,178.51999999998262,-inf
17853,178.5299999999826,-inf
17854,178.5399999999826,-inf
17855,178.5499999999826,-inf
17856,178.55999999998258,-inf
17857,178.56999999998257,-inf
17858,178.57999999998256,-inf
17859,178.58999999998255,-inf
17860,178.59999999998254,-inf
17861,178.60999999998253,-inf
17862,178.61999999998253,-inf
17863,178.62999999998252,-inf
17864,178.6399999999825,-inf
17865,178.6499999999825,-inf
17866,178.6599999999825,-inf
17867,178.66999999998248,-inf
17868,178.67999999998247,-inf
17869,178.68999999998246,-inf
17870,178.69999999998245,-inf
17871,178.70999999998244,-inf
17872,178.71999999998243,-inf
17873,178.72999999998243,-inf
17874,178.73999999998242,-inf
17875,178.7499999999824,-inf
17876,178.7599999999824,-inf
17877,178.7699999999824,-inf
17878,178.77999999998238,-inf
17879,178.78999999998237,-inf
17880,178.79999999998236,-inf
17881,178.80999999998235,-inf
17882,178.81999999998234,-inf
17883,178.82999999998233,-inf
17884,178.83999999998233,-inf
17885,178.84999999998232,-inf
17886,178.8599999999823,-inf
17887,178.8699999999823,-inf
17888,178.8799999999823,-inf
17889,178.88999999998228,-inf
17890,178.89999999998227,-inf
17891,178.90999999998226,-inf
17892,178.91999999998225,-inf
17893,178.92999999998224,-inf
17894,178.93999999998223,-inf
17895,178.94999999998223,-inf
17896,178.95999999998222,-inf
17897,178.9699999999822,-inf
17898,178.9799999999822,-inf
17899,178.9899999999822,-inf
17900,178.99999999998218,-inf
17901,179.00999999998217,-inf
17902,179.01999999998216,-inf
17903,179.02999999998215,-inf
17904,179.03999999998214,-inf
17905,179.04999999998213,-inf
17906,179.05999999998213,-inf
17907,179.06999999998212,-inf
17908,179.0799999999821,-inf
17909,179.0899999999821,-inf
17910,179.0999999999821,-inf
17911,179.10999999998208,-inf
17912,179.11999999998207,-inf
17913,179.12999999998206,-inf
17914,179.13999999998205,-inf
17915,179.14999999998204,-inf
17916,179.15999999998203,-inf
17917,179.16999999998202,-inf
17918,179.17999999998202,-inf
17919,179.189999999982,-inf
17920,179.199999999982,-inf
17921,179.209999999982,-inf
17922,179.21999999998198,-inf
17923,179.22999999998197,-inf
17924,179.23999999998196,-inf
17925,179.24999999998195,-inf
17926,179.25999999998194,-inf
17927,179.26999999998193,-inf
17928,179.27999999998192,-inf
17929,179.28999999998192,-inf
17930,179.2999999999819,-inf
17931,179.3099999999819,-inf
17932,179.3199999999819,-inf
17933,179.32999999998188,-inf
17934,179.33999999998187,-inf
17935,179.34999999998186,-inf
17936,179.35999999998185,-inf
17937,179.36999999998184,-inf
17938,179.37999999998183,-inf
17939,179.38999999998182,-inf
17940,179.39999999998182,-inf
17941,179.4099999999818,-inf
17942,179.4199999999818,-inf
17943,179.4299999999818,-inf
17944,179.43999999998178,-inf
17945,179.44999999998177,-inf
17946,179.45999999998176,-inf
17947,179.46999999998175,-inf
17948,179.47999999998174,-inf
17949,179.48999999998173,-inf
17950,179.49999999998172,-inf
17951,179.50999999998172,-inf
17952,179.5199999999817,-inf
17953,179.5299999999817,-inf
17954,179.5399999999817,-inf
17955,179.54999999998168,-inf
17956,179.55999999998167,-inf
17957,179.56999999998166,-inf
17958,179.57999999998165,-inf
17959,179.58999999998164,-inf
17960,179.59999999998163,-inf
17961,179.60999999998162,-inf
17962,179.61999999998162,-inf
17963,179.6299999999816,-inf
17964,179.6399999999816,-inf
17965,179.6499999999816,-inf
17966,179.65999999998158,-inf
17967,179.66999999998157,-inf
17968,179.67999999998156,-inf
17969,179.68999999998155,-inf
17970,179.69999999998154,-inf
17971,179.70999999998153,-inf
17972,179.71999999998152,-inf
17973,179.72999999998152,-inf
17974,179.7399999999815,-inf
17975,179.7499999999815,-inf
17976,179.7599999999815,-inf
17977,179.76999999998148,-inf
17978,179.77999999998147,-inf
17979,179.78999999998146,-inf
17980,179.79999999998145,-inf
17981,179.80999999998144,-inf
17982,179.81999999998143,-inf
17983,179.82999999998142,-inf
17984,179.83999999998142,-inf
17985,179.8499999999814,-inf
17986,179.8599999999814,-inf
17987,179.8699999999814,-inf
17988,179.87999999998138,-inf
17989,179.88999999998137,-inf
17990,179.89999999998136,-inf
17991,179.90999999998135,-inf
17992,179.91999999998134,-inf
17993,179.92999999998133,-inf
17994,179.93999999998132,-inf
17995,179.94999999998132,-inf
17996,179.9599999999813,-inf
17997,179.9699999999813,-inf
17998,179.9799999999813,-inf
17999,179.98999999998128,-inf
18000,179.99999999998127,-inf
18001,180.00999999998126,-inf
18002,180.01999999998125,-inf
18003,180.02999999998124,-inf
18004,180.03999999998123,-inf
18005,180.04999999998122,-inf
18006,180.05999999998122,-inf
18007,180.0699999999812,-inf
18008,180.0799999999812,-inf
18009,180.0899999999812,-inf
18010,180.09999999998118,-inf
18011,180.10999999998117,-inf
18012,180.11999999998116,-inf
18013,180.12999999998115,-inf
18014,180.13999999998114,-inf
18015,180.14999999998113,-inf
18016,180.15999999998112,-inf
18017,180.16999999998112,-inf
18018,180.1799999999811,-inf
18019,180.1899999999811,-inf
18020,180.1999999999811,-inf
18021,180.20999999998108,-inf
18022,180.21999999998107,-inf
18023,180.22999999998106,-inf
18024,180.23999999998105,-inf
18025,180.24999999998104,-inf
18026,180.25999999998103,-inf
18027,180.26999999998102,-inf
18028,180.27999999998102,-inf
18029,180.289999999981,-inf
18030,180.299999999981,-inf
18031,180.309999999981,-inf
18032,180.31999999998098,-inf
18033,180.32999999998097,-inf
18034,180.33999999998096,-inf
18035,180.34999999998095,-inf
18036,180.35999999998094,-inf
18037,180.36999999998093,-inf
18038,180.37999999998092,-inf
18039,180.38999999998092,-inf
18040,180.3999999999809,-inf
18041,180.4099999999809,-inf
18042,180.4199999999809,-inf
18043,180.42999999998088,-inf
18044,180.43999999998087,-inf
18045,180.44999999998086,-inf
18046,180.45999999998085,-inf
18047,180.46999999998084,-inf
18048,180.47999999998083,-inf
18049,180.48999999998082,-inf
18050,180.49999999998082,-inf
18051,180.5099999999808,-inf
18052,180.5199999999808,-inf
18053,180.5299999999808,-inf
18054,180.53999999998078,-inf
18055,180.54999999998077,-inf
18056,180.55999999998076,-inf
18057,180.56999999998075,-inf
18058,180.57999999998074,-inf
18059,180.58999999998073,-inf
18060,180.59999999998072,-inf
18061,180.60999999998072,-inf
18062,180.6199999999807,-inf
18063,180.6299999999807,-inf
18064,180.6399999999807,-inf
18065,180.64999999998068,-inf
18066,180.65999999998067,-inf
18067,180.66999999998066,-inf
18068,180.67999999998065,-inf
18069,180.68999999998064,-inf
18070,180.69999999998063,-inf
18071,180.70999999998062,-inf
18072,180.71999999998062,-inf
18073,180.7299999999806,-inf
18074,180.7399999999806,-inf
18075,180.7499999999806,-inf
18076,180.75999999998058,-inf
18077,180.76999999998057,-inf
18078,180.77999999998056,-inf
18079,180.78999999998055,-inf
18080,180.79999999998054,-inf
18081,180.80999999998053,-inf
18082,180.81999999998052,-inf
18083,180.82999999998052,-inf
18084,180.8399999999805,-inf
18085,180.8499999999805,-inf
18086,180.8599999999805,-inf
18087,180.86999999998048,-inf
18088,180.87999999998047,-inf
18089,180.88999999998046,-inf
18090,180.89999999998045,-inf
18091,180.90999999998044,-inf
18092,180.91999999998043,-inf
18093,180.92999999998042,-inf
18094,180.93999999998042,-inf
18095,180.9499999999804,-inf
18096,180.9599999999804,-inf
18097,180.9699999999804,-inf
18098,180.97999999998038,-inf
18099,180.98999999998037,-inf
18100,180.99999999998036,-inf
18101,181.00999999998035,-inf
18102,181.01999999998034,-inf
18103,181.02999999998033,-inf
18104,181.03999999998032,-inf
18105,181.04999999998032,-inf
18106,181.0599999999803,-inf
18107,181.0699999999803,-inf
18108,181.0799999999803,-inf
18109,181.08999999998028,-inf
18110,181.09999999998027,-inf
18111,181.10999999998026,-inf
18112,181.11999999998025,-inf
18113,181.12999999998024,-inf
18114,181.13999999998023,-inf
18115,181.14999999998022,-inf
18116,181.15999999998022,-inf
18117,181.1699999999802,-inf
18118,181.1799999999802,-inf
18119,181.1899999999802,-inf
18120,181.19999999998018,-inf
18121,181.20999999998017,-inf
18122,181.21999999998016,-inf
18123,181.22999999998015,-inf
18124,181.23999999998014,-inf
18125,181.24999999998013,-inf
18126,181.25999999998012,-inf
18127,181.26999999998012,-inf
18128,181.2799999999801,-inf
18129,181.2899999999801,-inf
18130,181.2999999999801,-inf
18131,181.30999999998008,-inf
18132,181.31999999998007,-inf
18133,181.32999999998006,-inf
18134,181.33999999998005,-inf
18135,181.34999999998004,-inf
18136,181.35999999998003,-inf
18137,181.36999999998002,-inf
18138,181.37999999998001,-inf
18139,181.38999999998,-inf
18140,181.39999999998,-inf
18141,181.40999999998,-inf
18142,181.41999999997998,-inf
18143,181.42999999997997,-inf
18144,181.43999999997996,-inf
18145,181.44999999997995,-inf
18146,181.45999999997994,-inf
18147,181.46999999997993,-inf
18148,181.47999999997992,-inf
18149,181.48999999997991,-inf
18150,181.4999999999799,-inf
18151,181.5099999999799,-inf
18152,181.5199999999799,-inf
18153,181.52999999997988,-inf
18154,181.53999999997987,-inf
18155,181.54999999997986,-inf
18156,181.55999999997985,-inf
18157,181.56999999997984,-inf
18158,181.57999999997983,-inf
18159,181.58999999997982,-inf
18160,181.59999999997981,-inf
18161,181.6099999999798,-inf
18162,181.6199999999798,-inf
18163,181.6299999999798,-inf
18164,181.63999999997978,-inf
18165,181.64999999997977,-inf
18166,181.65999999997976,-inf
18167,181.66999999997975,-inf
18168,181.67999999997974,-inf
18169,181.68999999997973,-inf
18170,181.69999999997972,-inf
18171,181.70999999997971,-inf
18172,181.7199999999797,-inf
18173,181.7299999999797,-inf
18174,181.7399999999797,-inf
18175,181.74999999997968,-inf
18176,181.75999999997967,-inf
18177,181.76999999997966,-inf
18178,181.77999999997965,-inf
18179,181.78999999997964,-inf
18180,181.79999999997963,-inf
18181,181.80999999997962,-inf
18182,181.81999999997961,-inf
18183,181.8299999999796,-inf
18184,181.8399999999796,-inf
18185,181.8499999999796,-inf
18186,181.85999999997958,-inf
18187,181.86999999997957,-inf
18188,181.87999999997956,-inf
18189,181.88999999997955,-inf
18190,181.89999999997954,-inf
18191,181.90999999997953,-inf
18192,181.91999999997952,-inf
18193,181.92999999997951,-inf
18194,181.9399999999795,-inf
18195,181.9499999999795,-inf
18196,181.9599999999795,-inf
18197,181.96999999997948,-inf
18198,181.97999999997947,-inf
18199,181.98999999997946,-inf
18200,181.99999999997945,-inf
18201,182.00999999997944,-inf
18202,182.01999999997943,-inf
18203,182.02999999997942,-inf
18204,182.03999999997941,-inf
18205,182.0499999999794,-inf
18206,182.0599999999794,-inf
18207,182.0699999999794,-inf
18208,182.07999999997938,-inf
18209,182.08999999997937,-inf
18210,182.09999999997936,-inf
18211,182.10999999997935,-inf
18212,182.11999999997934,-inf
18213,182.12999999997933,-inf
18214,182.13999999997932,-inf
18215,182.14999999997931,-inf
18216,182.1599999999793,-inf
18217,182.1699999999793,-inf
18218,182.1799999999793,-inf
18219,182.18999999997928,-inf
18220,182.19999999997927,-inf
18221,182.20999999997926,-inf
18222,182.21999999997925,-inf
18223,182.22999999997924,-inf
18224,182.23999999997923,-inf
18225,182.24999999997922,-inf
18226,182.25999999997921,-inf
18227,182.2699999999792,-inf
18228,182.2799999999792,-inf
18229,182.2899999999792,-inf
18230,182.29999999997918,-inf
18231,182.30999999997917,-inf
18232,182.31999999997916,-inf
