,sojourn_time,cdf
0,0.0,0.0
1,0.01,0.0033613097626175037
2,0.02,0.006715500850868583
3,0.03,0.010062531807380815
4,0.04,0.01340236219368729
5,0.05,0.016734952574561146
6,0.060000000000000005,0.020060264502583913
7,0.07,0.023378260502948445
8,0.08,0.026688904058490115
9,0.09,0.029992159594948054
10,0.09999999999999999,0.03328799246644554
11,0.10999999999999999,0.036576368941186765
12,0.11999999999999998,0.03985725618737612
13,0.12999999999999998,0.043130622259343054
14,0.13999999999999999,0.04639643608388133
15,0.15,0.049654667446783596
16,0.16,0.05290528697959007
17,0.17,0.056148266146529124
18,0.18000000000000002,0.05938357723165233
19,0.19000000000000003,0.06261119332616538
20,0.20000000000000004,0.06583108831595008
21,0.21000000000000005,0.0690432368692635
22,0.22000000000000006,0.07224761442463323
23,0.23000000000000007,0.07544419717892503
24,0.24000000000000007,0.07863296207558779
25,0.25000000000000006,0.08181388679307933
26,0.26000000000000006,0.08498694973345866
27,0.2700000000000001,0.08815213001114974
28,0.2800000000000001,0.09130940744187299
29,0.2900000000000001,0.09445876253174124
30,0.3000000000000001,0.09760017646651264
31,0.3100000000000001,0.10073363110101063
32,0.3200000000000001,0.1038591089486911
33,0.3300000000000001,0.10697659317137287
34,0.34000000000000014,0.11008606756911454
35,0.35000000000000014,0.11318751657023929
36,0.36000000000000015,0.11628092522151323
37,0.37000000000000016,0.11936627917846054
38,0.38000000000000017,0.12244356469582818
39,0.3900000000000002,0.12551276861818694
40,0.4000000000000002,0.1285738783706709
41,0.4100000000000002,0.13162688194985228
42,0.4200000000000002,0.13467176791475477
43,0.4300000000000002,0.13770852537799338
44,0.4400000000000002,0.14073714399704385
45,0.45000000000000023,0.1437576139656458
46,0.46000000000000024,0.14676992600532524
47,0.47000000000000025,0.1497740713570448
48,0.48000000000000026,0.15277004177297393
49,0.49000000000000027,0.1557578295083809
50,0.5000000000000002,0.15873742731364004
51,0.5100000000000002,0.16170882842636125
52,0.5200000000000002,0.16467202656362667
53,0.5300000000000002,0.1676270159143476
54,0.5400000000000003,0.17057379113172588
55,0.5500000000000003,0.17351234732582987
56,0.5600000000000003,0.17644268005627695
57,0.5700000000000003,0.17936478532502065
58,0.5800000000000003,0.18227865956924416
59,0.5900000000000003,0.18518429965435512
60,0.6000000000000003,0.18808170286708548
61,0.6100000000000003,0.19097086690868448
62,0.6200000000000003,0.19385178988821994
63,0.6300000000000003,0.1967244703159654
64,0.6400000000000003,0.19958890709689214
65,0.6500000000000004,0.20244509952424794
66,0.6600000000000004,0.20529304727323527
67,0.6700000000000004,0.20813275039477497
68,0.6800000000000004,0.21096420930936266
69,0.6900000000000004,0.21378742480101176
70,0.7000000000000004,0.21660239801128778
71,0.7100000000000004,0.21940913043342336
72,0.7200000000000004,0.2222076239065207
73,0.7300000000000004,0.22499788060983772
74,0.7400000000000004,0.22777990305715445
75,0.7500000000000004,0.23055369409122073
76,0.7600000000000005,0.23331925687828714
77,0.7700000000000005,0.23607659490270705
78,0.7800000000000005,0.23882571196162505
79,0.7900000000000005,0.2415666121597313
80,0.8000000000000005,0.24429929990410248
81,0.8100000000000005,0.24702377989910695
82,0.8200000000000005,0.2497400571413867
83,0.8300000000000005,0.25244813691491264
84,0.8400000000000005,0.25514802478610676
85,0.8500000000000005,0.25783972659903753
86,0.8600000000000005,0.2605232484706822
87,0.8700000000000006,0.2631985967862561
88,0.8800000000000006,0.26586577819461077
89,0.8900000000000006,0.2685247996036947
90,0.9000000000000006,0.2711756681760821
91,0.9100000000000006,0.27381839132456476
92,0.9200000000000006,0.27645297670780244
93,0.9300000000000006,0.2790794322260417
94,0.9400000000000006,0.281697766016891
95,0.9500000000000006,0.2843079864511594
96,0.9600000000000006,0.28691010212874934
97,0.9700000000000006,0.2895041218746144
98,0.9800000000000006,0.29209005473477
99,0.9900000000000007,0.29466790997236225
100,1.0000000000000007,0.29723769706379133
101,1.0100000000000007,0.2997994256948938
102,1.0200000000000007,0.3023531057571738
103,1.0300000000000007,0.3048987473440925
104,1.0400000000000007,0.30743636074740743
105,1.0500000000000007,0.3099659564535643
106,1.0600000000000007,0.3124875451401412
107,1.0700000000000007,0.3150011376723404
108,1.0800000000000007,0.31750674509953514
109,1.0900000000000007,0.32000437865186127
110,1.1000000000000008,0.3224940497368547
111,1.1100000000000008,0.32497576993614463
112,1.1200000000000008,0.32744955100218676
113,1.1300000000000008,0.3299154048550459
114,1.1400000000000008,0.33237334357922244
115,1.1500000000000008,0.3348233794205252
116,1.1600000000000008,0.33726552478298966
117,1.1700000000000008,0.33969979222583624
118,1.1800000000000008,0.3421261944604752
119,1.1900000000000008,0.3445447443475519
120,1.2000000000000008,0.3469554548940357
121,1.2100000000000009,0.3493583392503481
122,1.2200000000000009,0.35175341070753263
123,1.2300000000000009,0.3541406826944662
124,1.2400000000000009,0.35652016877510684
125,1.2500000000000009,0.35889188264578364
126,1.260000000000001,0.3612558381325225
127,1.270000000000001,0.36361204918841195
128,1.280000000000001,0.3659605298910047
129,1.290000000000001,0.36830129443975845
130,1.300000000000001,0.370634357153506
131,1.310000000000001,0.37295973246797454
132,1.320000000000001,0.37527743493332466
133,1.330000000000001,0.37758747921173663
134,1.340000000000001,0.37988988007502245
135,1.350000000000001,0.3821846524022794
136,1.360000000000001,0.38447181117756735
137,1.370000000000001,0.38675137148762995
138,1.380000000000001,0.3890233485196388
139,1.390000000000001,0.3912877575589775
140,1.400000000000001,0.3935446139870479
141,1.410000000000001,0.3957939332791187
142,1.420000000000001,0.3980357310021948
143,1.430000000000001,0.4002700228129238
144,1.440000000000001,0.4024968244555275
145,1.450000000000001,0.40471615175976594
146,1.460000000000001,0.40692802063892874
147,1.470000000000001,0.409132447087857
148,1.480000000000001,0.41132944718099074
149,1.490000000000001,0.4135190370704461
150,1.500000000000001,0.41570123298411843
151,1.5100000000000011,0.41787605122381644
152,1.5200000000000011,0.4200435081634155
153,1.5300000000000011,0.4222036202470445
154,1.5400000000000011,0.4243564039872977
155,1.5500000000000012,0.4265018759634651
156,1.5600000000000012,0.4286400528197981
157,1.5700000000000012,0.4307709512637944
158,1.5800000000000012,0.4328945880645054
159,1.5900000000000012,0.4350109800508759
160,1.6000000000000012,0.4371201441100967
161,1.6100000000000012,0.43922209718599203
162,1.6200000000000012,0.4413168562774209
163,1.6300000000000012,0.44340443843670807
164,1.6400000000000012,0.44548486076809246
165,1.6500000000000012,0.4475581404262021
166,1.6600000000000013,0.44962429461454856
167,1.6700000000000013,0.4516833405840436
168,1.6800000000000013,0.45373529563153747
169,1.6900000000000013,0.45578017709837837
170,1.7000000000000013,0.4578180023689924
171,1.7100000000000013,0.4598487888694849
172,1.7200000000000013,0.46187255406625893
173,1.7300000000000013,0.4638893154646613
174,1.7400000000000013,0.46589909060763657
175,1.7500000000000013,0.46790189707441354
176,1.7600000000000013,0.4698977524791992
177,1.7700000000000014,0.4718866744699003
178,1.7800000000000014,0.47386868072685906
179,1.7900000000000014,0.47584378896160917
180,1.8000000000000014,0.4778120169156478
181,1.8100000000000014,0.4797733823592275
182,1.8200000000000014,0.4817279030901668
183,1.8300000000000014,0.4836755969326748
184,1.8400000000000014,0.485616481736195
185,1.8500000000000014,0.48755057537426727
186,1.8600000000000014,0.48947789574340506
187,1.8700000000000014,0.4913984607619881
188,1.8800000000000014,0.4933122883691734
189,1.8900000000000015,0.4952193965238215
190,1.9000000000000015,0.49711980320343974
191,1.9100000000000015,0.49901352640313756
192,1.9200000000000015,0.5009005841346036
193,1.9300000000000015,0.50278099442509
194,1.9400000000000015,0.5046547753164189
195,1.9500000000000015,0.5065219448640006
196,1.9600000000000015,0.5083825211358647
197,1.9700000000000015,0.5102365222117099
198,1.9800000000000015,0.5120839661819645
199,1.9900000000000015,0.5139248711468616
200,2.0000000000000013,0.5157592552155312
201,2.010000000000001,0.5175871365051006
202,2.020000000000001,0.5194085331398122
203,2.0300000000000007,0.5212234632501553
204,2.0400000000000005,0.5230319449720064
205,2.0500000000000003,0.5248339964457895
206,2.06,0.5266296358156397
207,2.07,0.5284188812285899
208,2.0799999999999996,0.5302017508337635
209,2.0899999999999994,0.5319782627815783
210,2.099999999999999,0.5337484352229693
211,2.109999999999999,0.5355122863086159
212,2.1199999999999988,0.5372698341881847
213,2.1299999999999986,0.5390210970095854
214,2.1399999999999983,0.5407660929182343
215,2.149999999999998,0.5425048400563326
216,2.159999999999998,0.5442373565621523
217,2.1699999999999977,0.5459636605693383
218,2.1799999999999975,0.5476837702062157
219,2.1899999999999973,0.5493977035951119
220,2.199999999999997,0.5511054788516875
221,2.209999999999997,0.5528071140842779
222,2.2199999999999966,0.5545026273932467
223,2.2299999999999964,0.5561920368703464
224,2.239999999999996,0.5578753605980915
225,2.249999999999996,0.5595526166491407
226,2.259999999999996,0.5612238230856902
227,2.2699999999999956,0.5628889979588733
228,2.2799999999999954,0.5645481593081736
229,2.289999999999995,0.5662013251608446
230,2.299999999999995,0.5678485135313415
231,2.3099999999999947,0.5694897424207577
232,2.3199999999999945,0.571125029816275
233,2.3299999999999943,0.5727543936906214
234,2.339999999999994,0.574377852001535
235,2.349999999999994,0.5759954226912398
236,2.3599999999999937,0.5776071236859297
237,2.3699999999999934,0.5792129728952591
238,2.3799999999999932,0.5808129882118428
239,2.389999999999993,0.5824071875107668
240,2.399999999999993,0.5839955886491014
241,2.4099999999999926,0.5855782094654278
242,2.4199999999999924,0.58715506777937
243,2.429999999999992,0.5887261813911362
244,2.439999999999992,0.5902915680810639
245,2.4499999999999917,0.5918512456091789
246,2.4599999999999915,0.5934052317147556
247,2.4699999999999913,0.5949535441158902
248,2.479999999999991,0.5964962005090759
249,2.489999999999991,0.5980332185687898
250,2.4999999999999907,0.5995646159470845
251,2.5099999999999905,0.6010904102731872
252,2.5199999999999902,0.6026106191531058
253,2.52999999999999,0.6041252601692428
254,2.53999999999999,0.6056343508800139
255,2.5499999999999896,0.6071379088194748
256,2.5599999999999894,0.608635951496955
257,2.569999999999989,0.6101284963966962
258,2.579999999999989,0.6116155609774996
259,2.5899999999999888,0.6130971626723756
260,2.5999999999999885,0.6145733188882061
261,2.6099999999999883,0.6160440470054056
262,2.619999999999988,0.6175093643775945
263,2.629999999999988,0.618969288331274
264,2.6399999999999877,0.6204238361655106
265,2.6499999999999875,0.6218730251516218
266,2.6599999999999873,0.6233168725328742
267,2.669999999999987,0.6247553955241802
268,2.679999999999987,0.6261886113118051
269,2.6899999999999866,0.627616537053078
270,2.6999999999999864,0.6290391898761081
271,2.709999999999986,0.6304565868795073
272,2.719999999999986,0.6318687451321159
273,2.7299999999999858,0.6332756816727386
274,2.7399999999999856,0.6346774135098776
275,2.7499999999999853,0.6360739576214791
276,2.759999999999985,0.6374653309546798
277,2.769999999999985,0.6388515504255596
278,2.7799999999999847,0.6402326329189001
279,2.7899999999999845,0.6416085952879466
280,2.7999999999999843,0.6429794543541762
281,2.809999999999984,0.6443452269070689
282,2.819999999999984,0.6457059297038852
283,2.8299999999999836,0.6470615794694488
284,2.8399999999999834,0.6484121928959288
285,2.849999999999983,0.6497577866426345
286,2.859999999999983,0.6510983773358078
287,2.869999999999983,0.6524339815684219
288,2.8799999999999826,0.6537646158999864
289,2.8899999999999824,0.6550902968563552
290,2.899999999999982,0.6564110409295365
291,2.909999999999982,0.657726864577511
292,2.9199999999999817,0.6590377842240497
293,2.9299999999999815,0.6603438162585418
294,2.9399999999999813,0.661644977035818
295,2.949999999999981,0.6629412828759875
296,2.959999999999981,0.6642327500642697
297,2.9699999999999807,0.6655193948508363
298,2.9799999999999804,0.6668012334506549
299,2.9899999999999802,0.6680782820433352
300,2.99999999999998,0.66935055677298
301,3.00999999999998,0.6706180737480404
302,3.0199999999999796,0.671880849041173
303,3.0299999999999794,0.6731388986891025
304,3.039999999999979,0.6743922386924863
305,3.049999999999979,0.6756408850157816
306,3.0599999999999787,0.6768848535871193
307,3.0699999999999785,0.6781241602981789
308,3.0799999999999783,0.6793588210040651
309,3.089999999999978,0.6805888515231923
310,3.099999999999978,0.6818142676371662
311,3.1099999999999777,0.6830350850906752
312,3.1199999999999775,0.68425131959138
313,3.1299999999999772,0.685462986809807
314,3.139999999999977,0.6866701023792463
315,3.149999999999977,0.6878726818956542
316,3.1599999999999766,0.6890707409175514
317,3.1699999999999764,0.6902642949659346
318,3.179999999999976,0.6914533595241814
319,3.189999999999976,0.6926379500379642
320,3.1999999999999758,0.6938180819151641
321,3.2099999999999755,0.694993770525789
322,3.2199999999999753,0.6961650312018928
323,3.229999999999975,0.6973318792374983
324,3.239999999999975,0.6984943298885224
325,3.2499999999999747,0.6996523983727054
326,3.2599999999999745,0.7008060998695407
327,3.2699999999999743,0.7019554495202063
328,3.279999999999974,0.7031004624275039
329,3.289999999999974,0.7042411536557938
330,3.2999999999999736,0.7053775382309375
331,3.3099999999999734,0.7065096311402389
332,3.319999999999973,0.7076374473323914
333,3.329999999999973,0.7087610017174237
334,3.3399999999999728,0.7098803091666508
335,3.3499999999999726,0.7109953845126263
336,3.3599999999999723,0.7121062425490958
337,3.369999999999972,0.7132128980309544
338,3.379999999999972,0.7143153656742054
339,3.3899999999999717,0.7154136601559209
340,3.3999999999999715,0.7165077961142046
341,3.4099999999999713,0.7175977881481584
342,3.419999999999971,0.7186836508178472
343,3.429999999999971,0.7197653986442702
344,3.4399999999999706,0.720843046109331
345,3.4499999999999704,0.7219166076558119
346,3.45999999999997,0.7229860976873469
347,3.46999999999997,0.7240515305684014
348,3.47999999999997,0.7251129206242486
349,3.4899999999999696,0.7261702821409526
350,3.4999999999999694,0.7272236293653496
351,3.509999999999969,0.7282729765050319
352,3.519999999999969,0.7293183377283359
353,3.5299999999999687,0.7303597271643283
354,3.5399999999999685,0.7313971589027972
355,3.5499999999999683,0.7324306469942422
356,3.559999999999968,0.7334602054498689
357,3.569999999999968,0.7344858482415817
358,3.5799999999999677,0.7355075893019825
359,3.5899999999999674,0.7365254425243677
360,3.5999999999999672,0.7375394217627265
361,3.609999999999967,0.7385495408317435
362,3.619999999999967,0.7395558135068028
363,3.6299999999999666,0.7405582535239889
364,3.6399999999999664,0.7415568745800932
365,3.649999999999966,0.7425516903326241
366,3.659999999999966,0.7435427143998125
367,3.6699999999999657,0.7445299603606228
368,3.6799999999999655,0.7455134417547654
369,3.6899999999999653,0.7464931720827068
370,3.699999999999965,0.7474691648056877
371,3.709999999999965,0.7484414333457351
372,3.7199999999999647,0.7494099910856821
373,3.7299999999999645,0.7503748513691837
374,3.7399999999999642,0.751336027500737
375,3.749999999999964,0.7522935327457034
376,3.759999999999964,0.753247380330329
377,3.7699999999999636,0.7541975834417688
378,3.7799999999999634,0.7551441552281095
379,3.789999999999963,0.7560871087983987
380,3.799999999999963,0.7570264572226674
381,3.8099999999999627,0.7579622135319615
382,3.8199999999999625,0.758894390718369
383,3.8299999999999623,0.7598230017350505
384,3.839999999999962,0.760748059496272
385,3.849999999999962,0.7616695768774354
386,3.8599999999999617,0.7625875667151132
387,3.8699999999999615,0.7635020418070831
388,3.8799999999999613,0.7644130149123631
389,3.889999999999961,0.7653204987512485
390,3.899999999999961,0.7662245060053494
391,3.9099999999999606,0.7671250493176297
392,3.9199999999999604,0.7680221412924461
393,3.92999999999996,0.7689157944955896
394,3.93999999999996,0.7698060214543259
395,3.9499999999999598,0.7706928346574391
396,3.9599999999999596,0.7715762465552733
397,3.9699999999999593,0.7724562695597795
398,3.979999999999959,0.7733329160445584
399,3.989999999999959,0.7742061983449073
400,3.9999999999999587,0.7750761287578669
401,4.009999999999959,0.7759427195422695
402,4.019999999999959,0.7768059829187867
403,4.0299999999999585,0.7776659310699796
404,4.039999999999958,0.7785225761403483
405,4.049999999999958,0.779375930236383
406,4.059999999999958,0.7802260054266164
407,4.069999999999958,0.7810728137416754
408,4.079999999999957,0.7819163671743343
409,4.089999999999957,0.7827566776795692
410,4.099999999999957,0.783593757174613
411,4.109999999999957,0.7844276175390097
412,4.119999999999957,0.7852582706146717
413,4.129999999999956,0.7860857282059358
414,4.139999999999956,0.786910002079621
415,4.149999999999956,0.7877311039650865
416,4.159999999999956,0.788549045554291
417,4.1699999999999555,0.7893638385018507
418,4.179999999999955,0.7901754944251012
419,4.189999999999955,0.7909840249041571
420,4.199999999999955,0.791789441481973
421,4.209999999999955,0.7925917556644063
422,4.2199999999999545,0.7933909789202792
423,4.229999999999954,0.7941871226814409
424,4.239999999999954,0.7949801983428331
425,4.249999999999954,0.7957702172625523
426,4.259999999999954,0.7965571907619149
427,4.269999999999953,0.7973411301255238
428,4.279999999999953,0.798122046601332
429,4.289999999999953,0.7988999514007101
430,4.299999999999953,0.7996748556985132
431,4.3099999999999525,0.8004467706331473
432,4.319999999999952,0.8012157073066379
433,4.329999999999952,0.8019816767846972
434,4.339999999999952,0.8027446900967941
435,4.349999999999952,0.8035047582362219
436,4.3599999999999515,0.804261892160169
437,4.369999999999951,0.8050161027897877
438,4.379999999999951,0.8057674010102662
439,4.389999999999951,0.8065157976708981
440,4.399999999999951,0.8072613035851541
441,4.40999999999995,0.8080039295307542
442,4.41999999999995,0.8087436862497386
443,4.42999999999995,0.8094805844485411
444,4.43999999999995,0.8102146347980617
445,4.4499999999999496,0.8109458479337397
446,4.459999999999949,0.8116742344556266
447,4.469999999999949,0.8123998049284618
448,4.479999999999949,0.8131225698817448
449,4.489999999999949,0.8138425398098108
450,4.4999999999999485,0.814559725171906
451,4.509999999999948,0.8152741363922618
452,4.519999999999948,0.8159857838601707
453,4.529999999999948,0.816694677930063
454,4.539999999999948,0.8174008289215818
455,4.549999999999947,0.8181042471196601
456,4.559999999999947,0.8188049427745976
457,4.569999999999947,0.819502926102137
458,4.579999999999947,0.8201982072835424
459,4.589999999999947,0.8208907964656761
460,4.599999999999946,0.8215807037610763
461,4.609999999999946,0.8222679392480357
462,4.619999999999946,0.8229525129706794
463,4.629999999999946,0.823634434939044
464,4.6399999999999455,0.8243137151291556
465,4.649999999999945,0.8249903634831102
466,4.659999999999945,0.8256643899091503
467,4.669999999999945,0.8263358042817478
468,4.679999999999945,0.8270046164416809
469,4.689999999999944,0.8276708361961153
470,4.699999999999944,0.8283344733186842
471,4.709999999999944,0.8289955375495677
472,4.719999999999944,0.8296540385955742
473,4.729999999999944,0.830309986130221
474,4.739999999999943,0.8309633897938141
475,4.749999999999943,0.8316142591935307
476,4.759999999999943,0.8322626039034987
477,4.769999999999943,0.832908433464879
478,4.7799999999999425,0.8335517573859468
479,4.789999999999942,0.8341925851421732
480,4.799999999999942,0.8348309261763064
481,4.809999999999942,0.8354667898984545
482,4.819999999999942,0.8361001856861665
483,4.8299999999999415,0.8367311228845156
484,4.839999999999941,0.8373596108061798
485,4.849999999999941,0.8379856587315259
486,4.859999999999941,0.8386092759086914
487,4.869999999999941,0.8392304715536665
488,4.87999999999994,0.8398492548503776
489,4.88999999999994,0.84046563495077
490,4.89999999999994,0.8410796209748899
491,4.90999999999994,0.8416912220109686
492,4.9199999999999395,0.842300447115505
493,4.929999999999939,0.8429073053133485
494,4.939999999999939,0.8435118055977823
495,4.949999999999939,0.8441139569306074
496,4.959999999999939,0.8447137682422251
497,4.9699999999999385,0.8453112484317209
498,4.979999999999938,0.8459064063669471
499,4.989999999999938,0.8464992508846082
500,4.999999999999938,0.8470897907903427
501,5.009999999999938,0.8476780348588073
502,5.019999999999937,0.8482639918337611
503,5.029999999999937,0.8488476704281486
504,5.039999999999937,0.8494290793241839
505,5.049999999999937,0.8500082271734344
506,5.0599999999999365,0.8505851225969047
507,5.069999999999936,0.8511597741851197
508,5.079999999999936,0.85173219049821
509,5.089999999999936,0.8523023800659947
510,5.099999999999936,0.8528703513880651
511,5.1099999999999355,0.8534361129338695
512,5.119999999999935,0.8539996731427967
513,5.129999999999935,0.8545610404242596
514,5.139999999999935,0.85512022315778
515,5.149999999999935,0.8556772296930716
516,5.159999999999934,0.8562320683501243
517,5.169999999999934,0.8567847474192885
518,5.179999999999934,0.8573352751613583
519,5.189999999999934,0.8578836598076565
520,5.199999999999934,0.8584299095601172
521,5.209999999999933,0.8589740325913702
522,5.219999999999933,0.8595160370448252
523,5.229999999999933,0.8600559310347555
524,5.239999999999933,0.8605937226463811
525,5.2499999999999325,0.8611294199359538
526,5.259999999999932,0.8616630309308394
527,5.269999999999932,0.8621945636296022
528,5.279999999999932,0.8627240260020892
529,5.289999999999932,0.8632514259895123
530,5.299999999999931,0.8637767715045331
531,5.309999999999931,0.8643000704313462
532,5.319999999999931,0.8648213306257619
533,5.329999999999931,0.865340559915291
534,5.339999999999931,0.8658577660992266
535,5.34999999999993,0.8663729569487286
536,5.35999999999993,0.8668861402069067
537,5.36999999999993,0.8673973235889025
538,5.37999999999993,0.8679065147819752
539,5.3899999999999295,0.8684137214455816
540,5.399999999999929,0.868918951211461
541,5.409999999999929,0.869422211683718
542,5.419999999999929,0.8699235104389048
543,5.429999999999929,0.870422855026104
544,5.4399999999999284,0.8709202529670119
545,5.449999999999928,0.8714157117560204
546,5.459999999999928,0.8719092388603
547,5.469999999999928,0.8724008417198824
548,5.479999999999928,0.8728905277477423
549,5.489999999999927,0.8733783043298804
550,5.499999999999927,0.8738641788254046
551,5.509999999999927,0.8743481585666134
552,5.519999999999927,0.8748302508590772
553,5.5299999999999265,0.8753104629817197
554,5.539999999999926,0.875788802186901
555,5.549999999999926,0.8762652757004986
556,5.559999999999926,0.8767398907219888
557,5.569999999999926,0.8772126544245287
558,5.5799999999999255,0.8776835739550374
559,5.589999999999925,0.8781526564342774
560,5.599999999999925,0.878619908956936
561,5.609999999999925,0.879085338591706
562,5.619999999999925,0.8795489523813673
563,5.629999999999924,0.8800107573428673
564,5.639999999999924,0.880470760467401
565,5.649999999999924,0.8809289687204939
566,5.659999999999924,0.88138538904208
567,5.6699999999999235,0.8818400283465843
568,5.679999999999923,0.8822928935230012
569,5.689999999999923,0.8827439914349765
570,5.699999999999923,0.8831933289208863
571,5.709999999999923,0.8836409127939174
572,5.7199999999999225,0.8840867498421471
573,5.729999999999922,0.8845308468286226
574,5.739999999999922,0.8849732104914411
575,5.749999999999922,0.8854138475438289
576,5.759999999999922,0.8858527646742211
577,5.769999999999921,0.8862899685463399
578,5.779999999999921,0.8867254657992749
579,5.789999999999921,0.8871592630475609
580,5.799999999999921,0.8875913668812575
581,5.809999999999921,0.8880217838660275
582,5.81999999999992,0.888450520543215
583,5.82999999999992,0.8888775834299243
584,5.83999999999992,0.8893029790190986
585,5.84999999999992,0.8897267137795966
586,5.8599999999999195,0.890148794156272
587,5.869999999999919,0.8905692265700506
588,5.879999999999919,0.8909880174180079
589,5.889999999999919,0.8914051730734476
590,5.899999999999919,0.891820699885977
591,5.909999999999918,0.8922346041815866
592,5.919999999999918,0.8926468922627256
593,5.929999999999918,0.8930575704083796
594,5.939999999999918,0.893466644874147
595,5.949999999999918,0.893874121892316
596,5.959999999999917,0.8942800076719408
597,5.969999999999917,0.8946843083989185
598,5.979999999999917,0.8950870302360646
599,5.989999999999917,0.8954881793231897
600,5.9999999999999165,0.8958877617771747
601,6.009999999999916,0.8962857836920471
602,6.019999999999916,0.8966822511390571
603,6.029999999999916,0.8970771701667515
604,6.039999999999916,0.8974705468010503
605,6.0499999999999154,0.8978623870453217
606,6.059999999999915,0.8982526968804564
607,6.069999999999915,0.898641482264943
608,6.079999999999915,0.8990287491349428
609,6.089999999999915,0.8994145034043632
610,6.099999999999914,0.8997987509649337
611,6.109999999999914,0.9001814976862786
612,6.119999999999914,0.9005627494159919
613,6.129999999999914,0.9009425119797109
614,6.1399999999999135,0.9013207911811896
615,6.149999999999913,0.9016975928023727
616,6.159999999999913,0.9020729226034689
617,6.169999999999913,0.902446786323024
618,6.179999999999913,0.9028191896779934
619,6.1899999999999125,0.9031901383638157
620,6.199999999999912,0.9035596380544857
621,6.209999999999912,0.9039276944026255
622,6.219999999999912,0.9042943130395589
623,6.229999999999912,0.9046594995753816
624,6.239999999999911,0.9050232595990346
625,6.249999999999911,0.9053855986783755
626,6.259999999999911,0.9057465223602503
627,6.269999999999911,0.9061060361705651
628,6.2799999999999105,0.9064641456143572
629,6.28999999999991,0.9068208561758663
630,6.29999999999991,0.9071761733186058
631,6.30999999999991,0.9075301024854338
632,6.31999999999991,0.907882649098623
633,6.3299999999999095,0.908233818559932
634,6.339999999999909,0.9085836162506752
635,6.349999999999909,0.9089320475317931
636,6.359999999999909,0.9092791177439227
637,6.369999999999909,0.9096248322074663
638,6.379999999999908,0.9099691962226625
639,6.389999999999908,0.9103122150696541
640,6.399999999999908,0.9106538940085596
641,6.409999999999908,0.9109942382795398
642,6.419999999999908,0.9113332531028686
643,6.429999999999907,0.911670943679001
644,6.439999999999907,0.9120073151886421
645,6.449999999999907,0.912342372792815
646,6.459999999999907,0.9126761216329298
647,6.4699999999999065,0.9130085668308507
648,6.479999999999906,0.9133397134889654
649,6.489999999999906,0.913669566690251
650,6.499999999999906,0.9139981314983433
651,6.509999999999906,0.9143254129576026
652,6.519999999999905,0.9146514160931827
653,6.529999999999905,0.914976145911096
654,6.539999999999905,0.915299607398282
655,6.549999999999905,0.9156218055226729
656,6.559999999999905,0.9159427452332608
657,6.569999999999904,0.9162624314601633
658,6.579999999999904,0.9165808691146907
659,6.589999999999904,0.9168980630894111
660,6.599999999999904,0.9172140182582164
661,6.6099999999999035,0.9175287394763879
662,6.619999999999903,0.9178422315806624
663,6.629999999999903,0.9181544993892965
664,6.639999999999903,0.9184655477021322
665,6.649999999999903,0.9187753813006617
666,6.659999999999902,0.9190840049480925
667,6.669999999999902,0.9193914233894116
668,6.679999999999902,0.9196976413514495
669,6.689999999999902,0.9200026635429455
670,6.699999999999902,0.9203064946546105
671,6.709999999999901,0.920609139359192
672,6.719999999999901,0.9209106023115371
673,6.729999999999901,0.9212108881486557
674,6.739999999999901,0.9215100014897849
675,6.7499999999999005,0.9218079469364514
676,6.7599999999999,0.922104729072534
677,6.7699999999999,0.9224003524643277
678,6.7799999999999,0.9226948216606053
679,6.7899999999999,0.9229881411926802
680,6.7999999999998995,0.9232803155744684
681,6.809999999999899,0.9235713493025512
682,6.819999999999899,0.9238612468562363
683,6.829999999999899,0.9241500126976201
684,6.839999999999899,0.9244376512716491
685,6.849999999999898,0.9247241670061813
686,6.859999999999898,0.9250095643120474
687,6.869999999999898,0.9252938475831115
688,6.879999999999898,0.9255770211963327
689,6.8899999999998975,0.9258590895118249
690,6.899999999999897,0.9261400568729181
691,6.909999999999897,0.926419927606218
692,6.919999999999897,0.9266987060216668
693,6.929999999999897,0.9269763964126027
694,6.9399999999998965,0.9272530030558194
695,6.949999999999896,0.9275285302116268
696,6.959999999999896,0.9278029821239099
697,6.969999999999896,0.9280763630201874
698,6.979999999999896,0.9283486771116712
699,6.989999999999895,0.9286199285933265
700,6.999999999999895,0.9288901216439287
701,7.009999999999895,0.9291592604261228
702,7.019999999999895,0.9294273490864821
703,7.0299999999998946,0.9296943917555658
704,7.039999999999894,0.9299603925479772
705,7.049999999999894,0.9302253555624226
706,7.059999999999894,0.9304892848817667
707,7.069999999999894,0.9307521845730928
708,7.0799999999998935,0.931014058687758
709,7.089999999999893,0.9312749112614512
710,7.099999999999893,0.9315347463142508
711,7.109999999999893,0.9317935678506806
712,7.119999999999893,0.932051379859766
713,7.129999999999892,0.9323081863150923
714,7.139999999999892,0.9325639911748589
715,7.149999999999892,0.9328187983819372
716,7.159999999999892,0.9330726118639251
717,7.169999999999892,0.9333254355332041
718,7.179999999999891,0.9335772732869937
719,7.189999999999891,0.933828129007408
720,7.199999999999891,0.93407800656151
721,7.209999999999891,0.9343269098013671
722,7.2199999999998905,0.9345748425641065
723,7.22999999999989,0.9348218086719692
724,7.23999999999989,0.9350678119323648
725,7.24999999999989,0.9353128561379264
726,7.25999999999989,0.9355569450665643
727,7.269999999999889,0.9358000824815198
728,7.279999999999889,0.9360422721314204
729,7.289999999999889,0.9362835177503326
730,7.299999999999889,0.9365238230578147
731,7.309999999999889,0.9367631917589723
732,7.319999999999888,0.9370016275445096
733,7.329999999999888,0.9372391340907835
734,7.339999999999888,0.9374757150598563
735,7.349999999999888,0.9377113740995481
736,7.3599999999998875,0.9379461148434898
737,7.369999999999887,0.9381799409111753
738,7.379999999999887,0.9384128559080138
739,7.389999999999887,0.9386448634253817
740,7.399999999999887,0.9388759670406749
741,7.4099999999998865,0.9391061703173599
742,7.419999999999886,0.9393354768050262
743,7.429999999999886,0.9395638900394365
744,7.439999999999886,0.9397914135425797
745,7.449999999999886,0.9400180508227203
746,7.459999999999885,0.9402438053744496
747,7.469999999999885,0.9404686806787379
748,7.479999999999885,0.9406926802029834
749,7.489999999999885,0.9409158074010626
750,7.4999999999998845,0.9411380657133824
751,7.509999999999884,0.941359458566928
752,7.519999999999884,0.9415799893753144
753,7.529999999999884,0.9417996615388349
754,7.539999999999884,0.942018478444512
755,7.5499999999998835,0.9422364434661461
756,7.559999999999883,0.9424535599643643
757,7.569999999999883,0.9426698312866708
758,7.579999999999883,0.9428852607674951
759,7.589999999999883,0.9430998517282402
760,7.599999999999882,0.9433136074773327
761,7.609999999999882,0.9435265313102702
762,7.619999999999882,0.9437386265096697
763,7.629999999999882,0.9439498963453162
764,7.6399999999998816,0.9441603440742103
765,7.649999999999881,0.9443699729406164
766,7.659999999999881,0.94457878617611
767,7.669999999999881,0.9447867869996255
768,7.679999999999881,0.9449939786175034
769,7.6899999999998805,0.9452003642235379
770,7.69999999999988,0.9454059469990234
771,7.70999999999988,0.9456107301128014
772,7.71999999999988,0.9458147167213081
773,7.72999999999988,0.9460179099686197
774,7.739999999999879,0.9462203129865002
775,7.749999999999879,0.9464219288944464
776,7.759999999999879,0.946622760799735
777,7.769999999999879,0.9468228117974677
778,7.779999999999879,0.9470220849706181
779,7.789999999999878,0.9472205833900763
780,7.799999999999878,0.9474183101146948
781,7.809999999999878,0.9476152681913343
782,7.819999999999878,0.9478114606549082
783,7.8299999999998775,0.9480068905284276
784,7.839999999999877,0.9482015608230472
785,7.849999999999877,0.9483954745381091
786,7.859999999999877,0.9485886346611874
787,7.869999999999877,0.9487810441681332
788,7.879999999999876,0.9489727060231185
789,7.889999999999876,0.9491636231786802
790,7.899999999999876,0.9493537985757649
791,7.909999999999876,0.9495432351437714
792,7.919999999999876,0.9497319358005957
793,7.929999999999875,0.9499199034526736
794,7.939999999999875,0.9501071409950248
795,7.949999999999875,0.9502936513112954
796,7.959999999999875,0.9504794372738019
797,7.9699999999998745,0.9506645017435733
798,7.979999999999874,0.9508488475703942
799,7.989999999999874,0.9510324775928478
800,7.999999999999874,0.9512153946383579
801,8.009999999999874,0.9513976015232314
802,8.019999999999873,0.9515791010527007
803,8.029999999999873,0.9517598960209659
804,8.039999999999873,0.951939989211236
805,8.049999999999873,0.9521193833957714
806,8.059999999999873,0.9522980813359254
807,8.069999999999872,0.9524760857821852
808,8.079999999999872,0.9526533994742145
809,8.089999999999872,0.9528300251408925
810,8.099999999999872,0.9530059655003574
811,8.109999999999872,0.9531812232600458
812,8.119999999999871,0.9533558011167341
813,8.129999999999871,0.9535297017565786
814,8.139999999999871,0.9537029278551566
815,8.14999999999987,0.9538754820775064
816,8.15999999999987,0.9540473670781675
817,8.16999999999987,0.9542185855012211
818,8.17999999999987,0.9543891399803293
819,8.18999999999987,0.9545590331387752
820,8.19999999999987,0.9547282675895032
821,8.20999999999987,0.9548968459351578
822,8.21999999999987,0.9550647707681227
823,8.229999999999869,0.9552320446705608
824,8.239999999999869,0.9553986702144531
825,8.249999999999869,0.9555646499616374
826,8.259999999999868,0.9557299864638471
827,8.269999999999868,0.9558946822627504
828,8.279999999999868,0.9560587398899884
829,8.289999999999868,0.9562221618672132
830,8.299999999999867,0.9563849507061274
831,8.309999999999867,0.9565471089085209
832,8.319999999999867,0.9567086389663096
833,8.329999999999867,0.9568695433615733
834,8.339999999999867,0.9570298245665931
835,8.349999999999866,0.9571894850438892
836,8.359999999999866,0.9573485272462589
837,8.369999999999866,0.9575069536168126
838,8.379999999999866,0.9576647665890123
839,8.389999999999866,0.9578219685867084
840,8.399999999999865,0.9579785620241762
841,8.409999999999865,0.958134549306153
842,8.419999999999865,0.958289932827875
843,8.429999999999865,0.9584447149751134
844,8.439999999999864,0.9585988981242112
845,8.449999999999864,0.9587524846421192
846,8.459999999999864,0.9589054768864325
847,8.469999999999864,0.9590578772054262
848,8.479999999999864,0.9592096879380918
849,8.489999999999863,0.9593609114141721
850,8.499999999999863,0.959511549954198
851,8.509999999999863,0.959661605869523
852,8.519999999999863,0.959811081462359
853,8.529999999999863,0.959959979025812
854,8.539999999999862,0.9601083008439165
855,8.549999999999862,0.9602560491916708
856,8.559999999999862,0.9604032263350724
857,8.569999999999862,0.9605498345311515
858,8.579999999999862,0.9606958760280073
859,8.589999999999861,0.9608413530648411
860,8.599999999999861,0.9609862678719915
861,8.60999999999986,0.9611306226709683
862,8.61999999999986,0.961274419674487
863,8.62999999999986,0.9614176610865023
864,8.63999999999986,0.9615603491022423
865,8.64999999999986,0.9617024859082424
866,8.65999999999986,0.961844073682379
867,8.66999999999986,0.9619851145939023
868,8.67999999999986,0.9621256108034708
869,8.68999999999986,0.9622655644631836
870,8.699999999999859,0.9624049777166143
871,8.709999999999859,0.9625438526988437
872,8.719999999999859,0.9626821915364928
873,8.729999999999858,0.9628199963477554
874,8.739999999999858,0.9629572692424312
875,8.749999999999858,0.963094012321958
876,8.759999999999858,0.9632302276794444
877,8.769999999999857,0.9633659173997021
878,8.779999999999857,0.9635010835592778
879,8.789999999999857,0.9636357282264858
880,8.799999999999857,0.9637698534614394
881,8.809999999999857,0.9639034613160835
882,8.819999999999856,0.9640365538342258
883,8.829999999999856,0.9641691330515684
884,8.839999999999856,0.9643012009957395
885,8.849999999999856,0.9644327596863249
886,8.859999999999856,0.9645638111348993
887,8.869999999999855,0.964694357345057
888,8.879999999999855,0.9648244003124437
889,8.889999999999855,0.9649539420247863
890,8.899999999999855,0.9650829844619256
891,8.909999999999854,0.9652115295958449
892,8.919999999999854,0.9653395793907018
893,8.929999999999854,0.965467135802859
894,8.939999999999854,0.9655942007809135
895,8.949999999999854,0.9657207762657278
896,8.959999999999853,0.9658468641904597
897,8.969999999999853,0.9659724664805928
898,8.979999999999853,0.9660975850539654
899,8.989999999999853,0.9662222218208012
900,8.999999999999853,0.9663463786837392
901,9.009999999999852,0.9664700575378624
902,9.019999999999852,0.966593260270728
903,9.029999999999852,0.9667159887623964
904,9.039999999999852,0.9668382448854609
905,9.049999999999851,0.9669600305050765
906,9.059999999999851,0.9670813474789888
907,9.069999999999851,0.9672021976575638
908,9.07999999999985,0.9673225828838156
909,9.08999999999985,0.967442504993436
910,9.09999999999985,0.9675619658148228
911,9.10999999999985,0.9676809671691083
912,9.11999999999985,0.9677995108701879
913,9.12999999999985,0.9679175987247481
914,9.13999999999985,0.9680352325322952
915,9.14999999999985,0.9681524140851827
916,9.15999999999985,0.9682691451686402
917,9.169999999999849,0.9683854275608003
918,9.179999999999849,0.9685012630327273
919,9.189999999999849,0.9686166533484442
920,9.199999999999848,0.9687316002649606
921,9.209999999999848,0.9688461055323007
922,9.219999999999848,0.968960170893529
923,9.229999999999848,0.9690737980847798
924,9.239999999999847,0.9691869888352826
925,9.249999999999847,0.9692997448673902
926,9.259999999999847,0.9694120678966052
927,9.269999999999847,0.9695239596316071
928,9.279999999999847,0.9696354217742785
929,9.289999999999846,0.969746456019733
930,9.299999999999846,0.9698570640563404
931,9.309999999999846,0.9699672475657541
932,9.319999999999846,0.9700770082229371
933,9.329999999999846,0.9701863476961881
934,9.339999999999845,0.9702952676471681
935,9.349999999999845,0.9704037697309262
936,9.359999999999845,0.970511855595926
937,9.369999999999845,0.9706195268840705
938,9.379999999999844,0.9707267852307291
939,9.389999999999844,0.9708336322647624
940,9.399999999999844,0.970940069608548
941,9.409999999999844,0.9710460988780064
942,9.419999999999844,0.971151721682626
943,9.429999999999843,0.9712569396254884
944,9.439999999999843,0.9713617543032937
945,9.449999999999843,0.9714661673063858
946,9.459999999999843,0.971570180218777
947,9.469999999999843,0.9716737946181732
948,9.479999999999842,0.9717770120759989
949,9.489999999999842,0.9718798341574213
950,9.499999999999842,0.9719822624213759
951,9.509999999999842,0.9720842984205901
952,9.519999999999841,0.9721859437016082
953,9.529999999999841,0.9722871998048156
954,9.539999999999841,0.9723880682644632
955,9.54999999999984,0.9724885506086914
956,9.55999999999984,0.9725886483595545
957,9.56999999999984,0.9726883630330441
958,9.57999999999984,0.9727876961391133
959,9.58999999999984,0.9728866491817012
960,9.59999999999984,0.9729852236587556
961,9.60999999999984,0.9730834210622571
962,9.61999999999984,0.9731812428782425
963,9.62999999999984,0.9732786905868287
964,9.639999999999839,0.9733757656622353
965,9.649999999999839,0.9734724695728088
966,9.659999999999838,0.9735688037810446
967,9.669999999999838,0.9736647697436115
968,9.679999999999838,0.9737603689113735
969,9.689999999999838,0.9738556027294138
970,9.699999999999838,0.9739504726370565
971,9.709999999999837,0.9740449800678902
972,9.719999999999837,0.9741391264497903
973,9.729999999999837,0.9742329132049419
974,9.739999999999837,0.9743263417498619
975,9.749999999999837,0.9744194134954215
976,9.759999999999836,0.9745121298468689
977,9.769999999999836,0.9746044922038508
978,9.779999999999836,0.9746965019604356
979,9.789999999999836,0.9747881605051341
980,9.799999999999836,0.9748794692209228
981,9.809999999999835,0.9749704294852654
982,9.819999999999835,0.9750610426701338
983,9.829999999999835,0.975151310142031
984,9.839999999999835,0.9752412332620122
985,9.849999999999834,0.9753308133857063
986,9.859999999999834,0.9754200518633374
987,9.869999999999834,0.9755089500397465
988,9.879999999999834,0.9755975092544126
989,9.889999999999834,0.9756857308414739
990,9.899999999999833,0.975773616129749
991,9.909999999999833,0.9758611664427581
992,9.919999999999833,0.9759483830987438
993,9.929999999999833,0.976035267410692
994,9.939999999999833,0.9761218206863531
995,9.949999999999832,0.9762080442282624
996,9.959999999999832,0.9762939393337607
997,9.969999999999832,0.9763795072950153
998,9.979999999999832,0.9764647493990402
999,9.989999999999831,0.9765496669277165
1000,9.999999999999831,0.9766342611578132
1001,10.009999999999831,0.9767185333610067
1002,10.01999999999983,0.976802484803902
1003,10.02999999999983,0.9768861167480517
1004,10.03999999999983,0.9769694304499772
1005,10.04999999999983,0.9770524271611879
1006,10.05999999999983,0.977135108128201
1007,10.06999999999983,0.9772174745925623
1008,10.07999999999983,0.9772995277908646
1009,10.08999999999983,0.9773812689547683
1010,10.09999999999983,0.9774626993110208
1011,10.109999999999829,0.9775438200814759
1012,10.119999999999829,0.9776246324831132
1013,10.129999999999828,0.9777051377280573
1014,10.139999999999828,0.977785337023598
1015,10.149999999999828,0.9778652315722082
1016,10.159999999999828,0.9779448225715639
1017,10.169999999999828,0.978024111214563
1018,10.179999999999827,0.9781030986893446
1019,10.189999999999827,0.9781817861793073
1020,10.199999999999827,0.9782601748631286
1021,10.209999999999827,0.9783382659147833
1022,10.219999999999827,0.9784160605035628
1023,10.229999999999826,0.9784935597940926
1024,10.239999999999826,0.9785707649463523
1025,10.249999999999826,0.978647677115693
1026,10.259999999999826,0.9787242974528558
1027,10.269999999999825,0.9788006271039911
1028,10.279999999999825,0.9788766672106755
1029,10.289999999999825,0.9789524189099309
1030,10.299999999999825,0.9790278833342425
1031,10.309999999999825,0.9791030616115768
1032,10.319999999999824,0.9791779548653993
1033,10.329999999999824,0.9792525642146928
1034,10.339999999999824,0.9793268907739751
1035,10.349999999999824,0.9794009356533169
1036,10.359999999999824,0.9794746999583593
1037,10.369999999999823,0.9795481847903317
1038,10.379999999999823,0.979621391246069
1039,10.389999999999823,0.9796943204180293
1040,10.399999999999823,0.9797669733943116
1041,10.409999999999823,0.9798393512586729
1042,10.419999999999822,0.9799114550905456
1043,10.429999999999822,0.9799832859650542
1044,10.439999999999822,0.9800548449530336
1045,10.449999999999822,0.9801261331210452
1046,10.459999999999821,0.9801971515313943
1047,10.469999999999821,0.980267901242147
1048,10.479999999999821,0.9803383833071474
1049,10.48999999999982,0.9804085987760339
1050,10.49999999999982,0.9804785486942562
1051,10.50999999999982,0.9805482341030926
1052,10.51999999999982,0.9806176560396654
1053,10.52999999999982,0.9806868155369588
1054,10.53999999999982,0.9807557136238343
1055,10.54999999999982,0.9808243513250479
1056,10.55999999999982,0.9808927296612661
1057,10.569999999999819,0.9809608496490824
1058,10.579999999999819,0.9810287123010336
1059,10.589999999999819,0.9810963186256157
1060,10.599999999999818,0.9811636696273004
1061,10.609999999999818,0.9812307663065507
1062,10.619999999999818,0.9812976096598373
1063,10.629999999999818,0.9813642006796545
1064,10.639999999999818,0.981430540354536
1065,10.649999999999817,0.9814966296690707
1066,10.659999999999817,0.9815624696039184
1067,10.669999999999817,0.9816280611358253
1068,10.679999999999817,0.9816934052376406
1069,10.689999999999817,0.9817585028783307
1070,10.699999999999816,0.9818233550229956
1071,10.709999999999816,0.981887962632884
1072,10.719999999999816,0.9819523266654091
1073,10.729999999999816,0.9820164480741632
1074,10.739999999999815,0.9820803278089337
1075,10.749999999999815,0.9821439668157181
1076,10.759999999999815,0.9822073660367386
1077,10.769999999999815,0.9822705264104581
1078,10.779999999999815,0.9823334488715944
1079,10.789999999999814,0.9823961343511357
1080,10.799999999999814,0.9824585837763555
1081,10.809999999999814,0.982520798070827
1082,10.819999999999814,0.9825827781544385
1083,10.829999999999814,0.9826445249434075
1084,10.839999999999813,0.9827060393502959
1085,10.849999999999813,0.9827673222840244
1086,10.859999999999813,0.9828283746498873
1087,10.869999999999813,0.9828891973495663
1088,10.879999999999812,0.982949791281146
1089,10.889999999999812,0.9830101573391273
1090,10.899999999999812,0.9830702964144425
1091,10.909999999999812,0.9831302093944693
1092,10.919999999999812,0.9831898971630444
1093,10.929999999999811,0.983249360600479
1094,10.939999999999811,0.9833086005835715
1095,10.949999999999811,0.9833676179856229
1096,10.95999999999981,0.9834264136764496
1097,10.96999999999981,0.983484988522398
1098,10.97999999999981,0.9835433433863583
1099,10.98999999999981,0.9836014791277782
1100,10.99999999999981,0.9836593966026771
1101,11.00999999999981,0.9837170966636589
1102,11.01999999999981,0.9837745801599269
1103,11.02999999999981,0.9838318479372965
1104,11.039999999999809,0.9838889008382089
1105,11.049999999999809,0.9839457397017453
1106,11.059999999999809,0.9840023653636389
1107,11.069999999999808,0.9840587786562905
1108,11.079999999999808,0.9841149804087795
1109,11.089999999999808,0.9841709714468789
1110,11.099999999999808,0.9842267525930677
1111,11.109999999999808,0.9842823246665444
1112,11.119999999999807,0.9843376884832401
1113,11.129999999999807,0.9843928448558317
1114,11.139999999999807,0.9844477945937544
1115,11.149999999999807,0.9845025385032155
1116,11.159999999999807,0.9845570773872068
1117,11.169999999999806,0.9846114120455177
1118,11.179999999999806,0.9846655432747479
1119,11.189999999999806,0.9847194718683202
1120,11.199999999999806,0.9847731986164935
1121,11.209999999999805,0.9848267243063749
1122,11.219999999999805,0.9848800497219329
1123,11.229999999999805,0.98493317564401
1124,11.239999999999805,0.9849861028503346
1125,11.249999999999805,0.9850388321155342
1126,11.259999999999804,0.9850913642111474
1127,11.269999999999804,0.9851436999056367
1128,11.279999999999804,0.9851958399644
1129,11.289999999999804,0.985247785149784
1130,11.299999999999804,0.9852995362210953
1131,11.309999999999803,0.9853510939346142
1132,11.319999999999803,0.9854024590436047
1133,11.329999999999803,0.9854536322983283
1134,11.339999999999803,0.9855046144460553
1135,11.349999999999802,0.9855554062310772
1136,11.359999999999802,0.985606008394718
1137,11.369999999999802,0.9856564216753468
1138,11.379999999999802,0.9857066468083895
1139,11.389999999999802,0.98575668452634
1140,11.399999999999801,0.9858065355587731
1141,11.409999999999801,0.9858562006323549
1142,11.419999999999801,0.9859056804708557
1143,11.4299999999998,0.9859549757951607
1144,11.4399999999998,0.9860040873232819
1145,11.4499999999998,0.9860530157703701
1146,11.4599999999998,0.9861017618487256
1147,11.4699999999998,0.9861503262678099
1148,11.4799999999998,0.9861987097342574
1149,11.4899999999998,0.9862469129518866
1150,11.4999999999998,0.9862949366217112
1151,11.509999999999799,0.9863427814419514
1152,11.519999999999799,0.9863904481080457
1153,11.529999999999799,0.9864379373126607
1154,11.539999999999798,0.9864852497457041
1155,11.549999999999798,0.9865323860943341
1156,11.559999999999798,0.9865793470429716
1157,11.569999999999798,0.9866261332733103
1158,11.579999999999798,0.9866727454643283
1159,11.589999999999797,0.9867191842922989
1160,11.599999999999797,0.9867654504308011
1161,11.609999999999797,0.986811544550731
1162,11.619999999999797,0.9868574673203117
1163,11.629999999999797,0.9869032194051052
1164,11.639999999999796,0.9869488014680219
1165,11.649999999999796,0.9869942141693323
1166,11.659999999999796,0.9870394581666768
1167,11.669999999999796,0.9870845341150769
1168,11.679999999999795,0.9871294426669451
1169,11.689999999999795,0.9871741844720957
1170,11.699999999999795,0.9872187601777557
1171,11.709999999999795,0.9872631704285738
1172,11.719999999999795,0.9873074158666328
1173,11.729999999999794,0.9873514971314581
1174,11.739999999999794,0.9873954148600287
1175,11.749999999999794,0.9874391696867876
1176,11.759999999999794,0.9874827622436518
1177,11.769999999999794,0.9875261931600223
1178,11.779999999999793,0.9875694630627944
1179,11.789999999999793,0.9876125725763678
1180,11.799999999999793,0.9876555223226565
1181,11.809999999999793,0.9876983129210989
1182,11.819999999999792,0.9877409449886677
1183,11.829999999999792,0.9877834191398797
1184,11.839999999999792,0.9878257359868057
1185,11.849999999999792,0.9878678961390808
1186,11.859999999999792,0.9879099002039133
1187,11.869999999999791,0.9879517487860956
1188,11.879999999999791,0.9879934424880126
1189,11.889999999999791,0.9880349819096522
1190,11.89999999999979,0.9880763676486153
1191,11.90999999999979,0.9881176003001242
1192,11.91999999999979,0.9881586804570331
1193,11.92999999999979,0.9881996087098377
1194,11.93999999999979,0.9882403856466837
1195,11.94999999999979,0.9882810118533776
1196,11.95999999999979,0.9883214879133947
1197,11.96999999999979,0.9883618144078896
1198,11.979999999999789,0.9884019919157052
1199,11.989999999999789,0.9884420210133815
1200,11.999999999999789,0.9884819022751656
1201,12.009999999999788,0.9885216362730206
1202,12.019999999999788,0.9885612235766342
1203,12.029999999999788,0.9886006647534292
1204,12.039999999999788,0.9886399603685715
1205,12.049999999999788,0.9886791109849792
1206,12.059999999999787,0.9887181171633325
1207,12.069999999999787,0.9887569794620816
1208,12.079999999999787,0.9887956984374567
1209,12.089999999999787,0.9888342746434761
1210,12.099999999999786,0.9888727086319555
1211,12.109999999999786,0.9889110009525169
1212,12.119999999999786,0.9889491521525974
1213,12.129999999999786,0.9889871627774576
1214,12.139999999999786,0.9890250333701909
1215,12.149999999999785,0.9890627644717318
1216,12.159999999999785,0.989100356620865
1217,12.169999999999785,0.9891378103542339
1218,12.179999999999785,0.9891751262063484
1219,12.189999999999785,0.9892123047095953
1220,12.199999999999784,0.9892493463942448
1221,12.209999999999784,0.9892862517884605
1222,12.219999999999784,0.9893230214183073
1223,12.229999999999784,0.9893596558077595
1224,12.239999999999783,0.9893961554787101
1225,12.249999999999783,0.9894325209509782
1226,12.259999999999783,0.9894687527423184
1227,12.269999999999783,0.9895048513684278
1228,12.279999999999783,0.9895408173429556
1229,12.289999999999782,0.9895766511775105
1230,12.299999999999782,0.989612353381669
1231,12.309999999999782,0.9896479244629839
1232,12.319999999999782,0.9896833649269924
1233,12.329999999999782,0.9897186752772237
1234,12.339999999999781,0.9897538560152077
1235,12.349999999999781,0.9897889076404828
1236,12.359999999999781,0.9898238306506039
1237,12.36999999999978,0.9898586255411503
1238,12.37999999999978,0.9898932928057339
1239,12.38999999999978,0.9899278329360068
1240,12.39999999999978,0.9899622464216694
1241,12.40999999999978,0.9899965337504782
1242,12.41999999999978,0.990030695408254
1243,12.42999999999978,0.9900647318788882
1244,12.43999999999978,0.9900986436443531
1245,12.449999999999779,0.9901324311847073
1246,12.459999999999779,0.9901660949781045
1247,12.469999999999779,0.9901996355008008
1248,12.479999999999778,0.9902330532271632
1249,12.489999999999778,0.9902663486296756
1250,12.499999999999778,0.9902995221789477
1251,12.509999999999778,0.9903325743437222
1252,12.519999999999778,0.9903655055908822
1253,12.529999999999777,0.9903983163854585
1254,12.539999999999777,0.9904310071906377
1255,12.549999999999777,0.9904635784677687
1256,12.559999999999777,0.9904960306763708
1257,12.569999999999776,0.9905283642741413
1258,12.579999999999776,0.9905605797169614
1259,12.589999999999776,0.9905926774589057
1260,12.599999999999776,0.9906246579522472
1261,12.609999999999776,0.9906565216474662
1262,12.619999999999775,0.990688268993257
1263,12.629999999999775,0.9907199004365346
1264,12.639999999999775,0.9907514164224426
1265,12.649999999999775,0.9907828173943599
1266,12.659999999999775,0.9908141037939081
1267,12.669999999999774,0.9908452760609582
1268,12.679999999999774,0.9908763346336378
1269,12.689999999999774,0.9909072799483383
1270,12.699999999999774,0.9909381124397215
1271,12.709999999999773,0.9909688325407272
1272,12.719999999999773,0.9909994406825794
1273,12.729999999999773,0.9910299372947937
1274,12.739999999999773,0.9910603228051839
1275,12.749999999999773,0.991090597639869
1276,12.759999999999772,0.9911207622232799
1277,12.769999999999772,0.9911508169781665
1278,12.779999999999772,0.9911807623256041
1279,12.789999999999772,0.9912105986850003
1280,12.799999999999772,0.9912403264741017
1281,12.809999999999771,0.9912699461090004
1282,12.819999999999771,0.9912994580041411
1283,12.829999999999771,0.9913288625723274
1284,12.83999999999977,0.9913581602247286
1285,12.84999999999977,0.9913873513708856
1286,12.85999999999977,0.9914164364187186
1287,12.86999999999977,0.9914454157745328
1288,12.87999999999977,0.9914742898430252
1289,12.88999999999977,0.991503059027291
1290,12.89999999999977,0.9915317237288297
1291,12.90999999999977,0.9915602843475524
1292,12.919999999999769,0.9915887412817873
1293,12.929999999999769,0.9916170949282865
1294,12.939999999999769,0.9916453456822324
1295,12.949999999999768,0.9916734939372438
1296,12.959999999999768,0.9917015400853822
1297,12.969999999999768,0.9917294845171583
1298,12.979999999999768,0.9917573276215379
1299,12.989999999999768,0.9917850697859484
1300,12.999999999999767,0.9918127113962851
1301,13.009999999999767,0.9918402528369168
1302,13.019999999999767,0.9918676944906927
1303,13.029999999999767,0.9918950367389476
1304,13.039999999999766,0.9919222799615091
1305,13.049999999999766,0.9919494245367025
1306,13.059999999999766,0.991976470841358
1307,13.069999999999766,0.9920034192508157
1308,13.079999999999766,0.9920302701389323
1309,13.089999999999765,0.9920570238780867
1310,13.099999999999765,0.992083680839186
1311,13.109999999999765,0.9921102413916715
1312,13.119999999999765,0.9921367059035247
1313,13.129999999999765,0.9921630747412729
1314,13.139999999999764,0.9921893482699953
1315,13.149999999999764,0.9922155268533286
1316,13.159999999999764,0.9922416108534732
1317,13.169999999999764,0.9922676006311982
1318,13.179999999999763,0.9922934965458483
1319,13.189999999999763,0.9923192989553483
1320,13.199999999999763,0.99234500821621
1321,13.209999999999763,0.9923706246835367
1322,13.219999999999763,0.9923961487110299
1323,13.229999999999762,0.9924215806509944
1324,13.239999999999762,0.9924469208543438
1325,13.249999999999762,0.9924721696706066
1326,13.259999999999762,0.9924973274479314
1327,13.269999999999762,0.9925223945330925
1328,13.279999999999761,0.9925473712714955
1329,13.289999999999761,0.9925722580071827
1330,13.299999999999761,0.9925970550828389
1331,13.30999999999976,0.9926217628397963
1332,13.31999999999976,0.9926463816180404
1333,13.32999999999976,0.9926709117562155
1334,13.33999999999976,0.9926953535916294
1335,13.34999999999976,0.9927197074602597
1336,13.35999999999976,0.9927439736967585
1337,13.36999999999976,0.992768152634458
1338,13.37999999999976,0.9927922446053755
1339,13.389999999999759,0.9928162499402194
1340,13.399999999999759,0.9928401689683936
1341,13.409999999999759,0.9928640020180032
1342,13.419999999999758,0.9928877494158598
1343,13.429999999999758,0.9929114114874865
1344,13.439999999999758,0.9929349885571233
1345,13.449999999999758,0.9929584809477316
1346,13.459999999999757,0.9929818889810006
1347,13.469999999999757,0.9930052129773511
1348,13.479999999999757,0.9930284532559414
1349,13.489999999999757,0.993051610134672
1350,13.499999999999757,0.993074683930191
1351,13.509999999999756,0.9930976749578988
1352,13.519999999999756,0.9931205835319533
1353,13.529999999999756,0.993143409965275
1354,13.539999999999756,0.9931661545695514
1355,13.549999999999756,0.9931888176552428
1356,13.559999999999755,0.9932113995315869
1357,13.569999999999755,0.993233900506603
1358,13.579999999999755,0.9932563208870984
1359,13.589999999999755,0.9932786609786716
1360,13.599999999999755,0.9933009210857185
1361,13.609999999999754,0.9933231015114367
1362,13.619999999999754,0.9933452025578299
1363,13.629999999999754,0.9933672245257135
1364,13.639999999999754,0.9933891677147189
1365,13.649999999999753,0.9934110324232981
1366,13.659999999999753,0.9934328189487293
1367,13.669999999999753,0.9934545275871203
1368,13.679999999999753,0.9934761586334144
1369,13.689999999999753,0.9934977123813945
1370,13.699999999999752,0.9935191891236878
1371,13.709999999999752,0.9935405891517703
1372,13.719999999999752,0.9935619127559723
1373,13.729999999999752,0.9935831602254817
1374,13.739999999999752,0.9936043318483492
1375,13.749999999999751,0.9936254279114934
1376,13.759999999999751,0.9936464487007046
1377,13.76999999999975,0.9936673945006496
1378,13.77999999999975,0.9936882655948759
1379,13.78999999999975,0.993709062265817
1380,13.79999999999975,0.9937297847947961
1381,13.80999999999975,0.993750433462031
1382,13.81999999999975,0.9937710085466379
1383,13.82999999999975,0.993791510326637
1384,13.83999999999975,0.9938119390789557
1385,13.84999999999975,0.9938322950794337
1386,13.859999999999749,0.993852578602827
1387,13.869999999999749,0.9938727899228128
1388,13.879999999999749,0.993892929311993
1389,13.889999999999748,0.9939129970418993
1390,13.899999999999748,0.9939329933829968
1391,13.909999999999748,0.9939529186046892
1392,13.919999999999748,0.9939727729753219
1393,13.929999999999747,0.9939925567621875
1394,13.939999999999747,0.9940122702315288
1395,13.949999999999747,0.994031913648544
1396,13.959999999999747,0.9940514872773905
1397,13.969999999999747,0.9940709913811889
1398,13.979999999999746,0.9940904262220275
1399,13.989999999999746,0.9941097920609662
1400,13.999999999999746,0.9941290891580407
1401,14.009999999999746,0.9941483177722669
1402,14.019999999999746,0.9941674781616443
1403,14.029999999999745,0.9941865705831611
1404,14.039999999999745,0.9942055952927971
1405,14.049999999999745,0.9942245525455286
1406,14.059999999999745,0.9942434425953321
1407,14.069999999999744,0.9942622656951886
1408,14.079999999999744,0.994281022097087
1409,14.089999999999744,0.9942997120520287
1410,14.099999999999744,0.994318335810031
1411,14.109999999999744,0.9943368936201319
1412,14.119999999999743,0.994355385730393
1413,14.129999999999743,0.994373812387904
1414,14.139999999999743,0.9943921738387866
1415,14.149999999999743,0.9944104703281986
1416,14.159999999999743,0.9944287021003368
1417,14.169999999999742,0.9944468693984422
1418,14.179999999999742,0.9944649724648026
1419,14.189999999999742,0.9944830115407574
1420,14.199999999999742,0.9945009868667006
1421,14.209999999999742,0.9945188986820853
1422,14.219999999999741,0.9945367472254272
1423,14.229999999999741,0.9945545327343079
1424,14.23999999999974,0.9945722554453796
1425,14.24999999999974,0.9945899155943678
1426,14.25999999999974,0.994607513416076
1427,14.26999999999974,0.9946250491443884
1428,14.27999999999974,0.9946425230122745
1429,14.28999999999974,0.9946599352517922
1430,14.29999999999974,0.9946772860940916
1431,14.30999999999974,0.9946945757694187
1432,14.31999999999974,0.994711804507119
1433,14.329999999999739,0.9947289725356413
1434,14.339999999999739,0.9947460800825406
1435,14.349999999999739,0.9947631273744827
1436,14.359999999999738,0.9947801146372469
1437,14.369999999999738,0.9947970420957302
1438,14.379999999999738,0.9948139099739501
1439,14.389999999999738,0.9948307184950492
1440,14.399999999999737,0.9948474678812974
1441,14.409999999999737,0.9948641583540966
1442,14.419999999999737,0.9948807901339833
1443,14.429999999999737,0.9948973634406326
1444,14.439999999999737,0.9949138784928616
1445,14.449999999999736,0.9949303355086324
1446,14.459999999999736,0.994946734705056
1447,14.469999999999736,0.9949630762983955
1448,14.479999999999736,0.9949793605040699
1449,14.489999999999736,0.9949955875366565
1450,14.499999999999735,0.9950117576098955
1451,14.509999999999735,0.9950278709366923
1452,14.519999999999735,0.9950439277291216
1453,14.529999999999735,0.9950599281984305
1454,14.539999999999734,0.9950758725550414
1455,14.549999999999734,0.9950917610085558
1456,14.559999999999734,0.9951075937677578
1457,14.569999999999734,0.9951233710406164
1458,14.579999999999734,0.99513909303429
1459,14.589999999999733,0.9951547599551286
1460,14.599999999999733,0.9951703720086776
1461,14.609999999999733,0.995185929399681
1462,14.619999999999733,0.9952014323320842
1463,14.629999999999733,0.9952168810090378
1464,14.639999999999732,0.9952322756329006
1465,14.649999999999732,0.9952476164052422
1466,14.659999999999732,0.9952629035268469
1467,14.669999999999732,0.9952781371977164
1468,14.679999999999731,0.9952933176170735
1469,14.689999999999731,0.9953084449833643
1470,14.699999999999731,0.9953235194942622
1471,14.70999999999973,0.9953385413466704
1472,14.71999999999973,0.9953535107367253
1473,14.72999999999973,0.9953684278597992
1474,14.73999999999973,0.9953832929105041
1475,14.74999999999973,0.9953981060826939
1476,14.75999999999973,0.9954128675694679
1477,14.76999999999973,0.9954275775631738
1478,14.77999999999973,0.9954422362554106
1479,14.78999999999973,0.9954568438370315
1480,14.799999999999729,0.9954714004981473
1481,14.809999999999729,0.9954859064281287
1482,14.819999999999729,0.9955003618156099
1483,14.829999999999728,0.9955147668484913
1484,14.839999999999728,0.9955291217139423
1485,14.849999999999728,0.9955434265984042
1486,14.859999999999728,0.9955576816875938
1487,14.869999999999727,0.9955718871665054
1488,14.879999999999727,0.9955860432194139
1489,14.889999999999727,0.995600150029878
1490,14.899999999999727,0.995614207780743
1491,14.909999999999727,0.9956282166541435
1492,14.919999999999726,0.9956421768315059
1493,14.929999999999726,0.9956560884935524
1494,14.939999999999726,0.9956699518203023
1495,14.949999999999726,0.9956837669910757
1496,14.959999999999726,0.9956975341844967
1497,14.969999999999725,0.9957112535784948
1498,14.979999999999725,0.995724925350309
1499,14.989999999999725,0.99573854967649
1500,14.999999999999725,0.9957521267329029
1501,15.009999999999724,0.9957656566947302
1502,15.019999999999724,0.9957791397364741
1503,15.029999999999724,0.9957925760319598
1504,15.039999999999724,0.9958059657543379
1505,15.049999999999724,0.9958193090760867
1506,15.059999999999723,0.9958326061690158
1507,15.069999999999723,0.995845857204268
1508,15.079999999999723,0.9958590623523221
1509,15.089999999999723,0.9958722217829961
1510,15.099999999999723,0.9958853356654488
1511,15.109999999999722,0.9958984041681835
1512,15.119999999999722,0.9959114274590503
1513,15.129999999999722,0.9959244057052479
1514,15.139999999999722,0.9959373390733275
1515,15.149999999999721,0.9959502277291946
1516,15.159999999999721,0.9959630718381116
1517,15.169999999999721,0.9959758715647007
1518,15.17999999999972,0.995988627072946
1519,15.18999999999972,0.9960013385261965
1520,15.19999999999972,0.9960140060871686
1521,15.20999999999972,0.9960266299179482
1522,15.21999999999972,0.9960392101799934
1523,15.22999999999972,0.9960517470341376
1524,15.23999999999972,0.9960642406405908
1525,15.24999999999972,0.9960766911589435
1526,15.25999999999972,0.9960890987481679
1527,15.269999999999719,0.996101463566621
1528,15.279999999999719,0.9961137857720472
1529,15.289999999999718,0.9961260655215803
1530,15.299999999999718,0.9961383029717464
1531,15.309999999999718,0.9961504982784659
1532,15.319999999999718,0.9961626515970559
1533,15.329999999999718,0.9961747630822331
1534,15.339999999999717,0.9961868328881158
1535,15.349999999999717,0.9961988611682264
1536,15.359999999999717,0.9962108480754938
1537,15.369999999999717,0.9962227937622555
1538,15.379999999999717,0.9962346983802604
1539,15.389999999999716,0.9962465620806709
1540,15.399999999999716,0.996258385014065
1541,15.409999999999716,0.9962701673304396
1542,15.419999999999716,0.9962819091792112
1543,15.429999999999715,0.9962936107092197
1544,15.439999999999715,0.9963052720687301
1545,15.449999999999715,0.9963168934054345
1546,15.459999999999715,0.9963284748664551
1547,15.469999999999715,0.9963400165983458
1548,15.479999999999714,0.9963515187470948
1549,15.489999999999714,0.996362981458127
1550,15.499999999999714,0.9963744048763055
1551,15.509999999999714,0.9963857891459349
1552,15.519999999999714,0.9963971344107628
1553,15.529999999999713,0.9964084408139823
1554,15.539999999999713,0.9964197084982339
1555,15.549999999999713,0.9964309376056083
1556,15.559999999999713,0.9964421282776478
1557,15.569999999999713,0.9964532806553491
1558,15.579999999999712,0.9964643948791654
1559,15.589999999999712,0.9964754710890082
1560,15.599999999999712,0.99648650942425
1561,15.609999999999712,0.9964975100237257
1562,15.619999999999711,0.9965084730257355
1563,15.629999999999711,0.9965193985680467
1564,15.639999999999711,0.9965302867878958
1565,15.64999999999971,0.9965411378219905
1566,15.65999999999971,0.996551951806512
1567,15.66999999999971,0.9965627288771174
1568,15.67999999999971,0.9965734691689407
1569,15.68999999999971,0.9965841728165965
1570,15.69999999999971,0.9965948399541804
1571,15.70999999999971,0.9966054707152723
1572,15.71999999999971,0.9966160652329377
1573,15.729999999999709,0.9966266236397303
1574,15.739999999999709,0.9966371460676937
1575,15.749999999999709,0.9966476326483634
1576,15.759999999999708,0.9966580835127692
1577,15.769999999999708,0.9966684987914364
1578,15.779999999999708,0.9966788786143889
1579,15.789999999999708,0.9966892231111504
1580,15.799999999999708,0.9966995324107465
1581,15.809999999999707,0.9967098066417072
1582,15.819999999999707,0.9967200459320679
1583,15.829999999999707,0.9967302504093725
1584,15.839999999999707,0.9967404202006743
1585,15.849999999999707,0.9967505554325391
1586,15.859999999999706,0.9967606562310457
1587,15.869999999999706,0.9967707227217892
1588,15.879999999999706,0.9967807550298822
1589,15.889999999999706,0.9967907532799566
1590,15.899999999999705,0.996800717596166
1591,15.909999999999705,0.9968106481021873
1592,15.919999999999705,0.996820544921223
1593,15.929999999999705,0.996830408176002
1594,15.939999999999705,0.9968402379887829
1595,15.949999999999704,0.9968500344813549
1596,15.959999999999704,0.99685979777504
1597,15.969999999999704,0.9968695279906947
1598,15.979999999999704,0.9968792252487123
1599,15.989999999999704,0.9968888896690241
1600,15.999999999999703,0.9968985213711016
1601,16.009999999999703,0.9969081204739583
1602,16.019999999999705,0.9969176870961513
1603,16.029999999999706,0.9969272213557836
1604,16.039999999999708,0.9969367233705053
1605,16.04999999999971,0.9969461932575159
1606,16.05999999999971,0.9969556311335658
1607,16.069999999999713,0.9969650371149581
1608,16.079999999999714,0.9969744113175505
1609,16.089999999999716,0.9969837538567569
1610,16.099999999999717,0.9969930648475493
1611,16.10999999999972,0.9970023444044599
1612,16.11999999999972,0.9970115926415816
1613,16.129999999999722,0.9970208096725715
1614,16.139999999999723,0.997029995610651
1615,16.149999999999725,0.9970391505686088
1616,16.159999999999727,0.9970482746588017
1617,16.169999999999728,0.997057367993157
1618,16.17999999999973,0.9970664306831736
1619,16.18999999999973,0.9970754628399241
1620,16.199999999999733,0.9970844645740564
1621,16.209999999999734,0.9970934359957953
1622,16.219999999999736,0.9971023772149441
1623,16.229999999999738,0.9971112883408868
1624,16.23999999999974,0.9971201694825891
1625,16.24999999999974,0.9971290207486001
1626,16.259999999999742,0.9971378422470546
1627,16.269999999999744,0.997146634085674
1628,16.279999999999745,0.9971553963717686
1629,16.289999999999747,0.9971641292122384
1630,16.29999999999975,0.9971728327135755
1631,16.30999999999975,0.9971815069818654
1632,16.31999999999975,0.9971901521227885
1633,16.329999999999753,0.997198768241622
1634,16.339999999999755,0.9972073554432412
1635,16.349999999999756,0.9972159138321213
1636,16.359999999999758,0.9972244435123389
1637,16.36999999999976,0.9972329445875734
1638,16.37999999999976,0.997241417161109
1639,16.389999999999763,0.9972498613358359
1640,16.399999999999764,0.997258277214252
1641,16.409999999999766,0.9972666648984643
1642,16.419999999999767,0.9972750244901907
1643,16.42999999999977,0.9972833560907615
1644,16.43999999999977,0.9972916598011206
1645,16.449999999999772,0.9972999357218274
1646,16.459999999999773,0.9973081839530583
1647,16.469999999999775,0.9973164045946079
1648,16.479999999999777,0.9973245977458909
1649,16.489999999999778,0.9973327635059434
1650,16.49999999999978,0.9973409019734241
1651,16.50999999999978,0.9973490132466165
1652,16.519999999999783,0.9973570974234299
1653,16.529999999999784,0.9973651546014008
1654,16.539999999999786,0.9973731848776949
1655,16.549999999999788,0.9973811883491076
1656,16.55999999999979,0.9973891651120668
1657,16.56999999999979,0.997397115262633
1658,16.579999999999792,0.9974050388965017
1659,16.589999999999794,0.9974129361090044
1660,16.599999999999795,0.9974208069951104
1661,16.609999999999797,0.9974286516494275
1662,16.6199999999998,0.9974364701662044
1663,16.6299999999998,0.9974442626393314
1664,16.6399999999998,0.9974520291623419
1665,16.649999999999803,0.9974597698284143
1666,16.659999999999805,0.9974674847303728
1667,16.669999999999806,0.9974751739606892
1668,16.679999999999808,0.9974828376114839
1669,16.68999999999981,0.9974904757745279
1670,16.69999999999981,0.9974980885412434
1671,16.709999999999813,0.997505676002706
1672,16.719999999999814,0.9975132382496452
1673,16.729999999999816,0.9975207753724468
1674,16.739999999999817,0.9975282874611529
1675,16.74999999999982,0.9975357746054647
1676,16.75999999999982,0.997543236894743
1677,16.769999999999822,0.9975506744180096
1678,16.779999999999824,0.9975580872639487
1679,16.789999999999825,0.9975654755209084
1680,16.799999999999827,0.9975728392769019
1681,16.809999999999828,0.9975801786196089
1682,16.81999999999983,0.9975874936363768
1683,16.82999999999983,0.9975947844142218
1684,16.839999999999833,0.9976020510398309
1685,16.849999999999834,0.9976092935995624
1686,16.859999999999836,0.9976165121794477
1687,16.869999999999838,0.9976237068651923
1688,16.87999999999984,0.9976308777421776
1689,16.88999999999984,0.9976380248954613
1690,16.899999999999842,0.9976451484097795
1691,16.909999999999844,0.9976522483695476
1692,16.919999999999845,0.9976593248588613
1693,16.929999999999847,0.9976663779614988
1694,16.93999999999985,0.9976734077609206
1695,16.94999999999985,0.9976804143402723
1696,16.95999999999985,0.9976873977823847
1697,16.969999999999853,0.9976943581697754
1698,16.979999999999855,0.9977012955846504
1699,16.989999999999856,0.9977082101089045
1700,16.999999999999858,0.9977151018241235
1701,17.00999999999986,0.9977219708115849
1702,17.01999999999986,0.9977288171522586
1703,17.029999999999863,0.9977356409268094
1704,17.039999999999864,0.9977424422155972
1705,17.049999999999866,0.997749221098678
1706,17.059999999999867,0.9977559776558063
1707,17.06999999999987,0.997762711966435
1708,17.07999999999987,0.9977694241097173
1709,17.089999999999872,0.9977761141645077
1710,17.099999999999874,0.9977827822093635
1711,17.109999999999875,0.997789428322545
1712,17.119999999999877,0.9977960525820178
1713,17.129999999999878,0.9978026550654532
1714,17.13999999999988,0.99780923585023
1715,17.14999999999988,0.9978157950134348
1716,17.159999999999883,0.9978223326318639
1717,17.169999999999884,0.9978288487820243
1718,17.179999999999886,0.9978353435401343
1719,17.189999999999888,0.9978418169821254
1720,17.19999999999989,0.9978482691836428
1721,17.20999999999989,0.9978547002200471
1722,17.219999999999892,0.9978611101664148
1723,17.229999999999894,0.9978674990975398
1724,17.239999999999895,0.9978738670879346
1725,17.249999999999897,0.9978802142118308
1726,17.2599999999999,0.9978865405431813
1727,17.2699999999999,0.9978928461556601
1728,17.2799999999999,0.9978991311226644
1729,17.289999999999903,0.997905395517315
1730,17.299999999999905,0.9979116394124582
1731,17.309999999999906,0.9979178628806658
1732,17.319999999999908,0.997924065994237
1733,17.32999999999991,0.9979302488251993
1734,17.33999999999991,0.9979364114453093
1735,17.349999999999913,0.997942553926054
1736,17.359999999999914,0.997948676338652
1737,17.369999999999916,0.997954778754054
1738,17.379999999999917,0.9979608612429445
1739,17.38999999999992,0.9979669238757424
1740,17.39999999999992,0.997972966722602
1741,17.409999999999922,0.9979789898534147
1742,17.419999999999924,0.9979849933378091
1743,17.429999999999925,0.9979909772451527
1744,17.439999999999927,0.9979969416445528
1745,17.44999999999993,0.998002886604857
1746,17.45999999999993,0.9980088121946552
1747,17.46999999999993,0.9980147184822796
1748,17.479999999999933,0.9980206055358064
1749,17.489999999999934,0.9980264734230565
1750,17.499999999999936,0.9980323222115964
1751,17.509999999999938,0.9980381519687397
1752,17.51999999999994,0.9980439627615475
1753,17.52999999999994,0.9980497546568295
1754,17.539999999999942,0.9980555277211455
1755,17.549999999999944,0.9980612820208056
1756,17.559999999999945,0.9980670176218719
1757,17.569999999999947,0.998072734590159
1758,17.57999999999995,0.9980784329912349
1759,17.58999999999995,0.9980841128904226
1760,17.59999999999995,0.9980897743528003
1761,17.609999999999953,0.9980954174432028
1762,17.619999999999955,0.9981010422262223
1763,17.629999999999956,0.9981066487662096
1764,17.639999999999958,0.9981122371272743
1765,17.64999999999996,0.9981178073732868
1766,17.65999999999996,0.9981233595678787
1767,17.669999999999963,0.9981288937744432
1768,17.679999999999964,0.9981344100561372
1769,17.689999999999966,0.9981399084758813
1770,17.699999999999967,0.9981453890963609
1771,17.70999999999997,0.9981508519800275
1772,17.71999999999997,0.9981562971890993
1773,17.729999999999972,0.998161724785562
1774,17.739999999999974,0.9981671348311698
1775,17.749999999999975,0.9981725273874469
1776,17.759999999999977,0.9981779025156872
1777,17.76999999999998,0.9981832602769563
1778,17.77999999999998,0.9981886007320917
1779,17.78999999999998,0.9981939239417041
1780,17.799999999999983,0.9981992299661783
1781,17.809999999999985,0.9982045188656735
1782,17.819999999999986,0.998209790700125
1783,17.829999999999988,0.9982150455292443
1784,17.83999999999999,0.9982202834125207
1785,17.84999999999999,0.9982255044092214
1786,17.859999999999992,0.9982307085783931
1787,17.869999999999994,0.9982358959788626
1788,17.879999999999995,0.9982410666692372
1789,17.889999999999997,0.9982462207079063
1790,17.9,0.9982513581530417
1791,17.91,0.9982564790625986
1792,17.92,0.9982615834943167
1793,17.930000000000003,0.9982666715057208
1794,17.940000000000005,0.9982717431541214
1795,17.950000000000006,0.9982767984966159
1796,17.960000000000008,0.9982818375900896
1797,17.97000000000001,0.998286860491216
1798,17.98000000000001,0.9982918672564578
1799,17.990000000000013,0.9982968579420679
1800,18.000000000000014,0.9983018326040902
1801,18.010000000000016,0.9983067912983604
1802,18.020000000000017,0.9983117340805063
1803,18.03000000000002,0.9983166610059495
1804,18.04000000000002,0.9983215721299056
1805,18.050000000000022,0.998326467507385
1806,18.060000000000024,0.998331347193194
1807,18.070000000000025,0.9983362112419355
1808,18.080000000000027,0.9983410597080097
1809,18.09000000000003,0.9983458926456146
1810,18.10000000000003,0.9983507101087477
1811,18.11000000000003,0.9983555121512055
1812,18.120000000000033,0.9983602988265856
1813,18.130000000000035,0.9983650701882865
1814,18.140000000000036,0.9983698262895087
1815,18.150000000000038,0.9983745671832556
1816,18.16000000000004,0.998379292922334
1817,18.17000000000004,0.9983840035593553
1818,18.180000000000042,0.9983886991467356
1819,18.190000000000044,0.9983933797366971
1820,18.200000000000045,0.9983980453812684
1821,18.210000000000047,0.9984026961322857
1822,18.22000000000005,0.998407332041393
1823,18.23000000000005,0.998411953160043
1824,18.24000000000005,0.9984165595394986
1825,18.250000000000053,0.9984211512308323
1826,18.260000000000055,0.998425728284928
1827,18.270000000000056,0.9984302907524815
1828,18.280000000000058,0.9984348386840006
1829,18.29000000000006,0.9984393721298069
1830,18.30000000000006,0.9984438911400355
1831,18.310000000000063,0.9984483957646366
1832,18.320000000000064,0.9984528860533755
1833,18.330000000000066,0.9984573620558335
1834,18.340000000000067,0.9984618238214091
1835,18.35000000000007,0.9984662713993182
1836,18.36000000000007,0.9984707048385947
1837,18.370000000000072,0.9984751241880918
1838,18.380000000000074,0.9984795294964821
1839,18.390000000000075,0.9984839208122587
1840,18.400000000000077,0.9984882981837355
1841,18.41000000000008,0.9984926616590485
1842,18.42000000000008,0.9984970112861558
1843,18.43000000000008,0.9985013471128388
1844,18.440000000000083,0.9985056691867025
1845,18.450000000000085,0.9985099775551767
1846,18.460000000000086,0.998514272265516
1847,18.470000000000088,0.9985185533648012
1848,18.48000000000009,0.9985228208999393
1849,18.49000000000009,0.9985270749176646
1850,18.500000000000092,0.9985313154645391
1851,18.510000000000094,0.9985355425869537
1852,18.520000000000095,0.9985397563311281
1853,18.530000000000097,0.998543956743112
1854,18.5400000000001,0.9985481438687855
1855,18.5500000000001,0.99855231775386
1856,18.5600000000001,0.9985564784438785
1857,18.570000000000103,0.9985606259842168
1858,18.580000000000105,0.9985647604200834
1859,18.590000000000106,0.9985688817965206
1860,18.600000000000108,0.9985729901584054
1861,18.61000000000011,0.9985770855504496
1862,18.62000000000011,0.9985811680172006
1863,18.630000000000113,0.9985852376030424
1864,18.640000000000114,0.9985892943521955
1865,18.650000000000116,0.9985933383087182
1866,18.660000000000117,0.9985973695165071
1867,18.67000000000012,0.9986013880192974
1868,18.68000000000012,0.9986053938606639
1869,18.690000000000122,0.9986093870840214
1870,18.700000000000124,0.9986133677326251
1871,18.710000000000125,0.998617335849572
1872,18.720000000000127,0.9986212914778007
1873,18.73000000000013,0.9986252346600921
1874,18.74000000000013,0.9986291654390707
1875,18.75000000000013,0.9986330838572043
1876,18.760000000000133,0.9986369899568054
1877,18.770000000000135,0.998640883780031
1878,18.780000000000136,0.9986447653688839
1879,18.790000000000138,0.998648634765213
1880,18.80000000000014,0.9986524920107138
1881,18.81000000000014,0.9986563371469291
1882,18.820000000000142,0.9986601702152499
1883,18.830000000000144,0.9986639912569151
1884,18.840000000000146,0.9986678003130132
1885,18.850000000000147,0.9986715974244819
1886,18.86000000000015,0.9986753826321094
1887,18.87000000000015,0.9986791559765347
1888,18.88000000000015,0.9986829174982479
1889,18.890000000000153,0.9986866672375915
1890,18.900000000000155,0.9986904052347599
1891,18.910000000000156,0.9986941315298012
1892,18.920000000000158,0.9986978461626167
1893,18.93000000000016,0.998701549172962
1894,18.94000000000016,0.9987052406004476
1895,18.950000000000163,0.9987089204845392
1896,18.960000000000164,0.9987125888645585
1897,18.970000000000166,0.9987162457796834
1898,18.980000000000167,0.9987198912689491
1899,18.99000000000017,0.998723525371248
1900,19.00000000000017,0.9987271481253308
1901,19.010000000000172,0.998730759569807
1902,19.020000000000174,0.9987343597431446
1903,19.030000000000175,0.9987379486836722
1904,19.040000000000177,0.9987415264295779
1905,19.05000000000018,0.9987450930189111
1906,19.06000000000018,0.9987486484895823
1907,19.07000000000018,0.9987521928793638
1908,19.080000000000183,0.9987557262258904
1909,19.090000000000185,0.9987592485666597
1910,19.100000000000186,0.9987627599390329
1911,19.110000000000188,0.9987662603802349
1912,19.12000000000019,0.9987697499273555
1913,19.13000000000019,0.998773228617349
1914,19.140000000000192,0.9987766964870356
1915,19.150000000000194,0.9987801535731016
1916,19.160000000000196,0.9987835999120993
1917,19.170000000000197,0.9987870355404486
1918,19.1800000000002,0.9987904604944369
1919,19.1900000000002,0.9987938748102194
1920,19.200000000000202,0.9987972785238202
1921,19.210000000000203,0.9988006716711322
1922,19.220000000000205,0.9988040542879182
1923,19.230000000000206,0.9988074264098108
1924,19.240000000000208,0.9988107880723134
1925,19.25000000000021,0.9988141393108003
1926,19.26000000000021,0.9988174801605176
1927,19.270000000000213,0.9988208106565833
1928,19.280000000000214,0.9988241308339879
1929,19.290000000000216,0.9988274407275952
1930,19.300000000000217,0.9988307403721423
1931,19.31000000000022,0.9988340298022402
1932,19.32000000000022,0.9988373090523749
1933,19.330000000000222,0.9988405781569067
1934,19.340000000000224,0.9988438371500721
1935,19.350000000000225,0.9988470860659829
1936,19.360000000000227,0.9988503249386277
1937,19.37000000000023,0.9988535538018716
1938,19.38000000000023,0.9988567726894575
1939,19.39000000000023,0.9988599816350057
1940,19.400000000000233,0.9988631806720151
1941,19.410000000000235,0.9988663698338631
1942,19.420000000000236,0.9988695491538067
1943,19.430000000000238,0.998872718664982
1944,19.44000000000024,0.9988758784004056
1945,19.45000000000024,0.9988790283929748
1946,19.460000000000242,0.9988821686754676
1947,19.470000000000244,0.9988852992805437
1948,19.480000000000246,0.9988884202407448
1949,19.490000000000247,0.9988915315884949
1950,19.50000000000025,0.9988946333561007
1951,19.51000000000025,0.9988977255757527
1952,19.520000000000252,0.9989008082795247
1953,19.530000000000253,0.9989038814993746
1954,19.540000000000255,0.9989069452671453
1955,19.550000000000257,0.9989099996145646
1956,19.560000000000258,0.9989130445732459
1957,19.57000000000026,0.9989160801746882
1958,19.58000000000026,0.9989191064502775
1959,19.590000000000263,0.9989221234312858
1960,19.600000000000264,0.9989251311488732
1961,19.610000000000266,0.9989281296340866
1962,19.620000000000267,0.9989311189178619
1963,19.63000000000027,0.9989340990310228
1964,19.64000000000027,0.9989370700042822
1965,19.650000000000272,0.9989400318682427
1966,19.660000000000274,0.9989429846533959
1967,19.670000000000275,0.9989459283901245
1968,19.680000000000277,0.9989488631087012
1969,19.69000000000028,0.9989517888392903
1970,19.70000000000028,0.9989547056119468
1971,19.71000000000028,0.9989576134566183
1972,19.720000000000283,0.9989605124031443
1973,19.730000000000285,0.998963402481257
1974,19.740000000000286,0.998966283720582
1975,19.750000000000288,0.9989691561506381
1976,19.76000000000029,0.998972019800838
1977,19.77000000000029,0.998974874700489
1978,19.780000000000292,0.9989777208787929
1979,19.790000000000294,0.9989805583648466
1980,19.800000000000296,0.9989833871876426
1981,19.810000000000297,0.9989862073760692
1982,19.8200000000003,0.9989890189589113
1983,19.8300000000003,0.9989918219648503
1984,19.840000000000302,0.9989946164224645
1985,19.850000000000303,0.9989974023602299
1986,19.860000000000305,0.9990001798065207
1987,19.870000000000307,0.9990029487896085
1988,19.880000000000308,0.9990057093376644
1989,19.89000000000031,0.9990084614787581
1990,19.90000000000031,0.9990112052408588
1991,19.910000000000313,0.9990139406518356
1992,19.920000000000314,0.9990166677394575
1993,19.930000000000316,0.9990193865313944
1994,19.940000000000317,0.9990220970552169
1995,19.95000000000032,0.9990247993383969
1996,19.96000000000032,0.9990274934083081
1997,19.970000000000322,0.9990301792922263
1998,19.980000000000324,0.9990328570173295
1999,19.990000000000325,0.9990355266106986
2000,20.000000000000327,0.9990381880993178
2001,20.01000000000033,0.9990408415100746
2002,20.02000000000033,0.9990434868697605
2003,20.03000000000033,0.9990461242050714
2004,20.040000000000333,0.9990487535426076
2005,20.050000000000335,0.9990513749088743
2006,20.060000000000336,0.9990539883302824
2007,20.070000000000338,0.9990565938331483
2008,20.08000000000034,0.9990591914436943
2009,20.09000000000034,0.9990617811880492
2010,20.100000000000342,0.9990643630922489
2011,20.110000000000344,0.9990669371822359
2012,20.120000000000346,0.9990695034838606
2013,20.130000000000347,0.9990720620228808
2014,20.14000000000035,0.9990746128249628
2015,20.15000000000035,0.9990771559156812
2016,20.160000000000352,0.9990796913205197
2017,20.170000000000353,0.9990822190648709
2018,20.180000000000355,0.9990847391740373
2019,20.190000000000357,0.9990872516732309
2020,20.200000000000358,0.9990897565875742
2021,20.21000000000036,0.9990922539421
2022,20.22000000000036,0.9990947437617524
2023,20.230000000000363,0.9990972260713864
2024,20.240000000000364,0.9990997008957687
2025,20.250000000000366,0.9991021682595779
2026,20.260000000000367,0.9991046281874049
2027,20.27000000000037,0.9991070807037529
2028,20.28000000000037,0.9991095258330382
2029,20.290000000000372,0.9991119635995906
2030,20.300000000000374,0.999114394027653
2031,20.310000000000375,0.9991168171413825
2032,20.320000000000377,0.99911923296485
2033,20.33000000000038,0.9991216415220412
2034,20.34000000000038,0.999124042836857
2035,20.35000000000038,0.9991264369331128
2036,20.360000000000383,0.9991288238345398
2037,20.370000000000385,0.9991312035647851
2038,20.380000000000386,0.9991335761474119
2039,20.390000000000388,0.9991359416058997
2040,20.40000000000039,0.9991382999636448
2041,20.41000000000039,0.9991406512439606
2042,20.420000000000393,0.9991429954700779
2043,20.430000000000394,0.9991453326651452
2044,20.440000000000396,0.9991476628522289
2045,20.450000000000397,0.9991499860543137
2046,20.4600000000004,0.9991523022943032
2047,20.4700000000004,0.9991546115950196
2048,20.480000000000402,0.9991569139792044
2049,20.490000000000403,0.9991592094695186
2050,20.500000000000405,0.9991614980885433
2051,20.510000000000407,0.9991637798587794
2052,20.520000000000408,0.9991660548026483
2053,20.53000000000041,0.9991683229424922
2054,20.54000000000041,0.9991705843005746
2055,20.550000000000413,0.9991728388990796
2056,20.560000000000414,0.9991750867601137
2057,20.570000000000416,0.9991773279057049
2058,20.580000000000418,0.9991795623578034
2059,20.59000000000042,0.999181790138282
2060,20.60000000000042,0.9991840112689364
2061,20.610000000000422,0.9991862257714851
2062,20.620000000000424,0.9991884336675703
2063,20.630000000000425,0.9991906349787574
2064,20.640000000000427,0.9991928297265362
2065,20.65000000000043,0.9991950179323207
2066,20.66000000000043,0.9991971996174489
2067,20.67000000000043,0.9991993748031842
2068,20.680000000000433,0.9992015435107147
2069,20.690000000000435,0.999203705761154
2070,20.700000000000436,0.9992058615755413
2071,20.710000000000438,0.9992080109748418
2072,20.72000000000044,0.9992101539799467
2073,20.73000000000044,0.9992122906116738
2074,20.740000000000443,0.9992144208907676
2075,20.750000000000444,0.9992165448378998
2076,20.760000000000446,0.999218662473669
2077,20.770000000000447,0.9992207738186016
2078,20.78000000000045,0.9992228788931521
2079,20.79000000000045,0.9992249777177024
2080,20.800000000000452,0.9992270703125634
2081,20.810000000000453,0.9992291566979743
2082,20.820000000000455,0.9992312368941035
2083,20.830000000000457,0.9992333109210483
2084,20.840000000000458,0.9992353787988354
2085,20.85000000000046,0.9992374405474216
2086,20.86000000000046,0.999239496186693
2087,20.870000000000463,0.9992415457364666
2088,20.880000000000464,0.9992435892164895
2089,20.890000000000466,0.9992456266464396
2090,20.900000000000468,0.9992476580459259
2091,20.91000000000047,0.9992496834344884
2092,20.92000000000047,0.9992517028315989
2093,20.930000000000472,0.9992537162566609
2094,20.940000000000474,0.9992557237290098
2095,20.950000000000475,0.9992577252679135
2096,20.960000000000477,0.9992597208925721
2097,20.97000000000048,0.9992617106221187
2098,20.98000000000048,0.9992636944756195
2099,20.99000000000048,0.9992656724720739
2100,21.000000000000483,0.9992676446304146
2101,21.010000000000485,0.9992696109695085
2102,21.020000000000486,0.9992715715081562
2103,21.030000000000488,0.9992735262650927
2104,21.04000000000049,0.9992754752589875
2105,21.05000000000049,0.9992774185084448
2106,21.060000000000493,0.9992793560320039
2107,21.070000000000494,0.9992812878481392
2108,21.080000000000496,0.9992832139752608
2109,21.090000000000497,0.9992851344317142
2110,21.1000000000005,0.9992870492357812
2111,21.1100000000005,0.9992889584056796
2112,21.120000000000502,0.9992908619595636
2113,21.130000000000503,0.9992927599155242
2114,21.140000000000505,0.9992946522915894
2115,21.150000000000507,0.9992965391057241
2116,21.160000000000508,0.9992984203758307
2117,21.17000000000051,0.9993002961197492
2118,21.18000000000051,0.9993021663552574
2119,21.190000000000513,0.9993040311000712
2120,21.200000000000514,0.9993058903718447
2121,21.210000000000516,0.9993077441881708
2122,21.220000000000518,0.9993095925665809
2123,21.23000000000052,0.9993114355245455
2124,21.24000000000052,0.9993132730794742
2125,21.250000000000522,0.9993151052487163
2126,21.260000000000524,0.9993169320495603
2127,21.270000000000525,0.999318753499235
2128,21.280000000000527,0.9993205696149093
2129,21.29000000000053,0.9993223804136921
2130,21.30000000000053,0.9993241859126333
2131,21.31000000000053,0.999325986128723
2132,21.320000000000533,0.9993277810788929
2133,21.330000000000535,0.9993295707800153
2134,21.340000000000536,0.9993313552489045
2135,21.350000000000538,0.9993331345023162
2136,21.36000000000054,0.9993349085569477
2137,21.37000000000054,0.9993366774294389
2138,21.380000000000543,0.9993384411363714
2139,21.390000000000544,0.9993401996942699
2140,21.400000000000546,0.9993419531196014
2141,21.410000000000547,0.9993437014287759
2142,21.42000000000055,0.9993454446381467
2143,21.43000000000055,0.9993471827640102
2144,21.440000000000552,0.9993489158226067
2145,21.450000000000554,0.9993506438301198
2146,21.460000000000555,0.9993523668026775
2147,21.470000000000557,0.9993540847563517
2148,21.480000000000558,0.9993557977071588
2149,21.49000000000056,0.9993575056710599
2150,21.50000000000056,0.9993592086639607
2151,21.510000000000563,0.999360906701712
2152,21.520000000000564,0.9993625998001098
2153,21.530000000000566,0.9993642879748953
2154,21.540000000000568,0.9993659712417557
2155,21.55000000000057,0.999367649616324
2156,21.56000000000057,0.9993693231141785
2157,21.570000000000572,0.9993709917508445
2158,21.580000000000574,0.9993726555417934
2159,21.590000000000575,0.9993743145024433
2160,21.600000000000577,0.9993759686481589
2161,21.61000000000058,0.9993776179942521
2162,21.62000000000058,0.9993792625559816
2163,21.63000000000058,0.9993809023485543
2164,21.640000000000583,0.9993825373871237
2165,21.650000000000585,0.9993841676867918
2166,21.660000000000586,0.9993857932626081
2167,21.670000000000588,0.9993874141295708
2168,21.68000000000059,0.9993890303026256
2169,21.69000000000059,0.9993906417966677
2170,21.700000000000593,0.9993922486265402
2171,21.710000000000594,0.9993938508070357
2172,21.720000000000596,0.9993954483528955
2173,21.730000000000597,0.9993970412788105
2174,21.7400000000006,0.9993986295994208
2175,21.7500000000006,0.9994002133293165
2176,21.760000000000602,0.9994017924830372
2177,21.770000000000604,0.9994033670750725
2178,21.780000000000605,0.9994049371198627
2179,21.790000000000607,0.999406502631798
2180,21.80000000000061,0.9994080636252193
2181,21.81000000000061,0.9994096201144184
2182,21.82000000000061,0.999411172113638
2183,21.830000000000613,0.9994127196370718
2184,21.840000000000614,0.9994142626988648
2185,21.850000000000616,0.9994158013131137
2186,21.860000000000618,0.9994173354938666
2187,21.87000000000062,0.9994188652551235
2188,21.88000000000062,0.9994203906108365
2189,21.890000000000622,0.9994219115749099
2190,21.900000000000624,0.9994234281612002
2191,21.910000000000625,0.9994249403835166
2192,21.920000000000627,0.9994264482556209
2193,21.93000000000063,0.9994279517912278
2194,21.94000000000063,0.999429451004005
2195,21.95000000000063,0.9994309459075736
2196,21.960000000000633,0.9994324365155081
2197,21.970000000000635,0.9994339228413361
2198,21.980000000000636,0.9994354048985398
2199,21.990000000000638,0.9994368827005543
2200,22.00000000000064,0.9994383562607697
2201,22.01000000000064,0.9994398255925296
2202,22.020000000000643,0.9994412907091327
2203,22.030000000000644,0.9994427516238316
2204,22.040000000000646,0.999444208349834
2205,22.050000000000647,0.9994456609003027
2206,22.06000000000065,0.9994471092883552
2207,22.07000000000065,0.9994485535270643
2208,22.080000000000652,0.9994499936294584
2209,22.090000000000654,0.9994514296085212
2210,22.100000000000655,0.9994528614771925
2211,22.110000000000657,0.9994542892483675
2212,22.12000000000066,0.999455712934898
2213,22.13000000000066,0.9994571325495916
2214,22.14000000000066,0.9994585481052122
2215,22.150000000000663,0.9994599596144806
2216,22.160000000000664,0.9994613670900742
2217,22.170000000000666,0.999462770544627
2218,22.180000000000668,0.9994641699907301
2219,22.19000000000067,0.9994655654409318
2220,22.20000000000067,0.9994669569077379
2221,22.210000000000672,0.9994683444036114
2222,22.220000000000674,0.9994697279409731
2223,22.230000000000675,0.9994711075322013
2224,22.240000000000677,0.9994724831896326
2225,22.25000000000068,0.9994738549255614
2226,22.26000000000068,0.9994752227522405
2227,22.27000000000068,0.9994765866818811
2228,22.280000000000683,0.9994779467266528
2229,22.290000000000685,0.999479302898684
2230,22.300000000000686,0.999480655210062
2231,22.310000000000688,0.999482003672833
2232,22.32000000000069,0.9994833482990022
2233,22.33000000000069,0.9994846891005343
2234,22.340000000000693,0.9994860260893536
2235,22.350000000000694,0.9994873592773434
2236,22.360000000000696,0.9994886886763475
2237,22.370000000000697,0.9994900142981689
2238,22.3800000000007,0.999491336154571
2239,22.3900000000007,0.9994926542572772
2240,22.400000000000702,0.9994939686179714
2241,22.410000000000704,0.9994952792482976
2242,22.420000000000705,0.999496586159861
2243,22.430000000000707,0.999497889364227
2244,22.44000000000071,0.999499188872922
2245,22.45000000000071,0.9995004846974336
2246,22.46000000000071,0.9995017768492105
2247,22.470000000000713,0.9995030653396625
2248,22.480000000000715,0.9995043501801613
2249,22.490000000000716,0.9995056313820397
2250,22.500000000000718,0.9995069089565926
2251,22.51000000000072,0.9995081829150764
2252,22.52000000000072,0.99950945326871
2253,22.530000000000722,0.9995107200286739
2254,22.540000000000724,0.9995119832061113
2255,22.550000000000725,0.9995132428121277
2256,22.560000000000727,0.999514498857791
2257,22.57000000000073,0.999515751354132
2258,22.58000000000073,0.9995170003121441
2259,22.59000000000073,0.9995182457427839
2260,22.600000000000733,0.9995194876569709
2261,22.610000000000735,0.999520726065588
2262,22.620000000000736,0.9995219609794811
2263,22.630000000000738,0.9995231924094602
2264,22.64000000000074,0.9995244203662983
2265,22.65000000000074,0.9995256448607326
2266,22.660000000000743,0.9995268659034637
2267,22.670000000000744,0.999528083505157
2268,22.680000000000746,0.999529297676441
2269,22.690000000000747,0.9995305084279096
2270,22.70000000000075,0.9995317157701201
2271,22.71000000000075,0.999532919713595
2272,22.720000000000752,0.9995341202688212
2273,22.730000000000754,0.9995353174462502
2274,22.740000000000755,0.9995365112562989
2275,22.750000000000757,0.9995377017093489
2276,22.76000000000076,0.9995388888157469
2277,22.77000000000076,0.9995400725858051
2278,22.78000000000076,0.9995412530298011
2279,22.790000000000763,0.999542430157978
2280,22.800000000000765,0.9995436039805444
2281,22.810000000000766,0.9995447745076749
2282,22.820000000000768,0.99954594174951
2283,22.83000000000077,0.999547105716156
2284,22.84000000000077,0.9995482664176857
2285,22.850000000000772,0.9995494238641379
2286,22.860000000000774,0.9995505780655181
2287,22.870000000000775,0.9995517290317978
2288,22.880000000000777,0.9995528767729158
2289,22.89000000000078,0.9995540212987771
2290,22.90000000000078,0.9995551626192539
2291,22.91000000000078,0.9995563007441853
2292,22.920000000000783,0.9995574356833776
2293,22.930000000000785,0.9995585674466041
2294,22.940000000000786,0.9995596960436057
2295,22.950000000000788,0.9995608214840908
2296,22.96000000000079,0.9995619437777349
2297,22.97000000000079,0.9995630629341818
2298,22.980000000000793,0.9995641789630431
2299,22.990000000000794,0.9995652918738978
2300,23.000000000000796,0.9995664016762933
2301,23.010000000000797,0.9995675083797453
2302,23.0200000000008,0.9995686119937374
2303,23.0300000000008,0.999569712527722
2304,23.040000000000802,0.9995708099911197
2305,23.050000000000804,0.9995719043933199
2306,23.060000000000805,0.9995729957436805
2307,23.070000000000807,0.9995740840515287
2308,23.08000000000081,0.99957516932616
2309,23.09000000000081,0.9995762515768395
2310,23.10000000000081,0.9995773308128012
2311,23.110000000000813,0.9995784070432485
2312,23.120000000000815,0.9995794802773542
2313,23.130000000000816,0.9995805505242606
2314,23.140000000000818,0.9995816177930795
2315,23.15000000000082,0.9995826820928926
2316,23.16000000000082,0.9995837434327512
2317,23.170000000000822,0.9995848018216769
2318,23.180000000000824,0.9995858572686609
2319,23.190000000000826,0.9995869097826648
2320,23.200000000000827,0.9995879593726207
2321,23.21000000000083,0.9995890060474304
2322,23.22000000000083,0.9995900498159668
2323,23.23000000000083,0.9995910906870732
2324,23.240000000000833,0.9995921286695633
2325,23.250000000000835,0.999593163772222
2326,23.260000000000836,0.9995941960038048
2327,23.270000000000838,0.9995952253730384
2328,23.28000000000084,0.9995962518886203
2329,23.29000000000084,0.9995972755592197
2330,23.300000000000843,0.9995982963934765
2331,23.310000000000844,0.9995993144000025
2332,23.320000000000846,0.9996003295873808
2333,23.330000000000847,0.9996013419641658
2334,23.34000000000085,0.9996023515388844
2335,23.35000000000085,0.9996033583200346
2336,23.360000000000852,0.9996043623160864
2337,23.370000000000854,0.9996053635354822
2338,23.380000000000855,0.9996063619866362
2339,23.390000000000857,0.9996073576779348
2340,23.40000000000086,0.9996083506177369
2341,23.41000000000086,0.9996093408143736
2342,23.42000000000086,0.9996103282761486
2343,23.430000000000863,0.9996113130113382
2344,23.440000000000865,0.9996122950281915
2345,23.450000000000866,0.9996132743349301
2346,23.460000000000868,0.9996142509397489
2347,23.47000000000087,0.9996152248508153
2348,23.48000000000087,0.9996161960762703
2349,23.490000000000872,0.9996171646242278
2350,23.500000000000874,0.9996181305027749
2351,23.510000000000876,0.9996190937199724
2352,23.520000000000877,0.999620054283854
2353,23.53000000000088,0.9996210122024277
2354,23.54000000000088,0.9996219674836745
2355,23.550000000000882,0.9996229201355494
2356,23.560000000000883,0.9996238701659815
2357,23.570000000000885,0.9996248175828734
2358,23.580000000000886,0.9996257623941018
2359,23.590000000000888,0.9996267046075179
2360,23.60000000000089,0.9996276442309466
2361,23.61000000000089,0.9996285812721873
2362,23.620000000000893,0.999629515739014
2363,23.630000000000894,0.999630447639175
2364,23.640000000000896,0.999631376980393
2365,23.650000000000897,0.9996323037703656
2366,23.6600000000009,0.999633228016765
2367,23.6700000000009,0.9996341497272385
2368,23.680000000000902,0.9996350689094081
2369,23.690000000000904,0.9996359855708707
2370,23.700000000000905,0.9996368997191987
2371,23.710000000000907,0.9996378113619393
2372,23.72000000000091,0.9996387205066152
2373,23.73000000000091,0.9996396271607244
2374,23.74000000000091,0.9996405313317405
2375,23.750000000000913,0.9996414330271122
2376,23.760000000000915,0.9996423322542644
2377,23.770000000000916,0.9996432290205973
2378,23.780000000000918,0.9996441233334873
2379,23.79000000000092,0.9996450152002861
2380,23.80000000000092,0.9996459046283219
2381,23.810000000000922,0.9996467916248988
2382,23.820000000000924,0.9996476761972969
2383,23.830000000000926,0.9996485583527727
2384,23.840000000000927,0.9996494380985588
2385,23.85000000000093,0.9996503154418644
2386,23.86000000000093,0.9996511903898753
2387,23.870000000000932,0.9996520629497532
2388,23.880000000000933,0.9996529331286372
2389,23.890000000000935,0.9996538009336429
2390,23.900000000000936,0.9996546663718623
2391,23.910000000000938,0.9996555294503647
2392,23.92000000000094,0.9996563901761965
2393,23.93000000000094,0.9996572485563806
2394,23.940000000000943,0.9996581045979175
2395,23.950000000000944,0.9996589583077847
2396,23.960000000000946,0.999659809692937
2397,23.970000000000947,0.9996606587603067
2398,23.98000000000095,0.9996615055168033
2399,23.99000000000095,0.9996623499693141
2400,24.000000000000952,0.9996631921247039
2401,24.010000000000954,0.999664031989815
2402,24.020000000000955,0.9996648695714677
2403,24.030000000000957,0.9996657048764601
2404,24.04000000000096,0.9996665379115682
2405,24.05000000000096,0.9996673686835459
2406,24.06000000000096,0.9996681971991253
2407,24.070000000000963,0.9996690234650164
2408,24.080000000000965,0.9996698474879079
2409,24.090000000000966,0.9996706692744664
2410,24.100000000000968,0.9996714888313369
2411,24.11000000000097,0.9996723061651432
2412,24.12000000000097,0.9996731212824872
2413,24.130000000000972,0.9996739341899495
2414,24.140000000000974,0.9996747448940897
2415,24.150000000000976,0.9996755534014459
2416,24.160000000000977,0.9996763597185347
2417,24.17000000000098,0.9996771638518523
2418,24.18000000000098,0.9996779658078735
2419,24.190000000000982,0.999678765593052
2420,24.200000000000983,0.9996795632138209
2421,24.210000000000985,0.9996803586765923
2422,24.220000000000987,0.9996811519877579
2423,24.230000000000988,0.9996819431536882
2424,24.24000000000099,0.9996827321807334
2425,24.25000000000099,0.9996835190752236
2426,24.260000000000993,0.9996843038434675
2427,24.270000000000994,0.9996850864917544
2428,24.280000000000996,0.9996858670263526
2429,24.290000000000997,0.9996866454535106
2430,24.300000000001,0.9996874217794566
2431,24.310000000001,0.9996881960103985
2432,24.320000000001002,0.9996889681525245
2433,24.330000000001004,0.9996897382120028
2434,24.340000000001005,0.9996905061949815
2435,24.350000000001007,0.9996912721075891
2436,24.36000000000101,0.9996920359559343
2437,24.37000000000101,0.9996927977461059
2438,24.38000000000101,0.9996935574841735
2439,24.390000000001013,0.9996943151761871
2440,24.400000000001015,0.9996950708281769
2441,24.410000000001016,0.9996958244461538
2442,24.420000000001018,0.9996965760361096
2443,24.43000000000102,0.9996973256040167
2444,24.44000000000102,0.9996980731558284
2445,24.450000000001022,0.9996988186974785
2446,24.460000000001024,0.9996995622348821
2447,24.470000000001026,0.9997003037739353
2448,24.480000000001027,0.9997010433205149
2449,24.49000000000103,0.9997017808804793
2450,24.50000000000103,0.9997025164596679
2451,24.510000000001032,0.9997032500639013
2452,24.520000000001033,0.9997039816989814
2453,24.530000000001035,0.9997047113706916
2454,24.540000000001037,0.9997054390847968
2455,24.550000000001038,0.9997061648470432
2456,24.56000000000104,0.9997068886631588
2457,24.57000000000104,0.9997076105388532
2458,24.580000000001043,0.9997083304798176
2459,24.590000000001044,0.999709048491725
2460,24.600000000001046,0.9997097645802304
2461,24.610000000001047,0.9997104787509707
2462,24.62000000000105,0.9997111910095645
2463,24.63000000000105,0.9997119013616127
2464,24.640000000001052,0.9997126098126979
2465,24.650000000001054,0.9997133163683856
2466,24.660000000001055,0.9997140210342226
2467,24.670000000001057,0.9997147238157386
2468,24.68000000000106,0.9997154247184453
2469,24.69000000000106,0.9997161237478371
2470,24.70000000000106,0.9997168209093907
2471,24.710000000001063,0.9997175162085653
2472,24.720000000001065,0.9997182096508025
2473,24.730000000001066,0.999718901241527
2474,24.740000000001068,0.9997195909861457
2475,24.75000000000107,0.9997202788900487
2476,24.76000000000107,0.9997209649586084
2477,24.770000000001072,0.9997216491971807
2478,24.780000000001074,0.9997223316111038
2479,24.790000000001076,0.9997230122056994
2480,24.800000000001077,0.999723690986272
2481,24.81000000000108,0.9997243679581093
2482,24.82000000000108,0.9997250431264821
2483,24.830000000001082,0.9997257164966444
2484,24.840000000001083,0.9997263880738337
2485,24.850000000001085,0.9997270578632707
2486,24.860000000001087,0.9997277258701592
2487,24.870000000001088,0.999728392099687
2488,24.88000000000109,0.9997290565570252
2489,24.89000000000109,0.9997297192473281
2490,24.900000000001093,0.9997303801757343
2491,24.910000000001094,0.9997310393473656
2492,24.920000000001096,0.9997316967673278
2493,24.930000000001098,0.9997323524407101
2494,24.9400000000011,0.9997330063725861
2495,24.9500000000011,0.9997336585680129
2496,24.960000000001102,0.9997343090320316
2497,24.970000000001104,0.9997349577696676
2498,24.980000000001105,0.9997356047859302
2499,24.990000000001107,0.9997362500858125
2500,25.00000000000111,0.9997368936742923
2501,25.01000000000111,0.9997375355563315
2502,25.02000000000111,0.9997381757368761
2503,25.030000000001113,0.9997388142208565
2504,25.040000000001115,0.9997394510131877
2505,25.050000000001116,0.9997400861187689
2506,25.060000000001118,0.9997407195424839
2507,25.07000000000112,0.999741351289201
2508,25.08000000000112,0.9997419813637733
2509,25.090000000001123,0.9997426097710385
2510,25.100000000001124,0.9997432365158186
2511,25.110000000001126,0.999743861602921
2512,25.120000000001127,0.9997444850371375
2513,25.13000000000113,0.999745106823245
2514,25.14000000000113,0.9997457269660052
2515,25.150000000001132,0.9997463454701647
2516,25.160000000001133,0.9997469623404553
2517,25.170000000001135,0.9997475775815938
2518,25.180000000001137,0.9997481911982821
2519,25.190000000001138,0.9997488031952073
2520,25.20000000000114,0.9997494135770417
2521,25.21000000000114,0.999750022348443
2522,25.220000000001143,0.999750629514054
2523,25.230000000001144,0.9997512350785033
2524,25.240000000001146,0.9997518390464043
2525,25.250000000001148,0.9997524414223564
2526,25.26000000000115,0.9997530422109444
2527,25.27000000000115,0.9997536414167385
2528,25.280000000001152,0.9997542390442948
2529,25.290000000001154,0.9997548350981549
2530,25.300000000001155,0.9997554295828461
2531,25.310000000001157,0.9997560225028816
2532,25.32000000000116,0.9997566138627604
2533,25.33000000000116,0.9997572036669672
2534,25.34000000000116,0.9997577919199728
2535,25.350000000001163,0.999758378626234
2536,25.360000000001165,0.9997589637901934
2537,25.370000000001166,0.9997595474162798
2538,25.380000000001168,0.9997601295089082
2539,25.39000000000117,0.9997607100724797
2540,25.40000000000117,0.9997612891113813
2541,25.410000000001173,0.9997618666299868
2542,25.420000000001174,0.9997624426326558
2543,25.430000000001176,0.9997630171237345
2544,25.440000000001177,0.9997635901075556
2545,25.45000000000118,0.9997641615884377
2546,25.46000000000118,0.9997647315706867
2547,25.470000000001182,0.9997653000585943
2548,25.480000000001183,0.9997658670564391
2549,25.490000000001185,0.9997664325684864
2550,25.500000000001187,0.9997669965989879
2551,25.510000000001188,0.9997675591521822
2552,25.52000000000119,0.9997681202322947
2553,25.53000000000119,0.9997686798435372
2554,25.540000000001193,0.9997692379901091
2555,25.550000000001194,0.9997697946761959
2556,25.560000000001196,0.9997703499059705
2557,25.570000000001198,0.9997709036835926
2558,25.5800000000012,0.9997714560132089
2559,25.5900000000012,0.9997720068989535
2560,25.600000000001202,0.9997725563449471
2561,25.610000000001204,0.9997731043552979
2562,25.620000000001205,0.9997736509341011
2563,25.630000000001207,0.9997741960854394
2564,25.64000000000121,0.9997747398133825
2565,25.65000000000121,0.9997752821219875
2566,25.66000000000121,0.999775823015299
2567,25.670000000001213,0.9997763624973489
2568,25.680000000001215,0.9997769005721566
2569,25.690000000001216,0.999777437243729
2570,25.700000000001218,0.9997779725160604
2571,25.71000000000122,0.9997785063931328
2572,25.72000000000122,0.999779038878916
2573,25.730000000001223,0.9997795699773669
2574,25.740000000001224,0.999780099692431
2575,25.750000000001226,0.9997806280280406
2576,25.760000000001227,0.9997811549881163
2577,25.77000000000123,0.9997816805765666
2578,25.78000000000123,0.9997822047972875
2579,25.790000000001232,0.9997827276541633
2580,25.800000000001234,0.9997832491510661
2581,25.810000000001235,0.9997837692918559
2582,25.820000000001237,0.9997842880803808
2583,25.830000000001238,0.9997848055204769
2584,25.84000000000124,0.9997853216159686
2585,25.85000000000124,0.9997858363706683
2586,25.860000000001243,0.9997863497883767
2587,25.870000000001244,0.9997868618728826
2588,25.880000000001246,0.9997873726279631
2589,25.890000000001248,0.9997878820573838
2590,25.90000000000125,0.9997883901648983
2591,25.91000000000125,0.999788896954249
2592,25.920000000001252,0.9997894024291664
2593,25.930000000001254,0.9997899065933696
2594,25.940000000001255,0.9997904094505663
2595,25.950000000001257,0.9997909110044524
2596,25.96000000000126,0.9997914112587128
2597,25.97000000000126,0.999791910217021
2598,25.98000000000126,0.9997924078830387
2599,25.990000000001263,0.9997929042604168
2600,26.000000000001265,0.9997933993527945
2601,26.010000000001266,0.9997938931638004
2602,26.020000000001268,0.9997943856970511
2603,26.03000000000127,0.9997948769561529
2604,26.04000000000127,0.9997953669447002
2605,26.050000000001273,0.9997958556662768
2606,26.060000000001274,0.9997963431244554
2607,26.070000000001276,0.9997968293227977
2608,26.080000000001277,0.9997973142648541
2609,26.09000000000128,0.9997977979541646
2610,26.10000000000128,0.9997982803942579
2611,26.110000000001282,0.9997987615886521
2612,26.120000000001284,0.9997992415408543
2613,26.130000000001285,0.9997997202543608
2614,26.140000000001287,0.9998001977326575
2615,26.150000000001288,0.9998006739792191
2616,26.16000000000129,0.9998011489975099
2617,26.17000000000129,0.9998016227909835
2618,26.180000000001293,0.9998020953630831
2619,26.190000000001294,0.9998025667172408
2620,26.200000000001296,0.9998030368568787
2621,26.210000000001298,0.9998035057854081
2622,26.2200000000013,0.99980397350623
2623,26.2300000000013,0.9998044400227349
2624,26.240000000001302,0.9998049053383029
2625,26.250000000001304,0.9998053694563038
2626,26.260000000001305,0.9998058323800969
2627,26.270000000001307,0.9998062941130315
2628,26.28000000000131,0.9998067546584462
2629,26.29000000000131,0.9998072140196699
2630,26.30000000000131,0.999807672200021
2631,26.310000000001313,0.9998081292028077
2632,26.320000000001315,0.9998085850313283
2633,26.330000000001316,0.9998090396888708
2634,26.340000000001318,0.9998094931787134
2635,26.35000000000132,0.9998099455041238
2636,26.36000000000132,0.9998103966683604
2637,26.370000000001323,0.999810846674671
2638,26.380000000001324,0.999811295526294
2639,26.390000000001326,0.9998117432264574
2640,26.400000000001327,0.9998121897783798
2641,26.41000000000133,0.9998126351852696
2642,26.42000000000133,0.9998130794503258
2643,26.430000000001332,0.9998135225767374
2644,26.440000000001334,0.9998139645676836
2645,26.450000000001335,0.9998144054263339
2646,26.460000000001337,0.9998148451558486
2647,26.47000000000134,0.9998152837593779
2648,26.48000000000134,0.9998157212400623
2649,26.49000000000134,0.9998161576010333
2650,26.500000000001343,0.9998165928454122
2651,26.510000000001344,0.9998170269763114
2652,26.520000000001346,0.9998174599968334
2653,26.530000000001348,0.9998178919100713
2654,26.54000000000135,0.9998183227191092
2655,26.55000000000135,0.9998187524270213
2656,26.560000000001352,0.9998191810368728
2657,26.570000000001354,0.9998196085517195
2658,26.580000000001355,0.9998200349746077
2659,26.590000000001357,0.9998204603085747
2660,26.60000000000136,0.9998208845566485
2661,26.61000000000136,0.9998213077218481
2662,26.62000000000136,0.9998217298071828
2663,26.630000000001363,0.9998221508156533
2664,26.640000000001365,0.9998225707502509
2665,26.650000000001366,0.9998229896139582
2666,26.660000000001368,0.9998234074097482
2667,26.67000000000137,0.9998238241405853
2668,26.68000000000137,0.9998242398094248
2669,26.690000000001373,0.9998246544192131
2670,26.700000000001374,0.9998250679728875
2671,26.710000000001376,0.9998254804733765
2672,26.720000000001377,0.9998258919235999
2673,26.73000000000138,0.9998263023264684
2674,26.74000000000138,0.9998267116848841
2675,26.750000000001382,0.9998271200017402
2676,26.760000000001384,0.9998275272799212
2677,26.770000000001385,0.9998279335223028
2678,26.780000000001387,0.9998283387317521
2679,26.79000000000139,0.9998287429111277
2680,26.80000000000139,0.999829146063279
2681,26.81000000000139,0.9998295481910474
2682,26.820000000001393,0.9998299492972655
2683,26.830000000001395,0.9998303493847573
2684,26.840000000001396,0.9998307484563385
2685,26.850000000001398,0.9998311465148157
2686,26.8600000000014,0.9998315435629878
2687,26.8700000000014,0.9998319396036448
2688,26.880000000001402,0.9998323346395683
2689,26.890000000001404,0.9998327286735319
2690,26.900000000001405,0.9998331217083004
2691,26.910000000001407,0.9998335137466304
2692,26.92000000000141,0.9998339047912703
2693,26.93000000000141,0.9998342948449602
2694,26.94000000000141,0.9998346839104318
2695,26.950000000001413,0.9998350719904088
2696,26.960000000001415,0.9998354590876065
2697,26.970000000001416,0.9998358452047322
2698,26.980000000001418,0.9998362303444851
2699,26.99000000000142,0.9998366145095561
2700,27.00000000000142,0.999836997702628
2701,27.010000000001423,0.9998373799263758
2702,27.020000000001424,0.9998377611834661
2703,27.030000000001426,0.9998381414765579
2704,27.040000000001427,0.9998385208083019
2705,27.05000000000143,0.9998388991813411
2706,27.06000000000143,0.9998392765983102
2707,27.070000000001432,0.9998396530618363
2708,27.080000000001434,0.9998400285745387
2709,27.090000000001435,0.9998404031390286
2710,27.100000000001437,0.9998407767579095
2711,27.11000000000144,0.9998411494337769
2712,27.12000000000144,0.999841521169219
2713,27.13000000000144,0.9998418919668156
2714,27.140000000001443,0.9998422618291395
2715,27.150000000001445,0.9998426307587551
2716,27.160000000001446,0.9998429987582196
2717,27.170000000001448,0.9998433658300823
2718,27.18000000000145,0.999843731976885
2719,27.19000000000145,0.999844097201162
2720,27.200000000001452,0.9998444615054397
2721,27.210000000001454,0.9998448248922374
2722,27.220000000001455,0.9998451873640662
2723,27.230000000001457,0.9998455489234306
2724,27.24000000000146,0.9998459095728268
2725,27.25000000000146,0.9998462693147441
2726,27.26000000000146,0.9998466281516639
2727,27.270000000001463,0.9998469860860607
2728,27.280000000001465,0.9998473431204012
2729,27.290000000001466,0.9998476992571451
2730,27.300000000001468,0.9998480544987445
2731,27.31000000000147,0.9998484088476443
2732,27.32000000000147,0.999848762306282
2733,27.330000000001473,0.9998491148770878
2734,27.340000000001474,0.9998494665624852
2735,27.350000000001476,0.9998498173648896
2736,27.360000000001477,0.9998501672867102
2737,27.37000000000148,0.999850516330348
2738,27.38000000000148,0.9998508644981977
2739,27.390000000001482,0.9998512117926465
2740,27.400000000001484,0.9998515582160744
2741,27.410000000001485,0.9998519037708546
2742,27.420000000001487,0.9998522484593532
2743,27.43000000000149,0.999852592283929
2744,27.44000000000149,0.9998529352469341
2745,27.45000000000149,0.9998532773507134
2746,27.460000000001493,0.999853618597605
2747,27.470000000001495,0.9998539589899401
2748,27.480000000001496,0.9998542985300427
2749,27.490000000001498,0.9998546372202303
2750,27.5000000000015,0.9998549750628131
2751,27.5100000000015,0.9998553120600947
2752,27.520000000001502,0.9998556482143719
2753,27.530000000001504,0.9998559835279346
2754,27.540000000001505,0.999856318003066
2755,27.550000000001507,0.9998566516420424
2756,27.56000000000151,0.9998569844471334
2757,27.57000000000151,0.9998573164206022
2758,27.58000000000151,0.9998576475647046
2759,27.590000000001513,0.9998579778816905
2760,27.600000000001515,0.9998583073738027
2761,27.610000000001516,0.9998586360432772
2762,27.620000000001518,0.999858963892344
2763,27.63000000000152,0.999859290923226
2764,27.64000000000152,0.9998596171381398
2765,27.650000000001523,0.9998599425392952
2766,27.660000000001524,0.9998602671288956
2767,27.670000000001526,0.9998605909091381
2768,27.680000000001527,0.999860913882213
2769,27.69000000000153,0.9998612360503042
2770,27.70000000000153,0.9998615574155894
2771,27.710000000001532,0.9998618779802394
2772,27.720000000001534,0.9998621977464193
2773,27.730000000001535,0.999862516716287
2774,27.740000000001537,0.9998628348919947
2775,27.75000000000154,0.9998631522756879
2776,27.76000000000154,0.999863468869506
2777,27.77000000000154,0.9998637846755819
2778,27.780000000001543,0.9998640996960423
2779,27.790000000001545,0.9998644139330077
2780,27.800000000001546,0.9998647273885923
2781,27.810000000001548,0.9998650400649041
2782,27.82000000000155,0.9998653519640448
2783,27.83000000000155,0.9998656630881101
2784,27.840000000001552,0.9998659734391895
2785,27.850000000001554,0.9998662830193661
2786,27.860000000001556,0.9998665918307172
2787,27.870000000001557,0.9998668998753141
2788,27.88000000000156,0.9998672071552215
2789,27.89000000000156,0.9998675136724985
2790,27.90000000000156,0.999867819429198
2791,27.910000000001563,0.9998681244273667
2792,27.920000000001565,0.9998684286690457
2793,27.930000000001566,0.9998687321562698
2794,27.940000000001568,0.9998690348910679
2795,27.95000000000157,0.999869336875463
2796,27.96000000000157,0.9998696381114721
2797,27.970000000001573,0.9998699386011064
2798,27.980000000001574,0.9998702383463711
2799,27.990000000001576,0.9998705373492656
2800,28.000000000001577,0.9998708356117834
2801,28.01000000000158,0.9998711331359121
2802,28.02000000000158,0.9998714299236339
2803,28.030000000001582,0.9998717259769245
2804,28.040000000001584,0.9998720212977543
2805,28.050000000001585,0.999872315888088
2806,28.060000000001587,0.9998726097498842
2807,28.07000000000159,0.999872902885096
2808,28.08000000000159,0.9998731952956709
2809,28.09000000000159,0.9998734869835504
2810,28.100000000001593,0.9998737779506707
2811,28.110000000001595,0.999874068198962
2812,28.120000000001596,0.9998743577303489
2813,28.130000000001598,0.9998746465467508
2814,28.1400000000016,0.9998749346500811
2815,28.1500000000016,0.9998752220422478
2816,28.160000000001602,0.9998755087251531
2817,28.170000000001604,0.9998757947006939
2818,28.180000000001606,0.9998760799707616
2819,28.190000000001607,0.9998763645372418
2820,28.20000000000161,0.9998766484020148
2821,28.21000000000161,0.9998769315669557
2822,28.220000000001612,0.9998772140339336
2823,28.230000000001613,0.9998774958048126
2824,28.240000000001615,0.999877776881451
2825,28.250000000001616,0.999878057265702
2826,28.260000000001618,0.9998783369594133
2827,28.27000000000162,0.9998786159644273
2828,28.28000000000162,0.9998788942825809
2829,28.290000000001623,0.9998791719157059
2830,28.300000000001624,0.9998794488656283
2831,28.310000000001626,0.9998797251341695
2832,28.320000000001627,0.999880000723145
2833,28.33000000000163,0.9998802756343653
2834,28.34000000000163,0.9998805498696356
2835,28.350000000001632,0.999880823430756
2836,28.360000000001634,0.9998810963195212
2837,28.370000000001635,0.9998813685377207
2838,28.380000000001637,0.9998816400871389
2839,28.39000000000164,0.9998819109695548
2840,28.40000000000164,0.9998821811867428
2841,28.41000000000164,0.9998824507404716
2842,28.420000000001643,0.999882719632505
2843,28.430000000001645,0.9998829878646016
2844,28.440000000001646,0.9998832554385151
2845,28.450000000001648,0.9998835223559939
2846,28.46000000000165,0.9998837886187816
2847,28.47000000000165,0.9998840542286164
2848,28.480000000001652,0.9998843191872319
2849,28.490000000001654,0.9998845834963562
2850,28.500000000001656,0.999884847157713
2851,28.510000000001657,0.9998851101730204
2852,28.52000000000166,0.999885372543992
2853,28.53000000000166,0.9998856342723363
2854,28.540000000001662,0.9998858953597568
2855,28.550000000001663,0.9998861558079521
2856,28.560000000001665,0.9998864156186161
2857,28.570000000001667,0.9998866747934374
2858,28.580000000001668,0.9998869333341002
2859,28.59000000000167,0.9998871912422835
2860,28.60000000000167,0.9998874485196617
2861,28.610000000001673,0.999887705167904
2862,28.620000000001674,0.9998879611886754
2863,28.630000000001676,0.9998882165836356
2864,28.640000000001677,0.9998884713544396
2865,28.65000000000168,0.9998887255027378
2866,28.66000000000168,0.9998889790301758
2867,28.670000000001682,0.9998892319383943
2868,28.680000000001684,0.9998894842290296
2869,28.690000000001685,0.9998897359037128
2870,28.700000000001687,0.9998899869640709
2871,28.71000000000169,0.9998902374117259
2872,28.72000000000169,0.9998904872482951
2873,28.73000000000169,0.9998907364753912
2874,28.740000000001693,0.9998909850946224
2875,28.750000000001695,0.999891233107592
2876,28.760000000001696,0.9998914805158992
2877,28.770000000001698,0.999891727321138
2878,28.7800000000017,0.9998919735248982
2879,28.7900000000017,0.9998922191287649
2880,28.800000000001702,0.999892464134319
2881,28.810000000001704,0.9998927085431362
2882,28.820000000001706,0.9998929523567882
2883,28.830000000001707,0.9998931955768422
2884,28.84000000000171,0.9998934382048605
2885,28.85000000000171,0.9998936802424014
2886,28.860000000001712,0.9998939216910185
2887,28.870000000001713,0.999894162552261
2888,28.880000000001715,0.9998944028276736
2889,28.890000000001717,0.9998946425187967
2890,28.900000000001718,0.999894881627166
2891,28.91000000000172,0.9998951201543134
2892,28.92000000000172,0.9998953581017657
2893,28.930000000001723,0.9998955954710459
2894,28.940000000001724,0.9998958322636724
2895,28.950000000001726,0.9998960684811593
2896,28.960000000001727,0.9998963041250163
2897,28.97000000000173,0.9998965391967489
2898,28.98000000000173,0.9998967736978585
2899,28.990000000001732,0.9998970076298417
2900,29.000000000001734,0.9998972409941911
2901,29.010000000001735,0.9998974737923952
2902,29.020000000001737,0.9998977060259381
2903,29.03000000000174,0.9998979376962996
2904,29.04000000000174,0.9998981688049555
2905,29.05000000000174,0.9998983993533771
2906,29.060000000001743,0.9998986293430319
2907,29.070000000001745,0.9998988587753826
2908,29.080000000001746,0.9998990876518884
2909,29.090000000001748,0.999899315974004
2910,29.10000000000175,0.9998995437431801
2911,29.11000000000175,0.9998997709608632
2912,29.120000000001752,0.9998999976284956
2913,29.130000000001754,0.9999002237475155
2914,29.140000000001756,0.9999004493193574
2915,29.150000000001757,0.999900674345451
2916,29.16000000000176,0.9999008988272228
2917,29.17000000000176,0.9999011227660944
2918,29.180000000001762,0.9999013461634841
2919,29.190000000001763,0.9999015690208056
2920,29.200000000001765,0.999901791339469
2921,29.210000000001767,0.9999020131208801
2922,29.220000000001768,0.9999022343664409
2923,29.23000000000177,0.9999024550775494
2924,29.24000000000177,0.9999026752555994
2925,29.250000000001773,0.9999028949019811
2926,29.260000000001774,0.9999031140180806
2927,29.270000000001776,0.9999033326052801
2928,29.280000000001777,0.9999035506649577
2929,29.29000000000178,0.9999037681984879
2930,29.30000000000178,0.9999039852072412
2931,29.310000000001782,0.9999042016925841
2932,29.320000000001784,0.9999044176558792
2933,29.330000000001785,0.9999046330984855
2934,29.340000000001787,0.9999048480217582
2935,29.35000000000179,0.9999050624270481
2936,29.36000000000179,0.9999052763157028
2937,29.37000000000179,0.9999054896890658
2938,29.380000000001793,0.9999057025484769
2939,29.390000000001795,0.9999059148952719
2940,29.400000000001796,0.9999061267307833
2941,29.410000000001798,0.9999063380563392
2942,29.4200000000018,0.9999065488732647
2943,29.4300000000018,0.9999067591828803
2944,29.440000000001803,0.9999069689865036
2945,29.450000000001804,0.9999071782854478
2946,29.460000000001806,0.9999073870810229
2947,29.470000000001807,0.999907595374535
2948,29.48000000000181,0.9999078031672863
2949,29.49000000000181,0.999908010460576
2950,29.500000000001812,0.9999082172556988
2951,29.510000000001813,0.9999084235539463
2952,29.520000000001815,0.9999086293566062
2953,29.530000000001817,0.9999088346649628
2954,29.540000000001818,0.9999090394802967
2955,29.55000000000182,0.9999092438038849
2956,29.56000000000182,0.9999094476370006
2957,29.570000000001823,0.9999096509809138
2958,29.580000000001824,0.9999098538368906
2959,29.590000000001826,0.9999100562061936
2960,29.600000000001828,0.999910258090082
2961,29.61000000000183,0.9999104594898115
2962,29.62000000000183,0.9999106604066339
2963,29.630000000001832,0.999910860841798
2964,29.640000000001834,0.9999110607965487
2965,29.650000000001835,0.9999112602721274
2966,29.660000000001837,0.9999114592697724
2967,29.67000000000184,0.9999116577907181
2968,29.68000000000184,0.9999118558361958
2969,29.69000000000184,0.9999120534074329
2970,29.700000000001843,0.9999122505056539
2971,29.710000000001845,0.9999124471320794
2972,29.720000000001846,0.9999126432879268
2973,29.730000000001848,0.9999128389744102
2974,29.74000000000185,0.99991303419274
2975,29.75000000000185,0.9999132289441234
2976,29.760000000001853,0.9999134232297643
2977,29.770000000001854,0.9999136170508629
2978,29.780000000001856,0.9999138104086165
2979,29.790000000001857,0.9999140033042186
2980,29.80000000000186,0.9999141957388598
2981,29.81000000000186,0.999914387713727
2982,29.820000000001862,0.999914579230004
2983,29.830000000001863,0.9999147702888712
2984,29.840000000001865,0.9999149608915057
2985,29.850000000001867,0.9999151510390814
2986,29.860000000001868,0.9999153407327687
2987,29.87000000000187,0.999915529973735
2988,29.88000000000187,0.9999157187631444
2989,29.890000000001873,0.9999159071021577
2990,29.900000000001874,0.9999160949919323
2991,29.910000000001876,0.9999162824336226
2992,29.920000000001878,0.9999164694283798
2993,29.93000000000188,0.9999166559773516
2994,29.94000000000188,0.9999168420816829
2995,29.950000000001882,0.9999170277425149
2996,29.960000000001884,0.9999172129609862
2997,29.970000000001885,0.9999173977382319
2998,29.980000000001887,0.9999175820753838
2999,29.99000000000189,0.9999177659735711
3000,30.00000000000189,0.9999179494339192
3001,30.01000000000189,0.9999181324575508
3002,30.020000000001893,0.9999183150455854
3003,30.030000000001895,0.9999184971991392
3004,30.040000000001896,0.9999186789193254
3005,30.050000000001898,0.9999188602072543
3006,30.0600000000019,0.999919041064033
3007,30.0700000000019,0.9999192214907652
3008,30.080000000001903,0.999919401488552
3009,30.090000000001904,0.9999195810584912
3010,30.100000000001906,0.9999197602016776
3011,30.110000000001907,0.999919938919203
3012,30.12000000000191,0.9999201172121562
3013,30.13000000000191,0.999920295081623
3014,30.140000000001912,0.9999204725286858
3015,30.150000000001913,0.9999206495544244
3016,30.160000000001915,0.9999208261599156
3017,30.170000000001917,0.9999210023462333
3018,30.180000000001918,0.9999211781144479
3019,30.19000000000192,0.9999213534656274
3020,30.20000000000192,0.9999215284008366
3021,30.210000000001923,0.9999217029211374
3022,30.220000000001924,0.9999218770275886
3023,30.230000000001926,0.9999220507212464
3024,30.240000000001928,0.9999222240031639
3025,30.25000000000193,0.9999223968743911
3026,30.26000000000193,0.9999225693359755
3027,30.270000000001932,0.9999227413889613
3028,30.280000000001934,0.9999229130343901
3029,30.290000000001935,0.9999230842733003
3030,30.300000000001937,0.999923255106728
3031,30.31000000000194,0.9999234255357059
3032,30.32000000000194,0.999923595561264
3033,30.33000000000194,0.9999237651844296
3034,30.340000000001943,0.999923934406227
3035,30.350000000001945,0.9999241032276777
3036,30.360000000001946,0.9999242716498005
3037,30.370000000001948,0.9999244396736111
3038,30.38000000000195,0.9999246073001229
3039,30.39000000000195,0.999924774530346
3040,30.400000000001953,0.999924941365288
3041,30.410000000001954,0.9999251078059537
3042,30.420000000001956,0.9999252738533448
3043,30.430000000001957,0.999925439508461
3044,30.44000000000196,0.9999256047722984
3045,30.45000000000196,0.9999257696458509
3046,30.460000000001962,0.9999259341301094
3047,30.470000000001964,0.9999260982260623
3048,30.480000000001965,0.999926261934695
3049,30.490000000001967,0.9999264252569904
3050,30.500000000001968,0.9999265881939287
3051,30.51000000000197,0.9999267507464872
3052,30.52000000000197,0.9999269129156408
3053,30.530000000001973,0.9999270747023615
3054,30.540000000001974,0.9999272361076188
3055,30.550000000001976,0.9999273971323794
3056,30.560000000001978,0.9999275577776073
3057,30.57000000000198,0.9999277180442642
3058,30.58000000000198,0.9999278779333086
3059,30.590000000001982,0.9999280374456969
3060,30.600000000001984,0.9999281965823826
3061,30.610000000001985,0.9999283553443166
3062,30.620000000001987,0.9999285137324473
3063,30.63000000000199,0.9999286717477204
3064,30.64000000000199,0.9999288293910791
3065,30.65000000000199,0.9999289866634639
3066,30.660000000001993,0.9999291435658128
3067,30.670000000001995,0.9999293000990612
3068,30.680000000001996,0.9999294562641421
3069,30.690000000001998,0.9999296120619856
3070,30.700000000002,0.9999297674935197
3071,30.710000000002,0.9999299225596694
3072,30.720000000002003,0.9999300772613575
3073,30.730000000002004,0.9999302315995041
3074,30.740000000002006,0.999930385575027
3075,30.750000000002007,0.9999305391888412
3076,30.76000000000201,0.9999306924418594
3077,30.77000000000201,0.9999308453349918
3078,30.780000000002012,0.999930997869146
3079,30.790000000002014,0.9999311500452273
3080,30.800000000002015,0.9999313018641383
3081,30.810000000002017,0.9999314533267792
3082,30.82000000000202,0.999931604434048
3083,30.83000000000202,0.99993175518684
3084,30.84000000000202,0.999931905586048
3085,30.850000000002023,0.9999320556325626
3086,30.860000000002024,0.9999322053272718
3087,30.870000000002026,0.9999323546710611
3088,30.880000000002028,0.999932503664814
3089,30.89000000000203,0.9999326523094111
3090,30.90000000000203,0.9999328006057309
3091,30.910000000002032,0.9999329485546493
3092,30.920000000002034,0.9999330961570401
3093,30.930000000002035,0.9999332434137744
3094,30.940000000002037,0.9999333903257214
3095,30.95000000000204,0.9999335368937472
3096,30.96000000000204,0.9999336831187162
3097,30.97000000000204,0.9999338290014903
3098,30.980000000002043,0.9999339745429289
3099,30.990000000002045,0.999934119743889
3100,31.000000000002046,0.9999342646052256
3101,31.010000000002048,0.9999344091277911
3102,31.02000000000205,0.9999345533124357
3103,31.03000000000205,0.9999346971600074
3104,31.040000000002053,0.9999348406713516
3105,31.050000000002054,0.9999349838473116
3106,31.060000000002056,0.9999351266887285
3107,31.070000000002057,0.9999352691964409
3108,31.08000000000206,0.9999354113712853
3109,31.09000000000206,0.9999355532140957
3110,31.100000000002062,0.9999356947257042
3111,31.110000000002064,0.9999358359069404
3112,31.120000000002065,0.9999359767586317
3113,31.130000000002067,0.9999361172816033
3114,31.14000000000207,0.9999362574766779
3115,31.15000000000207,0.9999363973446765
3116,31.16000000000207,0.9999365368864175
3117,31.170000000002073,0.9999366761027171
3118,31.180000000002075,0.9999368149943894
3119,31.190000000002076,0.9999369535622462
3120,31.200000000002078,0.9999370918070972
3121,31.21000000000208,0.9999372297297499
3122,31.22000000000208,0.9999373673310096
3123,31.230000000002082,0.9999375046116793
3124,31.240000000002084,0.99993764157256
3125,31.250000000002085,0.9999377782144505
3126,31.260000000002087,0.9999379145381475
3127,31.27000000000209,0.9999380505444454
3128,31.28000000000209,0.9999381862341366
3129,31.29000000000209,0.999938321608011
3130,31.300000000002093,0.999938456666857
3131,31.310000000002095,0.9999385914114605
3132,31.320000000002096,0.9999387258426051
3133,31.330000000002098,0.9999388599610728
3134,31.3400000000021,0.9999389937676428
3135,31.3500000000021,0.9999391272630931
3136,31.360000000002103,0.9999392604481987
3137,31.370000000002104,0.9999393933237329
3138,31.380000000002106,0.9999395258904673
3139,31.390000000002107,0.9999396581491707
3140,31.40000000000211,0.9999397901006104
3141,31.41000000000211,0.9999399217455514
3142,31.420000000002112,0.9999400530847564
3143,31.430000000002114,0.9999401841189867
3144,31.440000000002115,0.9999403148490008
3145,31.450000000002117,0.9999404452755558
3146,31.46000000000212,0.9999405753994064
3147,31.47000000000212,0.9999407052213054
3148,31.48000000000212,0.9999408347420035
3149,31.490000000002123,0.9999409639622493
3150,31.500000000002125,0.9999410928827897
3151,31.510000000002126,0.9999412215043694
3152,31.520000000002128,0.999941349827731
3153,31.53000000000213,0.9999414778536152
3154,31.54000000000213,0.9999416055827609
3155,31.550000000002132,0.9999417330159048
3156,31.560000000002134,0.9999418601537816
3157,31.570000000002135,0.9999419869971241
3158,31.580000000002137,0.9999421135466632
3159,31.59000000000214,0.9999422398031278
3160,31.60000000000214,0.9999423657672447
3161,31.61000000000214,0.9999424914397391
3162,31.620000000002143,0.9999426168213338
3163,31.630000000002145,0.9999427419127501
3164,31.640000000002146,0.9999428667147071
3165,31.650000000002148,0.999942991227922
3166,31.66000000000215,0.9999431154531102
3167,31.67000000000215,0.9999432393909851
3168,31.680000000002153,0.9999433630422582
3169,31.690000000002154,0.9999434864076392
3170,31.700000000002156,0.9999436094878357
3171,31.710000000002157,0.9999437322835535
3172,31.72000000000216,0.9999438547954966
3173,31.73000000000216,0.9999439770243671
3174,31.740000000002162,0.9999440989708652
3175,31.750000000002164,0.9999442206356891
3176,31.760000000002165,0.9999443420195352
3177,31.770000000002167,0.9999444631230983
3178,31.78000000000217,0.999944583947071
3179,31.79000000000217,0.9999447044921441
3180,31.80000000000217,0.9999448247590069
3181,31.810000000002173,0.9999449447483465
3182,31.820000000002175,0.9999450644608481
3183,31.830000000002176,0.9999451838971954
3184,31.840000000002178,0.9999453030580703
3185,31.85000000000218,0.9999454219441525
3186,31.86000000000218,0.9999455405561201
3187,31.870000000002182,0.9999456588946494
3188,31.880000000002184,0.999945776960415
3189,31.890000000002185,0.9999458947540895
3190,31.900000000002187,0.9999460122763438
3191,31.91000000000219,0.9999461295278472
3192,31.92000000000219,0.9999462465092669
3193,31.93000000000219,0.9999463632212685
3194,31.940000000002193,0.9999464796645159
3195,31.950000000002195,0.9999465958396709
3196,31.960000000002196,0.9999467117473941
3197,31.970000000002198,0.9999468273883438
3198,31.9800000000022,0.9999469427631769
3199,31.9900000000022,0.9999470578725483
3200,32.0000000000022,0.9999471727171114
3201,32.0100000000022,0.9999472872975178
3202,32.0200000000022,0.9999474016144173
3203,32.0300000000022,0.9999475156684579
3204,32.040000000002195,0.9999476294602861
3205,32.05000000000219,0.9999477429905466
3206,32.06000000000219,0.9999478562598823
3207,32.07000000000219,0.9999479692689345
3208,32.08000000000219,0.9999480820183427
3209,32.090000000002185,0.9999481945087448
3210,32.10000000000218,0.9999483067407772
3211,32.11000000000218,0.999948418715074
3212,32.12000000000218,0.9999485304322683
3213,32.13000000000218,0.999948641892991
3214,32.140000000002175,0.9999487530978719
3215,32.15000000000217,0.9999488640475386
3216,32.16000000000217,0.9999489747426172
3217,32.17000000000217,0.9999490851837324
3218,32.18000000000217,0.9999491953715068
3219,32.190000000002165,0.9999493053065618
3220,32.20000000000216,0.9999494149895167
3221,32.21000000000216,0.9999495244209896
3222,32.22000000000216,0.9999496336015968
3223,32.23000000000216,0.9999497425319528
3224,32.240000000002155,0.9999498512126708
3225,32.25000000000215,0.9999499596443621
3226,32.26000000000215,0.9999500678276365
3227,32.27000000000215,0.9999501757631023
3228,32.28000000000215,0.9999502834513659
3229,32.290000000002145,0.9999503908930324
3230,32.30000000000214,0.9999504980887053
3231,32.31000000000214,0.9999506050389861
3232,32.32000000000214,0.9999507117444753
3233,32.33000000000214,0.9999508182057714
3234,32.340000000002135,0.9999509244234714
3235,32.35000000000213,0.9999510303981709
3236,32.36000000000213,0.9999511361304638
3237,32.37000000000213,0.9999512416209424
3238,32.38000000000213,0.9999513468701975
3239,32.390000000002125,0.9999514518788183
3240,32.40000000000212,0.9999515566473925
3241,32.41000000000212,0.9999516611765064
3242,32.42000000000212,0.9999517654667444
3243,32.43000000000212,0.9999518695186895
3244,32.440000000002115,0.9999519733329234
3245,32.45000000000211,0.9999520769100261
3246,32.46000000000211,0.999952180250576
3247,32.47000000000211,0.9999522833551501
3248,32.48000000000211,0.9999523862243238
3249,32.490000000002105,0.999952488858671
3250,32.5000000000021,0.9999525912587642
3251,32.5100000000021,0.9999526934251743
3252,32.5200000000021,0.9999527953584707
3253,32.5300000000021,0.9999528970592214
3254,32.540000000002095,0.9999529985279927
3255,32.55000000000209,0.9999530997653496
3256,32.56000000000209,0.9999532007718557
3257,32.57000000000209,0.9999533015480728
3258,32.58000000000209,0.9999534020945616
3259,32.590000000002085,0.999953502411881
3260,32.60000000000208,0.9999536025005887
3261,32.61000000000208,0.9999537023612408
3262,32.62000000000208,0.9999538019943919
3263,32.63000000000208,0.9999539014005953
3264,32.640000000002075,0.9999540005804027
3265,32.65000000000207,0.9999540995343645
3266,32.66000000000207,0.9999541982630297
3267,32.67000000000207,0.9999542967669455
3268,32.68000000000207,0.9999543950466581
3269,32.690000000002065,0.9999544931027119
3270,32.70000000000206,0.9999545909356503
3271,32.71000000000206,0.999954688546015
3272,32.72000000000206,0.9999547859343462
3273,32.73000000000206,0.999954883101183
3274,32.740000000002055,0.9999549800470627
3275,32.75000000000205,0.9999550767725217
3276,32.76000000000205,0.9999551732780945
3277,32.77000000000205,0.9999552695643145
3278,32.78000000000205,0.9999553656317135
3279,32.790000000002046,0.9999554614808221
3280,32.80000000000204,0.9999555571121697
3281,32.81000000000204,0.9999556525262837
3282,32.82000000000204,0.9999557477236908
3283,32.83000000000204,0.9999558427049158
3284,32.840000000002036,0.9999559374704824
3285,32.850000000002034,0.9999560320209131
3286,32.86000000000203,0.9999561263567286
3287,32.87000000000203,0.9999562204784486
3288,32.88000000000203,0.9999563143865912
3289,32.890000000002026,0.9999564080816734
3290,32.900000000002024,0.9999565015642107
3291,32.91000000000202,0.9999565948347173
3292,32.92000000000202,0.9999566878937061
3293,32.93000000000202,0.9999567807416884
3294,32.940000000002016,0.9999568733791746
3295,32.950000000002014,0.9999569658066735
3296,32.96000000000201,0.9999570580246926
3297,32.97000000000201,0.9999571500337382
3298,32.98000000000201,0.9999572418343151
3299,32.990000000002006,0.999957333426927
3300,33.000000000002004,0.9999574248120762
3301,33.010000000002,0.9999575159902635
3302,33.020000000002,0.9999576069619887
3303,33.030000000002,0.9999576977277502
3304,33.040000000001996,0.999957788288045
3305,33.050000000001994,0.9999578786433692
3306,33.06000000000199,0.9999579687942168
3307,33.07000000000199,0.9999580587410815
3308,33.08000000000199,0.999958148484455
3309,33.090000000001986,0.9999582380248281
3310,33.100000000001984,0.9999583273626901
3311,33.11000000000198,0.9999584164985291
3312,33.12000000000198,0.9999585054328323
3313,33.13000000000198,0.9999585941660849
3314,33.140000000001976,0.9999586826987714
3315,33.150000000001974,0.9999587710313751
3316,33.16000000000197,0.9999588591643775
3317,33.17000000000197,0.9999589470982595
3318,33.18000000000197,0.9999590348335003
3319,33.190000000001966,0.9999591223705783
3320,33.200000000001964,0.9999592097099699
3321,33.21000000000196,0.9999592968521511
3322,33.22000000000196,0.9999593837975962
3323,33.23000000000196,0.9999594705467785
3324,33.240000000001956,0.9999595571001698
3325,33.250000000001954,0.9999596434582411
3326,33.26000000000195,0.9999597296214617
3327,33.27000000000195,0.9999598155903
3328,33.28000000000195,0.9999599013652233
3329,33.290000000001946,0.9999599869466972
3330,33.300000000001944,0.9999600723351866
3331,33.31000000000194,0.999960157531155
3332,33.32000000000194,0.9999602425350647
3333,33.33000000000194,0.9999603273473767
3334,33.340000000001936,0.9999604119685511
3335,33.350000000001934,0.9999604963990467
3336,33.36000000000193,0.9999605806393208
3337,33.37000000000193,0.99996066468983
3338,33.38000000000193,0.9999607485510296
3339,33.390000000001926,0.9999608322233733
3340,33.400000000001924,0.9999609157073143
3341,33.41000000000192,0.999960999003304
3342,33.42000000000192,0.9999610821117932
3343,33.43000000000192,0.9999611650332313
3344,33.440000000001916,0.9999612477680663
3345,33.450000000001914,0.9999613303167453
3346,33.46000000000191,0.9999614126797144
3347,33.47000000000191,0.9999614948574183
3348,33.48000000000191,0.9999615768503006
3349,33.490000000001906,0.9999616586588037
3350,33.500000000001904,0.9999617402833691
3351,33.5100000000019,0.9999618217244371
3352,33.5200000000019,0.9999619029824466
3353,33.5300000000019,0.9999619840578357
3354,33.540000000001896,0.999962064951041
3355,33.550000000001894,0.9999621456624985
3356,33.56000000000189,0.9999622261926426
3357,33.57000000000189,0.999962306541907
3358,33.58000000000189,0.9999623867107238
3359,33.590000000001886,0.9999624666995245
3360,33.600000000001884,0.9999625465087391
3361,33.61000000000188,0.9999626261387967
3362,33.62000000000188,0.9999627055901252
3363,33.63000000000188,0.9999627848631516
3364,33.640000000001876,0.9999628639583016
3365,33.650000000001874,0.9999629428759997
3366,33.66000000000187,0.9999630216166698
3367,33.67000000000187,0.9999631001807342
3368,33.68000000000187,0.9999631785686143
3369,33.69000000000187,0.9999632567807305
3370,33.700000000001864,0.999963334817502
3371,33.71000000000186,0.9999634126793471
3372,33.72000000000186,0.9999634903666829
3373,33.73000000000186,0.9999635678799252
3374,33.74000000000186,0.9999636452194894
3375,33.750000000001855,0.9999637223857892
3376,33.76000000000185,0.9999637993792375
3377,33.77000000000185,0.9999638762002461
3378,33.78000000000185,0.9999639528492258
3379,33.79000000000185,0.9999640293265862
3380,33.800000000001845,0.9999641056327362
3381,33.81000000000184,0.9999641817680833
3382,33.82000000000184,0.999964257733034
3383,33.83000000000184,0.999964333527994
3384,33.84000000000184,0.9999644091533676
3385,33.850000000001835,0.9999644846095584
3386,33.86000000000183,0.999964559896969
3387,33.87000000000183,0.9999646350160006
3388,33.88000000000183,0.9999647099670538
3389,33.89000000000183,0.9999647847505277
3390,33.900000000001825,0.9999648593668209
3391,33.91000000000182,0.9999649338163307
3392,33.92000000000182,0.9999650080994533
3393,33.93000000000182,0.9999650822165842
3394,33.94000000000182,0.9999651561681177
3395,33.950000000001815,0.999965229954447
3396,33.96000000000181,0.9999653035759645
3397,33.97000000000181,0.9999653770330614
3398,33.98000000000181,0.9999654503261282
3399,33.99000000000181,0.9999655234555541
3400,34.000000000001805,0.9999655964217274
3401,34.0100000000018,0.9999656692250357
3402,34.0200000000018,0.9999657418658651
3403,34.0300000000018,0.999965814344601
3404,34.0400000000018,0.9999658866616279
3405,34.050000000001795,0.9999659588173291
3406,34.06000000000179,0.9999660308120872
3407,34.07000000000179,0.9999661026462836
3408,34.08000000000179,0.9999661743202989
3409,34.09000000000179,0.9999662458345125
3410,34.100000000001785,0.9999663171893031
3411,34.11000000000178,0.9999663883850481
3412,34.12000000000178,0.9999664594221246
3413,34.13000000000178,0.9999665303009079
3414,34.14000000000178,0.9999666010217728
3415,34.150000000001775,0.9999666715850932
3416,34.16000000000177,0.9999667419912421
3417,34.17000000000177,0.9999668122405911
3418,34.18000000000177,0.9999668823335115
3419,34.19000000000177,0.999966952270373
3420,34.200000000001765,0.9999670220515449
3421,34.21000000000176,0.9999670916773953
3422,34.22000000000176,0.9999671611482914
3423,34.23000000000176,0.9999672304645996
3424,34.24000000000176,0.9999672996266851
3425,34.250000000001755,0.9999673686349123
3426,34.26000000000175,0.999967437489645
3427,34.27000000000175,0.9999675061912456
3428,34.28000000000175,0.9999675747400758
3429,34.29000000000175,0.9999676431364964
3430,34.300000000001745,0.9999677113808673
3431,34.31000000000174,0.9999677794735473
3432,34.32000000000174,0.9999678474148946
3433,34.33000000000174,0.9999679152052663
3434,34.34000000000174,0.9999679828450184
3435,34.350000000001735,0.9999680503345066
3436,34.36000000000173,0.9999681176740851
3437,34.37000000000173,0.9999681848641075
3438,34.38000000000173,0.9999682519049266
3439,34.39000000000173,0.9999683187968939
3440,34.400000000001725,0.9999683855403603
3441,34.41000000000172,0.999968452135676
3442,34.42000000000172,0.9999685185831898
3443,34.43000000000172,0.9999685848832501
3444,34.44000000000172,0.9999686510362044
3445,34.450000000001715,0.9999687170423989
3446,34.46000000000171,0.9999687829021793
3447,34.47000000000171,0.9999688486158903
3448,34.48000000000171,0.9999689141838758
3449,34.49000000000171,0.9999689796064787
3450,34.500000000001705,0.9999690448840413
3451,34.5100000000017,0.9999691100169046
3452,34.5200000000017,0.9999691750054093
3453,34.5300000000017,0.9999692398498947
3454,34.5400000000017,0.9999693045506997
3455,34.550000000001695,0.9999693691081619
3456,34.56000000000169,0.9999694335226186
3457,34.57000000000169,0.9999694977944056
3458,34.58000000000169,0.9999695619238586
3459,34.59000000000169,0.9999696259113116
3460,34.600000000001685,0.9999696897570985
3461,34.61000000000168,0.9999697534615521
3462,34.62000000000168,0.9999698170250043
3463,34.63000000000168,0.9999698804477861
3464,34.64000000000168,0.9999699437302279
3465,34.650000000001675,0.999970006872659
3466,34.66000000000167,0.9999700698754083
3467,34.67000000000167,0.9999701327388033
3468,34.68000000000167,0.999970195463171
3469,34.69000000000167,0.9999702580488378
3470,34.700000000001666,0.9999703204961288
3471,34.71000000000166,0.9999703828053685
3472,34.72000000000166,0.9999704449768808
3473,34.73000000000166,0.9999705070109886
3474,34.74000000000166,0.9999705689080137
3475,34.750000000001656,0.9999706306682775
3476,34.760000000001654,0.9999706922921007
3477,34.77000000000165,0.9999707537798026
3478,34.78000000000165,0.9999708151317024
3479,34.79000000000165,0.999970876348118
3480,34.800000000001646,0.9999709374293666
3481,34.810000000001644,0.9999709983757649
3482,34.82000000000164,0.9999710591876283
3483,34.83000000000164,0.999971119865272
3484,34.84000000000164,0.9999711804090099
3485,34.850000000001636,0.9999712408191553
3486,34.860000000001634,0.999971301096021
3487,34.87000000000163,0.9999713612399185
3488,34.88000000000163,0.9999714212511589
3489,34.89000000000163,0.9999714811300523
3490,34.900000000001626,0.9999715408769082
3491,34.910000000001624,0.9999716004920353
3492,34.92000000000162,0.9999716599757414
3493,34.93000000000162,0.9999717193283336
3494,34.94000000000162,0.9999717785501184
3495,34.950000000001616,0.9999718376414012
3496,34.960000000001614,0.9999718966024869
3497,34.97000000000161,0.9999719554336796
3498,34.98000000000161,0.9999720141352825
3499,34.99000000000161,0.9999720727075981
3500,35.000000000001606,0.9999721311509283
3501,35.010000000001604,0.9999721894655742
3502,35.0200000000016,0.999972247651836
3503,35.0300000000016,0.9999723057100132
3504,35.0400000000016,0.9999723636404046
3505,35.050000000001596,0.9999724214433083
3506,35.060000000001594,0.9999724791190217
3507,35.07000000000159,0.9999725366678411
3508,35.08000000000159,0.9999725940900626
3509,35.09000000000159,0.999972651385981
3510,35.100000000001586,0.9999727085558908
3511,35.110000000001584,0.9999727656000857
3512,35.12000000000158,0.9999728225188586
3513,35.13000000000158,0.9999728793125015
3514,35.14000000000158,0.9999729359813059
3515,35.150000000001576,0.9999729925255625
3516,35.160000000001574,0.9999730489455614
3517,35.17000000000157,0.9999731052415917
3518,35.18000000000157,0.999973161413942
3519,35.19000000000157,0.9999732174629002
3520,35.200000000001566,0.9999732733887534
3521,35.210000000001564,0.9999733291917879
3522,35.22000000000156,0.9999733848722896
3523,35.23000000000156,0.9999734404305433
3524,35.24000000000156,0.9999734958668333
3525,35.250000000001556,0.999973551181443
3526,35.260000000001554,0.9999736063746557
3527,35.27000000000155,0.9999736614467533
3528,35.28000000000155,0.9999737163980171
3529,35.29000000000155,0.9999737712287282
3530,35.300000000001546,0.9999738259391664
3531,35.310000000001544,0.9999738805296112
3532,35.32000000000154,0.9999739350003413
3533,35.33000000000154,0.9999739893516346
3534,35.34000000000154,0.9999740435837685
3535,35.350000000001536,0.9999740976970196
3536,35.360000000001534,0.9999741516916637
3537,35.37000000000153,0.9999742055679762
3538,35.38000000000153,0.9999742593262315
3539,35.39000000000153,0.9999743129667037
3540,35.400000000001526,0.9999743664896659
3541,35.410000000001524,0.9999744198953906
3542,35.42000000000152,0.9999744731841497
3543,35.43000000000152,0.9999745263562143
3544,35.44000000000152,0.999974579411855
3545,35.450000000001516,0.9999746323513415
3546,35.460000000001514,0.9999746851749433
3547,35.47000000000151,0.9999747378829286
3548,35.48000000000151,0.9999747904755654
3549,35.49000000000151,0.9999748429531208
3550,35.500000000001506,0.9999748953158613
3551,35.510000000001504,0.9999749475640529
3552,35.5200000000015,0.9999749996979607
3553,35.5300000000015,0.9999750517178493
3554,35.5400000000015,0.9999751036239826
3555,35.550000000001496,0.9999751554166239
3556,35.560000000001494,0.9999752070960357
3557,35.57000000000149,0.9999752586624799
3558,35.58000000000149,0.999975310116218
3559,35.59000000000149,0.9999753614575106
3560,35.60000000000149,0.9999754126866176
3561,35.610000000001484,0.9999754638037985
3562,35.62000000000148,0.999975514809312
3563,35.63000000000148,0.9999755657034163
3564,35.64000000000148,0.9999756164863686
3565,35.65000000000148,0.999975667158426
3566,35.660000000001475,0.9999757177198445
3567,35.67000000000147,0.9999757681708799
3568,35.68000000000147,0.9999758185117869
3569,35.69000000000147,0.99997586874282
3570,35.70000000000147,0.9999759188642326
3571,35.710000000001465,0.999975968876278
3572,35.72000000000146,0.9999760187792087
3573,35.73000000000146,0.9999760685732764
3574,35.74000000000146,0.9999761182587322
3575,35.75000000000146,0.9999761678358269
3576,35.760000000001455,0.9999762173048102
3577,35.77000000000145,0.9999762666659316
3578,35.78000000000145,0.9999763159194399
3579,35.79000000000145,0.9999763650655831
3580,35.80000000000145,0.9999764141046087
3581,35.810000000001445,0.9999764630367638
3582,35.82000000000144,0.9999765118622944
3583,35.83000000000144,0.9999765605814465
3584,35.84000000000144,0.999976609194465
3585,35.85000000000144,0.9999766577015943
3586,35.860000000001435,0.9999767061030785
3587,35.87000000000143,0.9999767543991609
3588,35.88000000000143,0.999976802590084
3589,35.89000000000143,0.99997685067609
3590,35.90000000000143,0.9999768986574205
3591,35.910000000001425,0.9999769465343162
3592,35.92000000000142,0.9999769943070177
3593,35.93000000000142,0.9999770419757644
3594,35.94000000000142,0.9999770895407958
3595,35.95000000000142,0.9999771370023501
3596,35.960000000001415,0.9999771843606655
3597,35.97000000000141,0.9999772316159794
3598,35.98000000000141,0.9999772787685285
3599,35.99000000000141,0.9999773258185491
3600,36.00000000000141,0.9999773727662769
3601,36.010000000001405,0.9999774196119467
3602,36.0200000000014,0.9999774663557934
3603,36.0300000000014,0.9999775129980507
3604,36.0400000000014,0.999977559538952
3605,36.0500000000014,0.99997760597873
3606,36.060000000001395,0.9999776523176169
3607,36.07000000000139,0.9999776985558446
3608,36.08000000000139,0.9999777446936439
3609,36.09000000000139,0.9999777907312455
3610,36.10000000000139,0.9999778366688792
3611,36.110000000001385,0.9999778825067744
3612,36.12000000000138,0.9999779282451601
3613,36.13000000000138,0.9999779738842645
3614,36.14000000000138,0.9999780194243151
3615,36.15000000000138,0.9999780648655393
3616,36.160000000001375,0.9999781102081636
3617,36.17000000000137,0.9999781554524141
3618,36.18000000000137,0.9999782005985163
3619,36.19000000000137,0.999978245646695
3620,36.20000000000137,0.9999782905971749
3621,36.210000000001365,0.9999783354501796
3622,36.22000000000136,0.9999783802059323
3623,36.23000000000136,0.999978424864656
3624,36.24000000000136,0.999978469426573
3625,36.25000000000136,0.9999785138919047
3626,36.260000000001355,0.9999785582608723
3627,36.27000000000135,0.9999786025336965
3628,36.28000000000135,0.9999786467105973
3629,36.29000000000135,0.9999786907917944
3630,36.30000000000135,0.9999787347775064
3631,36.310000000001345,0.999978778667952
3632,36.32000000000134,0.9999788224633491
3633,36.33000000000134,0.9999788661639152
3634,36.34000000000134,0.9999789097698669
3635,36.35000000000134,0.9999789532814208
3636,36.360000000001335,0.9999789966987925
3637,36.37000000000133,0.9999790400221975
3638,36.38000000000133,0.9999790832518504
3639,36.39000000000133,0.9999791263879654
3640,36.40000000000133,0.9999791694307564
3641,36.410000000001325,0.9999792123804364
3642,36.42000000000132,0.9999792552372182
3643,36.43000000000132,0.999979298001314
3644,36.44000000000132,0.9999793406729354
3645,36.45000000000132,0.9999793832522935
3646,36.460000000001315,0.999979425739599
3647,36.47000000000131,0.9999794681350618
3648,36.48000000000131,0.9999795104388918
3649,36.49000000000131,0.9999795526512979
3650,36.50000000000131,0.9999795947724887
3651,36.510000000001305,0.9999796368026723
3652,36.5200000000013,0.9999796787420563
3653,36.5300000000013,0.9999797205908478
3654,36.5400000000013,0.9999797623492532
3655,36.5500000000013,0.9999798040174789
3656,36.560000000001295,0.99997984559573
3657,36.57000000000129,0.999979887084212
3658,36.58000000000129,0.9999799284831292
3659,36.59000000000129,0.9999799697926858
3660,36.60000000000129,0.9999800110130853
3661,36.610000000001286,0.9999800521445309
3662,36.62000000000128,0.9999800931872251
3663,36.63000000000128,0.9999801341413701
3664,36.64000000000128,0.9999801750071674
3665,36.65000000000128,0.9999802157848182
3666,36.660000000001276,0.9999802564745232
3667,36.670000000001274,0.9999802970764824
3668,36.68000000000127,0.9999803375908956
3669,36.69000000000127,0.9999803780179619
3670,36.70000000000127,0.9999804183578801
3671,36.710000000001266,0.9999804586108483
3672,36.720000000001264,0.9999804987770644
3673,36.73000000000126,0.9999805388567256
3674,36.74000000000126,0.9999805788500287
3675,36.75000000000126,0.9999806187571699
3676,36.760000000001256,0.9999806585783453
3677,36.770000000001254,0.99998069831375
3678,36.78000000000125,0.9999807379635791
3679,36.79000000000125,0.9999807775280269
3680,36.80000000000125,0.9999808170072875
3681,36.810000000001246,0.9999808564015542
3682,36.820000000001244,0.9999808957110202
3683,36.83000000000124,0.9999809349358779
3684,36.84000000000124,0.9999809740763196
3685,36.85000000000124,0.9999810131325366
3686,36.860000000001236,0.9999810521047204
3687,36.870000000001234,0.9999810909930616
3688,36.88000000000123,0.9999811297977503
3689,36.89000000000123,0.9999811685189766
3690,36.90000000000123,0.9999812071569295
3691,36.910000000001226,0.999981245711798
3692,36.920000000001224,0.9999812841837706
3693,36.93000000000122,0.9999813225730352
3694,36.94000000000122,0.9999813608797793
3695,36.95000000000122,0.99998139910419
3696,36.960000000001216,0.9999814372464538
3697,36.970000000001214,0.9999814753067571
3698,36.98000000000121,0.9999815132852853
3699,36.99000000000121,0.9999815511822239
3700,37.00000000000121,0.9999815889977576
3701,37.010000000001206,0.9999816267320709
3702,37.020000000001204,0.9999816643853476
3703,37.0300000000012,0.9999817019577713
3704,37.0400000000012,0.999981739449525
3705,37.0500000000012,0.9999817768607911
3706,37.060000000001196,0.9999818141917521
3707,37.070000000001194,0.9999818514425898
3708,37.08000000000119,0.999981888613485
3709,37.09000000000119,0.9999819257046191
3710,37.10000000000119,0.9999819627161721
3711,37.110000000001186,0.9999819996483243
3712,37.120000000001184,0.9999820365012552
3713,37.13000000000118,0.9999820732751438
3714,37.14000000000118,0.9999821099701688
3715,37.15000000000118,0.9999821465865086
3716,37.160000000001176,0.999982183124341
3717,37.170000000001174,0.9999822195838434
3718,37.18000000000117,0.9999822559651927
3719,37.19000000000117,0.9999822922685656
3720,37.20000000000117,0.9999823284941383
3721,37.210000000001166,0.9999823646420862
3722,37.220000000001164,0.999982400712585
3723,37.23000000000116,0.9999824367058093
3724,37.24000000000116,0.9999824726219337
3725,37.25000000000116,0.9999825084611321
3726,37.260000000001156,0.9999825442235784
3727,37.270000000001154,0.9999825799094455
3728,37.28000000000115,0.9999826155189063
3729,37.29000000000115,0.9999826510521332
3730,37.30000000000115,0.9999826865092983
3731,37.310000000001146,0.9999827218905729
3732,37.320000000001144,0.9999827571961283
3733,37.33000000000114,0.9999827924261352
3734,37.34000000000114,0.999982827580764
3735,37.35000000000114,0.9999828626601844
3736,37.360000000001136,0.9999828976645663
3737,37.370000000001134,0.9999829325940783
3738,37.38000000000113,0.9999829674488896
3739,37.39000000000113,0.9999830022291681
3740,37.40000000000113,0.999983036935082
3741,37.410000000001126,0.9999830715667987
3742,37.420000000001124,0.9999831061244852
3743,37.43000000000112,0.9999831406083082
3744,37.44000000000112,0.9999831750184341
3745,37.45000000000112,0.9999832093550288
3746,37.460000000001116,0.9999832436182577
3747,37.470000000001114,0.9999832778082861
3748,37.48000000000111,0.9999833119252786
3749,37.49000000000111,0.9999833459693995
3750,37.50000000000111,0.9999833799408128
3751,37.51000000000111,0.9999834138396818
3752,37.520000000001104,0.9999834476661701
3753,37.5300000000011,0.99998348142044
3754,37.5400000000011,0.9999835151026543
3755,37.5500000000011,0.9999835487129746
3756,37.5600000000011,0.9999835822515627
3757,37.570000000001095,0.9999836157185797
3758,37.58000000000109,0.9999836491141867
3759,37.59000000000109,0.9999836824385439
3760,37.60000000000109,0.9999837156918113
3761,37.61000000000109,0.9999837488741489
3762,37.620000000001085,0.9999837819857157
3763,37.63000000000108,0.9999838150266708
3764,37.64000000000108,0.9999838479971725
3765,37.65000000000108,0.9999838808973793
3766,37.66000000000108,0.9999839137274489
3767,37.670000000001075,0.9999839464875386
3768,37.68000000000107,0.9999839791778056
3769,37.69000000000107,0.9999840117984063
3770,37.70000000000107,0.9999840443494973
3771,37.71000000000107,0.9999840768312342
3772,37.720000000001065,0.999984109243773
3773,37.73000000000106,0.9999841415872684
3774,37.74000000000106,0.9999841738618757
3775,37.75000000000106,0.9999842060677488
3776,37.76000000000106,0.9999842382050423
3777,37.770000000001055,0.9999842702739096
3778,37.78000000000105,0.9999843022745041
3779,37.79000000000105,0.9999843342069789
3780,37.80000000000105,0.9999843660714864
3781,37.81000000000105,0.9999843978681792
3782,37.820000000001045,0.9999844295972088
3783,37.83000000000104,0.9999844612587271
3784,37.84000000000104,0.9999844928528849
3785,37.85000000000104,0.9999845243798334
3786,37.86000000000104,0.9999845558397228
3787,37.870000000001035,0.9999845872327033
3788,37.88000000000103,0.9999846185589247
3789,37.89000000000103,0.9999846498185363
3790,37.90000000000103,0.9999846810116872
3791,37.91000000000103,0.999984712138526
3792,37.920000000001025,0.9999847431992012
3793,37.93000000000102,0.9999847741938606
3794,37.94000000000102,0.9999848051226519
3795,37.95000000000102,0.9999848359857224
3796,37.96000000000102,0.999984866783219
3797,37.970000000001015,0.9999848975152883
3798,37.98000000000101,0.9999849281820765
3799,37.99000000000101,0.9999849587837296
3800,38.00000000000101,0.999984989320393
3801,38.01000000000101,0.9999850197922121
3802,38.020000000001005,0.9999850501993316
3803,38.030000000001,0.9999850805418959
3804,38.040000000001,0.9999851108200495
3805,38.050000000001,0.999985141033936
3806,38.060000000001,0.9999851711836989
3807,38.070000000000995,0.9999852012694814
3808,38.08000000000099,0.9999852312914264
3809,38.09000000000099,0.9999852612496762
3810,38.10000000000099,0.9999852911443731
3811,38.11000000000099,0.9999853209756588
3812,38.120000000000985,0.9999853507436748
3813,38.13000000000098,0.9999853804485623
3814,38.14000000000098,0.9999854100904619
3815,38.15000000000098,0.9999854396695144
3816,38.16000000000098,0.9999854691858596
3817,38.170000000000975,0.9999854986396376
3818,38.18000000000097,0.9999855280309876
3819,38.19000000000097,0.9999855573600489
3820,38.20000000000097,0.9999855866269604
3821,38.21000000000097,0.9999856158318603
3822,38.220000000000965,0.9999856449748871
3823,38.23000000000096,0.9999856740561784
3824,38.24000000000096,0.9999857030758719
3825,38.25000000000096,0.9999857320341047
3826,38.26000000000096,0.9999857609310137
3827,38.270000000000955,0.9999857897667352
3828,38.28000000000095,0.9999858185414058
3829,38.29000000000095,0.9999858472551613
3830,38.30000000000095,0.999985875908137
3831,38.31000000000095,0.9999859045004685
3832,38.320000000000945,0.9999859330322907
3833,38.33000000000094,0.999985961503738
3834,38.34000000000094,0.9999859899149449
3835,38.35000000000094,0.9999860182660454
3836,38.36000000000094,0.999986046557173
3837,38.370000000000935,0.9999860747884612
3838,38.38000000000093,0.9999861029600432
3839,38.39000000000093,0.9999861310720515
3840,38.40000000000093,0.9999861591246185
3841,38.41000000000093,0.9999861871178765
3842,38.420000000000925,0.9999862150519571
3843,38.43000000000092,0.9999862429269919
3844,38.44000000000092,0.9999862707431122
3845,38.45000000000092,0.9999862985004486
3846,38.46000000000092,0.999986326199132
3847,38.470000000000915,0.9999863538392922
3848,38.48000000000091,0.9999863814210597
3849,38.49000000000091,0.9999864089445638
3850,38.50000000000091,0.9999864364099339
3851,38.51000000000091,0.999986463817299
3852,38.520000000000906,0.999986491166788
3853,38.5300000000009,0.9999865184585291
3854,38.5400000000009,0.9999865456926508
3855,38.5500000000009,0.9999865728692805
3856,38.5600000000009,0.999986599988546
3857,38.570000000000896,0.9999866270505744
3858,38.580000000000894,0.9999866540554928
3859,38.59000000000089,0.9999866810034277
3860,38.60000000000089,0.9999867078945055
3861,38.61000000000089,0.9999867347288521
3862,38.620000000000886,0.9999867615065935
3863,38.630000000000884,0.999986788227855
3864,38.64000000000088,0.9999868148927618
3865,38.65000000000088,0.9999868415014387
3866,38.66000000000088,0.9999868680540104
3867,38.670000000000876,0.999986894550601
3868,38.680000000000874,0.9999869209913347
3869,38.69000000000087,0.999986947376335
3870,38.70000000000087,0.9999869737057255
3871,38.71000000000087,0.9999869999796291
3872,38.720000000000866,0.9999870261981689
3873,38.730000000000864,0.9999870523614673
3874,38.74000000000086,0.9999870784696466
3875,38.75000000000086,0.9999871045228287
3876,38.76000000000086,0.9999871305211353
3877,38.770000000000856,0.9999871564646878
3878,38.780000000000854,0.9999871823536075
3879,38.79000000000085,0.999987208188015
3880,38.80000000000085,0.999987233968031
3881,38.81000000000085,0.9999872596937757
3882,38.820000000000846,0.9999872853653691
3883,38.830000000000844,0.9999873109829309
3884,38.84000000000084,0.9999873365465806
3885,38.85000000000084,0.9999873620564373
3886,38.86000000000084,0.9999873875126198
3887,38.870000000000836,0.999987412915247
3888,38.880000000000834,0.9999874382644368
3889,38.89000000000083,0.9999874635603074
3890,38.90000000000083,0.9999874888029767
3891,38.91000000000083,0.9999875139925621
3892,38.920000000000826,0.9999875391291808
3893,38.930000000000824,0.9999875642129499
3894,38.94000000000082,0.9999875892439858
3895,38.95000000000082,0.999987614222405
3896,38.96000000000082,0.9999876391483237
3897,38.970000000000816,0.9999876640218578
3898,38.980000000000814,0.9999876888431227
3899,38.99000000000081,0.9999877136122338
3900,39.00000000000081,0.9999877383293063
3901,39.01000000000081,0.9999877629944548
3902,39.020000000000806,0.9999877876077938
3903,39.030000000000804,0.9999878121694378
3904,39.0400000000008,0.9999878366795004
3905,39.0500000000008,0.9999878611380957
3906,39.0600000000008,0.9999878855453368
3907,39.070000000000796,0.9999879099013371
3908,39.080000000000794,0.9999879342062095
3909,39.09000000000079,0.9999879584600666
3910,39.10000000000079,0.9999879826630209
3911,39.11000000000079,0.9999880068151844
3912,39.120000000000786,0.9999880309166691
3913,39.130000000000784,0.9999880549675865
3914,39.14000000000078,0.999988078968048
3915,39.15000000000078,0.9999881029181648
3916,39.16000000000078,0.9999881268180475
3917,39.170000000000776,0.999988150667807
3918,39.180000000000774,0.9999881744675533
3919,39.19000000000077,0.9999881982173967
3920,39.20000000000077,0.9999882219174469
3921,39.21000000000077,0.9999882455678135
3922,39.220000000000766,0.9999882691686058
3923,39.230000000000764,0.9999882927199328
3924,39.24000000000076,0.9999883162219033
3925,39.25000000000076,0.999988339674626
3926,39.26000000000076,0.9999883630782089
3927,39.270000000000756,0.9999883864327603
3928,39.280000000000754,0.9999884097383879
3929,39.29000000000075,0.9999884329951991
3930,39.30000000000075,0.9999884562033015
3931,39.31000000000075,0.9999884793628018
3932,39.320000000000746,0.9999885024738069
3933,39.330000000000744,0.9999885255364235
3934,39.34000000000074,0.9999885485507577
3935,39.35000000000074,0.9999885715169157
3936,39.36000000000074,0.9999885944350031
3937,39.370000000000736,0.9999886173051257
3938,39.380000000000734,0.9999886401273886
3939,39.39000000000073,0.9999886629018971
3940,39.40000000000073,0.9999886856287559
3941,39.41000000000073,0.9999887083080694
3942,39.42000000000073,0.9999887309399422
3943,39.430000000000724,0.9999887535244784
3944,39.44000000000072,0.9999887760617817
3945,39.45000000000072,0.9999887985519559
3946,39.46000000000072,0.9999888209951041
3947,39.47000000000072,0.9999888433913298
3948,39.480000000000715,0.9999888657407355
3949,39.49000000000071,0.9999888880434242
3950,39.50000000000071,0.9999889102994981
3951,39.51000000000071,0.9999889325090596
3952,39.52000000000071,0.9999889546722105
3953,39.530000000000705,0.9999889767890525
3954,39.5400000000007,0.9999889988596872
3955,39.5500000000007,0.9999890208842156
3956,39.5600000000007,0.999989042862739
3957,39.5700000000007,0.9999890647953581
3958,39.580000000000695,0.9999890866821733
3959,39.59000000000069,0.9999891085232852
3960,39.60000000000069,0.9999891303187934
3961,39.61000000000069,0.9999891520687982
3962,39.62000000000069,0.9999891737733991
3963,39.630000000000685,0.9999891954326955
3964,39.64000000000068,0.9999892170467863
3965,39.65000000000068,0.9999892386157708
3966,39.66000000000068,0.9999892601397475
3967,39.67000000000068,0.999989281618815
3968,39.680000000000675,0.9999893030530713
3969,39.69000000000067,0.9999893244426147
3970,39.70000000000067,0.9999893457875428
3971,39.71000000000067,0.9999893670879534
3972,39.72000000000067,0.9999893883439435
3973,39.730000000000665,0.9999894095556104
3974,39.74000000000066,0.9999894307230511
3975,39.75000000000066,0.9999894518463622
3976,39.76000000000066,0.99998947292564
3977,39.77000000000066,0.9999894939609809
3978,39.780000000000655,0.9999895149524809
3979,39.79000000000065,0.9999895359002356
3980,39.80000000000065,0.9999895568043409
3981,39.81000000000065,0.9999895776648917
3982,39.82000000000065,0.9999895984819835
3983,39.830000000000645,0.9999896192557111
3984,39.84000000000064,0.9999896399861691
3985,39.85000000000064,0.999989660673452
3986,39.86000000000064,0.999989681317654
3987,39.87000000000064,0.9999897019188693
3988,39.880000000000635,0.9999897224771915
3989,39.89000000000063,0.9999897429927145
3990,39.90000000000063,0.9999897634655314
3991,39.91000000000063,0.9999897838957355
3992,39.92000000000063,0.9999898042834195
3993,39.930000000000625,0.9999898246286767
3994,39.94000000000062,0.9999898449315991
3995,39.95000000000062,0.9999898651922793
3996,39.96000000000062,0.9999898854108092
3997,39.97000000000062,0.999989905587281
3998,39.980000000000615,0.999989925721786
3999,39.99000000000061,0.9999899458144159
4000,40.00000000000061,0.999989965865262
4001,40.01000000000061,0.9999899858744152
4002,40.02000000000061,0.9999900058419665
4003,40.030000000000605,0.9999900257680064
4004,40.0400000000006,0.9999900456526254
4005,40.0500000000006,0.9999900654959136
4006,40.0600000000006,0.9999900852979613
4007,40.0700000000006,0.9999901050588579
4008,40.080000000000595,0.9999901247786933
4009,40.09000000000059,0.9999901444575567
4010,40.10000000000059,0.9999901640955375
4011,40.11000000000059,0.9999901836927245
4012,40.12000000000059,0.9999902032492066
4013,40.130000000000585,0.9999902227650722
4014,40.14000000000058,0.9999902422404099
4015,40.15000000000058,0.9999902616753077
4016,40.16000000000058,0.9999902810698537
4017,40.17000000000058,0.9999903004241355
4018,40.180000000000575,0.9999903197382408
4019,40.19000000000057,0.9999903390122569
4020,40.20000000000057,0.999990358246271
4021,40.21000000000057,0.99999037744037
4022,40.22000000000057,0.9999903965946407
4023,40.230000000000565,0.9999904157091698
4024,40.24000000000056,0.9999904347840435
4025,40.25000000000056,0.9999904538193479
4026,40.26000000000056,0.9999904728151692
4027,40.27000000000056,0.9999904917715929
4028,40.280000000000555,0.9999905106887049
4029,40.29000000000055,0.9999905295665904
4030,40.30000000000055,0.9999905484053346
4031,40.31000000000055,0.9999905672050226
4032,40.32000000000055,0.999990585965739
4033,40.330000000000545,0.9999906046875685
4034,40.34000000000054,0.9999906233705955
4035,40.35000000000054,0.9999906420149043
4036,40.36000000000054,0.9999906606205788
4037,40.37000000000054,0.999990679187703
4038,40.380000000000535,0.9999906977163604
4039,40.39000000000053,0.9999907162066345
4040,40.40000000000053,0.9999907346586085
4041,40.41000000000053,0.9999907530723656
4042,40.42000000000053,0.9999907714479886
4043,40.430000000000526,0.9999907897855603
4044,40.44000000000052,0.999990808085163
4045,40.45000000000052,0.9999908263468791
4046,40.46000000000052,0.9999908445707908
4047,40.47000000000052,0.99999086275698
4048,40.480000000000516,0.9999908809055283
4049,40.490000000000514,0.9999908990165176
4050,40.50000000000051,0.999990917090029
4051,40.51000000000051,0.9999909351261437
4052,40.52000000000051,0.9999909531249429
4053,40.530000000000506,0.9999909710865073
4054,40.540000000000504,0.9999909890109174
4055,40.5500000000005,0.9999910068982539
4056,40.5600000000005,0.999991024748597
4057,40.5700000000005,0.9999910425620268
4058,40.580000000000496,0.9999910603386232
4059,40.590000000000494,0.9999910780784658
4060,40.60000000000049,0.9999910957816343
4061,40.61000000000049,0.9999911134482079
4062,40.62000000000049,0.999991131078266
4063,40.630000000000486,0.9999911486718874
4064,40.640000000000484,0.9999911662291511
4065,40.65000000000048,0.9999911837501355
4066,40.66000000000048,0.9999912012349194
4067,40.67000000000048,0.9999912186835808
4068,40.680000000000476,0.9999912360961979
4069,40.690000000000474,0.9999912534728487
4070,40.70000000000047,0.9999912708136107
4071,40.71000000000047,0.9999912881185619
4072,40.72000000000047,0.9999913053877793
4073,40.730000000000466,0.9999913226213403
4074,40.740000000000464,0.9999913398193219
4075,40.75000000000046,0.999991356981801
4076,40.76000000000046,0.9999913741088542
4077,40.77000000000046,0.9999913912005582
4078,40.780000000000456,0.9999914082569893
4079,40.790000000000454,0.9999914252782235
4080,40.80000000000045,0.999991442264337
4081,40.81000000000045,0.9999914592154056
4082,40.82000000000045,0.9999914761315049
4083,40.830000000000446,0.9999914930127103
4084,40.840000000000444,0.9999915098590972
4085,40.85000000000044,0.9999915266707409
4086,40.86000000000044,0.9999915434477161
4087,40.87000000000044,0.9999915601900977
4088,40.880000000000436,0.9999915768979605
4089,40.890000000000434,0.9999915935713787
4090,40.90000000000043,0.9999916102104267
4091,40.91000000000043,0.9999916268151787
4092,40.92000000000043,0.9999916433857086
4093,40.930000000000426,0.99999165992209
4094,40.940000000000424,0.9999916764243969
4095,40.95000000000042,0.9999916928927024
4096,40.96000000000042,0.99999170932708
4097,40.97000000000042,0.9999917257276029
4098,40.980000000000416,0.9999917420943437
4099,40.990000000000414,0.9999917584273754
4100,41.00000000000041,0.9999917747267708
4101,41.01000000000041,0.999991790992602
4102,41.02000000000041,0.9999918072249416
4103,41.030000000000406,0.9999918234238617
4104,41.040000000000404,0.999991839589434
4105,41.0500000000004,0.9999918557217307
4106,41.0600000000004,0.999991871820823
4107,41.0700000000004,0.9999918878867828
4108,41.080000000000396,0.9999919039196812
4109,41.090000000000394,0.9999919199195894
4110,41.10000000000039,0.9999919358865784
4111,41.11000000000039,0.999991951820719
4112,41.12000000000039,0.9999919677220819
4113,41.130000000000386,0.9999919835907376
4114,41.140000000000384,0.9999919994267565
4115,41.15000000000038,0.9999920152302089
4116,41.16000000000038,0.9999920310011645
4117,41.17000000000038,0.9999920467396936
4118,41.180000000000376,0.9999920624458656
4119,41.190000000000374,0.9999920781197502
4120,41.20000000000037,0.9999920937614167
4121,41.21000000000037,0.9999921093709346
4122,41.22000000000037,0.9999921249483729
4123,41.230000000000366,0.9999921404938003
4124,41.240000000000364,0.9999921560072857
4125,41.25000000000036,0.999992171488898
4126,41.26000000000036,0.9999921869387054
4127,41.27000000000036,0.9999922023567762
4128,41.280000000000356,0.9999922177431787
4129,41.290000000000354,0.9999922330979808
4130,41.30000000000035,0.9999922484212503
4131,41.31000000000035,0.9999922637130552
4132,41.32000000000035,0.9999922789734628
4133,41.33000000000035,0.9999922942025405
4134,41.340000000000344,0.9999923094003557
4135,41.35000000000034,0.9999923245669753
4136,41.36000000000034,0.9999923397024664
4137,41.37000000000034,0.9999923548068956
4138,41.38000000000034,0.9999923698803298
4139,41.390000000000335,0.9999923849228353
4140,41.40000000000033,0.9999923999344785
4141,41.41000000000033,0.9999924149153256
4142,41.42000000000033,0.9999924298654427
4143,41.43000000000033,0.9999924447848955
4144,41.440000000000325,0.99999245967375
4145,41.45000000000032,0.9999924745320715
4146,41.46000000000032,0.9999924893599257
4147,41.47000000000032,0.9999925041573778
4148,41.48000000000032,0.999992518924493
4149,41.490000000000315,0.9999925336613363
4150,41.50000000000031,0.9999925483679725
4151,41.51000000000031,0.9999925630444664
4152,41.52000000000031,0.9999925776908825
4153,41.53000000000031,0.9999925923072852
4154,41.540000000000305,0.9999926068937388
4155,41.5500000000003,0.9999926214503075
4156,41.5600000000003,0.9999926359770553
4157,41.5700000000003,0.999992650474046
4158,41.5800000000003,0.9999926649413433
4159,41.590000000000295,0.9999926793790107
4160,41.60000000000029,0.9999926937871118
4161,41.61000000000029,0.9999927081657095
4162,41.62000000000029,0.9999927225148674
4163,41.63000000000029,0.9999927368346482
4164,41.640000000000285,0.9999927511251149
4165,41.65000000000028,0.99999276538633
4166,41.66000000000028,0.9999927796183563
4167,41.67000000000028,0.999992793821256
4168,41.68000000000028,0.9999928079950916
4169,41.690000000000275,0.9999928221399251
4170,41.70000000000027,0.9999928362558186
4171,41.71000000000027,0.9999928503428339
4172,41.72000000000027,0.9999928644010329
4173,41.73000000000027,0.9999928784304768
4174,41.740000000000265,0.9999928924312274
4175,41.75000000000026,0.9999929064033459
4176,41.76000000000026,0.9999929203468935
4177,41.77000000000026,0.9999929342619311
4178,41.78000000000026,0.9999929481485199
4179,41.790000000000255,0.9999929620067204
4180,41.80000000000025,0.9999929758365933
4181,41.81000000000025,0.999992989638199
4182,41.82000000000025,0.9999930034115981
4183,41.83000000000025,0.9999930171568507
4184,41.840000000000245,0.9999930308740168
4185,41.85000000000024,0.9999930445631565
4186,41.86000000000024,0.9999930582243295
4187,41.87000000000024,0.9999930718575955
4188,41.88000000000024,0.999993085463014
4189,41.890000000000235,0.9999930990406446
4190,41.90000000000023,0.9999931125905465
4191,41.91000000000023,0.9999931261127787
4192,41.92000000000023,0.9999931396074003
4193,41.93000000000023,0.9999931530744705
4194,41.940000000000225,0.9999931665140475
4195,41.95000000000022,0.9999931799261903
4196,41.96000000000022,0.9999931933109573
4197,41.97000000000022,0.9999932066684069
4198,41.98000000000022,0.9999932199985971
4199,41.990000000000215,0.9999932333015863
4200,42.00000000000021,0.9999932465774324
4201,42.01000000000021,0.9999932598261931
4202,42.02000000000021,0.9999932730479263
4203,42.03000000000021,0.9999932862426893
4204,42.040000000000205,0.9999932994105399
4205,42.0500000000002,0.9999933125515352
4206,42.0600000000002,0.9999933256657325
4207,42.0700000000002,0.9999933387531889
4208,42.0800000000002,0.9999933518139611
4209,42.090000000000195,0.9999933648481061
4210,42.10000000000019,0.9999933778556807
4211,42.11000000000019,0.9999933908367411
4212,42.12000000000019,0.999993403791344
4213,42.13000000000019,0.9999934167195458
4214,42.140000000000185,0.9999934296214025
4215,42.15000000000018,0.9999934424969702
4216,42.16000000000018,0.9999934553463048
4217,42.17000000000018,0.9999934681694621
4218,42.18000000000018,0.9999934809664979
4219,42.190000000000175,0.9999934937374676
4220,42.20000000000017,0.9999935064824268
4221,42.21000000000017,0.9999935192014306
4222,42.22000000000017,0.9999935318945343
4223,42.23000000000017,0.9999935445617931
4224,42.240000000000165,0.9999935572032618
4225,42.25000000000016,0.9999935698189951
4226,42.26000000000016,0.9999935824090479
4227,42.27000000000016,0.9999935949734746
4228,42.28000000000016,0.9999936075123299
4229,42.290000000000155,0.9999936200256678
4230,42.30000000000015,0.9999936325135428
4231,42.31000000000015,0.9999936449760088
4232,42.32000000000015,0.99999365741312
4233,42.33000000000015,0.99999366982493
4234,42.340000000000146,0.9999936822114925
4235,42.35000000000014,0.9999936945728614
4236,42.36000000000014,0.99999370690909
4237,42.37000000000014,0.9999937192202315
4238,42.38000000000014,0.9999937315063394
4239,42.390000000000136,0.9999937437674669
4240,42.400000000000134,0.9999937560036668
4241,42.41000000000013,0.9999937682149921
4242,42.42000000000013,0.9999937804014954
4243,42.43000000000013,0.9999937925632297
4244,42.440000000000126,0.9999938047002472
4245,42.450000000000124,0.9999938168126007
4246,42.46000000000012,0.999993828900342
4247,42.47000000000012,0.9999938409635238
4248,42.48000000000012,0.999993853002198
4249,42.490000000000116,0.9999938650164164
4250,42.500000000000114,0.999993877006231
4251,42.51000000000011,0.9999938889716935
4252,42.52000000000011,0.9999939009128556
4253,42.53000000000011,0.9999939128297687
4254,42.540000000000106,0.999993924722484
4255,42.550000000000104,0.9999939365910533
4256,42.5600000000001,0.9999939484355272
4257,42.5700000000001,0.9999939602559571
4258,42.5800000000001,0.9999939720523938
4259,42.590000000000096,0.9999939838248881
4260,42.600000000000094,0.9999939955734908
4261,42.61000000000009,0.9999940072982523
4262,42.62000000000009,0.9999940189992234
4263,42.63000000000009,0.9999940306764541
4264,42.640000000000086,0.9999940423299949
4265,42.650000000000084,0.9999940539598958
4266,42.66000000000008,0.9999940655662071
4267,42.67000000000008,0.9999940771489785
4268,42.68000000000008,0.9999940887082598
4269,42.690000000000076,0.9999941002441007
4270,42.700000000000074,0.9999941117565508
4271,42.71000000000007,0.9999941232456598
4272,42.72000000000007,0.9999941347114768
4273,42.73000000000007,0.9999941461540512
4274,42.740000000000066,0.9999941575734321
4275,42.750000000000064,0.9999941689696685
4276,42.76000000000006,0.9999941803428095
4277,42.77000000000006,0.9999941916929038
4278,42.78000000000006,0.9999942030200001
4279,42.790000000000056,0.999994214324147
4280,42.800000000000054,0.9999942256053932
4281,42.81000000000005,0.9999942368637869
4282,42.82000000000005,0.9999942480993763
4283,42.83000000000005,0.9999942593122099
4284,42.840000000000046,0.9999942705023355
4285,42.850000000000044,0.9999942816698011
4286,42.86000000000004,0.9999942928146547
4287,42.87000000000004,0.9999943039369439
4288,42.88000000000004,0.9999943150367165
4289,42.890000000000036,0.9999943261140201
4290,42.900000000000034,0.9999943371689018
4291,42.91000000000003,0.9999943482014092
4292,42.92000000000003,0.9999943592115895
4293,42.93000000000003,0.9999943701994899
4294,42.940000000000026,0.9999943811651573
4295,42.950000000000024,0.9999943921086385
4296,42.96000000000002,0.9999944030299805
4297,42.97000000000002,0.99999441392923
4298,42.98000000000002,0.9999944248064336
4299,42.990000000000016,0.9999944356616378
4300,43.000000000000014,0.999994446494889
4301,43.01000000000001,0.9999944573062335
4302,43.02000000000001,0.9999944680957173
4303,43.03000000000001,0.9999944788633869
4304,43.040000000000006,0.9999944896092879
4305,43.050000000000004,0.9999945003334664
4306,43.06,0.9999945110359681
4307,43.07,0.9999945217168388
4308,43.08,0.999994532376124
4309,43.089999999999996,0.9999945430138693
4310,43.099999999999994,0.9999945536301198
4311,43.10999999999999,0.9999945642249211
4312,43.11999999999999,0.9999945747983182
4313,43.12999999999999,0.9999945853503562
4314,43.139999999999986,0.9999945958810803
4315,43.149999999999984,0.9999946063905352
4316,43.15999999999998,0.9999946168787657
4317,43.16999999999998,0.9999946273458163
4318,43.17999999999998,0.999994637791732
4319,43.189999999999976,0.9999946482165571
4320,43.199999999999974,0.999994658620336
4321,43.20999999999997,0.9999946690031128
4322,43.21999999999997,0.9999946793649321
4323,43.22999999999997,0.9999946897058377
4324,43.23999999999997,0.9999947000258737
4325,43.249999999999964,0.9999947103250839
4326,43.25999999999996,0.9999947206035122
4327,43.26999999999996,0.9999947308612025
4328,43.27999999999996,0.9999947410981982
4329,43.28999999999996,0.9999947513145427
4330,43.299999999999955,0.9999947615102798
4331,43.30999999999995,0.9999947716854525
4332,43.31999999999995,0.9999947818401042
4333,43.32999999999995,0.9999947919742779
4334,43.33999999999995,0.9999948020880168
4335,43.349999999999945,0.9999948121813638
4336,43.35999999999994,0.9999948222543618
4337,43.36999999999994,0.9999948323070533
4338,43.37999999999994,0.9999948423394814
4339,43.38999999999994,0.9999948523516884
4340,43.399999999999935,0.9999948623437168
4341,43.40999999999993,0.999994872315609
4342,43.41999999999993,0.9999948822674073
4343,43.42999999999993,0.9999948921991539
4344,43.43999999999993,0.999994902110891
4345,43.449999999999925,0.9999949120026606
4346,43.45999999999992,0.9999949218745043
4347,43.46999999999992,0.9999949317264645
4348,43.47999999999992,0.9999949415585824
4349,43.48999999999992,0.9999949513708999
4350,43.499999999999915,0.9999949611634585
4351,43.50999999999991,0.9999949709362999
4352,43.51999999999991,0.999994980689465
4353,43.52999999999991,0.9999949904229954
4354,43.53999999999991,0.9999950001369323
4355,43.549999999999905,0.9999950098313168
4356,43.5599999999999,0.9999950195061897
4357,43.5699999999999,0.9999950291615922
4358,43.5799999999999,0.999995038797565
4359,43.5899999999999,0.9999950484141488
4360,43.599999999999895,0.9999950580113842
4361,43.60999999999989,0.999995067589312
4362,43.61999999999989,0.9999950771479724
4363,43.62999999999989,0.999995086687406
4364,43.63999999999989,0.999995096207653
4365,43.649999999999885,0.9999951057087536
4366,43.65999999999988,0.999995115190748
4367,43.66999999999988,0.9999951246536761
4368,43.67999999999988,0.9999951340975779
4369,43.68999999999988,0.9999951435224933
4370,43.699999999999875,0.9999951529284621
4371,43.70999999999987,0.9999951623155238
4372,43.71999999999987,0.9999951716837181
4373,43.72999999999987,0.9999951810330846
4374,43.73999999999987,0.9999951903636627
4375,43.749999999999865,0.9999951996754916
4376,43.75999999999986,0.9999952089686106
4377,43.76999999999986,0.9999952182430589
4378,43.77999999999986,0.9999952274988756
4379,43.78999999999986,0.9999952367360997
4380,43.799999999999855,0.99999524595477
4381,43.80999999999985,0.9999952551549254
4382,43.81999999999985,0.9999952643366046
4383,43.82999999999985,0.9999952734998463
4384,43.83999999999985,0.9999952826446891
4385,43.849999999999845,0.9999952917711713
4386,43.85999999999984,0.9999953008793315
4387,43.86999999999984,0.9999953099692079
4388,43.87999999999984,0.9999953190408388
4389,43.88999999999984,0.9999953280942623
4390,43.899999999999835,0.9999953371295164
4391,43.90999999999983,0.9999953461466392
4392,43.91999999999983,0.9999953551456686
4393,43.92999999999983,0.9999953641266422
4394,43.93999999999983,0.9999953730895981
4395,43.949999999999825,0.9999953820345737
4396,43.95999999999982,0.9999953909616065
4397,43.96999999999982,0.9999953998707342
4398,43.97999999999982,0.9999954087619941
4399,43.98999999999982,0.9999954176354234
4400,43.999999999999815,0.9999954264910595
4401,44.00999999999981,0.9999954353289396
4402,44.01999999999981,0.9999954441491007
4403,44.02999999999981,0.9999954529515797
4404,44.03999999999981,0.9999954617364136
4405,44.049999999999805,0.9999954705036392
4406,44.0599999999998,0.9999954792532935
4407,44.0699999999998,0.9999954879854127
4408,44.0799999999998,0.9999954967000338
4409,44.0899999999998,0.9999955053971932
4410,44.099999999999795,0.9999955140769272
4411,44.10999999999979,0.9999955227392723
4412,44.11999999999979,0.9999955313842648
4413,44.12999999999979,0.9999955400119407
4414,44.13999999999979,0.9999955486223363
4415,44.149999999999785,0.9999955572154876
4416,44.15999999999978,0.9999955657914306
4417,44.16999999999978,0.999995574350201
4418,44.17999999999978,0.9999955828918349
4419,44.18999999999978,0.9999955914163677
4420,44.199999999999775,0.9999955999238352
4421,44.20999999999977,0.999995608414273
4422,44.21999999999977,0.9999956168877167
4423,44.22999999999977,0.9999956253442014
4424,44.23999999999977,0.9999956337837627
4425,44.249999999999766,0.9999956422064358
4426,44.25999999999976,0.9999956506122557
4427,44.26999999999976,0.9999956590012579
4428,44.27999999999976,0.999995667373477
4429,44.28999999999976,0.9999956757289482
4430,44.299999999999756,0.9999956840677063
4431,44.309999999999754,0.9999956923897863
4432,44.31999999999975,0.9999957006952226
4433,44.32999999999975,0.9999957089840501
4434,44.33999999999975,0.9999957172563032
4435,44.349999999999746,0.9999957255120164
4436,44.359999999999744,0.9999957337512244
4437,44.36999999999974,0.9999957419739612
4438,44.37999999999974,0.9999957501802614
4439,44.38999999999974,0.999995758370159
4440,44.399999999999736,0.999995766543688
4441,44.409999999999734,0.9999957747008827
4442,44.41999999999973,0.999995782841777
4443,44.42999999999973,0.9999957909664049
4444,44.43999999999973,0.9999957990748
4445,44.449999999999726,0.9999958071669962
4446,44.459999999999724,0.9999958152430272
4447,44.46999999999972,0.9999958233029266
4448,44.47999999999972,0.9999958313467279
4449,44.48999999999972,0.9999958393744645
4450,44.499999999999716,0.9999958473861699
4451,44.509999999999714,0.9999958553818774
4452,44.51999999999971,0.9999958633616203
4453,44.52999999999971,0.9999958713254316
4454,44.53999999999971,0.9999958792733445
4455,44.549999999999706,0.9999958872053922
4456,44.559999999999704,0.9999958951216075
4457,44.5699999999997,0.9999959030220231
4458,44.5799999999997,0.9999959109066722
4459,44.5899999999997,0.9999959187755872
4460,44.599999999999696,0.999995926628801
4461,44.609999999999694,0.9999959344663462
4462,44.61999999999969,0.9999959422882552
4463,44.62999999999969,0.9999959500945604
4464,44.63999999999969,0.9999959578852945
4465,44.649999999999686,0.9999959656604895
4466,44.659999999999684,0.9999959734201779
4467,44.66999999999968,0.9999959811643917
4468,44.67999999999968,0.9999959888931631
4469,44.68999999999968,0.9999959966065242
4470,44.699999999999676,0.9999960043045067
4471,44.709999999999674,0.9999960119871428
4472,44.71999999999967,0.9999960196544643
4473,44.72999999999967,0.9999960273065027
4474,44.73999999999967,0.99999603494329
4475,44.749999999999666,0.9999960425648577
4476,44.759999999999664,0.9999960501712375
4477,44.76999999999966,0.9999960577624606
4478,44.77999999999966,0.9999960653385587
4479,44.78999999999966,0.9999960728995629
4480,44.799999999999656,0.9999960804455047
4481,44.809999999999654,0.9999960879764153
4482,44.81999999999965,0.9999960954923257
4483,44.82999999999965,0.9999961029932671
4484,44.83999999999965,0.9999961104792705
4485,44.849999999999646,0.9999961179503668
4486,44.859999999999644,0.999996125406587
4487,44.86999999999964,0.9999961328479618
4488,44.87999999999964,0.999996140274522
4489,44.88999999999964,0.9999961476862983
4490,44.899999999999636,0.9999961550833212
4491,44.909999999999634,0.9999961624656214
4492,44.91999999999963,0.9999961698332293
4493,44.92999999999963,0.9999961771861753
4494,44.93999999999963,0.9999961845244898
4495,44.949999999999626,0.999996191848203
4496,44.959999999999624,0.9999961991573453
4497,44.96999999999962,0.9999962064519468
4498,44.97999999999962,0.9999962137320374
4499,44.98999999999962,0.9999962209976473
4500,44.999999999999616,0.9999962282488064
4501,45.009999999999614,0.9999962354855446
4502,45.01999999999961,0.9999962427078918
4503,45.02999999999961,0.9999962499158777
4504,45.03999999999961,0.999996257109532
4505,45.049999999999606,0.9999962642888843
4506,45.059999999999604,0.9999962714539643
4507,45.0699999999996,0.9999962786048013
4508,45.0799999999996,0.9999962857414251
4509,45.0899999999996,0.9999962928638647
4510,45.099999999999596,0.9999962999721497
4511,45.109999999999594,0.9999963070663092
4512,45.11999999999959,0.9999963141463724
4513,45.12999999999959,0.9999963212123684
4514,45.13999999999959,0.9999963282643264
4515,45.14999999999959,0.9999963353022753
4516,45.159999999999584,0.999996342326244
4517,45.16999999999958,0.9999963493362616
4518,45.17999999999958,0.9999963563323566
4519,45.18999999999958,0.9999963633145581
4520,45.19999999999958,0.9999963702828945
4521,45.209999999999575,0.9999963772373945
4522,45.21999999999957,0.9999963841780869
4523,45.22999999999957,0.9999963911049999
4524,45.23999999999957,0.9999963980181621
4525,45.24999999999957,0.9999964049176018
4526,45.259999999999565,0.9999964118033474
4527,45.26999999999956,0.9999964186754271
4528,45.27999999999956,0.9999964255338692
4529,45.28999999999956,0.9999964323787018
4530,45.29999999999956,0.999996439209953
4531,45.309999999999555,0.9999964460276506
4532,45.31999999999955,0.9999964528318229
4533,45.32999999999955,0.9999964596224975
4534,45.33999999999955,0.9999964663997025
4535,45.34999999999955,0.9999964731634655
4536,45.359999999999545,0.9999964799138144
4537,45.36999999999954,0.9999964866507766
4538,45.37999999999954,0.9999964933743798
4539,45.38999999999954,0.9999965000846517
4540,45.39999999999954,0.9999965067816196
4541,45.409999999999535,0.9999965134653109
4542,45.41999999999953,0.9999965201357531
4543,45.42999999999953,0.9999965267929736
4544,45.43999999999953,0.9999965334369993
4545,45.44999999999953,0.9999965400678577
4546,45.459999999999525,0.9999965466855757
4547,45.46999999999952,0.9999965532901806
4548,45.47999999999952,0.9999965598816992
4549,45.48999999999952,0.9999965664601586
4550,45.49999999999952,0.9999965730255856
4551,45.509999999999515,0.9999965795780071
4552,45.51999999999951,0.9999965861174499
4553,45.52999999999951,0.9999965926439406
4554,45.53999999999951,0.999996599157506
4555,45.54999999999951,0.9999966056581727
4556,45.559999999999505,0.9999966121459671
4557,45.5699999999995,0.9999966186209159
4558,45.5799999999995,0.9999966250830454
4559,45.5899999999995,0.999996631532382
4560,45.5999999999995,0.9999966379689522
4561,45.609999999999495,0.999996644392782
4562,45.61999999999949,0.9999966508038977
4563,45.62999999999949,0.9999966572023256
4564,45.63999999999949,0.9999966635880915
4565,45.64999999999949,0.9999966699612217
4566,45.659999999999485,0.9999966763217422
4567,45.66999999999948,0.9999966826696787
4568,45.67999999999948,0.9999966890050572
4569,45.68999999999948,0.9999966953279036
4570,45.69999999999948,0.9999967016382436
4571,45.709999999999475,0.9999967079361028
4572,45.71999999999947,0.9999967142215072
4573,45.72999999999947,0.999996720494482
4574,45.73999999999947,0.9999967267550529
4575,45.74999999999947,0.9999967330032454
4576,45.759999999999465,0.9999967392390849
4577,45.76999999999946,0.9999967454625969
4578,45.77999999999946,0.9999967516738065
4579,45.78999999999946,0.9999967578727392
4580,45.79999999999946,0.9999967640594201
4581,45.809999999999455,0.9999967702338743
4582,45.81999999999945,0.9999967763961272
4583,45.82999999999945,0.9999967825462035
4584,45.83999999999945,0.9999967886841283
4585,45.84999999999945,0.9999967948099268
4586,45.859999999999445,0.9999968009236235
4587,45.86999999999944,0.9999968070252435
4588,45.87999999999944,0.9999968131148116
4589,45.88999999999944,0.9999968191923524
4590,45.89999999999944,0.9999968252578906
4591,45.909999999999435,0.9999968313114509
4592,45.91999999999943,0.9999968373530579
4593,45.92999999999943,0.999996843382736
4594,45.93999999999943,0.9999968494005098
4595,45.94999999999943,0.9999968554064036
4596,45.959999999999425,0.9999968614004419
4597,45.96999999999942,0.9999968673826489
4598,45.97999999999942,0.9999968733530489
4599,45.98999999999942,0.9999968793116661
4600,45.99999999999942,0.9999968852585248
4601,46.009999999999415,0.9999968911936489
4602,46.01999999999941,0.9999968971170625
4603,46.02999999999941,0.9999969030287897
4604,46.03999999999941,0.9999969089288544
4605,46.04999999999941,0.9999969148172805
4606,46.059999999999405,0.9999969206940919
4607,46.0699999999994,0.9999969265593123
4608,46.0799999999994,0.9999969324129655
4609,46.0899999999994,0.9999969382550752
4610,46.0999999999994,0.9999969440856651
4611,46.109999999999395,0.9999969499047586
4612,46.11999999999939,0.9999969557123796
4613,46.12999999999939,0.9999969615085513
4614,46.13999999999939,0.9999969672932972
4615,46.14999999999939,0.9999969730666408
4616,46.159999999999386,0.9999969788286053
4617,46.16999999999938,0.9999969845792142
4618,46.17999999999938,0.9999969903184905
4619,46.18999999999938,0.9999969960464575
4620,46.19999999999938,0.9999970017631385
4621,46.209999999999376,0.9999970074685564
4622,46.219999999999374,0.9999970131627344
4623,46.22999999999937,0.9999970188456953
4624,46.23999999999937,0.9999970245174622
4625,46.24999999999937,0.999997030178058
4626,46.259999999999366,0.9999970358275054
4627,46.269999999999364,0.9999970414658275
4628,46.27999999999936,0.9999970470930467
4629,46.28999999999936,0.999997052709186
4630,46.29999999999936,0.999997058314268
4631,46.309999999999356,0.9999970639083152
4632,46.319999999999354,0.9999970694913501
4633,46.32999999999935,0.9999970750633955
4634,46.33999999999935,0.9999970806244737
4635,46.34999999999935,0.999997086174607
4636,46.359999999999346,0.999997091713818
4637,46.369999999999344,0.9999970972421289
4638,46.37999999999934,0.999997102759562
4639,46.38999999999934,0.9999971082661394
4640,46.39999999999934,0.9999971137618835
4641,46.409999999999336,0.9999971192468163
4642,46.419999999999334,0.9999971247209599
4643,46.42999999999933,0.9999971301843363
4644,46.43999999999933,0.9999971356369677
4645,46.44999999999933,0.9999971410788758
4646,46.459999999999326,0.9999971465100825
4647,46.469999999999324,0.9999971519306099
4648,46.47999999999932,0.9999971573404796
4649,46.48999999999932,0.9999971627397134
4650,46.49999999999932,0.999997168128333
4651,46.509999999999316,0.9999971735063601
4652,46.519999999999314,0.9999971788738163
4653,46.52999999999931,0.9999971842307231
4654,46.53999999999931,0.9999971895771023
4655,46.54999999999931,0.9999971949129751
4656,46.559999999999306,0.999997200238363
4657,46.569999999999304,0.9999972055532874
4658,46.5799999999993,0.9999972108577697
4659,46.5899999999993,0.9999972161518312
4660,46.5999999999993,0.9999972214354931
4661,46.609999999999296,0.9999972267087767
4662,46.619999999999294,0.999997231971703
4663,46.62999999999929,0.9999972372242932
4664,46.63999999999929,0.9999972424665685
4665,46.64999999999929,0.9999972476985497
4666,46.659999999999286,0.999997252920258
4667,46.669999999999284,0.9999972581317143
4668,46.67999999999928,0.9999972633329394
4669,46.68999999999928,0.9999972685239541
4670,46.69999999999928,0.9999972737047794
4671,46.709999999999276,0.999997278875436
4672,46.719999999999274,0.9999972840359446
4673,46.72999999999927,0.9999972891863258
4674,46.73999999999927,0.9999972943266003
4675,46.74999999999927,0.9999972994567887
4676,46.759999999999266,0.9999973045769116
4677,46.769999999999264,0.9999973096869894
4678,46.77999999999926,0.9999973147870426
4679,46.78999999999926,0.9999973198770916
4680,46.79999999999926,0.9999973249571568
4681,46.809999999999256,0.9999973300272584
4682,46.819999999999254,0.999997335087417
4683,46.82999999999925,0.9999973401376524
4684,46.83999999999925,0.9999973451779851
4685,46.84999999999925,0.9999973502084353
4686,46.859999999999246,0.9999973552290229
4687,46.869999999999244,0.999997360239768
4688,46.87999999999924,0.9999973652406908
4689,46.88999999999924,0.9999973702318111
4690,46.89999999999924,0.999997375213149
4691,46.909999999999236,0.9999973801847243
4692,46.919999999999234,0.9999973851465569
4693,46.92999999999923,0.9999973900986666
4694,46.93999999999923,0.9999973950410731
4695,46.94999999999923,0.9999973999737962
4696,46.959999999999226,0.9999974048968557
4697,46.969999999999224,0.9999974098102711
4698,46.97999999999922,0.9999974147140621
4699,46.98999999999922,0.9999974196082482
4700,46.99999999999922,0.9999974244928488
4701,47.009999999999216,0.9999974293678837
4702,47.019999999999214,0.9999974342333721
4703,47.02999999999921,0.9999974390893335
4704,47.03999999999921,0.9999974439357872
4705,47.04999999999921,0.9999974487727525
4706,47.05999999999921,0.9999974536002487
4707,47.069999999999204,0.9999974584182952
4708,47.0799999999992,0.999997463226911
4709,47.0899999999992,0.9999974680261152
4710,47.0999999999992,0.9999974728159272
4711,47.1099999999992,0.9999974775963658
4712,47.119999999999195,0.9999974823674502
4713,47.12999999999919,0.9999974871291993
4714,47.13999999999919,0.9999974918816321
4715,47.14999999999919,0.9999974966247674
4716,47.15999999999919,0.9999975013586243
4717,47.169999999999185,0.9999975060832215
4718,47.17999999999918,0.9999975107985778
4719,47.18999999999918,0.9999975155047118
4720,47.19999999999918,0.9999975202016426
4721,47.20999999999918,0.9999975248893885
4722,47.219999999999175,0.9999975295679683
4723,47.22999999999917,0.9999975342374006
4724,47.23999999999917,0.9999975388977039
4725,47.24999999999917,0.9999975435488968
4726,47.25999999999917,0.9999975481909977
4727,47.269999999999165,0.9999975528240251
4728,47.27999999999916,0.9999975574479973
4729,47.28999999999916,0.9999975620629329
4730,47.29999999999916,0.99999756666885
4731,47.30999999999916,0.9999975712657668
4732,47.319999999999155,0.9999975758537017
4733,47.32999999999915,0.9999975804326731
4734,47.33999999999915,0.9999975850026989
4735,47.34999999999915,0.9999975895637971
4736,47.35999999999915,0.9999975941159862
4737,47.369999999999145,0.999997598659284
4738,47.37999999999914,0.9999976031937085
4739,47.38999999999914,0.9999976077192777
4740,47.39999999999914,0.9999976122360097
4741,47.40999999999914,0.9999976167439222
4742,47.419999999999135,0.9999976212430332
4743,47.42999999999913,0.9999976257333604
4744,47.43999999999913,0.9999976302149217
4745,47.44999999999913,0.9999976346877348
4746,47.45999999999913,0.9999976391518174
4747,47.469999999999125,0.9999976436071872
4748,47.47999999999912,0.9999976480538619
4749,47.48999999999912,0.999997652491859
4750,47.49999999999912,0.9999976569211962
4751,47.50999999999912,0.9999976613418908
4752,47.519999999999115,0.9999976657539605
4753,47.52999999999911,0.9999976701574228
4754,47.53999999999911,0.9999976745522949
4755,47.54999999999911,0.9999976789385943
4756,47.55999999999911,0.9999976833163383
4757,47.569999999999105,0.9999976876855443
4758,47.5799999999991,0.9999976920462295
4759,47.5899999999991,0.9999976963984111
4760,47.5999999999991,0.9999977007421064
4761,47.6099999999991,0.9999977050773324
4762,47.619999999999095,0.9999977094041064
4763,47.62999999999909,0.9999977137224454
4764,47.63999999999909,0.9999977180323666
4765,47.64999999999909,0.9999977223338867
4766,47.65999999999909,0.999997726627023
4767,47.669999999999085,0.9999977309117924
4768,47.67999999999908,0.9999977351882117
4769,47.68999999999908,0.9999977394562978
4770,47.69999999999908,0.9999977437160675
4771,47.70999999999908,0.9999977479675377
4772,47.719999999999075,0.9999977522107252
4773,47.72999999999907,0.9999977564456466
4774,47.73999999999907,0.9999977606723187
4775,47.74999999999907,0.9999977648907581
4776,47.75999999999907,0.9999977691009815
4777,47.769999999999065,0.9999977733030054
4778,47.77999999999906,0.9999977774968465
4779,47.78999999999906,0.9999977816825212
4780,47.79999999999906,0.9999977858600461
4781,47.80999999999906,0.9999977900294374
4782,47.819999999999055,0.9999977941907119
4783,47.82999999999905,0.9999977983438857
4784,47.83999999999905,0.9999978024889753
4785,47.84999999999905,0.9999978066259969
4786,47.85999999999905,0.9999978107549669
4787,47.869999999999045,0.9999978148759014
4788,47.87999999999904,0.9999978189888168
4789,47.88999999999904,0.9999978230937291
4790,47.89999999999904,0.9999978271906547
4791,47.90999999999904,0.9999978312796094
4792,47.919999999999035,0.9999978353606095
4793,47.92999999999903,0.9999978394336709
4794,47.93999999999903,0.9999978434988097
4795,47.94999999999903,0.9999978475560419
4796,47.95999999999903,0.9999978516053835
4797,47.969999999999025,0.9999978556468502
4798,47.97999999999902,0.9999978596804581
4799,47.98999999999902,0.9999978637062228
4800,47.99999999999902,0.9999978677241603
4801,48.00999999999902,0.9999978717342864
4802,48.019999999999015,0.9999978757366168
4803,48.02999999999901,0.9999978797311672
4804,48.03999999999901,0.9999978837179531
4805,48.04999999999901,0.9999978876969904
4806,48.05999999999901,0.9999978916682947
4807,48.069999999999006,0.9999978956318815
4808,48.079999999999,0.9999978995877663
4809,48.089999999999,0.9999979035359646
4810,48.099999999999,0.9999979074764921
4811,48.109999999999,0.999997911409364
4812,48.119999999998996,0.9999979153345959
4813,48.129999999998994,0.999997919252203
4814,48.13999999999899,0.9999979231622009
4815,48.14999999999899,0.9999979270646048
4816,48.15999999999899,0.9999979309594299
4817,48.169999999998986,0.9999979348466915
4818,48.179999999998984,0.9999979387264049
4819,48.18999999999898,0.9999979425985852
4820,48.19999999999898,0.9999979464632477
4821,48.20999999999898,0.9999979503204074
4822,48.219999999998976,0.9999979541700794
4823,48.229999999998974,0.9999979580122789
4824,48.23999999999897,0.9999979618470208
4825,48.24999999999897,0.9999979656743201
4826,48.25999999999897,0.9999979694941918
4827,48.269999999998966,0.999997973306651
4828,48.279999999998964,0.9999979771117123
4829,48.28999999999896,0.999997980909391
4830,48.29999999999896,0.9999979846997015
4831,48.30999999999896,0.9999979884826588
4832,48.319999999998956,0.9999979922582777
4833,48.329999999998954,0.999997996026573
4834,48.33999999999895,0.9999979997875594
4835,48.34999999999895,0.9999980035412516
4836,48.35999999999895,0.9999980072876641
4837,48.369999999998946,0.9999980110268117
4838,48.379999999998944,0.999998014758709
4839,48.38999999999894,0.9999980184833706
4840,48.39999999999894,0.9999980222008108
4841,48.40999999999894,0.9999980259110445
4842,48.419999999998936,0.9999980296140858
4843,48.429999999998934,0.9999980333099493
4844,48.43999999999893,0.9999980369986495
4845,48.44999999999893,0.9999980406802007
4846,48.45999999999893,0.9999980443546173
4847,48.469999999998926,0.9999980480219136
4848,48.479999999998924,0.9999980516821039
4849,48.48999999999892,0.9999980553352025
4850,48.49999999999892,0.9999980589812235
4851,48.50999999999892,0.9999980626201813
4852,48.519999999998916,0.9999980662520901
4853,48.529999999998914,0.9999980698769638
4854,48.53999999999891,0.9999980734948167
4855,48.54999999999891,0.9999980771056629
4856,48.55999999999891,0.9999980807095165
4857,48.569999999998906,0.9999980843063914
4858,48.579999999998904,0.9999980878963016
4859,48.5899999999989,0.9999980914792611
4860,48.5999999999989,0.999998095055284
4861,48.6099999999989,0.999998098624384
4862,48.619999999998896,0.9999981021865753
4863,48.629999999998894,0.9999981057418713
4864,48.63999999999889,0.9999981092902861
4865,48.64999999999889,0.9999981128318336
4866,48.65999999999889,0.9999981163665274
4867,48.669999999998886,0.9999981198943811
4868,48.679999999998884,0.9999981234154088
4869,48.68999999999888,0.9999981269296239
4870,48.69999999999888,0.9999981304370401
4871,48.70999999999888,0.9999981339376712
4872,48.719999999998876,0.9999981374315305
4873,48.729999999998874,0.9999981409186319
4874,48.73999999999887,0.9999981443989887
4875,48.74999999999887,0.9999981478726145
4876,48.75999999999887,0.9999981513395229
4877,48.769999999998866,0.9999981547997271
4878,48.779999999998864,0.9999981582532407
4879,48.78999999999886,0.999998161700077
4880,48.79999999999886,0.9999981651402496
4881,48.80999999999886,0.9999981685737717
4882,48.819999999998856,0.9999981720006565
4883,48.829999999998854,0.9999981754209175
4884,48.83999999999885,0.9999981788345678
4885,48.84999999999885,0.9999981822416207
4886,48.85999999999885,0.9999981856420895
4887,48.869999999998846,0.9999981890359873
4888,48.879999999998844,0.9999981924233272
4889,48.88999999999884,0.9999981958041224
4890,48.89999999999884,0.999998199178386
4891,48.90999999999884,0.999998202546131
4892,48.919999999998836,0.9999982059073705
4893,48.929999999998834,0.9999982092621176
4894,48.93999999999883,0.9999982126103851
4895,48.94999999999883,0.9999982159521862
4896,48.95999999999883,0.9999982192875336
4897,48.96999999999883,0.9999982226164403
4898,48.979999999998824,0.9999982259389193
4899,48.98999999999882,0.9999982292549833
4900,48.99999999999882,0.9999982325646452
4901,49.00999999999882,0.9999982358679177
4902,49.01999999999882,0.9999982391648138
4903,49.029999999998815,0.999998242455346
4904,49.03999999999881,0.9999982457395271
4905,49.04999999999881,0.99999824901737
4906,49.05999999999881,0.9999982522888871
4907,49.06999999999881,0.9999982555540912
4908,49.079999999998805,0.9999982588129948
4909,49.0899999999988,0.9999982620656105
4910,49.0999999999988,0.999998265311951
4911,49.1099999999988,0.9999982685520288
4912,49.1199999999988,0.9999982717858563
4913,49.129999999998795,0.9999982750134461
4914,49.13999999999879,0.9999982782348106
4915,49.14999999999879,0.9999982814499623
4916,49.15999999999879,0.9999982846589135
4917,49.16999999999879,0.9999982878616767
4918,49.179999999998785,0.9999982910582641
4919,49.18999999999878,0.9999982942486882
4920,49.19999999999878,0.9999982974329613
4921,49.20999999999878,0.9999983006110956
4922,49.21999999999878,0.9999983037831035
4923,49.229999999998775,0.9999983069489969
4924,49.23999999999877,0.9999983101087884
4925,49.24999999999877,0.9999983132624899
4926,49.25999999999877,0.9999983164101137
4927,49.26999999999877,0.999998319551672
4928,49.279999999998765,0.9999983226871766
4929,49.28999999999876,0.9999983258166398
4930,49.29999999999876,0.9999983289400737
4931,49.30999999999876,0.9999983320574902
4932,49.31999999999876,0.9999983351689014
4933,49.329999999998755,0.9999983382743192
4934,49.33999999999875,0.9999983413737557
4935,49.34999999999875,0.9999983444672226
4936,49.35999999999875,0.9999983475547319
4937,49.36999999999875,0.9999983506362956
4938,49.379999999998745,0.9999983537119254
4939,49.38999999999874,0.9999983567816332
4940,49.39999999999874,0.9999983598454308
4941,49.40999999999874,0.99999836290333
4942,49.41999999999874,0.9999983659553425
4943,49.429999999998735,0.9999983690014802
4944,49.43999999999873,0.9999983720417546
4945,49.44999999999873,0.9999983750761774
4946,49.45999999999873,0.9999983781047604
4947,49.46999999999873,0.9999983811275152
4948,49.479999999998725,0.9999983841444533
4949,49.48999999999872,0.9999983871555864
4950,49.49999999999872,0.9999983901609261
4951,49.50999999999872,0.9999983931604838
4952,49.51999999999872,0.9999983961542711
4953,49.529999999998715,0.9999983991422995
4954,49.53999999999871,0.9999984021245804
4955,49.54999999999871,0.9999984051011254
4956,49.55999999999871,0.9999984080719457
4957,49.56999999999871,0.9999984110370529
4958,49.579999999998705,0.9999984139964583
4959,49.5899999999987,0.9999984169501731
4960,49.5999999999987,0.9999984198982089
4961,49.6099999999987,0.9999984228405768
4962,49.6199999999987,0.9999984257772883
4963,49.629999999998695,0.9999984287083544
4964,49.63999999999869,0.9999984316337864
4965,49.64999999999869,0.9999984345535957
4966,49.65999999999869,0.9999984374677933
4967,49.66999999999869,0.9999984403763904
4968,49.679999999998685,0.9999984432793981
4969,49.68999999999868,0.9999984461768276
4970,49.69999999999868,0.99999844906869
4971,49.70999999999868,0.9999984519549963
4972,49.71999999999868,0.9999984548357577
4973,49.729999999998675,0.999998457710985
4974,49.73999999999867,0.9999984605806893
4975,49.74999999999867,0.9999984634448816
4976,49.75999999999867,0.999998466303573
4977,49.76999999999867,0.9999984691567743
4978,49.779999999998665,0.9999984720044962
4979,49.78999999999866,0.99999847484675
4980,49.79999999999866,0.9999984776835463
4981,49.80999999999866,0.999998480514896
4982,49.81999999999866,0.99999848334081
4983,49.829999999998655,0.999998486161299
4984,49.83999999999865,0.9999984889763739
4985,49.84999999999865,0.9999984917860453
4986,49.85999999999865,0.999998494590324
4987,49.86999999999865,0.9999984973892208
4988,49.879999999998645,0.9999985001827463
4989,49.88999999999864,0.9999985029709112
4990,49.89999999999864,0.9999985057537261
4991,49.90999999999864,0.9999985085312016
4992,49.91999999999864,0.9999985113033485
4993,49.929999999998635,0.9999985140701771
4994,49.93999999999863,0.9999985168316983
4995,49.94999999999863,0.9999985195879223
4996,49.95999999999863,0.9999985223388598
4997,49.96999999999863,0.9999985250845213
4998,49.979999999998626,0.999998527824917
4999,49.98999999999862,0.9999985305600578
5000,49.99999999999862,0.9999985332899538
5001,50.00999999999862,0.9999985360146156
5002,50.01999999999862,0.9999985387340534
5003,50.029999999998616,0.9999985414482777
5004,50.039999999998614,0.9999985441572988
5005,50.04999999999861,0.9999985468611271
5006,50.05999999999861,0.9999985495597727
5007,50.06999999999861,0.9999985522532461
5008,50.079999999998606,0.9999985549415574
5009,50.089999999998604,0.999998557624717
5010,50.0999999999986,0.9999985603027349
5011,50.1099999999986,0.9999985629756215
5012,50.1199999999986,0.999998565643387
5013,50.129999999998596,0.9999985683060413
5014,50.139999999998594,0.9999985709635947
5015,50.14999999999859,0.9999985736160573
5016,50.15999999999859,0.9999985762634391
5017,50.16999999999859,0.9999985789057503
5018,50.179999999998586,0.9999985815430009
5019,50.189999999998584,0.9999985841752009
5020,50.19999999999858,0.9999985868023604
5021,50.20999999999858,0.9999985894244894
5022,50.21999999999858,0.9999985920415977
5023,50.229999999998576,0.9999985946536953
5024,50.239999999998574,0.9999985972607922
5025,50.24999999999857,0.9999985998628983
5026,50.25999999999857,0.9999986024600234
5027,50.26999999999857,0.9999986050521774
5028,50.279999999998566,0.9999986076393702
5029,50.289999999998564,0.9999986102216116
5030,50.29999999999856,0.9999986127989114
5031,50.30999999999856,0.9999986153712794
5032,50.31999999999856,0.9999986179387254
5033,50.329999999998556,0.999998620501259
5034,50.339999999998554,0.99999862305889
5035,50.34999999999855,0.9999986256116281
5036,50.35999999999855,0.999998628159483
5037,50.36999999999855,0.9999986307024644
5038,50.379999999998546,0.9999986332405819
5039,50.389999999998544,0.9999986357738451
5040,50.39999999999854,0.9999986383022637
5041,50.40999999999854,0.9999986408258472
5042,50.41999999999854,0.9999986433446052
5043,50.429999999998536,0.9999986458585471
5044,50.439999999998534,0.9999986483676827
5045,50.44999999999853,0.9999986508720213
5046,50.45999999999853,0.9999986533715726
5047,50.46999999999853,0.9999986558663457
5048,50.479999999998526,0.9999986583563505
5049,50.489999999998524,0.999998660841596
5050,50.49999999999852,0.9999986633220919
5051,50.50999999999852,0.9999986657978475
5052,50.51999999999852,0.9999986682688722
5053,50.529999999998516,0.9999986707351752
5054,50.539999999998514,0.999998673196766
5055,50.54999999999851,0.999998675653654
5056,50.55999999999851,0.9999986781058482
5057,50.56999999999851,0.999998680553358
5058,50.579999999998506,0.9999986829961929
5059,50.589999999998504,0.9999986854343618
5060,50.5999999999985,0.999998687867874
5061,50.6099999999985,0.9999986902967388
5062,50.6199999999985,0.9999986927209654
5063,50.629999999998496,0.9999986951405628
5064,50.639999999998494,0.9999986975555403
5065,50.64999999999849,0.9999986999659068
5066,50.65999999999849,0.9999987023716718
5067,50.66999999999849,0.999998704772844
5068,50.679999999998486,0.9999987071694326
5069,50.689999999998484,0.9999987095614468
5070,50.69999999999848,0.9999987119488953
5071,50.70999999999848,0.9999987143317874
5072,50.71999999999848,0.9999987167101321
5073,50.729999999998476,0.9999987190839382
5074,50.739999999998474,0.9999987214532148
5075,50.74999999999847,0.9999987238179707
5076,50.75999999999847,0.999998726178215
5077,50.76999999999847,0.9999987285339564
5078,50.779999999998466,0.9999987308852039
5079,50.789999999998464,0.9999987332319664
5080,50.79999999999846,0.9999987355742527
5081,50.80999999999846,0.9999987379120715
5082,50.81999999999846,0.9999987402454319
5083,50.829999999998456,0.9999987425743425
5084,50.839999999998454,0.999998744898812
5085,50.84999999999845,0.9999987472188494
5086,50.85999999999845,0.9999987495344633
5087,50.86999999999845,0.9999987518456624
5088,50.87999999999845,0.9999987541524554
5089,50.889999999998444,0.9999987564548511
5090,50.89999999999844,0.999998758752858
5091,50.90999999999844,0.999998761046485
5092,50.91999999999844,0.9999987633357404
5093,50.92999999999844,0.9999987656206331
5094,50.939999999998435,0.9999987679011716
5095,50.94999999999843,0.9999987701773644
5096,50.95999999999843,0.9999987724492201
5097,50.96999999999843,0.9999987747167474
5098,50.97999999999843,0.9999987769799547
5099,50.989999999998425,0.9999987792388504
5100,50.99999999999842,0.9999987814934431
5101,51.00999999999842,0.9999987837437414
5102,51.01999999999842,0.9999987859897536
5103,51.02999999999842,0.9999987882314881
5104,51.039999999998415,0.9999987904689536
5105,51.04999999999841,0.9999987927021582
5106,51.05999999999841,0.9999987949311103
5107,51.06999999999841,0.9999987971558185
5108,51.07999999999841,0.9999987993762911
5109,51.089999999998405,0.9999988015925363
5110,51.0999999999984,0.9999988038045625
5111,51.1099999999984,0.999998806012378
5112,51.1199999999984,0.9999988082159911
5113,51.1299999999984,0.9999988104154099
5114,51.139999999998395,0.999998812610643
5115,51.14999999999839,0.9999988148016984
5116,51.15999999999839,0.9999988169885844
5117,51.16999999999839,0.9999988191713091
5118,51.17999999999839,0.9999988213498807
5119,51.189999999998385,0.9999988235243076
5120,51.19999999999838,0.9999988256945976
5121,51.20999999999838,0.9999988278607591
5122,51.21999999999838,0.9999988300228002
5123,51.22999999999838,0.9999988321807288
5124,51.239999999998375,0.9999988343345533
5125,51.24999999999837,0.9999988364842815
5126,51.25999999999837,0.9999988386299214
5127,51.26999999999837,0.9999988407714814
5128,51.27999999999837,0.9999988429089692
5129,51.289999999998365,0.9999988450423929
5130,51.29999999999836,0.9999988471717606
5131,51.30999999999836,0.99999884929708
5132,51.31999999999836,0.9999988514183594
5133,51.32999999999836,0.9999988535356066
5134,51.339999999998355,0.9999988556488294
5135,51.34999999999835,0.9999988577580358
5136,51.35999999999835,0.9999988598632337
5137,51.36999999999835,0.9999988619644309
5138,51.37999999999835,0.9999988640616354
5139,51.389999999998345,0.999998866154855
5140,51.39999999999834,0.9999988682440974
5141,51.40999999999834,0.9999988703293705
5142,51.41999999999834,0.9999988724106822
5143,51.42999999999834,0.9999988744880401
5144,51.439999999998335,0.9999988765614521
5145,51.44999999999833,0.9999988786309258
5146,51.45999999999833,0.9999988806964691
5147,51.46999999999833,0.9999988827580897
5148,51.47999999999833,0.9999988848157951
5149,51.489999999998325,0.9999988868695933
5150,51.49999999999832,0.9999988889194917
5151,51.50999999999832,0.999998890965498
5152,51.51999999999832,0.9999988930076199
5153,51.52999999999832,0.9999988950458651
5154,51.539999999998315,0.999998897080241
5155,51.54999999999831,0.9999988991107555
5156,51.55999999999831,0.9999989011374157
5157,51.56999999999831,0.9999989031602297
5158,51.57999999999831,0.9999989051792046
5159,51.589999999998305,0.9999989071943483
5160,51.5999999999983,0.999998909205668
5161,51.6099999999983,0.9999989112131714
5162,51.6199999999983,0.9999989132168658
5163,51.6299999999983,0.999998915216759
5164,51.639999999998295,0.999998917212858
5165,51.64999999999829,0.9999989192051707
5166,51.65999999999829,0.9999989211937043
5167,51.66999999999829,0.9999989231784661
5168,51.67999999999829,0.9999989251594635
5169,51.689999999998285,0.9999989271367042
5170,51.69999999999828,0.9999989291101953
5171,51.70999999999828,0.9999989310799441
5172,51.71999999999828,0.9999989330459581
5173,51.72999999999828,0.9999989350082445
5174,51.739999999998275,0.9999989369668107
5175,51.74999999999827,0.9999989389216639
5176,51.75999999999827,0.9999989408728115
5177,51.76999999999827,0.9999989428202606
5178,51.77999999999827,0.9999989447640185
5179,51.789999999998265,0.9999989467040925
5180,51.79999999999826,0.9999989486404898
5181,51.80999999999826,0.9999989505732175
5182,51.81999999999826,0.9999989525022829
5183,51.82999999999826,0.999998954427693
5184,51.839999999998255,0.9999989563494552
5185,51.84999999999825,0.9999989582675766
5186,51.85999999999825,0.9999989601820641
5187,51.86999999999825,0.999998962092925
5188,51.87999999999825,0.9999989640001664
5189,51.889999999998246,0.9999989659037953
5190,51.89999999999824,0.9999989678038188
5191,51.90999999999824,0.999998969700244
5192,51.91999999999824,0.9999989715930779
5193,51.92999999999824,0.9999989734823276
5194,51.939999999998236,0.9999989753680001
5195,51.949999999998234,0.9999989772501022
5196,51.95999999999823,0.9999989791286411
5197,51.96999999999823,0.9999989810036237
5198,51.97999999999823,0.9999989828750571
5199,51.989999999998226,0.9999989847429479
5200,51.999999999998224,0.9999989866073034
5201,52.00999999999822,0.9999989884681302
5202,52.01999999999822,0.9999989903254354
5203,52.02999999999822,0.9999989921792259
5204,52.039999999998216,0.9999989940295084
5205,52.049999999998214,0.99999899587629
5206,52.05999999999821,0.9999989977195773
5207,52.06999999999821,0.9999989995593773
5208,52.07999999999821,0.9999990013956968
5209,52.089999999998206,0.9999990032285425
5210,52.099999999998204,0.9999990050579213
5211,52.1099999999982,0.9999990068838398
5212,52.1199999999982,0.999999008706305
5213,52.1299999999982,0.9999990105253235
5214,52.139999999998196,0.999999012340902
5215,52.149999999998194,0.9999990141530475
5216,52.15999999999819,0.9999990159617663
5217,52.16999999999819,0.9999990177670653
5218,52.17999999999819,0.9999990195689513
5219,52.189999999998186,0.9999990213674308
5220,52.199999999998184,0.9999990231625104
5221,52.20999999999818,0.9999990249541969
5222,52.21999999999818,0.9999990267424969
5223,52.22999999999818,0.9999990285274168
5224,52.239999999998176,0.9999990303089635
5225,52.249999999998174,0.9999990320871434
5226,52.25999999999817,0.9999990338619632
5227,52.26999999999817,0.9999990356334293
5228,52.27999999999817,0.9999990374015484
5229,52.289999999998166,0.9999990391663269
5230,52.299999999998164,0.9999990409277714
5231,52.30999999999816,0.9999990426858885
5232,52.31999999999816,0.9999990444406844
5233,52.32999999999816,0.9999990461921658
5234,52.339999999998156,0.9999990479403392
5235,52.349999999998154,0.999999049685211
5236,52.35999999999815,0.9999990514267876
5237,52.36999999999815,0.9999990531650754
5238,52.37999999999815,0.999999054900081
5239,52.389999999998146,0.9999990566318105
5240,52.399999999998144,0.9999990583602706
5241,52.40999999999814,0.9999990600854676
5242,52.41999999999814,0.9999990618074076
5243,52.42999999999814,0.9999990635260972
5244,52.439999999998136,0.9999990652415428
5245,52.449999999998134,0.9999990669537505
5246,52.45999999999813,0.9999990686627268
5247,52.46999999999813,0.9999990703684779
5248,52.47999999999813,0.99999907207101
5249,52.489999999998126,0.9999990737703296
5250,52.499999999998124,0.9999990754664428
5251,52.50999999999812,0.999999077159356
5252,52.51999999999812,0.9999990788490752
5253,52.52999999999812,0.9999990805356068
5254,52.539999999998116,0.999999082218957
5255,52.549999999998114,0.999999083899132
5256,52.55999999999811,0.9999990855761378
5257,52.56999999999811,0.9999990872499808
5258,52.57999999999811,0.999999088920667
5259,52.589999999998106,0.9999990905882028
5260,52.599999999998104,0.9999990922525941
5261,52.6099999999981,0.999999093913847
5262,52.6199999999981,0.9999990955719679
5263,52.6299999999981,0.9999990972269625
5264,52.639999999998096,0.9999990988788371
5265,52.649999999998094,0.9999991005275979
5266,52.65999999999809,0.9999991021732507
5267,52.66999999999809,0.9999991038158017
5268,52.67999999999809,0.9999991054552569
5269,52.689999999998086,0.9999991070916224
5270,52.699999999998084,0.9999991087249042
5271,52.70999999999808,0.9999991103551081
5272,52.71999999999808,0.9999991119822403
5273,52.72999999999808,0.9999991136063068
5274,52.739999999998076,0.9999991152273134
5275,52.749999999998074,0.9999991168452662
5276,52.75999999999807,0.999999118460171
5277,52.76999999999807,0.9999991200720338
5278,52.77999999999807,0.9999991216808606
5279,52.78999999999807,0.9999991232866572
5280,52.799999999998064,0.9999991248894295
5281,52.80999999999806,0.9999991264891834
5282,52.81999999999806,0.9999991280859248
5283,52.82999999999806,0.9999991296796595
5284,52.83999999999806,0.9999991312703935
5285,52.849999999998055,0.9999991328581324
5286,52.85999999999805,0.9999991344428821
5287,52.86999999999805,0.9999991360246485
5288,52.87999999999805,0.9999991376034374
5289,52.88999999999805,0.9999991391792545
5290,52.899999999998045,0.9999991407521056
5291,52.90999999999804,0.9999991423219965
5292,52.91999999999804,0.9999991438889329
5293,52.92999999999804,0.9999991454529205
5294,52.93999999999804,0.9999991470139652
5295,52.949999999998035,0.9999991485720725
5296,52.95999999999803,0.9999991501272483
5297,52.96999999999803,0.9999991516794982
5298,52.97999999999803,0.9999991532288279
5299,52.98999999999803,0.999999154775243
5300,52.999999999998025,0.9999991563187494
5301,53.00999999999802,0.9999991578593524
5302,53.01999999999802,0.999999159397058
5303,53.02999999999802,0.9999991609318716
5304,53.03999999999802,0.9999991624637987
5305,53.049999999998015,0.9999991639928452
5306,53.05999999999801,0.9999991655190166
5307,53.06999999999801,0.9999991670423183
5308,53.07999999999801,0.9999991685627562
5309,53.08999999999801,0.9999991700803355
5310,53.099999999998005,0.9999991715950619
5311,53.109999999998,0.9999991731069411
5312,53.119999999998,0.9999991746159784
5313,53.129999999998,0.9999991761221794
5314,53.139999999998,0.9999991776255496
5315,53.149999999997995,0.9999991791260945
5316,53.15999999999799,0.9999991806238195
5317,53.16999999999799,0.9999991821187302
5318,53.17999999999799,0.9999991836108321
5319,53.18999999999799,0.9999991851001304
5320,53.199999999997985,0.9999991865866307
5321,53.20999999999798,0.9999991880703385
5322,53.21999999999798,0.9999991895512591
5323,53.22999999999798,0.9999991910293978
5324,53.23999999999798,0.9999991925047603
5325,53.249999999997975,0.9999991939773518
5326,53.25999999999797,0.9999991954471776
5327,53.26999999999797,0.9999991969142432
5328,53.27999999999797,0.9999991983785539
5329,53.28999999999797,0.999999199840115
5330,53.299999999997965,0.9999992012989319
5331,53.30999999999796,0.9999992027550099
5332,53.31999999999796,0.9999992042083543
5333,53.32999999999796,0.9999992056589704
5334,53.33999999999796,0.9999992071068634
5335,53.349999999997955,0.9999992085520387
5336,53.35999999999795,0.9999992099945014
5337,53.36999999999795,0.9999992114342571
5338,53.37999999999795,0.9999992128713107
5339,53.38999999999795,0.9999992143056675
5340,53.399999999997945,0.9999992157373329
5341,53.40999999999794,0.9999992171663119
5342,53.41999999999794,0.9999992185926098
5343,53.42999999999794,0.9999992200162318
5344,53.43999999999794,0.999999221437183
5345,53.449999999997935,0.9999992228554687
5346,53.45999999999793,0.9999992242710941
5347,53.46999999999793,0.9999992256840641
5348,53.47999999999793,0.999999227094384
5349,53.48999999999793,0.999999228502059
5350,53.499999999997925,0.9999992299070941
5351,53.50999999999792,0.9999992313094944
5352,53.51999999999792,0.9999992327092652
5353,53.52999999999792,0.9999992341064112
5354,53.53999999999792,0.9999992355009379
5355,53.549999999997915,0.9999992368928502
5356,53.55999999999791,0.999999238282153
5357,53.56999999999791,0.9999992396688516
5358,53.57999999999791,0.9999992410529509
5359,53.58999999999791,0.9999992424344559
5360,53.599999999997905,0.9999992438133718
5361,53.6099999999979,0.9999992451897034
5362,53.6199999999979,0.9999992465634557
5363,53.6299999999979,0.9999992479346339
5364,53.6399999999979,0.9999992493032428
5365,53.649999999997895,0.9999992506692875
5366,53.65999999999789,0.9999992520327728
5367,53.66999999999789,0.9999992533937038
5368,53.67999999999789,0.9999992547520852
5369,53.68999999999789,0.9999992561079222
5370,53.699999999997885,0.9999992574612196
5371,53.70999999999788,0.9999992588119823
5372,53.71999999999788,0.9999992601602152
5373,53.72999999999788,0.9999992615059233
5374,53.73999999999788,0.9999992628491113
5375,53.749999999997875,0.9999992641897841
5376,53.75999999999787,0.9999992655279467
5377,53.76999999999787,0.999999266863604
5378,53.77999999999787,0.9999992681967604
5379,53.78999999999787,0.9999992695274212
5380,53.799999999997866,0.9999992708555911
5381,53.80999999999786,0.9999992721812749
5382,53.81999999999786,0.9999992735044773
5383,53.82999999999786,0.9999992748252031
5384,53.83999999999786,0.9999992761434573
5385,53.849999999997856,0.9999992774592444
5386,53.859999999997854,0.9999992787725693
5387,53.86999999999785,0.9999992800834367
5388,53.87999999999785,0.9999992813918516
5389,53.88999999999785,0.9999992826978182
5390,53.899999999997846,0.9999992840013417
5391,53.909999999997844,0.9999992853024268
5392,53.91999999999784,0.9999992866010778
5393,53.92999999999784,0.9999992878972999
5394,53.93999999999784,0.9999992891910974
5395,53.949999999997836,0.9999992904824752
5396,53.959999999997834,0.9999992917714379
5397,53.96999999999783,0.9999992930579902
5398,53.97999999999783,0.9999992943421366
5399,53.98999999999783,0.9999992956238819
5400,53.999999999997826,0.9999992969032307
5401,54.009999999997824,0.9999992981801876
5402,54.01999999999782,0.9999992994547573
5403,54.02999999999782,0.9999993007269442
5404,54.03999999999782,0.9999993019967531
5405,54.049999999997816,0.9999993032641885
5406,54.059999999997814,0.9999993045292549
5407,54.06999999999781,0.9999993057919571
5408,54.07999999999781,0.9999993070522994
5409,54.08999999999781,0.9999993083102865
5410,54.099999999997806,0.999999309565923
5411,54.109999999997804,0.9999993108192132
5412,54.1199999999978,0.9999993120701618
5413,54.1299999999978,0.9999993133187732
5414,54.1399999999978,0.9999993145650521
5415,54.149999999997796,0.9999993158090028
5416,54.159999999997794,0.9999993170506299
5417,54.16999999999779,0.9999993182899378
5418,54.17999999999779,0.9999993195269311
5419,54.18999999999779,0.999999320761614
5420,54.199999999997786,0.9999993219939912
5421,54.209999999997784,0.9999993232240671
5422,54.21999999999778,0.9999993244518461
5423,54.22999999999778,0.9999993256773325
5424,54.23999999999778,0.999999326900531
5425,54.249999999997776,0.9999993281214457
5426,54.259999999997774,0.9999993293400812
5427,54.26999999999777,0.9999993305564417
5428,54.27999999999777,0.9999993317705319
5429,54.28999999999777,0.9999993329823559
5430,54.299999999997766,0.9999993341919181
5431,54.309999999997764,0.9999993353992229
5432,54.31999999999776,0.9999993366042748
5433,54.32999999999776,0.9999993378070777
5434,54.33999999999776,0.9999993390076364
5435,54.349999999997756,0.9999993402059549
5436,54.359999999997754,0.9999993414020378
5437,54.36999999999775,0.9999993425958892
5438,54.37999999999775,0.9999993437875133
5439,54.38999999999775,0.9999993449769147
5440,54.399999999997746,0.9999993461640974
5441,54.409999999997744,0.9999993473490658
5442,54.41999999999774,0.999999348531824
5443,54.42999999999774,0.9999993497123766
5444,54.43999999999774,0.9999993508907274
5445,54.449999999997736,0.9999993520668811
5446,54.459999999997734,0.9999993532408414
5447,54.46999999999773,0.999999354412613
5448,54.47999999999773,0.9999993555821999
5449,54.48999999999773,0.9999993567496063
5450,54.499999999997726,0.9999993579148363
5451,54.509999999997724,0.9999993590778943
5452,54.51999999999772,0.9999993602387843
5453,54.52999999999772,0.9999993613975106
5454,54.53999999999772,0.9999993625540772
5455,54.549999999997716,0.9999993637084884
5456,54.559999999997714,0.9999993648607483
5457,54.56999999999771,0.9999993660108609
5458,54.57999999999771,0.9999993671588306
5459,54.58999999999771,0.9999993683046613
5460,54.599999999997706,0.9999993694483572
5461,54.609999999997704,0.9999993705899224
5462,54.6199999999977,0.9999993717293609
5463,54.6299999999977,0.9999993728666768
5464,54.6399999999977,0.9999993740018744
5465,54.649999999997696,0.9999993751349575
5466,54.659999999997694,0.9999993762659304
5467,54.66999999999769,0.9999993773947968
5468,54.67999999999769,0.9999993785215612
5469,54.68999999999769,0.9999993796462272
5470,54.69999999999769,0.9999993807687991
5471,54.709999999997684,0.999999381889281
5472,54.71999999999768,0.9999993830076765
5473,54.72999999999768,0.99999938412399
5474,54.73999999999768,0.9999993852382254
5475,54.74999999999768,0.9999993863503867
5476,54.759999999997675,0.9999993874604777
5477,54.76999999999767,0.9999993885685026
5478,54.77999999999767,0.9999993896744652
5479,54.78999999999767,0.9999993907783696
5480,54.79999999999767,0.9999993918802197
5481,54.809999999997665,0.9999993929800194
5482,54.81999999999766,0.9999993940777727
5483,54.82999999999766,0.9999993951734835
5484,54.83999999999766,0.9999993962671556
5485,54.84999999999766,0.9999993973587932
5486,54.859999999997655,0.9999993984483999
5487,54.86999999999765,0.9999993995359797
5488,54.87999999999765,0.9999994006215366
5489,54.88999999999765,0.9999994017050743
5490,54.89999999999765,0.9999994027865967
5491,54.909999999997645,0.9999994038661079
5492,54.91999999999764,0.9999994049436115
5493,54.92999999999764,0.9999994060191114
5494,54.93999999999764,0.9999994070926115
5495,54.94999999999764,0.9999994081641156
5496,54.959999999997635,0.9999994092336275
5497,54.96999999999763,0.9999994103011511
5498,54.97999999999763,0.9999994113666901
5499,54.98999999999763,0.9999994124302485
5500,54.99999999999763,0.9999994134918299
5501,55.009999999997625,0.999999414551438
5502,55.01999999999762,0.9999994156090769
5503,55.02999999999762,0.9999994166647502
5504,55.03999999999762,0.9999994177184616
5505,55.04999999999762,0.999999418770215
5506,55.059999999997615,0.9999994198200141
5507,55.06999999999761,0.9999994208678625
5508,55.07999999999761,0.9999994219137642
5509,55.08999999999761,0.9999994229577227
5510,55.09999999999761,0.9999994239997418
5511,55.109999999997605,0.9999994250398254
5512,55.1199999999976,0.9999994260779769
5513,55.1299999999976,0.9999994271142002
5514,55.1399999999976,0.9999994281484988
5515,55.1499999999976,0.9999994291808767
5516,55.159999999997595,0.9999994302113373
5517,55.16999999999759,0.9999994312398843
5518,55.17999999999759,0.9999994322665215
5519,55.18999999999759,0.9999994332912525
5520,55.19999999999759,0.9999994343140809
5521,55.209999999997585,0.9999994353350103
5522,55.21999999999758,0.9999994363540445
5523,55.22999999999758,0.999999437371187
5524,55.23999999999758,0.9999994383864415
5525,55.24999999999758,0.9999994393998115
5526,55.259999999997575,0.9999994404113007
5527,55.26999999999757,0.9999994414209127
5528,55.27999999999757,0.999999442428651
5529,55.28999999999757,0.9999994434345193
5530,55.29999999999757,0.9999994444385212
5531,55.309999999997565,0.99999944544066
5532,55.31999999999756,0.9999994464409396
5533,55.32999999999756,0.9999994474393634
5534,55.33999999999756,0.9999994484359349
5535,55.34999999999756,0.9999994494306578
5536,55.359999999997555,0.9999994504235354
5537,55.36999999999755,0.9999994514145716
5538,55.37999999999755,0.9999994524037695
5539,55.38999999999755,0.9999994533911328
5540,55.39999999999755,0.999999454376665
5541,55.409999999997545,0.9999994553603697
5542,55.41999999999754,0.9999994563422503
5543,55.42999999999754,0.9999994573223103
5544,55.43999999999754,0.9999994583005531
5545,55.44999999999754,0.9999994592769823
5546,55.459999999997535,0.9999994602516014
5547,55.46999999999753,0.9999994612244136
5548,55.47999999999753,0.9999994621954226
5549,55.48999999999753,0.9999994631646317
5550,55.49999999999753,0.9999994641320445
5551,55.509999999997525,0.9999994650976642
5552,55.51999999999752,0.9999994660614946
5553,55.52999999999752,0.9999994670235387
5554,55.53999999999752,0.9999994679838001
5555,55.54999999999752,0.9999994689422822
5556,55.559999999997515,0.9999994698989885
5557,55.56999999999751,0.9999994708539222
5558,55.57999999999751,0.9999994718070867
5559,55.58999999999751,0.9999994727584856
5560,55.59999999999751,0.999999473708122
5561,55.609999999997505,0.9999994746559995
5562,55.6199999999975,0.9999994756021212
5563,55.6299999999975,0.9999994765464907
5564,55.6399999999975,0.9999994774891112
5565,55.6499999999975,0.999999478429986
5566,55.659999999997495,0.9999994793691186
5567,55.66999999999749,0.9999994803065123
5568,55.67999999999749,0.9999994812421703
5569,55.68999999999749,0.9999994821760959
5570,55.69999999999749,0.9999994831082926
5571,55.709999999997486,0.9999994840387634
5572,55.71999999999748,0.9999994849675118
5573,55.72999999999748,0.9999994858945411
5574,55.73999999999748,0.9999994868198545
5575,55.74999999999748,0.9999994877434554
5576,55.759999999997476,0.9999994886653468
5577,55.769999999997474,0.9999994895855323
5578,55.77999999999747,0.9999994905040148
5579,55.78999999999747,0.9999994914207979
5580,55.79999999999747,0.9999994923358846
5581,55.809999999997466,0.9999994932492782
5582,55.819999999997464,0.9999994941609819
5583,55.82999999999746,0.999999495070999
5584,55.83999999999746,0.9999994959793326
5585,55.84999999999746,0.9999994968859861
5586,55.859999999997456,0.9999994977909624
5587,55.869999999997454,0.9999994986942651
5588,55.87999999999745,0.999999499595897
5589,55.88999999999745,0.9999995004958615
5590,55.89999999999745,0.9999995013941617
5591,55.909999999997446,0.9999995022908008
5592,55.919999999997444,0.999999503185782
5593,55.92999999999744,0.9999995040791084
5594,55.93999999999744,0.9999995049707833
5595,55.94999999999744,0.9999995058608095
5596,55.959999999997436,0.9999995067491906
5597,55.969999999997434,0.9999995076359294
5598,55.97999999999743,0.999999508521029
5599,55.98999999999743,0.9999995094044928
5600,55.99999999999743,0.9999995102863237
5601,56.009999999997426,0.999999511166525
5602,56.019999999997424,0.9999995120450995
5603,56.02999999999742,0.9999995129220506
5604,56.03999999999742,0.9999995137973812
5605,56.04999999999742,0.9999995146710944
5606,56.059999999997416,0.9999995155431934
5607,56.069999999997414,0.9999995164136812
5608,56.07999999999741,0.9999995172825609
5609,56.08999999999741,0.9999995181498355
5610,56.09999999999741,0.9999995190155081
5611,56.109999999997406,0.9999995198795817
5612,56.119999999997404,0.9999995207420593
5613,56.1299999999974,0.9999995216029441
5614,56.1399999999974,0.9999995224622391
5615,56.1499999999974,0.9999995233199472
5616,56.159999999997396,0.9999995241760715
5617,56.169999999997394,0.9999995250306151
5618,56.17999999999739,0.9999995258835808
5619,56.18999999999739,0.9999995267349717
5620,56.19999999999739,0.9999995275847908
5621,56.209999999997386,0.9999995284330412
5622,56.219999999997384,0.9999995292797257
5623,56.22999999999738,0.9999995301248473
5624,56.23999999999738,0.9999995309684092
5625,56.24999999999738,0.9999995318104141
5626,56.259999999997376,0.999999532650865
5627,56.269999999997374,0.999999533489765
5628,56.27999999999737,0.999999534327117
5629,56.28999999999737,0.9999995351629237
5630,56.29999999999737,0.9999995359971884
5631,56.309999999997366,0.9999995368299138
5632,56.319999999997364,0.9999995376611029
5633,56.32999999999736,0.9999995384907587
5634,56.33999999999736,0.9999995393188841
5635,56.34999999999736,0.9999995401454818
5636,56.359999999997356,0.9999995409705548
5637,56.369999999997354,0.9999995417941061
5638,56.37999999999735,0.9999995426161385
5639,56.38999999999735,0.999999543436655
5640,56.39999999999735,0.9999995442556584
5641,56.409999999997346,0.9999995450731515
5642,56.419999999997344,0.9999995458891372
5643,56.42999999999734,0.9999995467036185
5644,56.43999999999734,0.9999995475165981
5645,56.44999999999734,0.9999995483280789
5646,56.459999999997336,0.9999995491380639
5647,56.469999999997334,0.9999995499465556
5648,56.47999999999733,0.9999995507535572
5649,56.48999999999733,0.9999995515590713
5650,56.49999999999733,0.9999995523631007
5651,56.509999999997326,0.9999995531656484
5652,56.519999999997324,0.999999553966717
5653,56.52999999999732,0.9999995547663096
5654,56.53999999999732,0.9999995555644288
5655,56.54999999999732,0.9999995563610773
5656,56.559999999997316,0.9999995571562581
5657,56.569999999997314,0.999999557949974
5658,56.57999999999731,0.9999995587422275
5659,56.58999999999731,0.9999995595330217
5660,56.59999999999731,0.9999995603223591
5661,56.60999999999731,0.9999995611102427
5662,56.619999999997304,0.999999561896675
5663,56.6299999999973,0.999999562681659
5664,56.6399999999973,0.9999995634651974
5665,56.6499999999973,0.9999995642472929
5666,56.6599999999973,0.9999995650279481
5667,56.669999999997295,0.9999995658071659
5668,56.67999999999729,0.999999566584949
5669,56.68999999999729,0.9999995673613001
5670,56.69999999999729,0.9999995681362219
5671,56.70999999999729,0.9999995689097172
5672,56.719999999997285,0.9999995696817886
5673,56.72999999999728,0.9999995704524388
5674,56.73999999999728,0.9999995712216706
5675,56.74999999999728,0.9999995719894866
5676,56.75999999999728,0.9999995727558895
5677,56.769999999997275,0.999999573520882
5678,56.77999999999727,0.9999995742844667
5679,56.78999999999727,0.9999995750466464
5680,56.79999999999727,0.9999995758074236
5681,56.80999999999727,0.999999576566801
5682,56.819999999997265,0.9999995773247814
5683,56.82999999999726,0.9999995780813673
5684,56.83999999999726,0.9999995788365614
5685,56.84999999999726,0.9999995795903663
5686,56.85999999999726,0.9999995803427847
5687,56.869999999997255,0.9999995810938191
5688,56.87999999999725,0.9999995818434723
5689,56.88999999999725,0.9999995825917467
5690,56.89999999999725,0.9999995833386451
5691,56.90999999999725,0.99999958408417
5692,56.919999999997245,0.9999995848283241
5693,56.92999999999724,0.9999995855711099
5694,56.93999999999724,0.9999995863125299
5695,56.94999999999724,0.999999587052587
5696,56.95999999999724,0.9999995877912835
5697,56.969999999997235,0.9999995885286221
5698,56.97999999999723,0.9999995892646053
5699,56.98999999999723,0.9999995899992357
5700,56.99999999999723,0.9999995907325159
5701,57.00999999999723,0.9999995914644484
5702,57.019999999997225,0.9999995921950356
5703,57.02999999999722,0.9999995929242804
5704,57.03999999999722,0.9999995936521852
5705,57.04999999999722,0.9999995943787524
5706,57.05999999999722,0.9999995951039846
5707,57.069999999997215,0.9999995958278843
5708,57.07999999999721,0.9999995965504542
5709,57.08999999999721,0.9999995972716966
5710,57.09999999999721,0.9999995979916141
5711,57.10999999999721,0.9999995987102092
5712,57.119999999997205,0.9999995994274844
5713,57.1299999999972,0.9999996001434422
5714,57.1399999999972,0.9999996008580851
5715,57.1499999999972,0.9999996015714155
5716,57.1599999999972,0.9999996022834361
5717,57.169999999997195,0.9999996029941491
5718,57.17999999999719,0.9999996037035572
5719,57.18999999999719,0.9999996044116627
5720,57.19999999999719,0.9999996051184682
5721,57.20999999999719,0.9999996058239761
5722,57.219999999997185,0.9999996065281888
5723,57.22999999999718,0.9999996072311088
5724,57.23999999999718,0.9999996079327385
5725,57.24999999999718,0.9999996086330805
5726,57.25999999999718,0.9999996093321369
5727,57.269999999997175,0.9999996100299104
5728,57.27999999999717,0.9999996107264035
5729,57.28999999999717,0.9999996114216184
5730,57.29999999999717,0.9999996121155577
5731,57.30999999999717,0.9999996128082235
5732,57.319999999997165,0.9999996134996185
5733,57.32999999999716,0.999999614189745
5734,57.33999999999716,0.9999996148786054
5735,57.34999999999716,0.9999996155662022
5736,57.35999999999716,0.9999996162525376
5737,57.369999999997155,0.9999996169376142
5738,57.37999999999715,0.9999996176214341
5739,57.38999999999715,0.9999996183039999
5740,57.39999999999715,0.9999996189853139
5741,57.40999999999715,0.9999996196653783
5742,57.419999999997145,0.9999996203441958
5743,57.42999999999714,0.9999996210217684
5744,57.43999999999714,0.9999996216980988
5745,57.44999999999714,0.999999622373189
5746,57.45999999999714,0.9999996230470415
5747,57.469999999997135,0.9999996237196587
5748,57.47999999999713,0.9999996243910428
5749,57.48999999999713,0.9999996250611963
5750,57.49999999999713,0.9999996257301214
5751,57.50999999999713,0.9999996263978204
5752,57.519999999997125,0.9999996270642956
5753,57.52999999999712,0.9999996277295494
5754,57.53999999999712,0.9999996283935841
5755,57.54999999999712,0.9999996290564019
5756,57.55999999999712,0.9999996297180053
5757,57.569999999997115,0.9999996303783962
5758,57.57999999999711,0.9999996310375773
5759,57.58999999999711,0.9999996316955507
5760,57.59999999999711,0.9999996323523187
5761,57.60999999999711,0.9999996330078835
5762,57.619999999997106,0.9999996336622475
5763,57.6299999999971,0.9999996343154129
5764,57.6399999999971,0.999999634967382
5765,57.6499999999971,0.999999635618157
5766,57.6599999999971,0.9999996362677401
5767,57.669999999997096,0.9999996369161336
5768,57.679999999997094,0.9999996375633399
5769,57.68999999999709,0.999999638209361
5770,57.69999999999709,0.9999996388541992
5771,57.70999999999709,0.9999996394978568
5772,57.719999999997086,0.9999996401403359
5773,57.729999999997084,0.9999996407816389
5774,57.73999999999708,0.9999996414217679
5775,57.74999999999708,0.9999996420607251
5776,57.75999999999708,0.9999996426985128
5777,57.769999999997076,0.9999996433351331
5778,57.779999999997074,0.9999996439705883
5779,57.78999999999707,0.9999996446048804
5780,57.79999999999707,0.9999996452380119
5781,57.80999999999707,0.9999996458699847
5782,57.819999999997066,0.9999996465008012
5783,57.829999999997064,0.9999996471304634
5784,57.83999999999706,0.9999996477589735
5785,57.84999999999706,0.9999996483863338
5786,57.85999999999706,0.9999996490125463
5787,57.869999999997056,0.9999996496376133
5788,57.879999999997054,0.999999650261537
5789,57.88999999999705,0.9999996508843194
5790,57.89999999999705,0.9999996515059626
5791,57.90999999999705,0.9999996521264689
5792,57.919999999997046,0.9999996527458405
5793,57.929999999997044,0.9999996533640793
5794,57.93999999999704,0.9999996539811875
5795,57.94999999999704,0.9999996545971674
5796,57.95999999999704,0.9999996552120209
5797,57.969999999997036,0.9999996558257503
5798,57.979999999997034,0.9999996564383578
5799,57.98999999999703,0.9999996570498451
5800,57.99999999999703,0.9999996576602147
5801,58.00999999999703,0.9999996582694685
5802,58.019999999997026,0.9999996588776087
5803,58.029999999997024,0.9999996594846373
5804,58.03999999999702,0.9999996600905564
5805,58.04999999999702,0.9999996606953683
5806,58.05999999999702,0.9999996612990748
5807,58.069999999997016,0.9999996619016781
5808,58.079999999997014,0.9999996625031803
5809,58.08999999999701,0.9999996631035835
5810,58.09999999999701,0.9999996637028896
5811,58.10999999999701,0.9999996643011008
5812,58.119999999997006,0.9999996648982191
5813,58.129999999997004,0.9999996654942467
5814,58.139999999997,0.9999996660891854
5815,58.149999999997,0.9999996666830375
5816,58.159999999997,0.9999996672758049
5817,58.169999999996996,0.9999996678674896
5818,58.179999999996994,0.9999996684580937
5819,58.18999999999699,0.9999996690476193
5820,58.19999999999699,0.9999996696360683
5821,58.20999999999699,0.9999996702234428
5822,58.219999999996986,0.9999996708097448
5823,58.229999999996984,0.9999996713949763
5824,58.23999999999698,0.9999996719791393
5825,58.24999999999698,0.9999996725622359
5826,58.25999999999698,0.999999673144268
5827,58.269999999996976,0.9999996737252376
5828,58.279999999996974,0.9999996743051468
5829,58.28999999999697,0.9999996748839974
5830,58.29999999999697,0.9999996754617916
5831,58.30999999999697,0.9999996760385313
5832,58.319999999996966,0.9999996766142185
5833,58.329999999996964,0.9999996771888551
5834,58.33999999999696,0.9999996777624431
5835,58.34999999999696,0.9999996783349845
5836,58.35999999999696,0.9999996789064813
5837,58.369999999996956,0.9999996794769354
5838,58.379999999996954,0.9999996800463488
5839,58.38999999999695,0.9999996806147233
5840,58.39999999999695,0.9999996811820612
5841,58.40999999999695,0.9999996817483641
5842,58.419999999996946,0.999999682313634
5843,58.429999999996944,0.999999682877873
5844,58.43999999999694,0.9999996834410829
5845,58.44999999999694,0.9999996840032658
5846,58.45999999999694,0.9999996845644233
5847,58.469999999996936,0.9999996851245576
5848,58.479999999996934,0.9999996856836706
5849,58.48999999999693,0.9999996862417642
5850,58.49999999999693,0.9999996867988401
5851,58.50999999999693,0.9999996873549005
5852,58.51999999999693,0.9999996879099471
5853,58.529999999996924,0.999999688463982
5854,58.53999999999692,0.9999996890170069
5855,58.54999999999692,0.9999996895690237
5856,58.55999999999692,0.9999996901200345
5857,58.56999999999692,0.9999996906700411
5858,58.579999999996915,0.9999996912190452
5859,58.58999999999691,0.999999691767049
5860,58.59999999999691,0.9999996923140541
5861,58.60999999999691,0.9999996928600623
5862,58.61999999999691,0.9999996934050758
5863,58.629999999996905,0.9999996939490963
5864,58.6399999999969,0.9999996944921257
5865,58.6499999999969,0.9999996950341656
5866,58.6599999999969,0.9999996955752183
5867,58.6699999999969,0.9999996961152854
5868,58.679999999996895,0.9999996966543686
5869,58.68999999999689,0.9999996971924701
5870,58.69999999999689,0.9999996977295915
5871,58.70999999999689,0.9999996982657346
5872,58.71999999999689,0.9999996988009014
5873,58.729999999996885,0.9999996993350937
5874,58.73999999999688,0.9999996998683132
5875,58.74999999999688,0.9999997004005619
5876,58.75999999999688,0.9999997009318413
5877,58.76999999999688,0.9999997014621537
5878,58.779999999996875,0.9999997019915005
5879,58.78999999999687,0.9999997025198836
5880,58.79999999999687,0.9999997030473049
5881,58.80999999999687,0.9999997035737662
5882,58.81999999999687,0.9999997040992692
5883,58.829999999996865,0.9999997046238158
5884,58.83999999999686,0.9999997051474078
5885,58.84999999999686,0.9999997056700468
5886,58.85999999999686,0.9999997061917348
5887,58.86999999999686,0.9999997067124734
5888,58.879999999996855,0.9999997072322646
5889,58.88999999999685,0.9999997077511099
5890,58.89999999999685,0.9999997082690113
5891,58.90999999999685,0.9999997087859704
5892,58.91999999999685,0.9999997093019892
5893,58.929999999996845,0.9999997098170692
5894,58.93999999999684,0.9999997103312123
5895,58.94999999999684,0.9999997108444202
5896,58.95999999999684,0.9999997113566946
5897,58.96999999999684,0.9999997118680374
5898,58.979999999996835,0.9999997123784502
5899,58.98999999999683,0.9999997128879348
5900,58.99999999999683,0.9999997133964929
5901,59.00999999999683,0.9999997139041262
5902,59.01999999999683,0.9999997144108366
5903,59.029999999996825,0.9999997149166256
5904,59.03999999999682,0.9999997154214952
5905,59.04999999999682,0.9999997159254469
5906,59.05999999999682,0.9999997164284825
5907,59.06999999999682,0.9999997169306036
5908,59.079999999996815,0.999999717431812
5909,59.08999999999681,0.9999997179321095
5910,59.09999999999681,0.9999997184314976
5911,59.10999999999681,0.9999997189299782
5912,59.11999999999681,0.9999997194275528
5913,59.129999999996805,0.9999997199242233
5914,59.1399999999968,0.9999997204199912
5915,59.1499999999968,0.9999997209148583
5916,59.1599999999968,0.9999997214088263
5917,59.1699999999968,0.9999997219018968
5918,59.179999999996795,0.9999997223940715
5919,59.18999999999679,0.9999997228853521
5920,59.19999999999679,0.9999997233757403
5921,59.20999999999679,0.9999997238652377
5922,59.21999999999679,0.999999724353846
5923,59.229999999996785,0.9999997248415669
5924,59.23999999999678,0.9999997253284019
5925,59.24999999999678,0.9999997258143527
5926,59.25999999999678,0.9999997262994211
5927,59.26999999999678,0.9999997267836087
5928,59.279999999996775,0.9999997272669171
5929,59.28999999999677,0.999999727749348
5930,59.29999999999677,0.9999997282309029
5931,59.30999999999677,0.9999997287115835
5932,59.31999999999677,0.9999997291913915
5933,59.329999999996765,0.9999997296703285
5934,59.33999999999676,0.999999730148396
5935,59.34999999999676,0.9999997306255959
5936,59.35999999999676,0.9999997311019295
5937,59.36999999999676,0.9999997315773987
5938,59.379999999996755,0.999999732052005
5939,59.38999999999675,0.9999997325257499
5940,59.39999999999675,0.9999997329986351
5941,59.40999999999675,0.9999997334706622
5942,59.41999999999675,0.9999997339418328
5943,59.429999999996745,0.9999997344121486
5944,59.43999999999674,0.9999997348816111
5945,59.44999999999674,0.9999997353502218
5946,59.45999999999674,0.9999997358179824
5947,59.46999999999674,0.9999997362848945
5948,59.479999999996735,0.9999997367509597
5949,59.48999999999673,0.9999997372161794
5950,59.49999999999673,0.9999997376805554
5951,59.50999999999673,0.9999997381440892
5952,59.51999999999673,0.9999997386067823
5953,59.529999999996726,0.9999997390686363
5954,59.53999999999672,0.9999997395296528
5955,59.54999999999672,0.9999997399898334
5956,59.55999999999672,0.9999997404491795
5957,59.56999999999672,0.9999997409076928
5958,59.579999999996716,0.9999997413653748
5959,59.589999999996714,0.9999997418222272
5960,59.59999999999671,0.9999997422782513
5961,59.60999999999671,0.9999997427334487
5962,59.61999999999671,0.999999743187821
5963,59.629999999996706,0.9999997436413698
5964,59.639999999996704,0.9999997440940965
5965,59.6499999999967,0.9999997445460028
5966,59.6599999999967,0.9999997449970901
5967,59.6699999999967,0.9999997454473599
5968,59.679999999996696,0.9999997458968138
5969,59.689999999996694,0.9999997463454533
5970,59.69999999999669,0.9999997467932799
5971,59.70999999999669,0.9999997472402952
5972,59.71999999999669,0.9999997476865006
5973,59.729999999996686,0.9999997481318975
5974,59.739999999996684,0.9999997485764878
5975,59.74999999999668,0.9999997490202726
5976,59.75999999999668,0.9999997494632535
5977,59.76999999999668,0.9999997499054322
5978,59.779999999996676,0.99999975034681
5979,59.789999999996674,0.9999997507873885
5980,59.79999999999667,0.999999751227169
5981,59.80999999999667,0.9999997516661532
5982,59.81999999999667,0.9999997521043424
5983,59.829999999996666,0.9999997525417383
5984,59.839999999996664,0.9999997529783422
5985,59.84999999999666,0.9999997534141556
5986,59.85999999999666,0.99999975384918
5987,59.86999999999666,0.9999997542834169
5988,59.879999999996656,0.9999997547168678
5989,59.889999999996654,0.999999755149534
5990,59.89999999999665,0.9999997555814171
5991,59.90999999999665,0.9999997560125184
5992,59.91999999999665,0.9999997564428396
5993,59.929999999996646,0.999999756872382
5994,59.939999999996644,0.999999757301147
5995,59.94999999999664,0.9999997577291362
5996,59.95999999999664,0.9999997581563509
5997,59.96999999999664,0.9999997585827927
5998,59.979999999996636,0.9999997590084628
5999,59.989999999996634,0.9999997594333628
6000,59.99999999999663,0.9999997598574941
6001,60.00999999999663,0.9999997602808582
6002,60.01999999999663,0.9999997607034564
6003,60.029999999996626,0.9999997611252902
6004,60.039999999996624,0.999999761546361
6005,60.04999999999662,0.9999997619666703
6006,60.05999999999662,0.9999997623862193
6007,60.06999999999662,0.9999997628050097
6008,60.079999999996616,0.9999997632230427
6009,60.089999999996614,0.9999997636403197
6010,60.09999999999661,0.9999997640568423
6011,60.10999999999661,0.9999997644726117
6012,60.11999999999661,0.9999997648876294
6013,60.129999999996606,0.9999997653018968
6014,60.139999999996604,0.9999997657154154
6015,60.1499999999966,0.9999997661281862
6016,60.1599999999966,0.999999766540211
6017,60.1699999999966,0.9999997669514911
6018,60.179999999996596,0.9999997673620277
6019,60.189999999996594,0.9999997677718223
6020,60.19999999999659,0.9999997681808763
6021,60.20999999999659,0.9999997685891912
6022,60.21999999999659,0.999999768996768
6023,60.229999999996586,0.9999997694036085
6024,60.239999999996584,0.9999997698097137
6025,60.24999999999658,0.9999997702150852
6026,60.25999999999658,0.9999997706197244
6027,60.26999999999658,0.9999997710236325
6028,60.279999999996576,0.9999997714268108
6029,60.289999999996574,0.9999997718292609
6030,60.29999999999657,0.999999772230984
6031,60.30999999999657,0.9999997726319815
6032,60.31999999999657,0.9999997730322547
6033,60.329999999996566,0.999999773431805
6034,60.339999999996564,0.9999997738306337
6035,60.34999999999656,0.9999997742287421
6036,60.35999999999656,0.9999997746261315
6037,60.36999999999656,0.9999997750228035
6038,60.379999999996556,0.9999997754187591
6039,60.389999999996554,0.9999997758139998
6040,60.39999999999655,0.999999776208527
6041,60.40999999999655,0.9999997766023418
6042,60.41999999999655,0.9999997769954457
6043,60.42999999999655,0.9999997773878401
6044,60.439999999996544,0.9999997777795261
6045,60.44999999999654,0.999999778170505
6046,60.45999999999654,0.9999997785607784
6047,60.46999999999654,0.9999997789503473
6048,60.47999999999654,0.9999997793392131
6049,60.489999999996535,0.9999997797273772
6050,60.49999999999653,0.9999997801148408
6051,60.50999999999653,0.9999997805016053
6052,60.51999999999653,0.9999997808876718
6053,60.52999999999653,0.9999997812730419
6054,60.539999999996525,0.9999997816577166
6055,60.54999999999652,0.9999997820416974
6056,60.55999999999652,0.9999997824249853
6057,60.56999999999652,0.999999782807582
6058,60.57999999999652,0.9999997831894885
6059,60.589999999996515,0.999999783570706
6060,60.59999999999651,0.999999783951236
6061,60.60999999999651,0.9999997843310797
6062,60.61999999999651,0.9999997847102384
6063,60.62999999999651,0.9999997850887132
6064,60.639999999996505,0.9999997854665057
6065,60.6499999999965,0.9999997858436168
6066,60.6599999999965,0.999999786220048
6067,60.6699999999965,0.9999997865958005
6068,60.6799999999965,0.9999997869708754
6069,60.689999999996495,0.9999997873452743
6070,60.69999999999649,0.9999997877189981
6071,60.70999999999649,0.9999997880920484
6072,60.71999999999649,0.999999788464426
6073,60.72999999999649,0.9999997888361325
6074,60.739999999996485,0.999999789207169
6075,60.74999999999648,0.9999997895775369
6076,60.75999999999648,0.9999997899472373
6077,60.76999999999648,0.9999997903162714
6078,60.77999999999648,0.9999997906846404
6079,60.789999999996475,0.9999997910523457
6080,60.79999999999647,0.9999997914193884
6081,60.80999999999647,0.9999997917857699
6082,60.81999999999647,0.9999997921514913
6083,60.82999999999647,0.9999997925165537
6084,60.839999999996465,0.9999997928809585
6085,60.84999999999646,0.9999997932447068
6086,60.85999999999646,0.9999997936078
6087,60.86999999999646,0.9999997939702391
6088,60.87999999999646,0.9999997943320253
6089,60.889999999996455,0.9999997946931601
6090,60.89999999999645,0.9999997950536444
6091,60.90999999999645,0.9999997954134796
6092,60.91999999999645,0.9999997957726667
6093,60.92999999999645,0.9999997961312072
6094,60.939999999996445,0.9999997964891019
6095,60.94999999999644,0.9999997968463523
6096,60.95999999999644,0.9999997972029595
6097,60.96999999999644,0.9999997975589247
6098,60.97999999999644,0.999999797914249
6099,60.989999999996435,0.9999997982689337
6100,60.99999999999643,0.99999979862298
6101,61.00999999999643,0.999999798976389
6102,61.01999999999643,0.9999997993291619
6103,61.02999999999643,0.9999997996812998
6104,61.039999999996425,0.9999998000328041
6105,61.04999999999642,0.9999998003836758
6106,61.05999999999642,0.999999800733916
6107,61.06999999999642,0.999999801083526
6108,61.07999999999642,0.999999801432507
6109,61.089999999996415,0.99999980178086
6110,61.09999999999641,0.9999998021285863
6111,61.10999999999641,0.999999802475687
6112,61.11999999999641,0.9999998028221633
6113,61.12999999999641,0.9999998031680163
6114,61.139999999996405,0.9999998035132471
6115,61.1499999999964,0.999999803857857
6116,61.1599999999964,0.9999998042018471
6117,61.1699999999964,0.9999998045452185
6118,61.1799999999964,0.9999998048879724
6119,61.189999999996395,0.9999998052301098
6120,61.19999999999639,0.9999998055716319
6121,61.20999999999639,0.99999980591254
6122,61.21999999999639,0.999999806252835
6123,61.22999999999639,0.9999998065925183
6124,61.239999999996385,0.9999998069315907
6125,61.24999999999638,0.9999998072700537
6126,61.25999999999638,0.9999998076079081
6127,61.26999999999638,0.9999998079451551
6128,61.27999999999638,0.999999808281796
6129,61.289999999996375,0.9999998086178317
6130,61.29999999999637,0.9999998089532635
6131,61.30999999999637,0.9999998092880923
6132,61.31999999999637,0.9999998096223194
6133,61.32999999999637,0.9999998099559458
6134,61.339999999996365,0.9999998102889728
6135,61.34999999999636,0.9999998106214013
6136,61.35999999999636,0.9999998109532324
6137,61.36999999999636,0.9999998112844674
6138,61.37999999999636,0.9999998116151072
6139,61.389999999996355,0.999999811945153
6140,61.39999999999635,0.9999998122746058
6141,61.40999999999635,0.9999998126034668
6142,61.41999999999635,0.999999812931737
6143,61.42999999999635,0.9999998132594177
6144,61.439999999996346,0.9999998135865097
6145,61.44999999999634,0.9999998139130142
6146,61.45999999999634,0.9999998142389324
6147,61.46999999999634,0.9999998145642652
6148,61.47999999999634,0.9999998148890138
6149,61.489999999996336,0.9999998152131793
6150,61.499999999996334,0.9999998155367626
6151,61.50999999999633,0.999999815859765
6152,61.51999999999633,0.9999998161821875
6153,61.52999999999633,0.999999816504031
6154,61.539999999996326,0.9999998168252967
6155,61.549999999996324,0.9999998171459857
6156,61.55999999999632,0.9999998174660991
6157,61.56999999999632,0.9999998177856378
6158,61.57999999999632,0.999999818104603
6159,61.589999999996316,0.9999998184229958
6160,61.599999999996314,0.999999818740817
6161,61.60999999999631,0.9999998190580679
6162,61.61999999999631,0.9999998193747495
6163,61.62999999999631,0.9999998196908627
6164,61.639999999996306,0.9999998200064087
6165,61.649999999996304,0.9999998203213886
6166,61.6599999999963,0.9999998206358033
6167,61.6699999999963,0.9999998209496539
6168,61.6799999999963,0.9999998212629414
6169,61.689999999996296,0.9999998215756669
6170,61.699999999996294,0.9999998218878314
6171,61.70999999999629,0.999999822199436
6172,61.71999999999629,0.9999998225104816
6173,61.72999999999629,0.9999998228209693
6174,61.739999999996286,0.9999998231309002
6175,61.749999999996284,0.9999998234402753
6176,61.75999999999628,0.9999998237490955
6177,61.76999999999628,0.9999998240573619
6178,61.77999999999628,0.9999998243650755
6179,61.789999999996276,0.9999998246722374
6180,61.799999999996274,0.9999998249788484
6181,61.80999999999627,0.9999998252849098
6182,61.81999999999627,0.9999998255904226
6183,61.82999999999627,0.9999998258953875
6184,61.839999999996266,0.9999998261998059
6185,61.849999999996264,0.9999998265036785
6186,61.85999999999626,0.9999998268070063
6187,61.86999999999626,0.9999998271097905
6188,61.87999999999626,0.9999998274120321
6189,61.889999999996256,0.999999827713732
6190,61.899999999996254,0.9999998280148911
6191,61.90999999999625,0.9999998283155106
6192,61.91999999999625,0.9999998286155913
6193,61.92999999999625,0.9999998289151345
6194,61.939999999996246,0.9999998292141409
6195,61.949999999996244,0.9999998295126115
6196,61.95999999999624,0.9999998298105474
6197,61.96999999999624,0.9999998301079495
6198,61.97999999999624,0.9999998304048189
6199,61.989999999996236,0.9999998307011564
6200,61.999999999996234,0.9999998309969631
6201,62.00999999999623,0.99999983129224
6202,62.01999999999623,0.999999831586988
6203,62.02999999999623,0.9999998318812082
6204,62.039999999996226,0.9999998321749014
6205,62.049999999996224,0.9999998324680687
6206,62.05999999999622,0.9999998327607109
6207,62.06999999999622,0.9999998330528291
6208,62.07999999999622,0.9999998333444243
6209,62.089999999996216,0.9999998336354974
6210,62.099999999996214,0.9999998339260494
6211,62.10999999999621,0.9999998342160812
6212,62.11999999999621,0.9999998345055937
6213,62.12999999999621,0.999999834794588
6214,62.139999999996206,0.999999835083065
6215,62.149999999996204,0.9999998353710255
6216,62.1599999999962,0.9999998356584707
6217,62.1699999999962,0.9999998359454015
6218,62.1799999999962,0.9999998362318187
6219,62.189999999996196,0.9999998365177233
6220,62.199999999996194,0.9999998368031163
6221,62.20999999999619,0.9999998370879986
6222,62.21999999999619,0.9999998373723712
6223,62.22999999999619,0.9999998376562349
6224,62.239999999996186,0.9999998379395907
6225,62.249999999996184,0.9999998382224395
6226,62.25999999999618,0.9999998385047825
6227,62.26999999999618,0.9999998387866201
6228,62.27999999999618,0.9999998390679538
6229,62.289999999996176,0.9999998393487841
6230,62.299999999996174,0.9999998396291122
6231,62.30999999999617,0.9999998399089388
6232,62.31999999999617,0.999999840188265
6233,62.32999999999617,0.9999998404670917
6234,62.33999999999617,0.9999998407454197
6235,62.349999999996164,0.99999984102325
6236,62.35999999999616,0.9999998413005835
6237,62.36999999999616,0.9999998415774211
6238,62.37999999999616,0.9999998418537637
6239,62.38999999999616,0.9999998421296122
6240,62.399999999996155,0.9999998424049675
6241,62.40999999999615,0.9999998426798307
6242,62.41999999999615,0.9999998429542024
6243,62.42999999999615,0.9999998432280838
6244,62.43999999999615,0.9999998435014754
6245,62.449999999996145,0.9999998437743786
6246,62.45999999999614,0.9999998440467939
6247,62.46999999999614,0.9999998443187224
6248,62.47999999999614,0.9999998445901649
6249,62.48999999999614,0.9999998448611223
6250,62.499999999996135,0.9999998451315955
6251,62.50999999999613,0.9999998454015854
6252,62.51999999999613,0.9999998456710929
6253,62.52999999999613,0.9999998459401189
6254,62.53999999999613,0.9999998462086642
6255,62.549999999996125,0.9999998464767298
6256,62.55999999999612,0.9999998467443165
6257,62.56999999999612,0.9999998470114252
6258,62.57999999999612,0.9999998472780567
6259,62.58999999999612,0.999999847544212
6260,62.599999999996115,0.9999998478098919
6261,62.60999999999611,0.9999998480750973
6262,62.61999999999611,0.9999998483398291
6263,62.62999999999611,0.9999998486040881
6264,62.63999999999611,0.9999998488678752
6265,62.649999999996105,0.9999998491311912
6266,62.6599999999961,0.9999998493940372
6267,62.6699999999961,0.9999998496564138
6268,62.6799999999961,0.9999998499183218
6269,62.6899999999961,0.9999998501797623
6270,62.699999999996095,0.9999998504407361
6271,62.70999999999609,0.9999998507012441
6272,62.71999999999609,0.999999850961287
6273,62.72999999999609,0.9999998512208657
6274,62.73999999999609,0.999999851479981
6275,62.749999999996085,0.9999998517386339
6276,62.75999999999608,0.9999998519968252
6277,62.76999999999608,0.9999998522545557
6278,62.77999999999608,0.9999998525118262
6279,62.78999999999608,0.9999998527686377
6280,62.799999999996075,0.9999998530249908
6281,62.80999999999607,0.9999998532808867
6282,62.81999999999607,0.9999998535363259
6283,62.82999999999607,0.9999998537913093
6284,62.83999999999607,0.9999998540458379
6285,62.849999999996065,0.9999998542999123
6286,62.85999999999606,0.9999998545535337
6287,62.86999999999606,0.9999998548067025
6288,62.87999999999606,0.9999998550594197
6289,62.88999999999606,0.9999998553116862
6290,62.899999999996055,0.9999998555635028
6291,62.90999999999605,0.9999998558148703
6292,62.91999999999605,0.9999998560657894
6293,62.92999999999605,0.9999998563162611
6294,62.93999999999605,0.9999998565662862
6295,62.949999999996045,0.9999998568158655
6296,62.95999999999604,0.9999998570649996
6297,62.96999999999604,0.9999998573136897
6298,62.97999999999604,0.9999998575619363
6299,62.98999999999604,0.9999998578097403
6300,62.999999999996035,0.9999998580571027
6301,63.00999999999603,0.999999858304024
6302,63.01999999999603,0.9999998585505052
6303,63.02999999999603,0.9999998587965471
6304,63.03999999999603,0.9999998590421504
6305,63.049999999996025,0.999999859287316
6306,63.05999999999602,0.9999998595320446
6307,63.06999999999602,0.9999998597763372
6308,63.07999999999602,0.9999998600201944
6309,63.08999999999602,0.999999860263617
6310,63.099999999996015,0.9999998605066059
6311,63.10999999999601,0.9999998607491618
6312,63.11999999999601,0.9999998609912856
6313,63.12999999999601,0.999999861232978
6314,63.13999999999601,0.9999998614742398
6315,63.149999999996005,0.9999998617150718
6316,63.159999999996,0.9999998619554749
6317,63.169999999996,0.9999998621954497
6318,63.179999999996,0.9999998624349971
6319,63.189999999996,0.9999998626741178
6320,63.199999999995995,0.9999998629128125
6321,63.20999999999599,0.9999998631510822
6322,63.21999999999599,0.9999998633889277
6323,63.22999999999599,0.9999998636263495
6324,63.23999999999599,0.9999998638633485
6325,63.249999999995985,0.9999998640999256
6326,63.25999999999598,0.9999998643360815
6327,63.26999999999598,0.9999998645718168
6328,63.27999999999598,0.9999998648071324
6329,63.28999999999598,0.9999998650420292
6330,63.299999999995975,0.9999998652765077
6331,63.30999999999597,0.999999865510569
6332,63.31999999999597,0.9999998657442135
6333,63.32999999999597,0.9999998659774422
6334,63.33999999999597,0.9999998662102557
6335,63.349999999995966,0.9999998664426549
6336,63.35999999999596,0.9999998666746406
6337,63.36999999999596,0.9999998669062133
6338,63.37999999999596,0.9999998671373741
6339,63.38999999999596,0.9999998673681234
6340,63.399999999995956,0.9999998675984622
6341,63.409999999995954,0.9999998678283911
6342,63.41999999999595,0.999999868057911
6343,63.42999999999595,0.9999998682870225
6344,63.43999999999595,0.9999998685157263
6345,63.449999999995946,0.9999998687440234
6346,63.459999999995944,0.9999998689719144
6347,63.46999999999594,0.9999998691994
6348,63.47999999999594,0.9999998694264809
6349,63.48999999999594,0.9999998696531579
6350,63.499999999995936,0.9999998698794319
6351,63.509999999995934,0.9999998701053033
6352,63.51999999999593,0.9999998703307732
6353,63.52999999999593,0.999999870555842
6354,63.53999999999593,0.9999998707805108
6355,63.549999999995926,0.9999998710047799
6356,63.559999999995924,0.9999998712286504
6357,63.56999999999592,0.9999998714521228
6358,63.57999999999592,0.9999998716751979
6359,63.58999999999592,0.9999998718978764
6360,63.599999999995916,0.9999998721201591
6361,63.609999999995914,0.9999998723420466
6362,63.61999999999591,0.9999998725635397
6363,63.62999999999591,0.9999998727846391
6364,63.63999999999591,0.9999998730053457
6365,63.649999999995906,0.9999998732256598
6366,63.659999999995904,0.9999998734455825
6367,63.6699999999959,0.9999998736651143
6368,63.6799999999959,0.999999873884256
6369,63.6899999999959,0.9999998741030084
6370,63.699999999995896,0.9999998743213719
6371,63.709999999995894,0.9999998745393476
6372,63.71999999999589,0.999999874756936
6373,63.72999999999589,0.9999998749741378
6374,63.73999999999589,0.9999998751909537
6375,63.749999999995886,0.9999998754073844
6376,63.759999999995884,0.9999998756234307
6377,63.76999999999588,0.9999998758390933
6378,63.77999999999588,0.9999998760543728
6379,63.78999999999588,0.9999998762692699
6380,63.799999999995876,0.9999998764837854
6381,63.809999999995874,0.9999998766979199
6382,63.81999999999587,0.9999998769116741
6383,63.82999999999587,0.9999998771250488
6384,63.83999999999587,0.9999998773380445
6385,63.849999999995866,0.999999877550662
6386,63.859999999995864,0.9999998777629021
6387,63.86999999999586,0.9999998779747653
6388,63.87999999999586,0.9999998781862524
6389,63.88999999999586,0.9999998783973639
6390,63.899999999995856,0.9999998786081008
6391,63.909999999995854,0.9999998788184636
6392,63.91999999999585,0.999999879028453
6393,63.92999999999585,0.9999998792380695
6394,63.93999999999585,0.9999998794473142
6395,63.949999999995846,0.9999998796561874
6396,63.959999999995844,0.99999987986469
6397,63.96999999999584,0.9999998800728225
6398,63.97999999999584,0.9999998802805856
6399,63.98999999999584,0.9999998804879802
6400,63.999999999995836,0.9999998806950067
6401,64.00999999999584,0.9999998809016658
6402,64.01999999999585,0.9999998811079583
6403,64.02999999999585,0.999999881313885
6404,64.03999999999586,0.9999998815194461
6405,64.04999999999586,0.9999998817246426
6406,64.05999999999587,0.9999998819294752
6407,64.06999999999587,0.9999998821339444
6408,64.07999999999588,0.9999998823380509
6409,64.08999999999588,0.9999998825417955
6410,64.09999999999589,0.9999998827451786
6411,64.10999999999589,0.9999998829482011
6412,64.1199999999959,0.9999998831508635
6413,64.1299999999959,0.9999998833531666
6414,64.13999999999591,0.9999998835551108
6415,64.14999999999591,0.9999998837566971
6416,64.15999999999592,0.9999998839579259
6417,64.16999999999592,0.9999998841587979
6418,64.17999999999593,0.9999998843593138
6419,64.18999999999593,0.9999998845594742
6420,64.19999999999594,0.9999998847592798
6421,64.20999999999594,0.9999998849587312
6422,64.21999999999595,0.999999885157829
6423,64.22999999999595,0.9999998853565739
6424,64.23999999999596,0.9999998855549667
6425,64.24999999999596,0.9999998857530077
6426,64.25999999999597,0.9999998859506978
6427,64.26999999999597,0.9999998861480375
6428,64.27999999999598,0.9999998863450276
6429,64.28999999999598,0.9999998865416685
6430,64.29999999999599,0.999999886737961
6431,64.309999999996,0.9999998869339057
6432,64.319999999996,0.9999998871295033
6433,64.329999999996,0.9999998873247543
6434,64.33999999999601,0.9999998875196594
6435,64.34999999999602,0.9999998877142192
6436,64.35999999999602,0.9999998879084343
6437,64.36999999999603,0.9999998881023054
6438,64.37999999999603,0.9999998882958332
6439,64.38999999999604,0.9999998884890182
6440,64.39999999999604,0.999999888681861
6441,64.40999999999605,0.9999998888743623
6442,64.41999999999605,0.9999998890665226
6443,64.42999999999606,0.9999998892583427
6444,64.43999999999606,0.9999998894498231
6445,64.44999999999607,0.9999998896409644
6446,64.45999999999607,0.9999998898317674
6447,64.46999999999608,0.9999998900222324
6448,64.47999999999608,0.9999998902123602
6449,64.48999999999609,0.9999998904021515
6450,64.49999999999609,0.9999998905916068
6451,64.5099999999961,0.9999998907807266
6452,64.5199999999961,0.9999998909695117
6453,64.52999999999611,0.9999998911579627
6454,64.53999999999611,0.99999989134608
6455,64.54999999999612,0.9999998915338645
6456,64.55999999999612,0.9999998917213166
6457,64.56999999999613,0.999999891908437
6458,64.57999999999613,0.9999998920952261
6459,64.58999999999614,0.9999998922816848
6460,64.59999999999614,0.9999998924678135
6461,64.60999999999615,0.9999998926536129
6462,64.61999999999615,0.9999998928390836
6463,64.62999999999616,0.9999998930242261
6464,64.63999999999616,0.999999893209041
6465,64.64999999999617,0.999999893393529
6466,64.65999999999617,0.9999998935776907
6467,64.66999999999618,0.9999998937615265
6468,64.67999999999618,0.9999998939450372
6469,64.68999999999619,0.9999998941282233
6470,64.6999999999962,0.9999998943110854
6471,64.7099999999962,0.999999894493624
6472,64.7199999999962,0.9999998946758398
6473,64.72999999999621,0.9999998948577334
6474,64.73999999999621,0.9999998950393054
6475,64.74999999999622,0.9999998952205563
6476,64.75999999999623,0.9999998954014867
6477,64.76999999999623,0.9999998955820971
6478,64.77999999999624,0.9999998957623883
6479,64.78999999999624,0.9999998959423607
6480,64.79999999999625,0.9999998961220149
6481,64.80999999999625,0.9999998963013516
6482,64.81999999999626,0.9999998964803711
6483,64.82999999999626,0.9999998966590743
6484,64.83999999999627,0.9999998968374616
6485,64.84999999999627,0.9999998970155336
6486,64.85999999999628,0.9999998971932909
6487,64.86999999999628,0.9999998973707339
6488,64.87999999999629,0.9999998975478634
6489,64.88999999999629,0.99999989772468
6490,64.8999999999963,0.999999897901184
6491,64.9099999999963,0.9999998980773762
6492,64.9199999999963,0.9999998982532571
6493,64.92999999999631,0.9999998984288272
6494,64.93999999999632,0.999999898604087
6495,64.94999999999632,0.9999998987790373
6496,64.95999999999633,0.9999998989536785
6497,64.96999999999633,0.9999998991280112
6498,64.97999999999634,0.9999998993020359
6499,64.98999999999634,0.9999998994757533
6500,64.99999999999635,0.9999998996491638
6501,65.00999999999635,0.999999899822268
6502,65.01999999999636,0.9999998999950666
6503,65.02999999999636,0.9999999001675599
6504,65.03999999999637,0.9999999003397486
6505,65.04999999999637,0.9999999005116332
6506,65.05999999999638,0.9999999006832143
6507,65.06999999999638,0.9999999008544925
6508,65.07999999999639,0.9999999010254683
6509,65.0899999999964,0.9999999011961421
6510,65.0999999999964,0.9999999013665147
6511,65.1099999999964,0.9999999015365865
6512,65.11999999999641,0.999999901706358
6513,65.12999999999641,0.9999999018758299
6514,65.13999999999642,0.9999999020450026
6515,65.14999999999642,0.9999999022138767
6516,65.15999999999643,0.9999999023824527
6517,65.16999999999643,0.9999999025507312
6518,65.17999999999644,0.9999999027187128
6519,65.18999999999645,0.9999999028863977
6520,65.19999999999645,0.9999999030537869
6521,65.20999999999646,0.9999999032208807
6522,65.21999999999646,0.9999999033876796
6523,65.22999999999647,0.9999999035541842
6524,65.23999999999647,0.999999903720395
6525,65.24999999999648,0.9999999038863127
6526,65.25999999999648,0.9999999040519375
6527,65.26999999999649,0.9999999042172703
6528,65.27999999999649,0.9999999043823112
6529,65.2899999999965,0.9999999045470612
6530,65.2999999999965,0.9999999047115204
6531,65.3099999999965,0.9999999048756897
6532,65.31999999999651,0.9999999050395694
6533,65.32999999999652,0.9999999052031601
6534,65.33999999999652,0.9999999053664621
6535,65.34999999999653,0.9999999055294763
6536,65.35999999999653,0.999999905692203
6537,65.36999999999654,0.9999999058546427
6538,65.37999999999654,0.999999906016796
6539,65.38999999999655,0.9999999061786634
6540,65.39999999999655,0.9999999063402455
6541,65.40999999999656,0.9999999065015426
6542,65.41999999999656,0.9999999066625553
6543,65.42999999999657,0.9999999068232843
6544,65.43999999999657,0.9999999069837299
6545,65.44999999999658,0.9999999071438926
6546,65.45999999999658,0.9999999073037732
6547,65.46999999999659,0.9999999074633719
6548,65.4799999999966,0.9999999076226892
6549,65.4899999999966,0.9999999077817258
6550,65.4999999999966,0.9999999079404821
6551,65.50999999999661,0.9999999080989587
6552,65.51999999999661,0.999999908257156
6553,65.52999999999662,0.9999999084150746
6554,65.53999999999662,0.9999999085727148
6555,65.54999999999663,0.9999999087300774
6556,65.55999999999663,0.9999999088871626
6557,65.56999999999664,0.9999999090439712
6558,65.57999999999664,0.9999999092005034
6559,65.58999999999665,0.99999990935676
6560,65.59999999999665,0.9999999095127413
6561,65.60999999999666,0.9999999096684478
6562,65.61999999999666,0.9999999098238801
6563,65.62999999999667,0.9999999099790385
6564,65.63999999999668,0.9999999101339238
6565,65.64999999999668,0.9999999102885363
6566,65.65999999999669,0.9999999104428764
6567,65.66999999999669,0.9999999105969448
6568,65.6799999999967,0.9999999107507419
6569,65.6899999999967,0.9999999109042682
6570,65.6999999999967,0.9999999110575242
6571,65.70999999999671,0.9999999112105102
6572,65.71999999999672,0.999999911363227
6573,65.72999999999672,0.9999999115156749
6574,65.73999999999673,0.9999999116678545
6575,65.74999999999673,0.9999999118197661
6576,65.75999999999674,0.9999999119714104
6577,65.76999999999674,0.9999999121227877
6578,65.77999999999675,0.9999999122738985
6579,65.78999999999675,0.9999999124247434
6580,65.79999999999676,0.9999999125753228
6581,65.80999999999676,0.9999999127256373
6582,65.81999999999677,0.9999999128756871
6583,65.82999999999677,0.999999913025473
6584,65.83999999999678,0.9999999131749953
6585,65.84999999999678,0.9999999133242544
6586,65.85999999999679,0.999999913473251
6587,65.86999999999679,0.9999999136219855
6588,65.8799999999968,0.9999999137704582
6589,65.8899999999968,0.9999999139186697
6590,65.89999999999681,0.9999999140666205
6591,65.90999999999681,0.999999914214311
6592,65.91999999999682,0.9999999143617417
6593,65.92999999999682,0.9999999145089132
6594,65.93999999999683,0.9999999146558257
6595,65.94999999999683,0.99999991480248
6596,65.95999999999684,0.9999999149488762
6597,65.96999999999684,0.999999915095015
6598,65.97999999999685,0.9999999152408967
6599,65.98999999999685,0.999999915386522
6600,65.99999999999686,0.9999999155318912
6601,66.00999999999686,0.9999999156770047
6602,66.01999999999687,0.9999999158218632
6603,66.02999999999687,0.999999915966467
6604,66.03999999999688,0.9999999161108165
6605,66.04999999999688,0.9999999162549122
6606,66.05999999999689,0.9999999163987547
6607,66.0699999999969,0.9999999165423443
6608,66.0799999999969,0.9999999166856814
6609,66.0899999999969,0.9999999168287668
6610,66.09999999999691,0.9999999169716005
6611,66.10999999999692,0.9999999171141832
6612,66.11999999999692,0.9999999172565153
6613,66.12999999999693,0.9999999173985973
6614,66.13999999999693,0.9999999175404296
6615,66.14999999999694,0.9999999176820127
6616,66.15999999999694,0.999999917823347
6617,66.16999999999695,0.9999999179644329
6618,66.17999999999695,0.999999918105271
6619,66.18999999999696,0.9999999182458615
6620,66.19999999999696,0.9999999183862052
6621,66.20999999999697,0.9999999185263023
6622,66.21999999999697,0.9999999186661532
6623,66.22999999999698,0.9999999188057586
6624,66.23999999999698,0.9999999189451186
6625,66.24999999999699,0.9999999190842339
6626,66.25999999999699,0.9999999192231048
6627,66.269999999997,0.9999999193617318
6628,66.279999999997,0.9999999195001155
6629,66.28999999999701,0.999999919638256
6630,66.29999999999701,0.999999919776154
6631,66.30999999999702,0.9999999199138098
6632,66.31999999999702,0.9999999200512238
6633,66.32999999999703,0.9999999201883967
6634,66.33999999999703,0.9999999203253287
6635,66.34999999999704,0.9999999204620202
6636,66.35999999999704,0.9999999205984719
6637,66.36999999999705,0.9999999207346839
6638,66.37999999999705,0.9999999208706568
6639,66.38999999999706,0.999999921006391
6640,66.39999999999706,0.9999999211418871
6641,66.40999999999707,0.9999999212771452
6642,66.41999999999707,0.999999921412166
6643,66.42999999999708,0.9999999215469497
6644,66.43999999999708,0.999999921681497
6645,66.44999999999709,0.9999999218158081
6646,66.4599999999971,0.9999999219498835
6647,66.4699999999971,0.9999999220837237
6648,66.4799999999971,0.9999999222173289
6649,66.48999999999711,0.9999999223506998
6650,66.49999999999712,0.9999999224838366
6651,66.50999999999712,0.99999992261674
6652,66.51999999999713,0.9999999227494101
6653,66.52999999999713,0.9999999228818475
6654,66.53999999999714,0.9999999230140525
6655,66.54999999999714,0.9999999231460256
6656,66.55999999999715,0.9999999232777672
6657,66.56999999999715,0.9999999234092778
6658,66.57999999999716,0.9999999235405577
6659,66.58999999999716,0.9999999236716074
6660,66.59999999999717,0.9999999238024272
6661,66.60999999999717,0.9999999239330176
6662,66.61999999999718,0.999999924063379
6663,66.62999999999718,0.9999999241935118
6664,66.63999999999719,0.9999999243234164
6665,66.64999999999719,0.9999999244530933
6666,66.6599999999972,0.9999999245825427
6667,66.6699999999972,0.9999999247117652
6668,66.67999999999721,0.9999999248407613
6669,66.68999999999721,0.999999924969531
6670,66.69999999999722,0.9999999250980752
6671,66.70999999999722,0.9999999252263939
6672,66.71999999999723,0.9999999253544878
6673,66.72999999999723,0.999999925482357
6674,66.73999999999724,0.9999999256100023
6675,66.74999999999724,0.9999999257374238
6676,66.75999999999725,0.9999999258646219
6677,66.76999999999725,0.9999999259915973
6678,66.77999999999726,0.99999992611835
6679,66.78999999999726,0.9999999262448807
6680,66.79999999999727,0.9999999263711895
6681,66.80999999999727,0.9999999264972772
6682,66.81999999999728,0.9999999266231439
6683,66.82999999999728,0.99999992674879
6684,66.83999999999729,0.999999926874216
6685,66.8499999999973,0.9999999269994224
6686,66.8599999999973,0.9999999271244093
6687,66.8699999999973,0.9999999272491774
6688,66.87999999999731,0.9999999273737269
6689,66.88999999999731,0.9999999274980582
6690,66.89999999999732,0.9999999276221718
6691,66.90999999999732,0.9999999277460679
6692,66.91999999999733,0.9999999278697471
6693,66.92999999999734,0.9999999279932098
6694,66.93999999999734,0.9999999281164562
6695,66.94999999999735,0.9999999282394868
6696,66.95999999999735,0.9999999283623019
6697,66.96999999999736,0.999999928484902
6698,66.97999999999736,0.9999999286072875
6699,66.98999999999737,0.9999999287294586
6700,66.99999999999737,0.999999928851416
6701,67.00999999999738,0.9999999289731597
6702,67.01999999999738,0.9999999290946904
6703,67.02999999999739,0.9999999292160083
6704,67.03999999999739,0.9999999293371139
6705,67.0499999999974,0.9999999294580075
6706,67.0599999999974,0.9999999295786894
6707,67.0699999999974,0.9999999296991602
6708,67.07999999999741,0.9999999298194202
6709,67.08999999999742,0.9999999299394696
6710,67.09999999999742,0.999999930059309
6711,67.10999999999743,0.9999999301789387
6712,67.11999999999743,0.9999999302983591
6713,67.12999999999744,0.9999999304175704
6714,67.13999999999744,0.9999999305365732
6715,67.14999999999745,0.9999999306553679
6716,67.15999999999745,0.9999999307739547
6717,67.16999999999746,0.999999930892334
6718,67.17999999999746,0.9999999310105062
6719,67.18999999999747,0.9999999311284716
6720,67.19999999999747,0.9999999312462309
6721,67.20999999999748,0.999999931363784
6722,67.21999999999748,0.9999999314811315
6723,67.22999999999749,0.9999999315982739
6724,67.2399999999975,0.9999999317152114
6725,67.2499999999975,0.9999999318319444
6726,67.2599999999975,0.9999999319484731
6727,67.26999999999751,0.9999999320647982
6728,67.27999999999751,0.9999999321809198
6729,67.28999999999752,0.9999999322968384
6730,67.29999999999752,0.9999999324125542
6731,67.30999999999753,0.9999999325280678
6732,67.31999999999753,0.9999999326433795
6733,67.32999999999754,0.9999999327584895
6734,67.33999999999754,0.9999999328733984
6735,67.34999999999755,0.9999999329881063
6736,67.35999999999756,0.9999999331026137
6737,67.36999999999756,0.999999933216921
6738,67.37999999999757,0.9999999333310285
6739,67.38999999999757,0.9999999334449365
6740,67.39999999999758,0.9999999335586455
6741,67.40999999999758,0.9999999336721558
6742,67.41999999999759,0.9999999337854676
6743,67.42999999999759,0.9999999338985816
6744,67.4399999999976,0.9999999340114977
6745,67.4499999999976,0.9999999341242166
6746,67.4599999999976,0.9999999342367386
6747,67.46999999999761,0.999999934349064
6748,67.47999999999762,0.9999999344611931
6749,67.48999999999762,0.9999999345731263
6750,67.49999999999763,0.9999999346848639
6751,67.50999999999763,0.9999999347964064
6752,67.51999999999764,0.9999999349077541
6753,67.52999999999764,0.9999999350189072
6754,67.53999999999765,0.9999999351298662
6755,67.54999999999765,0.9999999352406314
6756,67.55999999999766,0.9999999353512031
6757,67.56999999999766,0.9999999354615817
6758,67.57999999999767,0.9999999355717676
6759,67.58999999999767,0.999999935681761
6760,67.59999999999768,0.9999999357915624
6761,67.60999999999768,0.9999999359011721
6762,67.61999999999769,0.9999999360105903
6763,67.6299999999977,0.9999999361198176
6764,67.6399999999977,0.9999999362288541
6765,67.6499999999977,0.9999999363377002
6766,67.65999999999771,0.9999999364463564
6767,67.66999999999771,0.9999999365548229
6768,67.67999999999772,0.9999999366631
6769,67.68999999999772,0.9999999367711881
6770,67.69999999999773,0.9999999368790876
6771,67.70999999999773,0.9999999369867987
6772,67.71999999999774,0.9999999370943218
6773,67.72999999999774,0.9999999372016573
6774,67.73999999999775,0.9999999373088054
6775,67.74999999999775,0.9999999374157666
6776,67.75999999999776,0.9999999375225411
6777,67.76999999999776,0.9999999376291293
6778,67.77999999999777,0.9999999377355315
6779,67.78999999999778,0.9999999378417481
6780,67.79999999999778,0.9999999379477794
6781,67.80999999999779,0.9999999380536256
6782,67.81999999999779,0.9999999381592872
6783,67.8299999999978,0.9999999382647645
6784,67.8399999999978,0.9999999383700577
6785,67.8499999999978,0.9999999384751674
6786,67.85999999999781,0.9999999385800936
6787,67.86999999999782,0.9999999386848369
6788,67.87999999999782,0.9999999387893975
6789,67.88999999999783,0.9999999388937757
6790,67.89999999999783,0.9999999389979719
6791,67.90999999999784,0.9999999391019864
6792,67.91999999999784,0.9999999392058194
6793,67.92999999999785,0.9999999393094714
6794,67.93999999999785,0.9999999394129427
6795,67.94999999999786,0.9999999395162336
6796,67.95999999999786,0.9999999396193443
6797,67.96999999999787,0.9999999397222753
6798,67.97999999999787,0.9999999398250269
6799,67.98999999999788,0.9999999399275993
6800,67.99999999999788,0.9999999400299929
6801,68.00999999999789,0.999999940132208
6802,68.01999999999789,0.999999940234245
6803,68.0299999999979,0.9999999403361042
6804,68.0399999999979,0.9999999404377857
6805,68.04999999999791,0.99999994053929
6806,68.05999999999791,0.9999999406406175
6807,68.06999999999792,0.9999999407417683
6808,68.07999999999792,0.9999999408427429
6809,68.08999999999793,0.9999999409435415
6810,68.09999999999793,0.9999999410441646
6811,68.10999999999794,0.9999999411446122
6812,68.11999999999794,0.9999999412448848
6813,68.12999999999795,0.9999999413449827
6814,68.13999999999795,0.9999999414449063
6815,68.14999999999796,0.9999999415446558
6816,68.15999999999796,0.9999999416442314
6817,68.16999999999797,0.9999999417436337
6818,68.17999999999797,0.9999999418428628
6819,68.18999999999798,0.999999941941919
6820,68.19999999999798,0.9999999420408027
6821,68.20999999999799,0.9999999421395142
6822,68.219999999998,0.9999999422380538
6823,68.229999999998,0.9999999423364216
6824,68.239999999998,0.9999999424346183
6825,68.24999999999801,0.999999942532644
6826,68.25999999999802,0.999999942630499
6827,68.26999999999802,0.9999999427281835
6828,68.27999999999803,0.9999999428256979
6829,68.28999999999803,0.9999999429230426
6830,68.29999999999804,0.9999999430202178
6831,68.30999999999804,0.9999999431172238
6832,68.31999999999805,0.9999999432140609
6833,68.32999999999805,0.9999999433107296
6834,68.33999999999806,0.9999999434072299
6835,68.34999999999806,0.9999999435035621
6836,68.35999999999807,0.9999999435997268
6837,68.36999999999807,0.9999999436957241
6838,68.37999999999808,0.9999999437915542
6839,68.38999999999808,0.9999999438872177
6840,68.39999999999809,0.9999999439827146
6841,68.40999999999809,0.9999999440780453
6842,68.4199999999981,0.9999999441732101
6843,68.4299999999981,0.9999999442682094
6844,68.43999999999811,0.9999999443630434
6845,68.44999999999811,0.9999999444577123
6846,68.45999999999812,0.9999999445522165
6847,68.46999999999812,0.9999999446465563
6848,68.47999999999813,0.9999999447407321
6849,68.48999999999813,0.9999999448347439
6850,68.49999999999814,0.9999999449285922
6851,68.50999999999814,0.9999999450222773
6852,68.51999999999815,0.9999999451157994
6853,68.52999999999815,0.9999999452091588
6854,68.53999999999816,0.9999999453023558
6855,68.54999999999816,0.9999999453953908
6856,68.55999999999817,0.999999945488264
6857,68.56999999999817,0.9999999455809756
6858,68.57999999999818,0.999999945673526
6859,68.58999999999818,0.9999999457659156
6860,68.59999999999819,0.9999999458581443
6861,68.6099999999982,0.9999999459502128
6862,68.6199999999982,0.9999999460421212
6863,68.6299999999982,0.9999999461338698
6864,68.63999999999821,0.999999946225459
6865,68.64999999999822,0.9999999463168887
6866,68.65999999999822,0.9999999464081597
6867,68.66999999999823,0.9999999464992719
6868,68.67999999999823,0.9999999465902258
6869,68.68999999999824,0.9999999466810215
6870,68.69999999999824,0.9999999467716596
6871,68.70999999999825,0.99999994686214
6872,68.71999999999825,0.9999999469524632
6873,68.72999999999826,0.9999999470426294
6874,68.73999999999826,0.999999947132639
6875,68.74999999999827,0.999999947222492
6876,68.75999999999827,0.999999947312189
6877,68.76999999999828,0.99999994740173
6878,68.77999999999828,0.9999999474911156
6879,68.78999999999829,0.9999999475803458
6880,68.79999999999829,0.999999947669421
6881,68.8099999999983,0.9999999477583414
6882,68.8199999999983,0.9999999478471074
6883,68.82999999999831,0.9999999479357191
6884,68.83999999999831,0.999999948024177
6885,68.84999999999832,0.9999999481124812
6886,68.85999999999832,0.999999948200632
6887,68.86999999999833,0.9999999482886297
6888,68.87999999999833,0.9999999483764745
6889,68.88999999999834,0.9999999484641667
6890,68.89999999999834,0.9999999485517068
6891,68.90999999999835,0.9999999486390947
6892,68.91999999999835,0.9999999487263309
6893,68.92999999999836,0.9999999488134157
6894,68.93999999999836,0.9999999489003493
6895,68.94999999999837,0.9999999489871318
6896,68.95999999999837,0.9999999490737637
6897,68.96999999999838,0.9999999491602451
6898,68.97999999999838,0.9999999492465765
6899,68.98999999999839,0.999999949332758
6900,68.9999999999984,0.9999999494187899
6901,69.0099999999984,0.9999999495046724
6902,69.0199999999984,0.999999949590406
6903,69.02999999999841,0.9999999496759905
6904,69.03999999999841,0.9999999497614266
6905,69.04999999999842,0.9999999498467145
6906,69.05999999999842,0.9999999499318543
6907,69.06999999999843,0.9999999500168463
6908,69.07999999999844,0.9999999501016908
6909,69.08999999999844,0.9999999501863882
6910,69.09999999999845,0.9999999502709385
6911,69.10999999999845,0.9999999503553422
6912,69.11999999999846,0.9999999504395993
6913,69.12999999999846,0.9999999505237104
6914,69.13999999999847,0.9999999506076754
6915,69.14999999999847,0.9999999506914948
6916,69.15999999999848,0.9999999507751688
6917,69.16999999999848,0.9999999508586976
6918,69.17999999999849,0.9999999509420816
6919,69.18999999999849,0.9999999510253209
6920,69.1999999999985,0.9999999511084159
6921,69.2099999999985,0.9999999511913666
6922,69.2199999999985,0.9999999512741736
6923,69.22999999999851,0.999999951356837
6924,69.23999999999852,0.9999999514393569
6925,69.24999999999852,0.9999999515217338
6926,69.25999999999853,0.9999999516039678
6927,69.26999999999853,0.9999999516860593
6928,69.27999999999854,0.9999999517680084
6929,69.28999999999854,0.9999999518498153
6930,69.29999999999855,0.9999999519314805
6931,69.30999999999855,0.9999999520130041
6932,69.31999999999856,0.9999999520943863
6933,69.32999999999856,0.9999999521756274
6934,69.33999999999857,0.9999999522567278
6935,69.34999999999857,0.9999999523376875
6936,69.35999999999858,0.9999999524185069
6937,69.36999999999858,0.9999999524991863
6938,69.37999999999859,0.9999999525797257
6939,69.3899999999986,0.9999999526601256
6940,69.3999999999986,0.9999999527403862
6941,69.4099999999986,0.9999999528205077
6942,69.41999999999861,0.9999999529004903
6943,69.42999999999861,0.9999999529803343
6944,69.43999999999862,0.99999995306004
6945,69.44999999999862,0.9999999531396075
6946,69.45999999999863,0.9999999532190372
6947,69.46999999999863,0.9999999532983292
6948,69.47999999999864,0.999999953377484
6949,69.48999999999864,0.9999999534565016
6950,69.49999999999865,0.9999999535353823
6951,69.50999999999866,0.9999999536141263
6952,69.51999999999866,0.9999999536927339
6953,69.52999999999867,0.9999999537712054
6954,69.53999999999867,0.9999999538495409
6955,69.54999999999868,0.9999999539277408
6956,69.55999999999868,0.9999999540058052
6957,69.56999999999869,0.9999999540837344
6958,69.57999999999869,0.9999999541615288
6959,69.5899999999987,0.9999999542391883
6960,69.5999999999987,0.9999999543167134
6961,69.6099999999987,0.9999999543941043
6962,69.61999999999871,0.999999954471361
6963,69.62999999999872,0.9999999545484841
6964,69.63999999999872,0.9999999546254736
6965,69.64999999999873,0.9999999547023299
6966,69.65999999999873,0.9999999547790531
6967,69.66999999999874,0.9999999548556435
6968,69.67999999999874,0.9999999549321013
6969,69.68999999999875,0.9999999550084268
6970,69.69999999999875,0.99999995508462
6971,69.70999999999876,0.9999999551606814
6972,69.71999999999876,0.9999999552366112
6973,69.72999999999877,0.9999999553124096
6974,69.73999999999877,0.9999999553880768
6975,69.74999999999878,0.9999999554636131
6976,69.75999999999878,0.9999999555390185
6977,69.76999999999879,0.9999999556142937
6978,69.7799999999988,0.9999999556894384
6979,69.7899999999988,0.9999999557644531
6980,69.7999999999988,0.9999999558393381
6981,69.80999999999881,0.9999999559140935
6982,69.81999999999881,0.9999999559887196
6983,69.82999999999882,0.9999999560632166
6984,69.83999999999882,0.9999999561375846
6985,69.84999999999883,0.999999956211824
6986,69.85999999999883,0.9999999562859351
6987,69.86999999999884,0.9999999563599179
6988,69.87999999999884,0.9999999564337727
6989,69.88999999999885,0.9999999565074998
6990,69.89999999999885,0.9999999565810994
6991,69.90999999999886,0.9999999566545718
6992,69.91999999999886,0.999999956727917
6993,69.92999999999887,0.9999999568011354
6994,69.93999999999888,0.9999999568742272
6995,69.94999999999888,0.9999999569471926
6996,69.95999999999889,0.9999999570200319
6997,69.96999999999889,0.9999999570927451
6998,69.9799999999989,0.9999999571653327
6999,69.9899999999989,0.9999999572377948
7000,69.9999999999989,0.9999999573101316
7001,70.00999999999891,0.9999999573823434
7002,70.01999999999892,0.9999999574544303
7003,70.02999999999892,0.9999999575263926
7004,70.03999999999893,0.9999999575982305
7005,70.04999999999893,0.9999999576699442
7006,70.05999999999894,0.999999957741534
7007,70.06999999999894,0.9999999578130001
7008,70.07999999999895,0.9999999578843426
7009,70.08999999999895,0.9999999579555618
7010,70.09999999999896,0.9999999580266581
7011,70.10999999999896,0.9999999580976314
7012,70.11999999999897,0.9999999581684821
7013,70.12999999999897,0.9999999582392103
7014,70.13999999999898,0.9999999583098164
7015,70.14999999999898,0.9999999583803004
7016,70.15999999999899,0.9999999584506627
7017,70.16999999999899,0.9999999585209034
7018,70.179999999999,0.9999999585910228
7019,70.189999999999,0.999999958661021
7020,70.19999999999901,0.9999999587308983
7021,70.20999999999901,0.999999958800655
7022,70.21999999999902,0.999999958870291
7023,70.22999999999902,0.9999999589398069
7024,70.23999999999903,0.9999999590092027
7025,70.24999999999903,0.9999999590784786
7026,70.25999999999904,0.9999999591476348
7027,70.26999999999904,0.9999999592166717
7028,70.27999999999905,0.9999999592855894
7029,70.28999999999905,0.999999959354388
7030,70.29999999999906,0.9999999594230679
7031,70.30999999999906,0.9999999594916291
7032,70.31999999999907,0.9999999595600719
7033,70.32999999999907,0.9999999596283967
7034,70.33999999999908,0.9999999596966034
7035,70.34999999999908,0.9999999597646925
7036,70.35999999999909,0.9999999598326639
7037,70.3699999999991,0.9999999599005179
7038,70.3799999999991,0.999999959968255
7039,70.3899999999991,0.999999960035875
7040,70.39999999999911,0.9999999601033783
7041,70.40999999999912,0.9999999601707652
7042,70.41999999999912,0.9999999602380357
7043,70.42999999999913,0.9999999603051902
7044,70.43999999999913,0.9999999603722287
7045,70.44999999999914,0.9999999604391516
7046,70.45999999999914,0.999999960505959
7047,70.46999999999915,0.9999999605726511
7048,70.47999999999915,0.9999999606392281
7049,70.48999999999916,0.9999999607056902
7050,70.49999999999916,0.9999999607720377
7051,70.50999999999917,0.9999999608382707
7052,70.51999999999917,0.9999999609043895
7053,70.52999999999918,0.9999999609703941
7054,70.53999999999918,0.999999961036285
7055,70.54999999999919,0.9999999611020621
7056,70.55999999999919,0.9999999611677258
7057,70.5699999999992,0.9999999612332763
7058,70.5799999999992,0.9999999612987136
7059,70.58999999999921,0.9999999613640381
7060,70.59999999999921,0.99999996142925
7061,70.60999999999922,0.9999999614943493
7062,70.61999999999922,0.9999999615593365
7063,70.62999999999923,0.9999999616242116
7064,70.63999999999923,0.9999999616889748
7065,70.64999999999924,0.9999999617536263
7066,70.65999999999924,0.9999999618181663
7067,70.66999999999925,0.999999961882595
7068,70.67999999999925,0.9999999619469127
7069,70.68999999999926,0.9999999620111195
7070,70.69999999999926,0.9999999620752156
7071,70.70999999999927,0.9999999621392012
7072,70.71999999999927,0.9999999622030765
7073,70.72999999999928,0.9999999622668417
7074,70.73999999999928,0.999999962330497
7075,70.74999999999929,0.9999999623940425
7076,70.7599999999993,0.9999999624574787
7077,70.7699999999993,0.9999999625208054
7078,70.7799999999993,0.9999999625840229
7079,70.78999999999931,0.9999999626471315
7080,70.79999999999932,0.9999999627101315
7081,70.80999999999932,0.9999999627730228
7082,70.81999999999933,0.9999999628358057
7083,70.82999999999933,0.9999999628984805
7084,70.83999999999934,0.9999999629610473
7085,70.84999999999934,0.9999999630235064
7086,70.85999999999935,0.9999999630858577
7087,70.86999999999935,0.9999999631481017
7088,70.87999999999936,0.9999999632102384
7089,70.88999999999936,0.999999963272268
7090,70.89999999999937,0.9999999633341909
7091,70.90999999999937,0.999999963396007
7092,70.91999999999938,0.9999999634577168
7093,70.92999999999938,0.9999999635193202
7094,70.93999999999939,0.9999999635808176
7095,70.94999999999939,0.9999999636422089
7096,70.9599999999994,0.9999999637034946
7097,70.9699999999994,0.9999999637646747
7098,70.97999999999941,0.9999999638257495
7099,70.98999999999941,0.9999999638867192
7100,70.99999999999942,0.9999999639475838
7101,71.00999999999942,0.9999999640083437
7102,71.01999999999943,0.9999999640689988
7103,71.02999999999943,0.9999999641295496
7104,71.03999999999944,0.9999999641899961
7105,71.04999999999944,0.9999999642503387
7106,71.05999999999945,0.9999999643105772
7107,71.06999999999945,0.9999999643707121
7108,71.07999999999946,0.9999999644307436
7109,71.08999999999946,0.9999999644906716
7110,71.09999999999947,0.9999999645504966
7111,71.10999999999947,0.9999999646102186
7112,71.11999999999948,0.9999999646698376
7113,71.12999999999948,0.9999999647293543
7114,71.13999999999949,0.9999999647887684
7115,71.1499999999995,0.9999999648480803
7116,71.1599999999995,0.99999996490729
7117,71.1699999999995,0.999999964966398
7118,71.17999999999951,0.9999999650254042
7119,71.18999999999951,0.999999965084309
7120,71.19999999999952,0.9999999651431123
7121,71.20999999999952,0.9999999652018146
7122,71.21999999999953,0.9999999652604158
7123,71.22999999999954,0.9999999653189161
7124,71.23999999999954,0.999999965377316
7125,71.24999999999955,0.9999999654356152
7126,71.25999999999955,0.9999999654938142
7127,71.26999999999956,0.9999999655519132
7128,71.27999999999956,0.9999999656099121
7129,71.28999999999957,0.9999999656678114
7130,71.29999999999957,0.999999965725611
7131,71.30999999999958,0.9999999657833113
7132,71.31999999999958,0.9999999658409122
7133,71.32999999999959,0.9999999658984142
7134,71.33999999999959,0.9999999659558173
7135,71.3499999999996,0.9999999660131217
7136,71.3599999999996,0.9999999660703276
7137,71.3699999999996,0.999999966127435
7138,71.37999999999961,0.9999999661844444
7139,71.38999999999962,0.9999999662413557
7140,71.39999999999962,0.9999999662981691
7141,71.40999999999963,0.999999966354885
7142,71.41999999999963,0.9999999664115032
7143,71.42999999999964,0.9999999664680242
7144,71.43999999999964,0.999999966524448
7145,71.44999999999965,0.9999999665807748
7146,71.45999999999965,0.9999999666370049
7147,71.46999999999966,0.9999999666931383
7148,71.47999999999966,0.9999999667491751
7149,71.48999999999967,0.9999999668051158
7150,71.49999999999967,0.9999999668609603
7151,71.50999999999968,0.9999999669167088
7152,71.51999999999968,0.9999999669723615
7153,71.52999999999969,0.9999999670279186
7154,71.5399999999997,0.9999999670833802
7155,71.5499999999997,0.9999999671387465
7156,71.5599999999997,0.9999999671940177
7157,71.56999999999971,0.999999967249194
7158,71.57999999999971,0.9999999673042754
7159,71.58999999999972,0.9999999673592623
7160,71.59999999999972,0.9999999674141546
7161,71.60999999999973,0.9999999674689528
7162,71.61999999999973,0.9999999675236567
7163,71.62999999999974,0.9999999675782668
7164,71.63999999999974,0.999999967632783
7165,71.64999999999975,0.9999999676872056
7166,71.65999999999976,0.9999999677415347
7167,71.66999999999976,0.9999999677957705
7168,71.67999999999977,0.9999999678499132
7169,71.68999999999977,0.999999967903963
7170,71.69999999999978,0.9999999679579198
7171,71.70999999999978,0.999999968011784
7172,71.71999999999979,0.9999999680655558
7173,71.72999999999979,0.9999999681192353
7174,71.7399999999998,0.9999999681728226
7175,71.7499999999998,0.9999999682263179
7176,71.7599999999998,0.9999999682797213
7177,71.76999999999981,0.9999999683330331
7178,71.77999999999982,0.9999999683862533
7179,71.78999999999982,0.9999999684393822
7180,71.79999999999983,0.9999999684924199
7181,71.80999999999983,0.9999999685453665
7182,71.81999999999984,0.9999999685982224
7183,71.82999999999984,0.9999999686509875
7184,71.83999999999985,0.999999968703662
7185,71.84999999999985,0.9999999687562462
7186,71.85999999999986,0.9999999688087401
7187,71.86999999999986,0.9999999688611438
7188,71.87999999999987,0.9999999689134578
7189,71.88999999999987,0.9999999689656819
7190,71.89999999999988,0.9999999690178164
7191,71.90999999999988,0.9999999690698615
7192,71.91999999999989,0.9999999691218173
7193,71.9299999999999,0.999999969173684
7194,71.9399999999999,0.9999999692254616
7195,71.9499999999999,0.9999999692771505
7196,71.95999999999991,0.9999999693287507
7197,71.96999999999991,0.9999999693802624
7198,71.97999999999992,0.9999999694316857
7199,71.98999999999992,0.9999999694830208
7200,71.99999999999993,0.999999969534268
7201,72.00999999999993,0.9999999695854271
7202,72.01999999999994,0.9999999696364985
7203,72.02999999999994,0.9999999696874824
7204,72.03999999999995,0.9999999697383789
7205,72.04999999999995,0.999999969789188
7206,72.05999999999996,0.99999996983991
7207,72.06999999999996,0.9999999698905451
7208,72.07999999999997,0.9999999699410934
7209,72.08999999999997,0.9999999699915549
7210,72.09999999999998,0.99999997004193
7211,72.10999999999999,0.9999999700922187
7212,72.11999999999999,0.9999999701424213
7213,72.13,0.9999999701925377
7214,72.14,0.9999999702425681
7215,72.15,0.999999970292513
7216,72.16000000000001,0.9999999703423721
7217,72.17000000000002,0.9999999703921458
7218,72.18000000000002,0.9999999704418342
7219,72.19000000000003,0.9999999704914375
7220,72.20000000000003,0.9999999705409557
7221,72.21000000000004,0.999999970590389
7222,72.22000000000004,0.9999999706397378
7223,72.23000000000005,0.9999999706890018
7224,72.24000000000005,0.9999999707381815
7225,72.25000000000006,0.999999970787277
7226,72.26000000000006,0.9999999708362882
7227,72.27000000000007,0.9999999708852155
7228,72.28000000000007,0.999999970934059
7229,72.29000000000008,0.9999999709828189
7230,72.30000000000008,0.9999999710314952
7231,72.31000000000009,0.9999999710800881
7232,72.32000000000009,0.9999999711285977
7233,72.3300000000001,0.9999999711770243
7234,72.3400000000001,0.999999971225368
7235,72.35000000000011,0.9999999712736287
7236,72.36000000000011,0.999999971321807
7237,72.37000000000012,0.9999999713699026
7238,72.38000000000012,0.9999999714179159
7239,72.39000000000013,0.999999971465847
7240,72.40000000000013,0.9999999715136959
7241,72.41000000000014,0.9999999715614629
7242,72.42000000000014,0.9999999716091482
7243,72.43000000000015,0.9999999716567518
7244,72.44000000000015,0.9999999717042739
7245,72.45000000000016,0.9999999717517146
7246,72.46000000000016,0.9999999717990742
7247,72.47000000000017,0.9999999718463526
7248,72.48000000000017,0.9999999718935502
7249,72.49000000000018,0.9999999719406668
7250,72.50000000000018,0.9999999719877029
7251,72.51000000000019,0.9999999720346584
7252,72.5200000000002,0.9999999720815336
7253,72.5300000000002,0.9999999721283286
7254,72.5400000000002,0.9999999721750433
7255,72.55000000000021,0.9999999722216782
7256,72.56000000000022,0.9999999722682333
7257,72.57000000000022,0.9999999723147087
7258,72.58000000000023,0.9999999723611046
7259,72.59000000000023,0.9999999724074211
7260,72.60000000000024,0.9999999724536583
7261,72.61000000000024,0.9999999724998165
7262,72.62000000000025,0.9999999725458957
7263,72.63000000000025,0.999999972591896
7264,72.64000000000026,0.9999999726378176
7265,72.65000000000026,0.9999999726836606
7266,72.66000000000027,0.9999999727294252
7267,72.67000000000027,0.9999999727751115
7268,72.68000000000028,0.9999999728207197
7269,72.69000000000028,0.9999999728662499
7270,72.70000000000029,0.9999999729117022
7271,72.71000000000029,0.9999999729570768
7272,72.7200000000003,0.9999999730023736
7273,72.7300000000003,0.9999999730475931
7274,72.74000000000031,0.9999999730927353
7275,72.75000000000031,0.9999999731378002
7276,72.76000000000032,0.9999999731827881
7277,72.77000000000032,0.9999999732276991
7278,72.78000000000033,0.9999999732725332
7279,72.79000000000033,0.9999999733172907
7280,72.80000000000034,0.9999999733619717
7281,72.81000000000034,0.9999999734065762
7282,72.82000000000035,0.9999999734511045
7283,72.83000000000035,0.9999999734955567
7284,72.84000000000036,0.9999999735399329
7285,72.85000000000036,0.9999999735842332
7286,72.86000000000037,0.9999999736284578
7287,72.87000000000037,0.9999999736726068
7288,72.88000000000038,0.9999999737166804
7289,72.89000000000038,0.9999999737606786
7290,72.90000000000039,0.9999999738046016
7291,72.9100000000004,0.9999999738484495
7292,72.9200000000004,0.9999999738922225
7293,72.9300000000004,0.9999999739359208
7294,72.94000000000041,0.9999999739795443
7295,72.95000000000041,0.9999999740230933
7296,72.96000000000042,0.9999999740665678
7297,72.97000000000043,0.9999999741099681
7298,72.98000000000043,0.9999999741532942
7299,72.99000000000044,0.9999999741965463
7300,73.00000000000044,0.9999999742397245
7301,73.01000000000045,0.9999999742828289
7302,73.02000000000045,0.9999999743258597
7303,73.03000000000046,0.999999974368817
7304,73.04000000000046,0.999999974411701
7305,73.05000000000047,0.9999999744545116
7306,73.06000000000047,0.9999999744972492
7307,73.07000000000048,0.9999999745399137
7308,73.08000000000048,0.9999999745825053
7309,73.09000000000049,0.9999999746250243
7310,73.10000000000049,0.9999999746674706
7311,73.1100000000005,0.9999999747098444
7312,73.1200000000005,0.9999999747521459
7313,73.1300000000005,0.9999999747943751
7314,73.14000000000051,0.9999999748365321
7315,73.15000000000052,0.9999999748786174
7316,73.16000000000052,0.9999999749206305
7317,73.17000000000053,0.9999999749625721
7318,73.18000000000053,0.999999975004442
7319,73.19000000000054,0.9999999750462405
7320,73.20000000000054,0.9999999750879676
7321,73.21000000000055,0.9999999751296235
7322,73.22000000000055,0.9999999751712082
7323,73.23000000000056,0.9999999752127219
7324,73.24000000000056,0.9999999752541648
7325,73.25000000000057,0.999999975295537
7326,73.26000000000057,0.9999999753368385
7327,73.27000000000058,0.9999999753780695
7328,73.28000000000058,0.9999999754192302
7329,73.29000000000059,0.9999999754603207
7330,73.3000000000006,0.999999975501341
7331,73.3100000000006,0.9999999755422914
7332,73.3200000000006,0.9999999755831718
7333,73.33000000000061,0.9999999756239825
7334,73.34000000000061,0.9999999756647235
7335,73.35000000000062,0.999999975705395
7336,73.36000000000062,0.9999999757459972
7337,73.37000000000063,0.99999997578653
7338,73.38000000000063,0.9999999758269937
7339,73.39000000000064,0.9999999758673884
7340,73.40000000000065,0.9999999759077143
7341,73.41000000000065,0.9999999759479712
7342,73.42000000000066,0.9999999759881596
7343,73.43000000000066,0.9999999760282794
7344,73.44000000000067,0.9999999760683307
7345,73.45000000000067,0.9999999761083137
7346,73.46000000000068,0.9999999761482286
7347,73.47000000000068,0.9999999761880753
7348,73.48000000000069,0.9999999762278542
7349,73.49000000000069,0.9999999762675652
7350,73.5000000000007,0.9999999763072084
7351,73.5100000000007,0.9999999763467841
7352,73.5200000000007,0.9999999763862922
7353,73.53000000000071,0.9999999764257331
7354,73.54000000000072,0.9999999764651066
7355,73.55000000000072,0.9999999765044131
7356,73.56000000000073,0.9999999765436526
7357,73.57000000000073,0.9999999765828251
7358,73.58000000000074,0.9999999766219309
7359,73.59000000000074,0.99999997666097
7360,73.60000000000075,0.9999999766999426
7361,73.61000000000075,0.9999999767388487
7362,73.62000000000076,0.9999999767776885
7363,73.63000000000076,0.9999999768164621
7364,73.64000000000077,0.9999999768551696
7365,73.65000000000077,0.9999999768938111
7366,73.66000000000078,0.9999999769323868
7367,73.67000000000078,0.9999999769708968
7368,73.68000000000079,0.9999999770093412
7369,73.6900000000008,0.99999997704772
7370,73.7000000000008,0.9999999770860335
7371,73.7100000000008,0.9999999771242816
7372,73.72000000000081,0.9999999771624646
7373,73.73000000000081,0.9999999772005825
7374,73.74000000000082,0.9999999772386355
7375,73.75000000000082,0.9999999772766237
7376,73.76000000000083,0.9999999773145472
7377,73.77000000000083,0.999999977352406
7378,73.78000000000084,0.9999999773902003
7379,73.79000000000084,0.9999999774279303
7380,73.80000000000085,0.999999977465596
7381,73.81000000000085,0.9999999775031976
7382,73.82000000000086,0.9999999775407351
7383,73.83000000000087,0.9999999775782087
7384,73.84000000000087,0.9999999776156184
7385,73.85000000000088,0.9999999776529646
7386,73.86000000000088,0.999999977690247
7387,73.87000000000089,0.999999977727466
7388,73.88000000000089,0.9999999777646216
7389,73.8900000000009,0.9999999778017139
7390,73.9000000000009,0.9999999778387431
7391,73.9100000000009,0.9999999778757092
7392,73.92000000000091,0.9999999779126123
7393,73.93000000000092,0.9999999779494527
7394,73.94000000000092,0.9999999779862303
7395,73.95000000000093,0.9999999780229454
7396,73.96000000000093,0.999999978059598
7397,73.97000000000094,0.999999978096188
7398,73.98000000000094,0.9999999781327159
7399,73.99000000000095,0.9999999781691816
7400,74.00000000000095,0.9999999782055853
7401,74.01000000000096,0.9999999782419269
7402,74.02000000000096,0.9999999782782067
7403,74.03000000000097,0.9999999783144248
7404,74.04000000000097,0.9999999783505813
7405,74.05000000000098,0.9999999783866762
7406,74.06000000000098,0.9999999784227096
7407,74.07000000000099,0.9999999784586818
7408,74.080000000001,0.9999999784945928
7409,74.090000000001,0.9999999785304426
7410,74.100000000001,0.9999999785662316
7411,74.11000000000101,0.9999999786019595
7412,74.12000000000101,0.9999999786376267
7413,74.13000000000102,0.9999999786732332
7414,74.14000000000102,0.9999999787087792
7415,74.15000000000103,0.9999999787442647
7416,74.16000000000103,0.9999999787796898
7417,74.17000000000104,0.9999999788150546
7418,74.18000000000104,0.9999999788503594
7419,74.19000000000105,0.9999999788856041
7420,74.20000000000105,0.9999999789207888
7421,74.21000000000106,0.9999999789559136
7422,74.22000000000106,0.9999999789909788
7423,74.23000000000107,0.9999999790259844
7424,74.24000000000107,0.9999999790609304
7425,74.25000000000108,0.999999979095817
7426,74.26000000000109,0.9999999791306442
7427,74.27000000000109,0.9999999791654123
7428,74.2800000000011,0.9999999792001212
7429,74.2900000000011,0.999999979234771
7430,74.3000000000011,0.9999999792693621
7431,74.31000000000111,0.9999999793038943
7432,74.32000000000112,0.9999999793383677
7433,74.33000000000112,0.9999999793727826
7434,74.34000000000113,0.999999979407139
7435,74.35000000000113,0.999999979441437
7436,74.36000000000114,0.9999999794756768
7437,74.37000000000114,0.9999999795098582
7438,74.38000000000115,0.9999999795439816
7439,74.39000000000115,0.999999979578047
7440,74.40000000000116,0.9999999796120546
7441,74.41000000000116,0.9999999796460043
7442,74.42000000000117,0.9999999796798963
7443,74.43000000000117,0.9999999797137307
7444,74.44000000000118,0.9999999797475077
7445,74.45000000000118,0.9999999797812272
7446,74.46000000000119,0.9999999798148894
7447,74.47000000000119,0.9999999798484945
7448,74.4800000000012,0.9999999798820425
7449,74.4900000000012,0.9999999799155335
7450,74.50000000000121,0.9999999799489675
7451,74.51000000000121,0.9999999799823448
7452,74.52000000000122,0.9999999800156654
7453,74.53000000000122,0.9999999800489293
7454,74.54000000000123,0.9999999800821369
7455,74.55000000000123,0.9999999801152879
7456,74.56000000000124,0.9999999801483827
7457,74.57000000000124,0.9999999801814212
7458,74.58000000000125,0.9999999802144037
7459,74.59000000000125,0.9999999802473301
7460,74.60000000000126,0.9999999802802007
7461,74.61000000000126,0.9999999803130153
7462,74.62000000000127,0.9999999803457743
7463,74.63000000000127,0.9999999803784776
7464,74.64000000000128,0.9999999804111255
7465,74.65000000000128,0.9999999804437179
7466,74.66000000000129,0.9999999804762549
7467,74.6700000000013,0.9999999805087367
7468,74.6800000000013,0.9999999805411633
7469,74.6900000000013,0.999999980573535
7470,74.70000000000131,0.9999999806058516
7471,74.71000000000132,0.9999999806381135
7472,74.72000000000132,0.9999999806703205
7473,74.73000000000133,0.9999999807024729
7474,74.74000000000133,0.9999999807345706
7475,74.75000000000134,0.999999980766614
7476,74.76000000000134,0.9999999807986029
7477,74.77000000000135,0.9999999808305375
7478,74.78000000000135,0.999999980862418
7479,74.79000000000136,0.9999999808942444
7480,74.80000000000136,0.9999999809260167
7481,74.81000000000137,0.9999999809577351
7482,74.82000000000137,0.9999999809893997
7483,74.83000000000138,0.9999999810210106
7484,74.84000000000138,0.9999999810525678
7485,74.85000000000139,0.9999999810840715
7486,74.86000000000139,0.9999999811155218
7487,74.8700000000014,0.9999999811469187
7488,74.8800000000014,0.9999999811782623
7489,74.89000000000141,0.9999999812095527
7490,74.90000000000141,0.9999999812407901
7491,74.91000000000142,0.9999999812719745
7492,74.92000000000142,0.999999981303106
7493,74.93000000000143,0.9999999813341847
7494,74.94000000000143,0.9999999813652106
7495,74.95000000000144,0.9999999813961841
7496,74.96000000000144,0.9999999814271049
7497,74.97000000000145,0.9999999814579732
7498,74.98000000000145,0.9999999814887893
7499,74.99000000000146,0.999999981519553
7500,75.00000000000146,0.9999999815502647
7501,75.01000000000147,0.9999999815809243
7502,75.02000000000147,0.9999999816115318
7503,75.03000000000148,0.9999999816420875
7504,75.04000000000148,0.9999999816725913
7505,75.05000000000149,0.9999999817030435
7506,75.0600000000015,0.999999981733444
7507,75.0700000000015,0.9999999817637929
7508,75.0800000000015,0.9999999817940904
7509,75.09000000000151,0.9999999818243367
7510,75.10000000000151,0.9999999818545315
7511,75.11000000000152,0.9999999818846752
7512,75.12000000000153,0.9999999819147679
7513,75.13000000000153,0.9999999819448095
7514,75.14000000000154,0.9999999819748002
7515,75.15000000000154,0.99999998200474
7516,75.16000000000155,0.9999999820346293
7517,75.17000000000155,0.9999999820644677
7518,75.18000000000156,0.9999999820942557
7519,75.19000000000156,0.9999999821239931
7520,75.20000000000157,0.9999999821536801
7521,75.21000000000157,0.9999999821833169
7522,75.22000000000158,0.9999999822129034
7523,75.23000000000158,0.9999999822424398
7524,75.24000000000159,0.9999999822719262
7525,75.25000000000159,0.9999999823013627
7526,75.2600000000016,0.9999999823307492
7527,75.2700000000016,0.9999999823600859
7528,75.2800000000016,0.999999982389373
7529,75.29000000000161,0.9999999824186104
7530,75.30000000000162,0.9999999824477984
7531,75.31000000000162,0.9999999824769369
7532,75.32000000000163,0.9999999825060261
7533,75.33000000000163,0.999999982535066
7534,75.34000000000164,0.9999999825640566
7535,75.35000000000164,0.9999999825929983
7536,75.36000000000165,0.9999999826218908
7537,75.37000000000165,0.9999999826507345
7538,75.38000000000166,0.9999999826795293
7539,75.39000000000166,0.9999999827082754
7540,75.40000000000167,0.9999999827369728
7541,75.41000000000167,0.9999999827656215
7542,75.42000000000168,0.9999999827942219
7543,75.43000000000168,0.9999999828227737
7544,75.44000000000169,0.9999999828512772
7545,75.4500000000017,0.9999999828797326
7546,75.4600000000017,0.9999999829081396
7547,75.4700000000017,0.9999999829364987
7548,75.48000000000171,0.9999999829648097
7549,75.49000000000171,0.9999999829930728
7550,75.50000000000172,0.9999999830212881
7551,75.51000000000172,0.9999999830494556
7552,75.52000000000173,0.9999999830775754
7553,75.53000000000173,0.9999999831056476
7554,75.54000000000174,0.9999999831336723
7555,75.55000000000175,0.9999999831616497
7556,75.56000000000175,0.9999999831895796
7557,75.57000000000176,0.9999999832174623
7558,75.58000000000176,0.9999999832452978
7559,75.59000000000177,0.9999999832730863
7560,75.60000000000177,0.9999999833008277
7561,75.61000000000178,0.9999999833285221
7562,75.62000000000178,0.9999999833561698
7563,75.63000000000179,0.9999999833837706
7564,75.64000000000179,0.9999999834113248
7565,75.6500000000018,0.9999999834388322
7566,75.6600000000018,0.9999999834662933
7567,75.6700000000018,0.9999999834937078
7568,75.68000000000181,0.999999983521076
7569,75.69000000000182,0.9999999835483979
7570,75.70000000000182,0.9999999835756735
7571,75.71000000000183,0.9999999836029031
7572,75.72000000000183,0.9999999836300866
7573,75.73000000000184,0.9999999836572241
7574,75.74000000000184,0.9999999836843158
7575,75.75000000000185,0.9999999837113616
7576,75.76000000000185,0.9999999837383616
7577,75.77000000000186,0.999999983765316
7578,75.78000000000186,0.9999999837922249
7579,75.79000000000187,0.9999999838190882
7580,75.80000000000187,0.9999999838459062
7581,75.81000000000188,0.9999999838726787
7582,75.82000000000188,0.999999983899406
7583,75.83000000000189,0.9999999839260881
7584,75.8400000000019,0.9999999839527252
7585,75.8500000000019,0.9999999839793172
7586,75.8600000000019,0.9999999840058642
7587,75.87000000000191,0.9999999840323665
7588,75.88000000000191,0.9999999840588237
7589,75.89000000000192,0.9999999840852365
7590,75.90000000000192,0.9999999841116045
7591,75.91000000000193,0.9999999841379279
7592,75.92000000000193,0.9999999841642069
7593,75.93000000000194,0.9999999841904414
7594,75.94000000000194,0.9999999842166317
7595,75.95000000000195,0.9999999842427777
7596,75.96000000000195,0.9999999842688795
7597,75.97000000000196,0.9999999842949371
7598,75.98000000000197,0.9999999843209507
7599,75.99000000000197,0.9999999843469205
7600,76.00000000000198,0.9999999843728463
7601,76.01000000000198,0.9999999843987283
7602,76.02000000000199,0.9999999844245666
7603,76.03000000000199,0.9999999844503613
7604,76.040000000002,0.9999999844761124
7605,76.050000000002,0.9999999845018199
7606,76.060000000002,0.9999999845274841
7607,76.07000000000201,0.9999999845531049
7608,76.08000000000202,0.9999999845786823
7609,76.09000000000202,0.9999999846042167
7610,76.10000000000203,0.9999999846297078
7611,76.11000000000203,0.999999984655156
7612,76.12000000000204,0.9999999846805612
7613,76.13000000000204,0.9999999847059234
7614,76.14000000000205,0.999999984731243
7615,76.15000000000205,0.9999999847565196
7616,76.16000000000206,0.9999999847817537
7617,76.17000000000206,0.999999984806945
7618,76.18000000000207,0.9999999848320938
7619,76.19000000000207,0.9999999848572003
7620,76.20000000000208,0.9999999848822643
7621,76.21000000000208,0.999999984907286
7622,76.22000000000209,0.9999999849322655
7623,76.2300000000021,0.9999999849572028
7624,76.2400000000021,0.999999984982098
7625,76.2500000000021,0.9999999850069511
7626,76.26000000000211,0.9999999850317624
7627,76.27000000000211,0.9999999850565316
7628,76.28000000000212,0.9999999850812592
7629,76.29000000000212,0.999999985105945
7630,76.30000000000213,0.9999999851305891
7631,76.31000000000213,0.9999999851551917
7632,76.32000000000214,0.9999999851797527
7633,76.33000000000214,0.9999999852042722
7634,76.34000000000215,0.9999999852287504
7635,76.35000000000215,0.9999999852531873
7636,76.36000000000216,0.999999985277583
7637,76.37000000000216,0.9999999853019376
7638,76.38000000000217,0.999999985326251
7639,76.39000000000217,0.9999999853505234
7640,76.40000000000218,0.9999999853747548
7641,76.41000000000219,0.9999999853989454
7642,76.42000000000219,0.9999999854230951
7643,76.4300000000022,0.9999999854472041
7644,76.4400000000022,0.9999999854712724
7645,76.4500000000022,0.9999999854953002
7646,76.46000000000221,0.9999999855192875
7647,76.47000000000222,0.9999999855432342
7648,76.48000000000222,0.9999999855671405
7649,76.49000000000223,0.9999999855910067
7650,76.50000000000223,0.9999999856148324
7651,76.51000000000224,0.999999985638618
7652,76.52000000000224,0.9999999856623636
7653,76.53000000000225,0.999999985686069
7654,76.54000000000225,0.9999999857097345
7655,76.55000000000226,0.9999999857333601
7656,76.56000000000226,0.9999999857569458
7657,76.57000000000227,0.9999999857804919
7658,76.58000000000227,0.9999999858039981
7659,76.59000000000228,0.9999999858274647
7660,76.60000000000228,0.9999999858508919
7661,76.61000000000229,0.9999999858742795
7662,76.62000000000229,0.9999999858976276
7663,76.6300000000023,0.9999999859209364
7664,76.6400000000023,0.999999985944206
7665,76.65000000000231,0.9999999859674362
7666,76.66000000000231,0.9999999859906274
7667,76.67000000000232,0.9999999860137795
7668,76.68000000000232,0.9999999860368926
7669,76.69000000000233,0.9999999860599667
7670,76.70000000000233,0.9999999860830018
7671,76.71000000000234,0.9999999861059982
7672,76.72000000000234,0.9999999861289558
7673,76.73000000000235,0.9999999861518747
7674,76.74000000000235,0.999999986174755
7675,76.75000000000236,0.9999999861975968
7676,76.76000000000236,0.9999999862204001
7677,76.77000000000237,0.999999986243165
7678,76.78000000000237,0.9999999862658915
7679,76.79000000000238,0.9999999862885797
7680,76.80000000000238,0.9999999863112297
7681,76.81000000000239,0.9999999863338415
7682,76.8200000000024,0.9999999863564152
7683,76.8300000000024,0.9999999863789509
7684,76.8400000000024,0.9999999864014487
7685,76.85000000000241,0.9999999864239085
7686,76.86000000000242,0.9999999864463306
7687,76.87000000000242,0.9999999864687149
7688,76.88000000000243,0.9999999864910615
7689,76.89000000000243,0.9999999865133704
7690,76.90000000000244,0.9999999865356417
7691,76.91000000000244,0.9999999865578756
7692,76.92000000000245,0.999999986580072
7693,76.93000000000245,0.9999999866022311
7694,76.94000000000246,0.9999999866243527
7695,76.95000000000246,0.9999999866464373
7696,76.96000000000247,0.9999999866684846
7697,76.97000000000247,0.9999999866904947
7698,76.98000000000248,0.9999999867124678
7699,76.99000000000248,0.9999999867344039
7700,77.00000000000249,0.9999999867563032
7701,77.01000000000249,0.9999999867781655
7702,77.0200000000025,0.999999986799991
7703,77.0300000000025,0.9999999868217798
7704,77.04000000000251,0.9999999868435319
7705,77.05000000000251,0.9999999868652474
7706,77.06000000000252,0.9999999868869264
7707,77.07000000000252,0.9999999869085688
7708,77.08000000000253,0.9999999869301749
7709,77.09000000000253,0.9999999869517445
7710,77.10000000000254,0.9999999869732779
7711,77.11000000000254,0.999999986994775
7712,77.12000000000255,0.999999987016236
7713,77.13000000000255,0.9999999870376608
7714,77.14000000000256,0.9999999870590497
7715,77.15000000000256,0.9999999870804025
7716,77.16000000000257,0.9999999871017193
7717,77.17000000000257,0.9999999871230003
7718,77.18000000000258,0.9999999871442455
7719,77.19000000000258,0.999999987165455
7720,77.20000000000259,0.9999999871866289
7721,77.2100000000026,0.999999987207767
7722,77.2200000000026,0.9999999872288696
7723,77.2300000000026,0.9999999872499368
7724,77.24000000000261,0.9999999872709684
7725,77.25000000000261,0.9999999872919647
7726,77.26000000000262,0.9999999873129257
7727,77.27000000000263,0.9999999873338514
7728,77.28000000000263,0.9999999873547419
7729,77.29000000000264,0.9999999873755974
7730,77.30000000000264,0.9999999873964177
7731,77.31000000000265,0.9999999874172031
7732,77.32000000000265,0.9999999874379534
7733,77.33000000000266,0.9999999874586689
7734,77.34000000000266,0.9999999874793496
7735,77.35000000000267,0.9999999874999954
7736,77.36000000000267,0.9999999875206066
7737,77.37000000000268,0.9999999875411831
7738,77.38000000000268,0.999999987561725
7739,77.39000000000269,0.9999999875822324
7740,77.40000000000269,0.9999999876027053
7741,77.4100000000027,0.9999999876231438
7742,77.4200000000027,0.9999999876435479
7743,77.4300000000027,0.9999999876639177
7744,77.44000000000271,0.9999999876842534
7745,77.45000000000272,0.9999999877045548
7746,77.46000000000272,0.999999987724822
7747,77.47000000000273,0.9999999877450553
7748,77.48000000000273,0.9999999877652544
7749,77.49000000000274,0.9999999877854198
7750,77.50000000000274,0.9999999878055511
7751,77.51000000000275,0.9999999878256487
7752,77.52000000000275,0.9999999878457125
7753,77.53000000000276,0.9999999878657425
7754,77.54000000000276,0.999999987885739
7755,77.55000000000277,0.9999999879057018
7756,77.56000000000277,0.999999987925631
7757,77.57000000000278,0.9999999879455269
7758,77.58000000000278,0.9999999879653892
7759,77.59000000000279,0.9999999879852183
7760,77.6000000000028,0.9999999880050139
7761,77.6100000000028,0.9999999880247764
7762,77.6200000000028,0.9999999880445056
7763,77.63000000000281,0.9999999880642017
7764,77.64000000000281,0.9999999880838647
7765,77.65000000000282,0.9999999881034947
7766,77.66000000000282,0.9999999881230917
7767,77.67000000000283,0.9999999881426558
7768,77.68000000000283,0.999999988162187
7769,77.69000000000284,0.9999999881816855
7770,77.70000000000285,0.9999999882011512
7771,77.71000000000285,0.9999999882205842
7772,77.72000000000286,0.9999999882399846
7773,77.73000000000286,0.9999999882593523
7774,77.74000000000287,0.9999999882786876
7775,77.75000000000287,0.9999999882979905
7776,77.76000000000288,0.9999999883172609
7777,77.77000000000288,0.999999988336499
7778,77.78000000000289,0.9999999883557047
7779,77.79000000000289,0.9999999883748782
7780,77.8000000000029,0.9999999883940195
7781,77.8100000000029,0.9999999884131288
7782,77.8200000000029,0.9999999884322058
7783,77.83000000000291,0.9999999884512509
7784,77.84000000000292,0.9999999884702641
7785,77.85000000000292,0.9999999884892452
7786,77.86000000000293,0.9999999885081946
7787,77.87000000000293,0.9999999885271121
7788,77.88000000000294,0.9999999885459979
7789,77.89000000000294,0.9999999885648521
7790,77.90000000000295,0.9999999885836746
7791,77.91000000000295,0.9999999886024654
7792,77.92000000000296,0.9999999886212247
7793,77.93000000000296,0.9999999886399527
7794,77.94000000000297,0.999999988658649
7795,77.95000000000297,0.9999999886773141
7796,77.96000000000298,0.9999999886959479
7797,77.97000000000298,0.9999999887145504
7798,77.98000000000299,0.9999999887331217
7799,77.990000000003,0.9999999887516619
7800,78.000000000003,0.9999999887701708
7801,78.010000000003,0.9999999887886488
7802,78.02000000000301,0.9999999888070958
7803,78.03000000000301,0.9999999888255119
7804,78.04000000000302,0.999999988843897
7805,78.05000000000302,0.9999999888622513
7806,78.06000000000303,0.9999999888805748
7807,78.07000000000303,0.9999999888988677
7808,78.08000000000304,0.9999999889171297
7809,78.09000000000304,0.9999999889353612
7810,78.10000000000305,0.9999999889535621
7811,78.11000000000305,0.9999999889717325
7812,78.12000000000306,0.9999999889898724
7813,78.13000000000306,0.9999999890079819
7814,78.14000000000307,0.9999999890260611
7815,78.15000000000308,0.9999999890441099
7816,78.16000000000308,0.9999999890621285
7817,78.17000000000309,0.9999999890801169
7818,78.18000000000309,0.9999999890980751
7819,78.1900000000031,0.9999999891160031
7820,78.2000000000031,0.9999999891339012
7821,78.2100000000031,0.9999999891517692
7822,78.22000000000311,0.9999999891696073
7823,78.23000000000312,0.9999999891874154
7824,78.24000000000312,0.9999999892051937
7825,78.25000000000313,0.9999999892229423
7826,78.26000000000313,0.9999999892406611
7827,78.27000000000314,0.9999999892583502
7828,78.28000000000314,0.9999999892760096
7829,78.29000000000315,0.9999999892936394
7830,78.30000000000315,0.9999999893112398
7831,78.31000000000316,0.9999999893288105
7832,78.32000000000316,0.9999999893463519
7833,78.33000000000317,0.9999999893638639
7834,78.34000000000317,0.9999999893813465
7835,78.35000000000318,0.9999999893987999
7836,78.36000000000318,0.9999999894162239
7837,78.37000000000319,0.9999999894336188
7838,78.3800000000032,0.9999999894509846
7839,78.3900000000032,0.9999999894683212
7840,78.4000000000032,0.9999999894856288
7841,78.41000000000321,0.9999999895029075
7842,78.42000000000321,0.9999999895201571
7843,78.43000000000322,0.9999999895373779
7844,78.44000000000322,0.9999999895545699
7845,78.45000000000323,0.999999989571733
7846,78.46000000000323,0.9999999895888674
7847,78.47000000000324,0.9999999896059731
7848,78.48000000000324,0.9999999896230501
7849,78.49000000000325,0.9999999896400986
7850,78.50000000000325,0.9999999896571186
7851,78.51000000000326,0.99999998967411
7852,78.52000000000326,0.9999999896910728
7853,78.53000000000327,0.9999999897080074
7854,78.54000000000327,0.9999999897249136
7855,78.55000000000328,0.9999999897417915
7856,78.56000000000328,0.9999999897586411
7857,78.57000000000329,0.9999999897754625
7858,78.5800000000033,0.9999999897922557
7859,78.5900000000033,0.9999999898090208
7860,78.6000000000033,0.9999999898257579
7861,78.61000000000331,0.999999989842467
7862,78.62000000000332,0.9999999898591481
7863,78.63000000000332,0.9999999898758012
7864,78.64000000000333,0.9999999898924264
7865,78.65000000000333,0.999999989909024
7866,78.66000000000334,0.9999999899255936
7867,78.67000000000334,0.9999999899421356
7868,78.68000000000335,0.9999999899586498
7869,78.69000000000335,0.9999999899751364
7870,78.70000000000336,0.9999999899915955
7871,78.71000000000336,0.9999999900080269
7872,78.72000000000337,0.9999999900244309
7873,78.73000000000337,0.9999999900408074
7874,78.74000000000338,0.9999999900571566
7875,78.75000000000338,0.9999999900734783
7876,78.76000000000339,0.9999999900897728
7877,78.77000000000339,0.9999999901060399
7878,78.7800000000034,0.9999999901222799
7879,78.7900000000034,0.9999999901384927
7880,78.80000000000341,0.9999999901546784
7881,78.81000000000341,0.9999999901708371
7882,78.82000000000342,0.9999999901869686
7883,78.83000000000342,0.9999999902030733
7884,78.84000000000343,0.9999999902191509
7885,78.85000000000343,0.9999999902352017
7886,78.86000000000344,0.9999999902512255
7887,78.87000000000344,0.9999999902672227
7888,78.88000000000345,0.9999999902831931
7889,78.89000000000345,0.9999999902991368
7890,78.90000000000346,0.9999999903150537
7891,78.91000000000346,0.9999999903309441
7892,78.92000000000347,0.9999999903468079
7893,78.93000000000347,0.9999999903626452
7894,78.94000000000348,0.999999990378456
7895,78.95000000000348,0.9999999903942404
7896,78.96000000000349,0.9999999904099983
7897,78.9700000000035,0.99999999042573
7898,78.9800000000035,0.9999999904414353
7899,78.9900000000035,0.9999999904571143
7900,79.00000000000351,0.9999999904727671
7901,79.01000000000352,0.9999999904883938
7902,79.02000000000352,0.9999999905039944
7903,79.03000000000353,0.9999999905195689
7904,79.04000000000353,0.9999999905351172
7905,79.05000000000354,0.9999999905506397
7906,79.06000000000354,0.9999999905661362
7907,79.07000000000355,0.9999999905816068
7908,79.08000000000355,0.9999999905970516
7909,79.09000000000356,0.9999999906124706
7910,79.10000000000356,0.9999999906278637
7911,79.11000000000357,0.9999999906432312
7912,79.12000000000357,0.9999999906585729
7913,79.13000000000358,0.999999990673889
7914,79.14000000000358,0.9999999906891796
7915,79.15000000000359,0.9999999907044446
7916,79.16000000000359,0.999999990719684
7917,79.1700000000036,0.9999999907348981
7918,79.1800000000036,0.9999999907500866
7919,79.19000000000361,0.9999999907652498
7920,79.20000000000361,0.9999999907803877
7921,79.21000000000362,0.9999999907955004
7922,79.22000000000362,0.9999999908105877
7923,79.23000000000363,0.9999999908256498
7924,79.24000000000363,0.9999999908406868
7925,79.25000000000364,0.9999999908556987
7926,79.26000000000364,0.9999999908706855
7927,79.27000000000365,0.9999999908856473
7928,79.28000000000365,0.999999990900584
7929,79.29000000000366,0.9999999909154959
7930,79.30000000000366,0.9999999909303828
7931,79.31000000000367,0.9999999909452448
7932,79.32000000000367,0.9999999909600821
7933,79.33000000000368,0.9999999909748946
7934,79.34000000000368,0.9999999909896823
7935,79.35000000000369,0.9999999910044454
7936,79.3600000000037,0.9999999910191837
7937,79.3700000000037,0.9999999910338975
7938,79.3800000000037,0.9999999910485867
7939,79.39000000000371,0.9999999910632514
7940,79.40000000000371,0.9999999910778916
7941,79.41000000000372,0.9999999910925074
7942,79.42000000000372,0.9999999911070987
7943,79.43000000000373,0.9999999911216657
7944,79.44000000000374,0.9999999911362084
7945,79.45000000000374,0.9999999911507268
7946,79.46000000000375,0.999999991165221
7947,79.47000000000375,0.999999991179691
7948,79.48000000000376,0.9999999911941369
7949,79.49000000000376,0.9999999912085585
7950,79.50000000000377,0.9999999912229562
7951,79.51000000000377,0.9999999912373299
7952,79.52000000000378,0.9999999912516795
7953,79.53000000000378,0.9999999912660051
7954,79.54000000000379,0.9999999912803069
7955,79.55000000000379,0.9999999912945848
7956,79.5600000000038,0.999999991308839
7957,79.5700000000038,0.9999999913230693
7958,79.5800000000038,0.9999999913372759
7959,79.59000000000381,0.9999999913514588
7960,79.60000000000382,0.9999999913656179
7961,79.61000000000382,0.9999999913797535
7962,79.62000000000383,0.9999999913938655
7963,79.63000000000383,0.9999999914079539
7964,79.64000000000384,0.9999999914220189
7965,79.65000000000384,0.9999999914360604
7966,79.66000000000385,0.9999999914500785
7967,79.67000000000385,0.9999999914640731
7968,79.68000000000386,0.9999999914780445
7969,79.69000000000386,0.9999999914919926
7970,79.70000000000387,0.9999999915059173
7971,79.71000000000387,0.9999999915198189
7972,79.72000000000388,0.9999999915336973
7973,79.73000000000388,0.9999999915475526
7974,79.74000000000389,0.9999999915613846
7975,79.7500000000039,0.9999999915751937
7976,79.7600000000039,0.9999999915889798
7977,79.7700000000039,0.9999999916027428
7978,79.78000000000391,0.9999999916164829
7979,79.79000000000391,0.9999999916302001
7980,79.80000000000392,0.9999999916438944
7981,79.81000000000392,0.9999999916575659
7982,79.82000000000393,0.9999999916712146
7983,79.83000000000393,0.9999999916848406
7984,79.84000000000394,0.9999999916984438
7985,79.85000000000394,0.9999999917120244
7986,79.86000000000395,0.9999999917255822
7987,79.87000000000396,0.9999999917391176
7988,79.88000000000396,0.9999999917526303
7989,79.89000000000397,0.9999999917661205
7990,79.90000000000397,0.9999999917795883
7991,79.91000000000398,0.9999999917930336
7992,79.92000000000398,0.9999999918064565
7993,79.93000000000399,0.999999991819857
7994,79.94000000000399,0.9999999918332352
7995,79.950000000004,0.999999991846591
7996,79.960000000004,0.9999999918599247
7997,79.970000000004,0.9999999918732362
7998,79.98000000000401,0.9999999918865254
7999,79.99000000000402,0.9999999918997925
8000,80.00000000000402,0.9999999919130375
8001,80.01000000000403,0.9999999919262604
8002,80.02000000000403,0.9999999919394613
8003,80.03000000000404,0.9999999919526402
8004,80.04000000000404,0.9999999919657971
8005,80.05000000000405,0.9999999919789322
8006,80.06000000000405,0.9999999919920454
8007,80.07000000000406,0.9999999920051367
8008,80.08000000000406,0.9999999920182062
8009,80.09000000000407,0.9999999920312539
8010,80.10000000000407,0.9999999920442799
8011,80.11000000000408,0.9999999920572842
8012,80.12000000000408,0.9999999920702669
8013,80.13000000000409,0.9999999920832279
8014,80.1400000000041,0.9999999920961673
8015,80.1500000000041,0.9999999921090852
8016,80.1600000000041,0.9999999921219817
8017,80.17000000000411,0.9999999921348565
8018,80.18000000000411,0.99999999214771
8019,80.19000000000412,0.999999992160542
8020,80.20000000000412,0.9999999921733528
8021,80.21000000000413,0.9999999921861421
8022,80.22000000000413,0.9999999921989102
8023,80.23000000000414,0.999999992211657
8024,80.24000000000414,0.9999999922243826
8025,80.25000000000415,0.999999992237087
8026,80.26000000000415,0.9999999922497703
8027,80.27000000000416,0.9999999922624324
8028,80.28000000000416,0.9999999922750735
8029,80.29000000000417,0.9999999922876935
8030,80.30000000000418,0.9999999923002926
8031,80.31000000000418,0.9999999923128706
8032,80.32000000000419,0.9999999923254278
8033,80.33000000000419,0.999999992337964
8034,80.3400000000042,0.9999999923504794
8035,80.3500000000042,0.9999999923629739
8036,80.3600000000042,0.9999999923754477
8037,80.37000000000421,0.9999999923879006
8038,80.38000000000422,0.9999999924003329
8039,80.39000000000422,0.9999999924127445
8040,80.40000000000423,0.9999999924251354
8041,80.41000000000423,0.9999999924375057
8042,80.42000000000424,0.9999999924498555
8043,80.43000000000424,0.9999999924621846
8044,80.44000000000425,0.9999999924744933
8045,80.45000000000425,0.9999999924867815
8046,80.46000000000426,0.9999999924990493
8047,80.47000000000426,0.9999999925112966
8048,80.48000000000427,0.9999999925235236
8049,80.49000000000427,0.9999999925357301
8050,80.50000000000428,0.9999999925479165
8051,80.51000000000428,0.9999999925600825
8052,80.52000000000429,0.9999999925722284
8053,80.53000000000429,0.999999992584354
8054,80.5400000000043,0.9999999925964594
8055,80.5500000000043,0.9999999926085448
8056,80.56000000000431,0.99999999262061
8057,80.57000000000431,0.9999999926326552
8058,80.58000000000432,0.9999999926446803
8059,80.59000000000432,0.9999999926566854
8060,80.60000000000433,0.9999999926686706
8061,80.61000000000433,0.9999999926806358
8062,80.62000000000434,0.9999999926925811
8063,80.63000000000434,0.9999999927045067
8064,80.64000000000435,0.9999999927164123
8065,80.65000000000435,0.9999999927282982
8066,80.66000000000436,0.9999999927401643
8067,80.67000000000436,0.9999999927520107
8068,80.68000000000437,0.9999999927638373
8069,80.69000000000437,0.9999999927756443
8070,80.70000000000438,0.9999999927874318
8071,80.71000000000438,0.9999999927991996
8072,80.72000000000439,0.9999999928109479
8073,80.7300000000044,0.9999999928226766
8074,80.7400000000044,0.9999999928343858
8075,80.7500000000044,0.9999999928460755
8076,80.76000000000441,0.9999999928577459
8077,80.77000000000442,0.9999999928693968
8078,80.78000000000442,0.9999999928810284
8079,80.79000000000443,0.9999999928926406
8080,80.80000000000443,0.9999999929042336
8081,80.81000000000444,0.9999999929158073
8082,80.82000000000444,0.9999999929273617
8083,80.83000000000445,0.9999999929388971
8084,80.84000000000445,0.9999999929504132
8085,80.85000000000446,0.9999999929619101
8086,80.86000000000446,0.9999999929733879
8087,80.87000000000447,0.9999999929848468
8088,80.88000000000447,0.9999999929962865
8089,80.89000000000448,0.9999999930077073
8090,80.90000000000448,0.9999999930191091
8091,80.91000000000449,0.9999999930304919
8092,80.92000000000449,0.9999999930418558
8093,80.9300000000045,0.999999993053201
8094,80.9400000000045,0.9999999930645271
8095,80.95000000000451,0.9999999930758345
8096,80.96000000000451,0.9999999930871232
8097,80.97000000000452,0.999999993098393
8098,80.98000000000452,0.9999999931096443
8099,80.99000000000453,0.9999999931208767
8100,81.00000000000453,0.9999999931320905
8101,81.01000000000454,0.9999999931432858
8102,81.02000000000454,0.9999999931544624
8103,81.03000000000455,0.9999999931656205
8104,81.04000000000455,0.99999999317676
8105,81.05000000000456,0.999999993187881
8106,81.06000000000456,0.9999999931989836
8107,81.07000000000457,0.9999999932100677
8108,81.08000000000457,0.9999999932211334
8109,81.09000000000458,0.9999999932321808
8110,81.10000000000458,0.9999999932432099
8111,81.11000000000459,0.9999999932542206
8112,81.1200000000046,0.999999993265213
8113,81.1300000000046,0.9999999932761873
8114,81.1400000000046,0.9999999932871432
8115,81.15000000000461,0.999999993298081
8116,81.16000000000462,0.9999999933090007
8117,81.17000000000462,0.9999999933199022
8118,81.18000000000463,0.9999999933307856
8119,81.19000000000463,0.999999993341651
8120,81.20000000000464,0.9999999933524983
8121,81.21000000000464,0.9999999933633277
8122,81.22000000000465,0.999999993374139
8123,81.23000000000465,0.9999999933849325
8124,81.24000000000466,0.999999993395708
8125,81.25000000000466,0.9999999934064656
8126,81.26000000000467,0.9999999934172054
8127,81.27000000000467,0.9999999934279273
8128,81.28000000000468,0.9999999934386316
8129,81.29000000000468,0.999999993449318
8130,81.30000000000469,0.9999999934599867
8131,81.31000000000469,0.9999999934706377
8132,81.3200000000047,0.999999993481271
8133,81.3300000000047,0.9999999934918867
8134,81.34000000000471,0.9999999935024848
8135,81.35000000000471,0.9999999935130652
8136,81.36000000000472,0.9999999935236282
8137,81.37000000000472,0.9999999935341737
8138,81.38000000000473,0.9999999935447016
8139,81.39000000000473,0.9999999935552121
8140,81.40000000000474,0.9999999935657051
8141,81.41000000000474,0.9999999935761807
8142,81.42000000000475,0.999999993586639
8143,81.43000000000475,0.99999999359708
8144,81.44000000000476,0.9999999936075037
8145,81.45000000000476,0.99999999361791
8146,81.46000000000477,0.999999993628299
8147,81.47000000000477,0.9999999936386709
8148,81.48000000000478,0.9999999936490256
8149,81.49000000000478,0.9999999936593631
8150,81.50000000000479,0.9999999936696834
8151,81.5100000000048,0.9999999936799867
8152,81.5200000000048,0.9999999936902728
8153,81.5300000000048,0.9999999937005419
8154,81.54000000000481,0.9999999937107941
8155,81.55000000000481,0.9999999937210292
8156,81.56000000000482,0.9999999937312473
8157,81.57000000000482,0.9999999937414485
8158,81.58000000000483,0.9999999937516328
8159,81.59000000000484,0.9999999937618002
8160,81.60000000000484,0.9999999937719508
8161,81.61000000000485,0.9999999937820845
8162,81.62000000000485,0.9999999937922015
8163,81.63000000000486,0.9999999938023016
8164,81.64000000000486,0.999999993812385
8165,81.65000000000487,0.9999999938224517
8166,81.66000000000487,0.9999999938325018
8167,81.67000000000488,0.9999999938425352
8168,81.68000000000488,0.999999993852552
8169,81.69000000000489,0.9999999938625522
8170,81.70000000000489,0.9999999938725358
8171,81.7100000000049,0.9999999938825029
8172,81.7200000000049,0.9999999938924534
8173,81.7300000000049,0.9999999939023875
8174,81.74000000000491,0.9999999939123051
8175,81.75000000000492,0.9999999939222063
8176,81.76000000000492,0.9999999939320912
8177,81.77000000000493,0.9999999939419595
8178,81.78000000000493,0.9999999939518116
8179,81.79000000000494,0.9999999939616474
8180,81.80000000000494,0.9999999939714668
8181,81.81000000000495,0.99999999398127
8182,81.82000000000495,0.999999993991057
8183,81.83000000000496,0.9999999940008277
8184,81.84000000000496,0.9999999940105823
8185,81.85000000000497,0.9999999940203207
8186,81.86000000000497,0.999999994030043
8187,81.87000000000498,0.9999999940397493
8188,81.88000000000498,0.9999999940494393
8189,81.89000000000499,0.9999999940591134
8190,81.900000000005,0.9999999940687715
8191,81.910000000005,0.9999999940784136
8192,81.920000000005,0.9999999940880396
8193,81.93000000000501,0.9999999940976498
8194,81.94000000000501,0.999999994107244
8195,81.95000000000502,0.9999999941168225
8196,81.96000000000502,0.999999994126385
8197,81.97000000000503,0.9999999941359317
8198,81.98000000000503,0.9999999941454626
8199,81.99000000000504,0.9999999941549776
8200,82.00000000000504,0.999999994164477
8201,82.01000000000505,0.9999999941739607
8202,82.02000000000506,0.9999999941834287
8203,82.03000000000506,0.9999999941928809
8204,82.04000000000507,0.9999999942023176
8205,82.05000000000507,0.9999999942117386
8206,82.06000000000508,0.9999999942211439
8207,82.07000000000508,0.9999999942305339
8208,82.08000000000509,0.9999999942399082
8209,82.09000000000509,0.999999994249267
8210,82.1000000000051,0.9999999942586103
8211,82.1100000000051,0.9999999942679382
8212,82.1200000000051,0.9999999942772506
8213,82.13000000000511,0.9999999942865476
8214,82.14000000000512,0.9999999942958293
8215,82.15000000000512,0.9999999943050956
8216,82.16000000000513,0.9999999943143465
8217,82.17000000000513,0.9999999943235822
8218,82.18000000000514,0.9999999943328026
8219,82.19000000000514,0.9999999943420077
8220,82.20000000000515,0.9999999943511976
8221,82.21000000000515,0.9999999943603723
8222,82.22000000000516,0.9999999943695319
8223,82.23000000000516,0.9999999943786763
8224,82.24000000000517,0.9999999943878055
8225,82.25000000000517,0.9999999943969197
8226,82.26000000000518,0.9999999944060187
8227,82.27000000000518,0.9999999944151028
8228,82.28000000000519,0.9999999944241718
8229,82.2900000000052,0.9999999944332257
8230,82.3000000000052,0.9999999944422648
8231,82.3100000000052,0.999999994451289
8232,82.32000000000521,0.9999999944602981
8233,82.33000000000521,0.9999999944692924
8234,82.34000000000522,0.9999999944782718
8235,82.35000000000522,0.9999999944872364
8236,82.36000000000523,0.9999999944961862
8237,82.37000000000523,0.9999999945051211
8238,82.38000000000524,0.9999999945140412
8239,82.39000000000524,0.9999999945229466
8240,82.40000000000525,0.9999999945318374
8241,82.41000000000525,0.9999999945407134
8242,82.42000000000526,0.9999999945495748
8243,82.43000000000526,0.9999999945584215
8244,82.44000000000527,0.9999999945672535
8245,82.45000000000528,0.999999994576071
8246,82.46000000000528,0.9999999945848739
8247,82.47000000000529,0.9999999945936623
8248,82.48000000000529,0.9999999946024362
8249,82.4900000000053,0.9999999946111955
8250,82.5000000000053,0.9999999946199403
8251,82.5100000000053,0.9999999946286707
8252,82.52000000000531,0.9999999946373866
8253,82.53000000000532,0.9999999946460882
8254,82.54000000000532,0.9999999946547755
8255,82.55000000000533,0.9999999946634484
8256,82.56000000000533,0.9999999946721069
8257,82.57000000000534,0.9999999946807511
8258,82.58000000000534,0.9999999946893809
8259,82.59000000000535,0.9999999946979967
8260,82.60000000000535,0.9999999947065982
8261,82.61000000000536,0.9999999947151854
8262,82.62000000000536,0.9999999947237584
8263,82.63000000000537,0.9999999947323173
8264,82.64000000000537,0.9999999947408621
8265,82.65000000000538,0.9999999947493927
8266,82.66000000000538,0.9999999947579092
8267,82.67000000000539,0.9999999947664118
8268,82.68000000000539,0.9999999947749002
8269,82.6900000000054,0.9999999947833746
8270,82.7000000000054,0.999999994791835
8271,82.71000000000541,0.9999999948002815
8272,82.72000000000541,0.999999994808714
8273,82.73000000000542,0.9999999948171325
8274,82.74000000000542,0.9999999948255373
8275,82.75000000000543,0.9999999948339281
8276,82.76000000000543,0.9999999948423051
8277,82.77000000000544,0.9999999948506682
8278,82.78000000000544,0.9999999948590175
8279,82.79000000000545,0.999999994867353
8280,82.80000000000545,0.9999999948756747
8281,82.81000000000546,0.9999999948839827
8282,82.82000000000546,0.9999999948922771
8283,82.83000000000547,0.9999999949005577
8284,82.84000000000547,0.9999999949088246
8285,82.85000000000548,0.999999994917078
8286,82.86000000000548,0.9999999949253177
8287,82.87000000000549,0.9999999949335437
8288,82.8800000000055,0.9999999949417563
8289,82.8900000000055,0.9999999949499552
8290,82.9000000000055,0.9999999949581406
8291,82.91000000000551,0.9999999949663125
8292,82.92000000000552,0.999999994974471
8293,82.93000000000552,0.9999999949826159
8294,82.94000000000553,0.9999999949907474
8295,82.95000000000553,0.9999999949988656
8296,82.96000000000554,0.9999999950069702
8297,82.97000000000554,0.9999999950150616
8298,82.98000000000555,0.9999999950231396
8299,82.99000000000555,0.9999999950312043
8300,83.00000000000556,0.9999999950392556
8301,83.01000000000556,0.9999999950472936
8302,83.02000000000557,0.9999999950553184
8303,83.03000000000557,0.99999999506333
8304,83.04000000000558,0.9999999950713284
8305,83.05000000000558,0.9999999950793136
8306,83.06000000000559,0.9999999950872855
8307,83.07000000000559,0.9999999950952444
8308,83.0800000000056,0.9999999951031902
8309,83.0900000000056,0.9999999951111227
8310,83.10000000000561,0.9999999951190423
8311,83.11000000000561,0.9999999951269487
8312,83.12000000000562,0.9999999951348422
8313,83.13000000000562,0.9999999951427225
8314,83.14000000000563,0.9999999951505899
8315,83.15000000000563,0.9999999951584444
8316,83.16000000000564,0.9999999951662859
8317,83.17000000000564,0.9999999951741144
8318,83.18000000000565,0.9999999951819301
8319,83.19000000000565,0.9999999951897328
8320,83.20000000000566,0.9999999951975227
8321,83.21000000000566,0.9999999952052997
8322,83.22000000000567,0.9999999952130639
8323,83.23000000000567,0.9999999952208154
8324,83.24000000000568,0.9999999952285541
8325,83.25000000000568,0.9999999952362799
8326,83.26000000000569,0.9999999952439931
8327,83.2700000000057,0.9999999952516935
8328,83.2800000000057,0.9999999952593812
8329,83.2900000000057,0.9999999952670563
8330,83.30000000000571,0.9999999952747187
8331,83.31000000000572,0.9999999952823686
8332,83.32000000000572,0.9999999952900057
8333,83.33000000000573,0.9999999952976303
8334,83.34000000000573,0.9999999953052424
8335,83.35000000000574,0.9999999953128419
8336,83.36000000000574,0.9999999953204288
8337,83.37000000000575,0.9999999953280033
8338,83.38000000000575,0.9999999953355653
8339,83.39000000000576,0.9999999953431148
8340,83.40000000000576,0.9999999953506519
8341,83.41000000000577,0.9999999953581765
8342,83.42000000000577,0.9999999953656887
8343,83.43000000000578,0.9999999953731886
8344,83.44000000000578,0.9999999953806762
8345,83.45000000000579,0.9999999953881513
8346,83.46000000000579,0.9999999953956142
8347,83.4700000000058,0.9999999954030648
8348,83.4800000000058,0.9999999954105031
8349,83.49000000000581,0.9999999954179292
8350,83.50000000000581,0.999999995425343
8351,83.51000000000582,0.9999999954327446
8352,83.52000000000582,0.9999999954401341
8353,83.53000000000583,0.9999999954475113
8354,83.54000000000583,0.9999999954548764
8355,83.55000000000584,0.9999999954622294
8356,83.56000000000584,0.9999999954695702
8357,83.57000000000585,0.999999995476899
8358,83.58000000000585,0.9999999954842157
8359,83.59000000000586,0.9999999954915203
8360,83.60000000000586,0.9999999954988129
8361,83.61000000000587,0.9999999955060935
8362,83.62000000000587,0.9999999955133622
8363,83.63000000000588,0.9999999955206188
8364,83.64000000000588,0.9999999955278636
8365,83.65000000000589,0.9999999955350963
8366,83.6600000000059,0.9999999955423172
8367,83.6700000000059,0.9999999955495262
8368,83.6800000000059,0.9999999955567233
8369,83.69000000000591,0.9999999955639086
8370,83.70000000000591,0.999999995571082
8371,83.71000000000592,0.9999999955782436
8372,83.72000000000592,0.9999999955853934
8373,83.73000000000593,0.9999999955925315
8374,83.74000000000594,0.9999999955996579
8375,83.75000000000594,0.9999999956067724
8376,83.76000000000595,0.9999999956138753
8377,83.77000000000595,0.9999999956209665
8378,83.78000000000596,0.9999999956280461
8379,83.79000000000596,0.999999995635114
8380,83.80000000000597,0.9999999956421702
8381,83.81000000000597,0.9999999956492148
8382,83.82000000000598,0.9999999956562479
8383,83.83000000000598,0.9999999956632694
8384,83.84000000000599,0.9999999956702792
8385,83.85000000000599,0.9999999956772776
8386,83.860000000006,0.9999999956842645
8387,83.870000000006,0.9999999956912399
8388,83.880000000006,0.9999999956982037
8389,83.89000000000601,0.9999999957051562
8390,83.90000000000602,0.9999999957120972
8391,83.91000000000602,0.9999999957190268
8392,83.92000000000603,0.9999999957259449
8393,83.93000000000603,0.9999999957328517
8394,83.94000000000604,0.9999999957397471
8395,83.95000000000604,0.9999999957466312
8396,83.96000000000605,0.999999995753504
8397,83.97000000000605,0.9999999957603655
8398,83.98000000000606,0.9999999957672157
8399,83.99000000000606,0.9999999957740545
8400,84.00000000000607,0.9999999957808822
8401,84.01000000000607,0.9999999957876986
8402,84.02000000000608,0.9999999957945038
8403,84.03000000000608,0.9999999958012978
8404,84.04000000000609,0.9999999958080807
8405,84.0500000000061,0.9999999958148524
8406,84.0600000000061,0.999999995821613
8407,84.0700000000061,0.9999999958283625
8408,84.08000000000611,0.9999999958351008
8409,84.09000000000611,0.9999999958418281
8410,84.10000000000612,0.9999999958485444
8411,84.11000000000612,0.9999999958552496
8412,84.12000000000613,0.9999999958619437
8413,84.13000000000613,0.9999999958686269
8414,84.14000000000614,0.999999995875299
8415,84.15000000000614,0.9999999958819602
8416,84.16000000000615,0.9999999958886104
8417,84.17000000000616,0.9999999958952497
8418,84.18000000000616,0.9999999959018782
8419,84.19000000000617,0.9999999959084956
8420,84.20000000000617,0.9999999959151022
8421,84.21000000000618,0.9999999959216981
8422,84.22000000000618,0.9999999959282829
8423,84.23000000000619,0.9999999959348571
8424,84.24000000000619,0.9999999959414204
8425,84.2500000000062,0.9999999959479728
8426,84.2600000000062,0.9999999959545146
8427,84.2700000000062,0.9999999959610456
8428,84.28000000000621,0.999999995967566
8429,84.29000000000622,0.9999999959740754
8430,84.30000000000622,0.9999999959805743
8431,84.31000000000623,0.9999999959870625
8432,84.32000000000623,0.9999999959935401
8433,84.33000000000624,0.9999999960000069
8434,84.34000000000624,0.9999999960064632
8435,84.35000000000625,0.9999999960129088
8436,84.36000000000625,0.9999999960193439
8437,84.37000000000626,0.9999999960257683
8438,84.38000000000626,0.9999999960321823
8439,84.39000000000627,0.9999999960385857
8440,84.40000000000627,0.9999999960449786
8441,84.41000000000628,0.9999999960513609
8442,84.42000000000628,0.9999999960577328
8443,84.43000000000629,0.9999999960640943
8444,84.4400000000063,0.9999999960704452
8445,84.4500000000063,0.9999999960767858
8446,84.4600000000063,0.999999996083116
8447,84.47000000000631,0.9999999960894357
8448,84.48000000000631,0.9999999960957451
8449,84.49000000000632,0.999999996102044
8450,84.50000000000632,0.9999999961083327
8451,84.51000000000633,0.999999996114611
8452,84.52000000000633,0.9999999961208791
8453,84.53000000000634,0.9999999961271367
8454,84.54000000000634,0.9999999961333842
8455,84.55000000000635,0.9999999961396214
8456,84.56000000000635,0.9999999961458484
8457,84.57000000000636,0.9999999961520651
8458,84.58000000000636,0.9999999961582717
8459,84.59000000000637,0.999999996164468
8460,84.60000000000637,0.9999999961706542
8461,84.61000000000638,0.9999999961768302
8462,84.62000000000639,0.9999999961829961
8463,84.63000000000639,0.9999999961891518
8464,84.6400000000064,0.9999999961952976
8465,84.6500000000064,0.9999999962014331
8466,84.6600000000064,0.9999999962075585
8467,84.67000000000641,0.999999996213674
8468,84.68000000000642,0.9999999962197794
8469,84.69000000000642,0.9999999962258748
8470,84.70000000000643,0.9999999962319602
8471,84.71000000000643,0.9999999962380356
8472,84.72000000000644,0.9999999962441011
8473,84.73000000000644,0.9999999962501566
8474,84.74000000000645,0.9999999962562021
8475,84.75000000000645,0.9999999962622377
8476,84.76000000000646,0.9999999962682634
8477,84.77000000000646,0.9999999962742793
8478,84.78000000000647,0.9999999962802852
8479,84.79000000000647,0.9999999962862813
8480,84.80000000000648,0.9999999962922675
8481,84.81000000000648,0.999999996298244
8482,84.82000000000649,0.9999999963042107
8483,84.83000000000649,0.9999999963101676
8484,84.8400000000065,0.9999999963161146
8485,84.8500000000065,0.9999999963220519
8486,84.86000000000651,0.9999999963279795
8487,84.87000000000651,0.9999999963338975
8488,84.88000000000652,0.9999999963398056
8489,84.89000000000652,0.999999996345704
8490,84.90000000000653,0.9999999963515929
8491,84.91000000000653,0.999999996357472
8492,84.92000000000654,0.9999999963633415
8493,84.93000000000654,0.9999999963692013
8494,84.94000000000655,0.9999999963750517
8495,84.95000000000655,0.9999999963808923
8496,84.96000000000656,0.9999999963867234
8497,84.97000000000656,0.999999996392545
8498,84.98000000000657,0.9999999963983569
8499,84.99000000000657,0.9999999964041594
8500,85.00000000000658,0.9999999964099524
8501,85.01000000000658,0.9999999964157358
8502,85.02000000000659,0.9999999964215098
8503,85.0300000000066,0.9999999964272743
8504,85.0400000000066,0.9999999964330294
8505,85.0500000000066,0.999999996438775
8506,85.06000000000661,0.9999999964445112
8507,85.07000000000662,0.999999996450238
8508,85.08000000000662,0.9999999964559554
8509,85.09000000000663,0.9999999964616634
8510,85.10000000000663,0.9999999964673622
8511,85.11000000000664,0.9999999964730515
8512,85.12000000000664,0.9999999964787315
8513,85.13000000000665,0.9999999964844022
8514,85.14000000000665,0.9999999964900635
8515,85.15000000000666,0.9999999964957157
8516,85.16000000000666,0.9999999965013586
8517,85.17000000000667,0.9999999965069922
8518,85.18000000000667,0.9999999965126166
8519,85.19000000000668,0.9999999965182318
8520,85.20000000000668,0.9999999965238378
8521,85.21000000000669,0.9999999965294346
8522,85.22000000000669,0.9999999965350223
8523,85.2300000000067,0.9999999965406007
8524,85.2400000000067,0.99999999654617
8525,85.25000000000671,0.9999999965517302
8526,85.26000000000671,0.9999999965572813
8527,85.27000000000672,0.9999999965628233
8528,85.28000000000672,0.9999999965683563
8529,85.29000000000673,0.9999999965738802
8530,85.30000000000673,0.999999996579395
8531,85.31000000000674,0.9999999965849008
8532,85.32000000000674,0.9999999965903975
8533,85.33000000000675,0.9999999965958852
8534,85.34000000000675,0.9999999966013641
8535,85.35000000000676,0.9999999966068338
8536,85.36000000000676,0.9999999966122947
8537,85.37000000000677,0.9999999966177466
8538,85.38000000000677,0.9999999966231896
8539,85.39000000000678,0.9999999966286236
8540,85.40000000000678,0.9999999966340488
8541,85.41000000000679,0.999999996639465
8542,85.4200000000068,0.9999999966448725
8543,85.4300000000068,0.9999999966502711
8544,85.4400000000068,0.9999999966556608
8545,85.45000000000681,0.9999999966610417
8546,85.46000000000681,0.9999999966664137
8547,85.47000000000682,0.999999996671777
8548,85.48000000000683,0.9999999966771315
8549,85.49000000000683,0.9999999966824772
8550,85.50000000000684,0.9999999966878143
8551,85.51000000000684,0.9999999966931424
8552,85.52000000000685,0.999999996698462
8553,85.53000000000685,0.9999999967037728
8554,85.54000000000686,0.9999999967090749
8555,85.55000000000686,0.9999999967143683
8556,85.56000000000687,0.9999999967196532
8557,85.57000000000687,0.9999999967249293
8558,85.58000000000688,0.9999999967301968
8559,85.59000000000688,0.9999999967354557
8560,85.60000000000689,0.9999999967407059
8561,85.61000000000689,0.9999999967459476
8562,85.6200000000069,0.9999999967511808
8563,85.6300000000069,0.9999999967564053
8564,85.6400000000069,0.9999999967616213
8565,85.65000000000691,0.9999999967668287
8566,85.66000000000692,0.9999999967720277
8567,85.67000000000692,0.9999999967772182
8568,85.68000000000693,0.9999999967824
8569,85.69000000000693,0.9999999967875736
8570,85.70000000000694,0.9999999967927385
8571,85.71000000000694,0.9999999967978951
8572,85.72000000000695,0.9999999968030432
8573,85.73000000000695,0.9999999968081829
8574,85.74000000000696,0.9999999968133142
8575,85.75000000000696,0.9999999968184371
8576,85.76000000000697,0.9999999968235516
8577,85.77000000000697,0.9999999968286577
8578,85.78000000000698,0.9999999968337555
8579,85.79000000000698,0.999999996838845
8580,85.80000000000699,0.999999996843926
8581,85.810000000007,0.9999999968489989
8582,85.820000000007,0.9999999968540634
8583,85.830000000007,0.9999999968591197
8584,85.84000000000701,0.9999999968641676
8585,85.85000000000701,0.9999999968692074
8586,85.86000000000702,0.9999999968742388
8587,85.87000000000702,0.9999999968792621
8588,85.88000000000703,0.9999999968842771
8589,85.89000000000703,0.999999996889284
8590,85.90000000000704,0.9999999968942827
8591,85.91000000000705,0.9999999968992731
8592,85.92000000000705,0.9999999969042555
8593,85.93000000000706,0.9999999969092296
8594,85.94000000000706,0.9999999969141956
8595,85.95000000000707,0.9999999969191535
8596,85.96000000000707,0.9999999969241034
8597,85.97000000000708,0.9999999969290451
8598,85.98000000000708,0.9999999969339787
8599,85.99000000000709,0.9999999969389043
8600,86.00000000000709,0.9999999969438218
8601,86.0100000000071,0.9999999969487313
8602,86.0200000000071,0.9999999969536328
8603,86.0300000000071,0.9999999969585263
8604,86.04000000000711,0.9999999969634117
8605,86.05000000000712,0.9999999969682892
8606,86.06000000000712,0.9999999969731587
8607,86.07000000000713,0.9999999969780202
8608,86.08000000000713,0.9999999969828739
8609,86.09000000000714,0.9999999969877196
8610,86.10000000000714,0.9999999969925573
8611,86.11000000000715,0.9999999969973872
8612,86.12000000000715,0.9999999970022091
8613,86.13000000000716,0.9999999970070231
8614,86.14000000000716,0.9999999970118294
8615,86.15000000000717,0.9999999970166278
8616,86.16000000000717,0.9999999970214183
8617,86.17000000000718,0.999999997026201
8618,86.18000000000718,0.9999999970309759
8619,86.19000000000719,0.9999999970357429
8620,86.2000000000072,0.9999999970405022
8621,86.2100000000072,0.9999999970452538
8622,86.2200000000072,0.9999999970499975
8623,86.23000000000721,0.9999999970547335
8624,86.24000000000721,0.9999999970594619
8625,86.25000000000722,0.9999999970641823
8626,86.26000000000722,0.9999999970688952
8627,86.27000000000723,0.9999999970736003
8628,86.28000000000723,0.9999999970782978
8629,86.29000000000724,0.9999999970829876
8630,86.30000000000724,0.9999999970876697
8631,86.31000000000725,0.9999999970923442
8632,86.32000000000725,0.999999997097011
8633,86.33000000000726,0.9999999971016703
8634,86.34000000000727,0.9999999971063219
8635,86.35000000000727,0.999999997110966
8636,86.36000000000728,0.9999999971156024
8637,86.37000000000728,0.9999999971202312
8638,86.38000000000729,0.9999999971248525
8639,86.39000000000729,0.9999999971294664
8640,86.4000000000073,0.9999999971340726
8641,86.4100000000073,0.9999999971386714
8642,86.4200000000073,0.9999999971432626
8643,86.43000000000731,0.9999999971478463
8644,86.44000000000732,0.9999999971524225
8645,86.45000000000732,0.9999999971569913
8646,86.46000000000733,0.9999999971615526
8647,86.47000000000733,0.9999999971661064
8648,86.48000000000734,0.9999999971706529
8649,86.49000000000734,0.999999997175192
8650,86.50000000000735,0.9999999971797235
8651,86.51000000000735,0.9999999971842477
8652,86.52000000000736,0.9999999971887645
8653,86.53000000000736,0.999999997193274
8654,86.54000000000737,0.9999999971977761
8655,86.55000000000737,0.9999999972022708
8656,86.56000000000738,0.9999999972067583
8657,86.57000000000738,0.9999999972112383
8658,86.58000000000739,0.9999999972157111
8659,86.5900000000074,0.9999999972201766
8660,86.6000000000074,0.9999999972246348
8661,86.6100000000074,0.9999999972290857
8662,86.62000000000741,0.9999999972335294
8663,86.63000000000741,0.9999999972379658
8664,86.64000000000742,0.999999997242395
8665,86.65000000000742,0.999999997246817
8666,86.66000000000743,0.9999999972512317
8667,86.67000000000743,0.9999999972556393
8668,86.68000000000744,0.9999999972600395
8669,86.69000000000744,0.9999999972644328
8670,86.70000000000745,0.9999999972688187
8671,86.71000000000745,0.9999999972731975
8672,86.72000000000746,0.9999999972775693
8673,86.73000000000746,0.9999999972819339
8674,86.74000000000747,0.9999999972862913
8675,86.75000000000747,0.9999999972906417
8676,86.76000000000748,0.9999999972949849
8677,86.77000000000749,0.9999999972993211
8678,86.78000000000749,0.9999999973036502
8679,86.7900000000075,0.9999999973079723
8680,86.8000000000075,0.9999999973122873
8681,86.8100000000075,0.9999999973165953
8682,86.82000000000751,0.9999999973208962
8683,86.83000000000752,0.9999999973251901
8684,86.84000000000752,0.9999999973294771
8685,86.85000000000753,0.999999997333757
8686,86.86000000000753,0.9999999973380299
8687,86.87000000000754,0.9999999973422959
8688,86.88000000000754,0.999999997346555
8689,86.89000000000755,0.999999997350807
8690,86.90000000000755,0.9999999973550522
8691,86.91000000000756,0.9999999973592905
8692,86.92000000000756,0.9999999973635217
8693,86.93000000000757,0.9999999973677463
8694,86.94000000000757,0.9999999973719638
8695,86.95000000000758,0.9999999973761745
8696,86.96000000000758,0.9999999973803783
8697,86.97000000000759,0.9999999973845752
8698,86.98000000000759,0.9999999973887653
8699,86.9900000000076,0.9999999973929486
8700,87.0000000000076,0.9999999973971252
8701,87.01000000000761,0.9999999974012949
8702,87.02000000000761,0.9999999974054576
8703,87.03000000000762,0.9999999974096138
8704,87.04000000000762,0.9999999974137631
8705,87.05000000000763,0.9999999974179057
8706,87.06000000000763,0.9999999974220415
8707,87.07000000000764,0.9999999974261705
8708,87.08000000000764,0.9999999974302929
8709,87.09000000000765,0.9999999974344086
8710,87.10000000000765,0.9999999974385174
8711,87.11000000000766,0.9999999974426197
8712,87.12000000000766,0.9999999974467153
8713,87.13000000000767,0.9999999974508041
8714,87.14000000000767,0.9999999974548863
8715,87.15000000000768,0.999999997458962
8716,87.16000000000768,0.9999999974630308
8717,87.17000000000769,0.9999999974670931
8718,87.1800000000077,0.9999999974711489
8719,87.1900000000077,0.999999997475198
8720,87.2000000000077,0.9999999974792404
8721,87.21000000000771,0.9999999974832763
8722,87.22000000000772,0.9999999974873056
8723,87.23000000000772,0.9999999974913284
8724,87.24000000000773,0.9999999974953446
8725,87.25000000000773,0.9999999974993543
8726,87.26000000000774,0.9999999975033574
8727,87.27000000000774,0.999999997507354
8728,87.28000000000775,0.9999999975113442
8729,87.29000000000775,0.9999999975153278
8730,87.30000000000776,0.9999999975193049
8731,87.31000000000776,0.9999999975232756
8732,87.32000000000777,0.9999999975272398
8733,87.33000000000777,0.9999999975311975
8734,87.34000000000778,0.9999999975351489
8735,87.35000000000778,0.9999999975390937
8736,87.36000000000779,0.9999999975430321
8737,87.37000000000779,0.9999999975469642
8738,87.3800000000078,0.9999999975508899
8739,87.3900000000078,0.9999999975548091
8740,87.40000000000781,0.9999999975587219
8741,87.41000000000781,0.9999999975626285
8742,87.42000000000782,0.9999999975665286
8743,87.43000000000782,0.9999999975704223
8744,87.44000000000783,0.9999999975743098
8745,87.45000000000783,0.9999999975781909
8746,87.46000000000784,0.9999999975820658
8747,87.47000000000784,0.9999999975859343
8748,87.48000000000785,0.9999999975897965
8749,87.49000000000785,0.9999999975936524
8750,87.50000000000786,0.999999997597502
8751,87.51000000000786,0.9999999976013455
8752,87.52000000000787,0.9999999976051825
8753,87.53000000000787,0.9999999976090135
8754,87.54000000000788,0.9999999976128382
8755,87.55000000000788,0.9999999976166566
8756,87.56000000000789,0.9999999976204688
8757,87.5700000000079,0.9999999976242748
8758,87.5800000000079,0.9999999976280747
8759,87.5900000000079,0.9999999976318683
8760,87.60000000000791,0.9999999976356557
8761,87.61000000000791,0.9999999976394371
8762,87.62000000000792,0.9999999976432122
8763,87.63000000000793,0.9999999976469813
8764,87.64000000000793,0.9999999976507442
8765,87.65000000000794,0.999999997654501
8766,87.66000000000794,0.9999999976582516
8767,87.67000000000795,0.9999999976619962
8768,87.68000000000795,0.9999999976657347
8769,87.69000000000796,0.999999997669467
8770,87.70000000000796,0.9999999976731934
8771,87.71000000000797,0.9999999976769136
8772,87.72000000000797,0.9999999976806279
8773,87.73000000000798,0.999999997684336
8774,87.74000000000798,0.9999999976880382
8775,87.75000000000799,0.9999999976917343
8776,87.76000000000799,0.9999999976954244
8777,87.770000000008,0.9999999976991085
8778,87.780000000008,0.9999999977027867
8779,87.790000000008,0.9999999977064588
8780,87.80000000000801,0.9999999977101249
8781,87.81000000000802,0.9999999977137852
8782,87.82000000000802,0.9999999977174394
8783,87.83000000000803,0.9999999977210878
8784,87.84000000000803,0.9999999977247301
8785,87.85000000000804,0.9999999977283667
8786,87.86000000000804,0.9999999977319972
8787,87.87000000000805,0.9999999977356219
8788,87.88000000000805,0.9999999977392406
8789,87.89000000000806,0.9999999977428535
8790,87.90000000000806,0.9999999977464605
8791,87.91000000000807,0.9999999977500617
8792,87.92000000000807,0.999999997753657
8793,87.93000000000808,0.9999999977572465
8794,87.94000000000808,0.99999999776083
8795,87.95000000000809,0.9999999977644078
8796,87.9600000000081,0.9999999977679799
8797,87.9700000000081,0.999999997771546
8798,87.9800000000081,0.9999999977751064
8799,87.99000000000811,0.999999997778661
8800,88.00000000000811,0.9999999977822098
8801,88.01000000000812,0.9999999977857529
8802,88.02000000000812,0.9999999977892903
8803,88.03000000000813,0.9999999977928218
8804,88.04000000000813,0.9999999977963476
8805,88.05000000000814,0.9999999977998677
8806,88.06000000000815,0.9999999978033821
8807,88.07000000000815,0.9999999978068908
8808,88.08000000000816,0.9999999978103937
8809,88.09000000000816,0.999999997813891
8810,88.10000000000817,0.9999999978173826
8811,88.11000000000817,0.9999999978208686
8812,88.12000000000818,0.9999999978243488
8813,88.13000000000818,0.9999999978278233
8814,88.14000000000819,0.9999999978312923
8815,88.15000000000819,0.9999999978347557
8816,88.1600000000082,0.9999999978382134
8817,88.1700000000082,0.9999999978416655
8818,88.1800000000082,0.999999997845112
8819,88.19000000000821,0.9999999978485529
8820,88.20000000000822,0.9999999978519881
8821,88.21000000000822,0.9999999978554179
8822,88.22000000000823,0.9999999978588421
8823,88.23000000000823,0.9999999978622607
8824,88.24000000000824,0.9999999978656737
8825,88.25000000000824,0.9999999978690812
8826,88.26000000000825,0.9999999978724832
8827,88.27000000000825,0.9999999978758796
8828,88.28000000000826,0.9999999978792705
8829,88.29000000000826,0.9999999978826559
8830,88.30000000000827,0.9999999978860359
8831,88.31000000000827,0.9999999978894103
8832,88.32000000000828,0.9999999978927793
8833,88.33000000000828,0.9999999978961428
8834,88.34000000000829,0.9999999978995009
8835,88.3500000000083,0.9999999979028534
8836,88.3600000000083,0.9999999979062005
8837,88.3700000000083,0.9999999979095423
8838,88.38000000000831,0.9999999979128786
8839,88.39000000000831,0.9999999979162094
8840,88.40000000000832,0.999999997919535
8841,88.41000000000832,0.999999997922855
8842,88.42000000000833,0.9999999979261697
8843,88.43000000000833,0.999999997929479
8844,88.44000000000834,0.9999999979327829
8845,88.45000000000834,0.9999999979360815
8846,88.46000000000835,0.9999999979393748
8847,88.47000000000835,0.9999999979426626
8848,88.48000000000836,0.9999999979459452
8849,88.49000000000837,0.9999999979492223
8850,88.50000000000837,0.9999999979524943
8851,88.51000000000838,0.9999999979557609
8852,88.52000000000838,0.9999999979590222
8853,88.53000000000839,0.9999999979622781
8854,88.54000000000839,0.9999999979655289
8855,88.5500000000084,0.9999999979687744
8856,88.5600000000084,0.9999999979720146
8857,88.5700000000084,0.9999999979752494
8858,88.58000000000841,0.9999999979784792
8859,88.59000000000842,0.9999999979817036
8860,88.60000000000842,0.9999999979849228
8861,88.61000000000843,0.9999999979881368
8862,88.62000000000843,0.9999999979913455
8863,88.63000000000844,0.9999999979945491
8864,88.64000000000844,0.9999999979977475
8865,88.65000000000845,0.9999999980009407
8866,88.66000000000845,0.9999999980041288
8867,88.67000000000846,0.9999999980073115
8868,88.68000000000846,0.9999999980104892
8869,88.69000000000847,0.9999999980136618
8870,88.70000000000847,0.9999999980168292
8871,88.71000000000848,0.9999999980199914
8872,88.72000000000848,0.9999999980231485
8873,88.73000000000849,0.9999999980263006
8874,88.7400000000085,0.9999999980294474
8875,88.7500000000085,0.9999999980325892
8876,88.7600000000085,0.9999999980357259
8877,88.77000000000851,0.9999999980388575
8878,88.78000000000851,0.999999998041984
8879,88.79000000000852,0.9999999980451055
8880,88.80000000000852,0.9999999980482219
8881,88.81000000000853,0.9999999980513333
8882,88.82000000000853,0.9999999980544396
8883,88.83000000000854,0.9999999980575409
8884,88.84000000000854,0.9999999980606371
8885,88.85000000000855,0.9999999980637284
8886,88.86000000000855,0.9999999980668146
8887,88.87000000000856,0.9999999980698958
8888,88.88000000000856,0.999999998072972
8889,88.89000000000857,0.9999999980760432
8890,88.90000000000857,0.9999999980791096
8891,88.91000000000858,0.9999999980821709
8892,88.92000000000859,0.9999999980852272
8893,88.93000000000859,0.9999999980882786
8894,88.9400000000086,0.999999998091325
8895,88.9500000000086,0.9999999980943665
8896,88.9600000000086,0.999999998097403
8897,88.97000000000861,0.9999999981004347
8898,88.98000000000862,0.9999999981034614
8899,88.99000000000862,0.9999999981064833
8900,89.00000000000863,0.9999999981095002
8901,89.01000000000863,0.9999999981125123
8902,89.02000000000864,0.9999999981155194
8903,89.03000000000864,0.9999999981185218
8904,89.04000000000865,0.9999999981215192
8905,89.05000000000865,0.9999999981245118
8906,89.06000000000866,0.9999999981274995
8907,89.07000000000866,0.9999999981304825
8908,89.08000000000867,0.9999999981334605
8909,89.09000000000867,0.9999999981364337
8910,89.10000000000868,0.9999999981394022
8911,89.11000000000868,0.9999999981423658
8912,89.12000000000869,0.9999999981453246
8913,89.13000000000869,0.9999999981482787
8914,89.1400000000087,0.9999999981512279
8915,89.1500000000087,0.9999999981541724
8916,89.16000000000871,0.999999998157112
8917,89.17000000000871,0.999999998160047
8918,89.18000000000872,0.9999999981629772
8919,89.19000000000872,0.9999999981659027
8920,89.20000000000873,0.9999999981688233
8921,89.21000000000873,0.9999999981717393
8922,89.22000000000874,0.9999999981746506
8923,89.23000000000874,0.9999999981775571
8924,89.24000000000875,0.9999999981804589
8925,89.25000000000875,0.999999998183356
8926,89.26000000000876,0.9999999981862485
8927,89.27000000000876,0.9999999981891363
8928,89.28000000000877,0.9999999981920195
8929,89.29000000000877,0.9999999981948978
8930,89.30000000000878,0.9999999981977716
8931,89.31000000000878,0.9999999982006407
8932,89.32000000000879,0.9999999982035052
8933,89.3300000000088,0.999999998206365
8934,89.3400000000088,0.9999999982092203
8935,89.3500000000088,0.9999999982120709
8936,89.36000000000881,0.9999999982149168
8937,89.37000000000882,0.9999999982177582
8938,89.38000000000882,0.9999999982205949
8939,89.39000000000883,0.9999999982234271
8940,89.40000000000883,0.9999999982262547
8941,89.41000000000884,0.9999999982290777
8942,89.42000000000884,0.9999999982318961
8943,89.43000000000885,0.9999999982347101
8944,89.44000000000885,0.9999999982375194
8945,89.45000000000886,0.9999999982403242
8946,89.46000000000886,0.9999999982431245
8947,89.47000000000887,0.9999999982459201
8948,89.48000000000887,0.9999999982487113
8949,89.49000000000888,0.9999999982514981
8950,89.50000000000888,0.9999999982542802
8951,89.51000000000889,0.9999999982570579
8952,89.52000000000889,0.9999999982598311
8953,89.5300000000089,0.9999999982625998
8954,89.5400000000089,0.999999998265364
8955,89.55000000000891,0.9999999982681238
8956,89.56000000000891,0.999999998270879
8957,89.57000000000892,0.9999999982736298
8958,89.58000000000892,0.9999999982763762
8959,89.59000000000893,0.9999999982791181
8960,89.60000000000893,0.9999999982818557
8961,89.61000000000894,0.9999999982845887
8962,89.62000000000894,0.9999999982873174
8963,89.63000000000895,0.9999999982900416
8964,89.64000000000895,0.9999999982927614
8965,89.65000000000896,0.9999999982954769
8966,89.66000000000896,0.999999998298188
8967,89.67000000000897,0.9999999983008946
8968,89.68000000000897,0.9999999983035969
8969,89.69000000000898,0.9999999983062948
8970,89.70000000000898,0.9999999983089883
8971,89.71000000000899,0.9999999983116776
8972,89.720000000009,0.9999999983143625
8973,89.730000000009,0.9999999983170429
8974,89.740000000009,0.9999999983197191
8975,89.75000000000901,0.999999998322391
8976,89.76000000000901,0.9999999983250585
8977,89.77000000000902,0.9999999983277217
8978,89.78000000000903,0.9999999983303807
8979,89.79000000000903,0.9999999983330352
8980,89.80000000000904,0.9999999983356856
8981,89.81000000000904,0.9999999983383316
8982,89.82000000000905,0.9999999983409734
8983,89.83000000000905,0.9999999983436109
8984,89.84000000000906,0.9999999983462441
8985,89.85000000000906,0.9999999983488731
8986,89.86000000000907,0.9999999983514979
8987,89.87000000000907,0.9999999983541183
8988,89.88000000000908,0.9999999983567346
8989,89.89000000000908,0.9999999983593466
8990,89.90000000000909,0.9999999983619544
8991,89.91000000000909,0.999999998364558
8992,89.9200000000091,0.9999999983671574
8993,89.9300000000091,0.9999999983697526
8994,89.9400000000091,0.9999999983723435
8995,89.95000000000911,0.9999999983749304
8996,89.96000000000912,0.999999998377513
8997,89.97000000000912,0.9999999983800915
8998,89.98000000000913,0.9999999983826657
8999,89.99000000000913,0.9999999983852359
9000,90.00000000000914,0.9999999983878018
9001,90.01000000000914,0.9999999983903637
9002,90.02000000000915,0.9999999983929214
9003,90.03000000000915,0.9999999983954749
9004,90.04000000000916,0.9999999983980243
9005,90.05000000000916,0.9999999984005696
9006,90.06000000000917,0.9999999984031109
9007,90.07000000000917,0.999999998405648
9008,90.08000000000918,0.999999998408181
9009,90.09000000000918,0.99999999841071
9010,90.10000000000919,0.9999999984132347
9011,90.1100000000092,0.9999999984157555
9012,90.1200000000092,0.9999999984182721
9013,90.1300000000092,0.9999999984207848
9014,90.14000000000921,0.9999999984232933
9015,90.15000000000921,0.9999999984257979
9016,90.16000000000922,0.9999999984282983
9017,90.17000000000922,0.9999999984307948
9018,90.18000000000923,0.9999999984332871
9019,90.19000000000923,0.9999999984357756
9020,90.20000000000924,0.9999999984382599
9021,90.21000000000925,0.9999999984407403
9022,90.22000000000925,0.9999999984432166
9023,90.23000000000926,0.999999998445689
9024,90.24000000000926,0.9999999984481573
9025,90.25000000000927,0.9999999984506217
9026,90.26000000000927,0.9999999984530821
9027,90.27000000000928,0.9999999984555384
9028,90.28000000000928,0.9999999984579909
9029,90.29000000000929,0.9999999984604394
9030,90.30000000000929,0.999999998462884
9031,90.3100000000093,0.9999999984653245
9032,90.3200000000093,0.9999999984677612
9033,90.3300000000093,0.9999999984701939
9034,90.34000000000931,0.9999999984726228
9035,90.35000000000932,0.9999999984750476
9036,90.36000000000932,0.9999999984774686
9037,90.37000000000933,0.9999999984798856
9038,90.38000000000933,0.9999999984822988
9039,90.39000000000934,0.9999999984847081
9040,90.40000000000934,0.9999999984871134
9041,90.41000000000935,0.9999999984895149
9042,90.42000000000935,0.9999999984919126
9043,90.43000000000936,0.9999999984943063
9044,90.44000000000936,0.9999999984966962
9045,90.45000000000937,0.9999999984990823
9046,90.46000000000937,0.9999999985014644
9047,90.47000000000938,0.9999999985038428
9048,90.48000000000938,0.9999999985062172
9049,90.49000000000939,0.9999999985085879
9050,90.5000000000094,0.9999999985109548
9051,90.5100000000094,0.9999999985133178
9052,90.5200000000094,0.999999998515677
9053,90.53000000000941,0.9999999985180325
9054,90.54000000000941,0.9999999985203841
9055,90.55000000000942,0.9999999985227319
9056,90.56000000000942,0.9999999985250759
9057,90.57000000000943,0.9999999985274162
9058,90.58000000000943,0.9999999985297526
9059,90.59000000000944,0.9999999985320854
9060,90.60000000000944,0.9999999985344143
9061,90.61000000000945,0.9999999985367395
9062,90.62000000000945,0.999999998539061
9063,90.63000000000946,0.9999999985413787
9064,90.64000000000946,0.9999999985436926
9065,90.65000000000947,0.9999999985460029
9066,90.66000000000948,0.9999999985483093
9067,90.67000000000948,0.9999999985506122
9068,90.68000000000949,0.9999999985529112
9069,90.69000000000949,0.9999999985552066
9070,90.7000000000095,0.9999999985574983
9071,90.7100000000095,0.9999999985597863
9072,90.7200000000095,0.9999999985620706
9073,90.73000000000951,0.9999999985643512
9074,90.74000000000952,0.999999998566628
9075,90.75000000000952,0.9999999985689013
9076,90.76000000000953,0.999999998571171
9077,90.77000000000953,0.9999999985734368
9078,90.78000000000954,0.9999999985756991
9079,90.79000000000954,0.9999999985779577
9080,90.80000000000955,0.9999999985802127
9081,90.81000000000955,0.9999999985824641
9082,90.82000000000956,0.9999999985847119
9083,90.83000000000956,0.999999998586956
9084,90.84000000000957,0.9999999985891964
9085,90.85000000000957,0.9999999985914333
9086,90.86000000000958,0.9999999985936666
9087,90.87000000000958,0.9999999985958963
9088,90.88000000000959,0.9999999985981224
9089,90.8900000000096,0.9999999986003448
9090,90.9000000000096,0.9999999986025638
9091,90.9100000000096,0.9999999986047792
9092,90.92000000000961,0.9999999986069908
9093,90.93000000000961,0.9999999986091991
9094,90.94000000000962,0.9999999986114038
9095,90.95000000000962,0.9999999986136049
9096,90.96000000000963,0.9999999986158024
9097,90.97000000000963,0.9999999986179964
9098,90.98000000000964,0.9999999986201868
9099,90.99000000000964,0.9999999986223739
9100,91.00000000000965,0.9999999986245572
9101,91.01000000000965,0.9999999986267372
9102,91.02000000000966,0.9999999986289135
9103,91.03000000000966,0.9999999986310865
9104,91.04000000000967,0.9999999986332558
9105,91.05000000000967,0.9999999986354218
9106,91.06000000000968,0.9999999986375842
9107,91.07000000000968,0.9999999986397431
9108,91.08000000000969,0.9999999986418985
9109,91.0900000000097,0.9999999986440505
9110,91.1000000000097,0.999999998646199
9111,91.1100000000097,0.9999999986483441
9112,91.12000000000971,0.9999999986504856
9113,91.13000000000972,0.9999999986526238
9114,91.14000000000972,0.9999999986547585
9115,91.15000000000973,0.9999999986568898
9116,91.16000000000973,0.9999999986590176
9117,91.17000000000974,0.999999998661142
9118,91.18000000000974,0.9999999986632631
9119,91.19000000000975,0.9999999986653806
9120,91.20000000000975,0.9999999986674948
9121,91.21000000000976,0.9999999986696055
9122,91.22000000000976,0.9999999986717129
9123,91.23000000000977,0.9999999986738168
9124,91.24000000000977,0.9999999986759175
9125,91.25000000000978,0.9999999986780146
9126,91.26000000000978,0.9999999986801085
9127,91.27000000000979,0.9999999986821989
9128,91.28000000000979,0.999999998684286
9129,91.2900000000098,0.9999999986863698
9130,91.3000000000098,0.9999999986884501
9131,91.31000000000981,0.9999999986905271
9132,91.32000000000981,0.9999999986926008
9133,91.33000000000982,0.9999999986946712
9134,91.34000000000982,0.9999999986967382
9135,91.35000000000983,0.9999999986988019
9136,91.36000000000983,0.9999999987008623
9137,91.37000000000984,0.9999999987029193
9138,91.38000000000984,0.999999998704973
9139,91.39000000000985,0.9999999987070235
9140,91.40000000000985,0.9999999987090706
9141,91.41000000000986,0.9999999987111144
9142,91.42000000000986,0.999999998713155
9143,91.43000000000987,0.9999999987151923
9144,91.44000000000987,0.9999999987172263
9145,91.45000000000988,0.999999998719257
9146,91.46000000000988,0.9999999987212845
9147,91.47000000000989,0.9999999987233087
9148,91.4800000000099,0.9999999987253296
9149,91.4900000000099,0.9999999987273474
9150,91.5000000000099,0.9999999987293617
9151,91.51000000000991,0.999999998731373
9152,91.52000000000992,0.999999998733381
9153,91.53000000000992,0.9999999987353857
9154,91.54000000000993,0.9999999987373872
9155,91.55000000000993,0.9999999987393855
9156,91.56000000000994,0.9999999987413806
9157,91.57000000000994,0.9999999987433724
9158,91.58000000000995,0.999999998745361
9159,91.59000000000995,0.9999999987473466
9160,91.60000000000996,0.9999999987493289
9161,91.61000000000996,0.999999998751308
9162,91.62000000000997,0.9999999987532838
9163,91.63000000000997,0.9999999987552566
9164,91.64000000000998,0.9999999987572261
9165,91.65000000000998,0.9999999987591925
9166,91.66000000000999,0.9999999987611558
9167,91.67000000000999,0.9999999987631157
9168,91.68000000001,0.9999999987650727
9169,91.69000000001,0.9999999987670265
9170,91.70000000001001,0.9999999987689772
9171,91.71000000001001,0.9999999987709246
9172,91.72000000001002,0.9999999987728689
9173,91.73000000001002,0.9999999987748102
9174,91.74000000001003,0.9999999987767483
9175,91.75000000001003,0.9999999987786833
9176,91.76000000001004,0.9999999987806152
9177,91.77000000001004,0.999999998782544
9178,91.78000000001005,0.9999999987844697
9179,91.79000000001005,0.9999999987863922
9180,91.80000000001006,0.9999999987883118
9181,91.81000000001006,0.9999999987902282
9182,91.82000000001007,0.9999999987921415
9183,91.83000000001007,0.9999999987940518
9184,91.84000000001008,0.999999998795959
9185,91.85000000001008,0.999999998797863
9186,91.86000000001009,0.9999999987997642
9187,91.8700000000101,0.9999999988016621
9188,91.8800000000101,0.9999999988035572
9189,91.8900000000101,0.9999999988054491
9190,91.90000000001011,0.9999999988073379
9191,91.91000000001011,0.9999999988092237
9192,91.92000000001012,0.9999999988111066
9193,91.93000000001012,0.9999999988129864
9194,91.94000000001013,0.9999999988148631
9195,91.95000000001014,0.9999999988167368
9196,91.96000000001014,0.9999999988186076
9197,91.97000000001015,0.9999999988204753
9198,91.98000000001015,0.99999999882234
9199,91.99000000001016,0.9999999988242018
9200,92.00000000001016,0.9999999988260605
9201,92.01000000001017,0.9999999988279163
9202,92.02000000001017,0.9999999988297691
9203,92.03000000001018,0.9999999988316188
9204,92.04000000001018,0.9999999988334657
9205,92.05000000001019,0.9999999988353095
9206,92.06000000001019,0.9999999988371505
9207,92.0700000000102,0.9999999988389884
9208,92.0800000000102,0.9999999988408235
9209,92.0900000000102,0.9999999988426554
9210,92.10000000001021,0.9999999988444845
9211,92.11000000001022,0.9999999988463107
9212,92.12000000001022,0.999999998848134
9213,92.13000000001023,0.9999999988499543
9214,92.14000000001023,0.9999999988517717
9215,92.15000000001024,0.9999999988535861
9216,92.16000000001024,0.9999999988553977
9217,92.17000000001025,0.9999999988572064
9218,92.18000000001025,0.999999998859012
9219,92.19000000001026,0.9999999988608149
9220,92.20000000001026,0.9999999988626148
9221,92.21000000001027,0.9999999988644119
9222,92.22000000001027,0.999999998866206
9223,92.23000000001028,0.9999999988679974
9224,92.24000000001028,0.9999999988697857
9225,92.25000000001029,0.9999999988715713
9226,92.2600000000103,0.999999998873354
9227,92.2700000000103,0.9999999988751338
9228,92.2800000000103,0.9999999988769108
9229,92.29000000001031,0.9999999988786848
9230,92.30000000001031,0.9999999988804561
9231,92.31000000001032,0.9999999988822246
9232,92.32000000001032,0.9999999988839902
9233,92.33000000001033,0.9999999988857529
9234,92.34000000001033,0.9999999988875128
9235,92.35000000001034,0.9999999988892699
9236,92.36000000001034,0.9999999988910242
9237,92.37000000001035,0.9999999988927756
9238,92.38000000001036,0.9999999988945243
9239,92.39000000001036,0.9999999988962701
9240,92.40000000001037,0.9999999988980132
9241,92.41000000001037,0.9999999988997533
9242,92.42000000001038,0.9999999989014908
9243,92.43000000001038,0.9999999989032254
9244,92.44000000001039,0.9999999989049574
9245,92.45000000001039,0.9999999989066864
9246,92.4600000000104,0.9999999989084127
9247,92.4700000000104,0.9999999989101364
9248,92.4800000000104,0.9999999989118571
9249,92.49000000001041,0.9999999989135752
9250,92.50000000001042,0.9999999989152905
9251,92.51000000001042,0.999999998917003
9252,92.52000000001043,0.9999999989187127
9253,92.53000000001043,0.9999999989204198
9254,92.54000000001044,0.9999999989221241
9255,92.55000000001044,0.9999999989238256
9256,92.56000000001045,0.9999999989255245
9257,92.57000000001045,0.9999999989272206
9258,92.58000000001046,0.9999999989289139
9259,92.59000000001046,0.9999999989306046
9260,92.60000000001047,0.9999999989322925
9261,92.61000000001047,0.9999999989339778
9262,92.62000000001048,0.9999999989356604
9263,92.63000000001048,0.9999999989373403
9264,92.64000000001049,0.9999999989390174
9265,92.6500000000105,0.9999999989406918
9266,92.6600000000105,0.9999999989423636
9267,92.6700000000105,0.9999999989440327
9268,92.68000000001051,0.9999999989456991
9269,92.69000000001051,0.9999999989473629
9270,92.70000000001052,0.999999998949024
9271,92.71000000001052,0.9999999989506824
9272,92.72000000001053,0.9999999989523382
9273,92.73000000001053,0.9999999989539913
9274,92.74000000001054,0.9999999989556417
9275,92.75000000001054,0.9999999989572895
9276,92.76000000001055,0.9999999989589347
9277,92.77000000001055,0.9999999989605772
9278,92.78000000001056,0.9999999989622171
9279,92.79000000001056,0.9999999989638544
9280,92.80000000001057,0.9999999989654891
9281,92.81000000001058,0.9999999989671211
9282,92.82000000001058,0.9999999989687505
9283,92.83000000001059,0.9999999989703773
9284,92.84000000001059,0.9999999989720015
9285,92.8500000000106,0.9999999989736231
9286,92.8600000000106,0.999999998975242
9287,92.8700000000106,0.9999999989768584
9288,92.88000000001061,0.9999999989784722
9289,92.89000000001062,0.9999999989800835
9290,92.90000000001062,0.9999999989816921
9291,92.91000000001063,0.9999999989832982
9292,92.92000000001063,0.9999999989849017
9293,92.93000000001064,0.9999999989865026
9294,92.94000000001064,0.999999998988101
9295,92.95000000001065,0.9999999989896967
9296,92.96000000001065,0.99999999899129
9297,92.97000000001066,0.9999999989928806
9298,92.98000000001066,0.9999999989944688
9299,92.99000000001067,0.9999999989960544
9300,93.00000000001067,0.9999999989976374
9301,93.01000000001068,0.9999999989992179
9302,93.02000000001068,0.999999999000796
9303,93.03000000001069,0.9999999990023714
9304,93.04000000001069,0.9999999990039443
9305,93.0500000000107,0.9999999990055147
9306,93.0600000000107,0.9999999990070826
9307,93.07000000001071,0.999999999008648
9308,93.08000000001071,0.9999999990102109
9309,93.09000000001072,0.9999999990117712
9310,93.10000000001072,0.9999999990133291
9311,93.11000000001073,0.9999999990148845
9312,93.12000000001073,0.9999999990164373
9313,93.13000000001074,0.9999999990179878
9314,93.14000000001074,0.9999999990195356
9315,93.15000000001075,0.9999999990210812
9316,93.16000000001075,0.999999999022624
9317,93.17000000001076,0.9999999990241646
9318,93.18000000001076,0.9999999990257026
9319,93.19000000001077,0.9999999990272381
9320,93.20000000001077,0.9999999990287712
9321,93.21000000001078,0.9999999990303019
9322,93.22000000001078,0.9999999990318301
9323,93.23000000001079,0.9999999990333559
9324,93.2400000000108,0.9999999990348791
9325,93.2500000000108,0.9999999990364
9326,93.2600000000108,0.9999999990379185
9327,93.27000000001081,0.9999999990394345
9328,93.28000000001082,0.999999999040948
9329,93.29000000001082,0.9999999990424592
9330,93.30000000001083,0.999999999043968
9331,93.31000000001083,0.9999999990454743
9332,93.32000000001084,0.9999999990469782
9333,93.33000000001084,0.9999999990484797
9334,93.34000000001085,0.9999999990499788
9335,93.35000000001085,0.9999999990514755
9336,93.36000000001086,0.9999999990529698
9337,93.37000000001086,0.9999999990544617
9338,93.38000000001087,0.9999999990559513
9339,93.39000000001087,0.9999999990574384
9340,93.40000000001088,0.9999999990589231
9341,93.41000000001088,0.9999999990604055
9342,93.42000000001089,0.9999999990618855
9343,93.43000000001089,0.9999999990633632
9344,93.4400000000109,0.9999999990648385
9345,93.4500000000109,0.9999999990663114
9346,93.46000000001091,0.9999999990677819
9347,93.47000000001091,0.9999999990692502
9348,93.48000000001092,0.999999999070716
9349,93.49000000001092,0.9999999990721795
9350,93.50000000001093,0.9999999990736407
9351,93.51000000001093,0.9999999990750995
9352,93.52000000001094,0.999999999076556
9353,93.53000000001094,0.9999999990780102
9354,93.54000000001095,0.9999999990794621
9355,93.55000000001095,0.9999999990809116
9356,93.56000000001096,0.9999999990823588
9357,93.57000000001096,0.9999999990838037
9358,93.58000000001097,0.9999999990852463
9359,93.59000000001097,0.9999999990866866
9360,93.60000000001098,0.9999999990881245
9361,93.61000000001098,0.9999999990895602
9362,93.62000000001099,0.9999999990909936
9363,93.630000000011,0.9999999990924247
9364,93.640000000011,0.9999999990938534
9365,93.650000000011,0.9999999990952799
9366,93.66000000001101,0.9999999990967042
9367,93.67000000001102,0.9999999990981261
9368,93.68000000001102,0.9999999990995458
9369,93.69000000001103,0.9999999991009632
9370,93.70000000001103,0.9999999991023784
9371,93.71000000001104,0.9999999991037912
9372,93.72000000001104,0.9999999991052019
9373,93.73000000001105,0.9999999991066102
9374,93.74000000001105,0.9999999991080163
9375,93.75000000001106,0.9999999991094202
9376,93.76000000001106,0.9999999991108218
9377,93.77000000001107,0.9999999991122211
9378,93.78000000001107,0.9999999991136183
9379,93.79000000001108,0.9999999991150132
9380,93.80000000001108,0.9999999991164059
9381,93.81000000001109,0.9999999991177964
9382,93.82000000001109,0.9999999991191846
9383,93.8300000000111,0.9999999991205706
9384,93.8400000000111,0.9999999991219544
9385,93.85000000001111,0.9999999991233359
9386,93.86000000001111,0.9999999991247153
9387,93.87000000001112,0.9999999991260925
9388,93.88000000001112,0.9999999991274674
9389,93.89000000001113,0.9999999991288402
9390,93.90000000001113,0.9999999991302108
9391,93.91000000001114,0.9999999991315791
9392,93.92000000001114,0.9999999991329453
9393,93.93000000001115,0.9999999991343094
9394,93.94000000001115,0.9999999991356712
9395,93.95000000001116,0.9999999991370309
9396,93.96000000001116,0.9999999991383883
9397,93.97000000001117,0.9999999991397437
9398,93.98000000001117,0.9999999991410968
9399,93.99000000001118,0.9999999991424479
9400,94.00000000001118,0.9999999991437967
9401,94.01000000001119,0.9999999991451434
9402,94.0200000000112,0.9999999991464879
9403,94.0300000000112,0.9999999991478302
9404,94.0400000000112,0.9999999991491705
9405,94.05000000001121,0.9999999991505085
9406,94.06000000001121,0.9999999991518445
9407,94.07000000001122,0.9999999991531783
9408,94.08000000001122,0.99999999915451
9409,94.09000000001123,0.9999999991558396
9410,94.10000000001124,0.999999999157167
9411,94.11000000001124,0.9999999991584924
9412,94.12000000001125,0.9999999991598155
9413,94.13000000001125,0.9999999991611366
9414,94.14000000001126,0.9999999991624556
9415,94.15000000001126,0.9999999991637725
9416,94.16000000001127,0.9999999991650872
9417,94.17000000001127,0.9999999991663999
9418,94.18000000001128,0.9999999991677104
9419,94.19000000001128,0.9999999991690189
9420,94.20000000001129,0.9999999991703253
9421,94.21000000001129,0.9999999991716296
9422,94.2200000000113,0.9999999991729318
9423,94.2300000000113,0.999999999174232
9424,94.2400000000113,0.9999999991755301
9425,94.25000000001131,0.999999999176826
9426,94.26000000001132,0.99999999917812
9427,94.27000000001132,0.9999999991794118
9428,94.28000000001133,0.9999999991807016
9429,94.29000000001133,0.9999999991819893
9430,94.30000000001134,0.9999999991832751
9431,94.31000000001134,0.9999999991845586
9432,94.32000000001135,0.9999999991858403
9433,94.33000000001135,0.9999999991871198
9434,94.34000000001136,0.9999999991883972
9435,94.35000000001136,0.9999999991896728
9436,94.36000000001137,0.9999999991909462
9437,94.37000000001137,0.9999999991922175
9438,94.38000000001138,0.9999999991934868
9439,94.39000000001138,0.9999999991947542
9440,94.40000000001139,0.9999999991960195
9441,94.4100000000114,0.9999999991972828
9442,94.4200000000114,0.9999999991985441
9443,94.4300000000114,0.9999999991998033
9444,94.44000000001141,0.9999999992010605
9445,94.45000000001141,0.9999999992023157
9446,94.46000000001142,0.9999999992035691
9447,94.47000000001142,0.9999999992048203
9448,94.48000000001143,0.9999999992060695
9449,94.49000000001143,0.9999999992073167
9450,94.50000000001144,0.999999999208562
9451,94.51000000001144,0.9999999992098053
9452,94.52000000001145,0.9999999992110465
9453,94.53000000001146,0.9999999992122859
9454,94.54000000001146,0.9999999992135232
9455,94.55000000001147,0.9999999992147586
9456,94.56000000001147,0.9999999992159919
9457,94.57000000001148,0.9999999992172234
9458,94.58000000001148,0.9999999992184528
9459,94.59000000001149,0.9999999992196803
9460,94.60000000001149,0.9999999992209059
9461,94.6100000000115,0.9999999992221295
9462,94.6200000000115,0.999999999223351
9463,94.6300000000115,0.9999999992245707
9464,94.64000000001151,0.9999999992257884
9465,94.65000000001152,0.9999999992270042
9466,94.66000000001152,0.9999999992282181
9467,94.67000000001153,0.99999999922943
9468,94.68000000001153,0.99999999923064
9469,94.69000000001154,0.999999999231848
9470,94.70000000001154,0.9999999992330542
9471,94.71000000001155,0.9999999992342584
9472,94.72000000001155,0.9999999992354607
9473,94.73000000001156,0.999999999236661
9474,94.74000000001156,0.9999999992378594
9475,94.75000000001157,0.999999999239056
9476,94.76000000001157,0.9999999992402506
9477,94.77000000001158,0.9999999992414433
9478,94.78000000001158,0.9999999992426342
9479,94.79000000001159,0.9999999992438231
9480,94.8000000000116,0.9999999992450102
9481,94.8100000000116,0.9999999992461953
9482,94.8200000000116,0.9999999992473785
9483,94.83000000001161,0.9999999992485599
9484,94.84000000001161,0.9999999992497394
9485,94.85000000001162,0.999999999250917
9486,94.86000000001162,0.9999999992520927
9487,94.87000000001163,0.9999999992532665
9488,94.88000000001163,0.9999999992544385
9489,94.89000000001164,0.9999999992556087
9490,94.90000000001164,0.9999999992567769
9491,94.91000000001165,0.9999999992579433
9492,94.92000000001165,0.9999999992591078
9493,94.93000000001166,0.9999999992602704
9494,94.94000000001166,0.9999999992614312
9495,94.95000000001167,0.9999999992625902
9496,94.96000000001168,0.9999999992637474
9497,94.97000000001168,0.9999999992649026
9498,94.98000000001169,0.9999999992660561
9499,94.99000000001169,0.9999999992672076
9500,95.0000000000117,0.9999999992683574
9501,95.0100000000117,0.9999999992695053
9502,95.0200000000117,0.9999999992706514
9503,95.03000000001171,0.9999999992717957
9504,95.04000000001172,0.9999999992729381
9505,95.05000000001172,0.9999999992740788
9506,95.06000000001173,0.9999999992752175
9507,95.07000000001173,0.9999999992763545
9508,95.08000000001174,0.9999999992774897
9509,95.09000000001174,0.9999999992786232
9510,95.10000000001175,0.9999999992797547
9511,95.11000000001175,0.9999999992808845
9512,95.12000000001176,0.9999999992820124
9513,95.13000000001176,0.9999999992831387
9514,95.14000000001177,0.999999999284263
9515,95.15000000001177,0.9999999992853855
9516,95.16000000001178,0.9999999992865064
9517,95.17000000001178,0.9999999992876254
9518,95.18000000001179,0.9999999992887426
9519,95.19000000001179,0.999999999289858
9520,95.2000000000118,0.9999999992909717
9521,95.2100000000118,0.9999999992920836
9522,95.22000000001181,0.9999999992931937
9523,95.23000000001181,0.9999999992943022
9524,95.24000000001182,0.9999999992954087
9525,95.25000000001182,0.9999999992965136
9526,95.26000000001183,0.9999999992976166
9527,95.27000000001183,0.999999999298718
9528,95.28000000001184,0.9999999992998175
9529,95.29000000001184,0.9999999993009153
9530,95.30000000001185,0.9999999993020114
9531,95.31000000001185,0.9999999993031057
9532,95.32000000001186,0.9999999993041984
9533,95.33000000001186,0.9999999993052892
9534,95.34000000001187,0.9999999993063783
9535,95.35000000001187,0.9999999993074656
9536,95.36000000001188,0.9999999993085512
9537,95.37000000001188,0.9999999993096351
9538,95.38000000001189,0.9999999993107174
9539,95.3900000000119,0.9999999993117978
9540,95.4000000000119,0.9999999993128765
9541,95.4100000000119,0.9999999993139536
9542,95.42000000001191,0.9999999993150289
9543,95.43000000001192,0.9999999993161025
9544,95.44000000001192,0.9999999993171744
9545,95.45000000001193,0.9999999993182446
9546,95.46000000001193,0.999999999319313
9547,95.47000000001194,0.9999999993203799
9548,95.48000000001194,0.9999999993214449
9549,95.49000000001195,0.9999999993225083
9550,95.50000000001195,0.99999999932357
9551,95.51000000001196,0.99999999932463
9552,95.52000000001196,0.9999999993256883
9553,95.53000000001197,0.999999999326745
9554,95.54000000001197,0.9999999993277999
9555,95.55000000001198,0.9999999993288532
9556,95.56000000001198,0.9999999993299048
9557,95.57000000001199,0.9999999993309547
9558,95.58000000001199,0.999999999332003
9559,95.590000000012,0.9999999993330495
9560,95.600000000012,0.9999999993340944
9561,95.61000000001201,0.9999999993351377
9562,95.62000000001201,0.9999999993361793
9563,95.63000000001202,0.9999999993372193
9564,95.64000000001202,0.9999999993382576
9565,95.65000000001203,0.9999999993392942
9566,95.66000000001203,0.9999999993403292
9567,95.67000000001204,0.9999999993413625
9568,95.68000000001204,0.9999999993423943
9569,95.69000000001205,0.9999999993434243
9570,95.70000000001205,0.9999999993444527
9571,95.71000000001206,0.9999999993454795
9572,95.72000000001206,0.9999999993465046
9573,95.73000000001207,0.9999999993475281
9574,95.74000000001207,0.99999999934855
9575,95.75000000001208,0.9999999993495703
9576,95.76000000001208,0.9999999993505889
9577,95.77000000001209,0.999999999351606
9578,95.7800000000121,0.9999999993526214
9579,95.7900000000121,0.9999999993536351
9580,95.8000000000121,0.9999999993546473
9581,95.81000000001211,0.999999999355658
9582,95.82000000001212,0.9999999993566668
9583,95.83000000001212,0.9999999993576743
9584,95.84000000001213,0.99999999935868
9585,95.85000000001213,0.9999999993596842
9586,95.86000000001214,0.9999999993606867
9587,95.87000000001214,0.9999999993616877
9588,95.88000000001215,0.999999999362687
9589,95.89000000001215,0.9999999993636849
9590,95.90000000001216,0.9999999993646811
9591,95.91000000001216,0.9999999993656756
9592,95.92000000001217,0.9999999993666687
9593,95.93000000001217,0.9999999993676602
9594,95.94000000001218,0.99999999936865
9595,95.95000000001218,0.9999999993696383
9596,95.96000000001219,0.9999999993706251
9597,95.97000000001219,0.9999999993716102
9598,95.9800000000122,0.9999999993725939
9599,95.9900000000122,0.9999999993735759
9600,96.00000000001221,0.9999999993745564
9601,96.01000000001221,0.9999999993755353
9602,96.02000000001222,0.9999999993765126
9603,96.03000000001222,0.9999999993774885
9604,96.04000000001223,0.9999999993784627
9605,96.05000000001223,0.9999999993794354
9606,96.06000000001224,0.9999999993804066
9607,96.07000000001224,0.9999999993813763
9608,96.08000000001225,0.9999999993823443
9609,96.09000000001225,0.9999999993833109
9610,96.10000000001226,0.9999999993842759
9611,96.11000000001226,0.9999999993852393
9612,96.12000000001227,0.9999999993862013
9613,96.13000000001227,0.9999999993871617
9614,96.14000000001228,0.9999999993881206
9615,96.15000000001228,0.999999999389078
9616,96.16000000001229,0.9999999993900338
9617,96.1700000000123,0.9999999993909882
9618,96.1800000000123,0.999999999391941
9619,96.1900000000123,0.9999999993928923
9620,96.20000000001231,0.9999999993938421
9621,96.21000000001231,0.9999999993947903
9622,96.22000000001232,0.9999999993957371
9623,96.23000000001232,0.9999999993966824
9624,96.24000000001233,0.9999999993976262
9625,96.25000000001234,0.9999999993985684
9626,96.26000000001234,0.9999999993995091
9627,96.27000000001235,0.9999999994004485
9628,96.28000000001235,0.9999999994013863
9629,96.29000000001236,0.9999999994023225
9630,96.30000000001236,0.9999999994032573
9631,96.31000000001237,0.9999999994041907
9632,96.32000000001237,0.9999999994051225
9633,96.33000000001238,0.9999999994060529
9634,96.34000000001238,0.9999999994069817
9635,96.35000000001239,0.9999999994079092
9636,96.36000000001239,0.9999999994088351
9637,96.3700000000124,0.9999999994097596
9638,96.3800000000124,0.9999999994106825
9639,96.3900000000124,0.9999999994116041
9640,96.40000000001241,0.9999999994125242
9641,96.41000000001242,0.9999999994134428
9642,96.42000000001242,0.9999999994143599
9643,96.43000000001243,0.9999999994152756
9644,96.44000000001243,0.9999999994161899
9645,96.45000000001244,0.9999999994171027
9646,96.46000000001244,0.999999999418014
9647,96.47000000001245,0.9999999994189239
9648,96.48000000001245,0.9999999994198323
9649,96.49000000001246,0.9999999994207394
9650,96.50000000001246,0.999999999421645
9651,96.51000000001247,0.999999999422549
9652,96.52000000001247,0.9999999994234517
9653,96.53000000001248,0.999999999424353
9654,96.54000000001248,0.9999999994252529
9655,96.55000000001249,0.9999999994261513
9656,96.5600000000125,0.9999999994270482
9657,96.5700000000125,0.9999999994279438
9658,96.5800000000125,0.9999999994288379
9659,96.59000000001251,0.9999999994297306
9660,96.60000000001251,0.9999999994306219
9661,96.61000000001252,0.9999999994315119
9662,96.62000000001252,0.9999999994324003
9663,96.63000000001253,0.9999999994332873
9664,96.64000000001253,0.9999999994341731
9665,96.65000000001254,0.9999999994350572
9666,96.66000000001254,0.9999999994359401
9667,96.67000000001255,0.9999999994368216
9668,96.68000000001256,0.9999999994377016
9669,96.69000000001256,0.9999999994385803
9670,96.70000000001257,0.9999999994394575
9671,96.71000000001257,0.9999999994403334
9672,96.72000000001258,0.9999999994412079
9673,96.73000000001258,0.999999999442081
9674,96.74000000001259,0.9999999994429527
9675,96.75000000001259,0.999999999443823
9676,96.7600000000126,0.999999999444692
9677,96.7700000000126,0.9999999994455595
9678,96.7800000000126,0.9999999994464257
9679,96.79000000001261,0.9999999994472905
9680,96.80000000001262,0.999999999448154
9681,96.81000000001262,0.999999999449016
9682,96.82000000001263,0.9999999994498767
9683,96.83000000001263,0.999999999450736
9684,96.84000000001264,0.999999999451594
9685,96.85000000001264,0.9999999994524507
9686,96.86000000001265,0.9999999994533059
9687,96.87000000001265,0.9999999994541598
9688,96.88000000001266,0.9999999994550124
9689,96.89000000001266,0.9999999994558636
9690,96.90000000001267,0.9999999994567134
9691,96.91000000001267,0.9999999994575619
9692,96.92000000001268,0.999999999458409
9693,96.93000000001268,0.9999999994592549
9694,96.94000000001269,0.9999999994600993
9695,96.9500000000127,0.9999999994609424
9696,96.9600000000127,0.9999999994617842
9697,96.9700000000127,0.9999999994626247
9698,96.98000000001271,0.9999999994634639
9699,96.99000000001271,0.9999999994643016
9700,97.00000000001272,0.9999999994651381
9701,97.01000000001272,0.9999999994659733
9702,97.02000000001273,0.9999999994668071
9703,97.03000000001273,0.9999999994676395
9704,97.04000000001274,0.9999999994684707
9705,97.05000000001274,0.9999999994693006
9706,97.06000000001275,0.9999999994701292
9707,97.07000000001275,0.9999999994709564
9708,97.08000000001276,0.9999999994717823
9709,97.09000000001276,0.9999999994726069
9710,97.10000000001277,0.9999999994734302
9711,97.11000000001277,0.9999999994742522
9712,97.12000000001278,0.9999999994750729
9713,97.13000000001279,0.9999999994758922
9714,97.14000000001279,0.9999999994767104
9715,97.1500000000128,0.9999999994775272
9716,97.1600000000128,0.9999999994783427
9717,97.1700000000128,0.9999999994791569
9718,97.18000000001281,0.9999999994799699
9719,97.19000000001282,0.9999999994807814
9720,97.20000000001282,0.9999999994815918
9721,97.21000000001283,0.9999999994824009
9722,97.22000000001283,0.9999999994832087
9723,97.23000000001284,0.9999999994840152
9724,97.24000000001284,0.9999999994848204
9725,97.25000000001285,0.9999999994856243
9726,97.26000000001285,0.999999999486427
9727,97.27000000001286,0.9999999994872284
9728,97.28000000001286,0.9999999994880285
9729,97.29000000001287,0.9999999994888275
9730,97.30000000001287,0.999999999489625
9731,97.31000000001288,0.9999999994904214
9732,97.32000000001288,0.9999999994912164
9733,97.33000000001289,0.9999999994920102
9734,97.34000000001289,0.9999999994928028
9735,97.3500000000129,0.9999999994935942
9736,97.3600000000129,0.9999999994943842
9737,97.37000000001291,0.999999999495173
9738,97.38000000001291,0.9999999994959605
9739,97.39000000001292,0.9999999994967469
9740,97.40000000001292,0.9999999994975319
9741,97.41000000001293,0.9999999994983158
9742,97.42000000001293,0.9999999994990983
9743,97.43000000001294,0.9999999994998796
9744,97.44000000001294,0.9999999995006598
9745,97.45000000001295,0.9999999995014386
9746,97.46000000001295,0.9999999995022163
9747,97.47000000001296,0.9999999995029927
9748,97.48000000001296,0.9999999995037678
9749,97.49000000001297,0.9999999995045418
9750,97.50000000001297,0.9999999995053145
9751,97.51000000001298,0.999999999506086
9752,97.52000000001298,0.9999999995068563
9753,97.53000000001299,0.9999999995076253
9754,97.540000000013,0.9999999995083931
9755,97.550000000013,0.9999999995091597
9756,97.560000000013,0.9999999995099251
9757,97.57000000001301,0.9999999995106894
9758,97.58000000001302,0.9999999995114524
9759,97.59000000001302,0.9999999995122142
9760,97.60000000001303,0.9999999995129747
9761,97.61000000001303,0.9999999995137341
9762,97.62000000001304,0.9999999995144923
9763,97.63000000001304,0.9999999995152492
9764,97.64000000001305,0.9999999995160049
9765,97.65000000001305,0.9999999995167596
9766,97.66000000001306,0.999999999517513
9767,97.67000000001306,0.9999999995182651
9768,97.68000000001307,0.9999999995190161
9769,97.69000000001307,0.9999999995197659
9770,97.70000000001308,0.9999999995205145
9771,97.71000000001308,0.999999999521262
9772,97.72000000001309,0.9999999995220082
9773,97.73000000001309,0.9999999995227533
9774,97.7400000000131,0.9999999995234972
9775,97.7500000000131,0.9999999995242399
9776,97.76000000001311,0.9999999995249814
9777,97.77000000001311,0.9999999995257218
9778,97.78000000001312,0.999999999526461
9779,97.79000000001312,0.9999999995271991
9780,97.80000000001313,0.999999999527936
9781,97.81000000001313,0.9999999995286716
9782,97.82000000001314,0.9999999995294061
9783,97.83000000001314,0.9999999995301395
9784,97.84000000001315,0.9999999995308717
9785,97.85000000001315,0.9999999995316028
9786,97.86000000001316,0.9999999995323327
9787,97.87000000001316,0.9999999995330614
9788,97.88000000001317,0.999999999533789
9789,97.89000000001317,0.9999999995345155
9790,97.90000000001318,0.9999999995352408
9791,97.91000000001318,0.9999999995359649
9792,97.92000000001319,0.9999999995366878
9793,97.9300000000132,0.9999999995374097
9794,97.9400000000132,0.9999999995381305
9795,97.9500000000132,0.99999999953885
9796,97.96000000001321,0.9999999995395684
9797,97.97000000001321,0.9999999995402857
9798,97.98000000001322,0.9999999995410018
9799,97.99000000001323,0.9999999995417169
9800,98.00000000001323,0.9999999995424308
9801,98.01000000001324,0.9999999995431436
9802,98.02000000001324,0.9999999995438552
9803,98.03000000001325,0.9999999995445658
9804,98.04000000001325,0.9999999995452751
9805,98.05000000001326,0.9999999995459834
9806,98.06000000001326,0.9999999995466906
9807,98.07000000001327,0.9999999995473966
9808,98.08000000001327,0.9999999995481015
9809,98.09000000001328,0.9999999995488054
9810,98.10000000001328,0.999999999549508
9811,98.11000000001329,0.9999999995502096
9812,98.12000000001329,0.99999999955091
9813,98.1300000000133,0.9999999995516095
9814,98.1400000000133,0.9999999995523077
9815,98.1500000000133,0.9999999995530049
9816,98.16000000001331,0.9999999995537009
9817,98.17000000001332,0.9999999995543959
9818,98.18000000001332,0.9999999995550897
9819,98.19000000001333,0.9999999995557824
9820,98.20000000001333,0.9999999995564741
9821,98.21000000001334,0.9999999995571647
9822,98.22000000001334,0.9999999995578541
9823,98.23000000001335,0.9999999995585426
9824,98.24000000001335,0.9999999995592299
9825,98.25000000001336,0.999999999559916
9826,98.26000000001336,0.9999999995606013
9827,98.27000000001337,0.9999999995612853
9828,98.28000000001337,0.9999999995619683
9829,98.29000000001338,0.9999999995626501
9830,98.30000000001338,0.999999999563331
9831,98.31000000001339,0.9999999995640106
9832,98.3200000000134,0.9999999995646893
9833,98.3300000000134,0.9999999995653669
9834,98.3400000000134,0.9999999995660435
9835,98.35000000001341,0.9999999995667189
9836,98.36000000001341,0.9999999995673933
9837,98.37000000001342,0.9999999995680666
9838,98.38000000001342,0.9999999995687389
9839,98.39000000001343,0.99999999956941
9840,98.40000000001343,0.9999999995700801
9841,98.41000000001344,0.9999999995707493
9842,98.42000000001345,0.9999999995714173
9843,98.43000000001345,0.9999999995720842
9844,98.44000000001346,0.9999999995727501
9845,98.45000000001346,0.999999999573415
9846,98.46000000001347,0.9999999995740788
9847,98.47000000001347,0.9999999995747415
9848,98.48000000001348,0.9999999995754033
9849,98.49000000001348,0.9999999995760639
9850,98.50000000001349,0.9999999995767236
9851,98.51000000001349,0.9999999995773822
9852,98.5200000000135,0.9999999995780396
9853,98.5300000000135,0.9999999995786961
9854,98.5400000000135,0.9999999995793516
9855,98.55000000001351,0.9999999995800061
9856,98.56000000001352,0.9999999995806594
9857,98.57000000001352,0.9999999995813118
9858,98.58000000001353,0.9999999995819632
9859,98.59000000001353,0.9999999995826134
9860,98.60000000001354,0.9999999995832628
9861,98.61000000001354,0.9999999995839111
9862,98.62000000001355,0.9999999995845582
9863,98.63000000001355,0.9999999995852045
9864,98.64000000001356,0.9999999995858496
9865,98.65000000001356,0.9999999995864938
9866,98.66000000001357,0.9999999995871369
9867,98.67000000001357,0.9999999995877791
9868,98.68000000001358,0.9999999995884202
9869,98.69000000001358,0.9999999995890604
9870,98.70000000001359,0.9999999995896994
9871,98.7100000000136,0.9999999995903376
9872,98.7200000000136,0.9999999995909746
9873,98.7300000000136,0.9999999995916107
9874,98.74000000001361,0.9999999995922458
9875,98.75000000001361,0.9999999995928799
9876,98.76000000001362,0.9999999995935129
9877,98.77000000001362,0.999999999594145
9878,98.78000000001363,0.9999999995947761
9879,98.79000000001363,0.9999999995954062
9880,98.80000000001364,0.9999999995960352
9881,98.81000000001364,0.9999999995966634
9882,98.82000000001365,0.9999999995972905
9883,98.83000000001365,0.9999999995979166
9884,98.84000000001366,0.9999999995985417
9885,98.85000000001367,0.9999999995991659
9886,98.86000000001367,0.999999999599789
9887,98.87000000001368,0.9999999996004112
9888,98.88000000001368,0.9999999996010324
9889,98.89000000001369,0.9999999996016525
9890,98.90000000001369,0.9999999996022718
9891,98.9100000000137,0.9999999996028901
9892,98.9200000000137,0.9999999996035074
9893,98.9300000000137,0.9999999996041237
9894,98.94000000001371,0.999999999604739
9895,98.95000000001372,0.9999999996053534
9896,98.96000000001372,0.9999999996059667
9897,98.97000000001373,0.9999999996065791
9898,98.98000000001373,0.9999999996071907
9899,98.99000000001374,0.9999999996078012
9900,99.00000000001374,0.9999999996084107
9901,99.01000000001375,0.9999999996090192
9902,99.02000000001375,0.9999999996096268
9903,99.03000000001376,0.9999999996102334
9904,99.04000000001376,0.9999999996108392
9905,99.05000000001377,0.9999999996114439
9906,99.06000000001377,0.9999999996120478
9907,99.07000000001378,0.9999999996126505
9908,99.08000000001378,0.9999999996132525
9909,99.09000000001379,0.9999999996138533
9910,99.1000000000138,0.9999999996144534
9911,99.1100000000138,0.9999999996150524
9912,99.1200000000138,0.9999999996156506
9913,99.13000000001381,0.9999999996162476
9914,99.14000000001381,0.9999999996168438
9915,99.15000000001382,0.9999999996174391
9916,99.16000000001382,0.9999999996180334
9917,99.17000000001383,0.9999999996186268
9918,99.18000000001383,0.9999999996192194
9919,99.19000000001384,0.9999999996198109
9920,99.20000000001384,0.9999999996204014
9921,99.21000000001385,0.9999999996209912
9922,99.22000000001385,0.9999999996215798
9923,99.23000000001386,0.9999999996221677
9924,99.24000000001386,0.9999999996227545
9925,99.25000000001387,0.9999999996233405
9926,99.26000000001387,0.9999999996239255
9927,99.27000000001388,0.9999999996245097
9928,99.28000000001389,0.9999999996250928
9929,99.29000000001389,0.9999999996256751
9930,99.3000000000139,0.9999999996262564
9931,99.3100000000139,0.9999999996268369
9932,99.3200000000139,0.9999999996274164
9933,99.33000000001391,0.999999999627995
9934,99.34000000001392,0.9999999996285727
9935,99.35000000001392,0.9999999996291495
9936,99.36000000001393,0.9999999996297254
9937,99.37000000001393,0.9999999996303004
9938,99.38000000001394,0.9999999996308744
9939,99.39000000001394,0.9999999996314476
9940,99.40000000001395,0.9999999996320198
9941,99.41000000001395,0.9999999996325911
9942,99.42000000001396,0.9999999996331617
9943,99.43000000001396,0.9999999996337312
9944,99.44000000001397,0.9999999996342999
9945,99.45000000001397,0.9999999996348676
9946,99.46000000001398,0.9999999996354345
9947,99.47000000001398,0.9999999996360004
9948,99.48000000001399,0.9999999996365655
9949,99.49000000001399,0.9999999996371297
9950,99.500000000014,0.999999999637693
9951,99.510000000014,0.9999999996382555
9952,99.52000000001401,0.9999999996388169
9953,99.53000000001401,0.9999999996393776
9954,99.54000000001402,0.9999999996399374
9955,99.55000000001402,0.9999999996404962
9956,99.56000000001403,0.9999999996410542
9957,99.57000000001403,0.9999999996416113
9958,99.58000000001404,0.9999999996421676
9959,99.59000000001404,0.999999999642723
9960,99.60000000001405,0.9999999996432775
9961,99.61000000001405,0.9999999996438311
9962,99.62000000001406,0.9999999996443838
9963,99.63000000001406,0.9999999996449357
9964,99.64000000001407,0.9999999996454867
9965,99.65000000001407,0.9999999996460368
9966,99.66000000001408,0.9999999996465861
9967,99.67000000001408,0.9999999996471345
9968,99.68000000001409,0.999999999647682
9969,99.6900000000141,0.9999999996482287
9970,99.7000000000141,0.9999999996487746
9971,99.7100000000141,0.9999999996493195
9972,99.72000000001411,0.9999999996498636
9973,99.73000000001412,0.9999999996504069
9974,99.74000000001412,0.9999999996509493
9975,99.75000000001413,0.9999999996514909
9976,99.76000000001413,0.9999999996520316
9977,99.77000000001414,0.9999999996525714
9978,99.78000000001414,0.9999999996531104
9979,99.79000000001415,0.9999999996536485
9980,99.80000000001415,0.9999999996541857
9981,99.81000000001416,0.9999999996547222
9982,99.82000000001416,0.9999999996552578
9983,99.83000000001417,0.9999999996557926
9984,99.84000000001417,0.9999999996563265
9985,99.85000000001418,0.9999999996568596
9986,99.86000000001418,0.9999999996573918
9987,99.87000000001419,0.9999999996579232
9988,99.88000000001419,0.9999999996584538
9989,99.8900000000142,0.9999999996589835
9990,99.9000000000142,0.9999999996595124
9991,99.91000000001421,0.9999999996600404
9992,99.92000000001421,0.9999999996605676
9993,99.93000000001422,0.9999999996610941
9994,99.94000000001422,0.9999999996616197
9995,99.95000000001423,0.9999999996621444
9996,99.96000000001423,0.9999999996626683
9997,99.97000000001424,0.9999999996631914
9998,99.98000000001424,0.9999999996637137
9999,99.99000000001425,0.9999999996642351
10000,100.00000000001425,0.9999999996647557
10001,100.01000000001426,0.9999999996652755
10002,100.02000000001426,0.9999999996657946
10003,100.03000000001427,0.9999999996663127
10004,100.04000000001427,0.9999999996668301
10005,100.05000000001428,0.9999999996673467
10006,100.06000000001428,0.9999999996678623
10007,100.07000000001429,0.9999999996683773
10008,100.0800000000143,0.9999999996688914
10009,100.0900000000143,0.9999999996694047
10010,100.1000000000143,0.9999999996699172
10011,100.11000000001431,0.9999999996704289
10012,100.12000000001431,0.9999999996709398
10013,100.13000000001432,0.9999999996714498
10014,100.14000000001433,0.9999999996719592
10015,100.15000000001433,0.9999999996724677
10016,100.16000000001434,0.9999999996729753
10017,100.17000000001434,0.9999999996734822
10018,100.18000000001435,0.9999999996739882
10019,100.19000000001435,0.9999999996744935
10020,100.20000000001436,0.9999999996749981
10021,100.21000000001436,0.9999999996755017
10022,100.22000000001437,0.9999999996760046
10023,100.23000000001437,0.9999999996765068
10024,100.24000000001438,0.999999999677008
10025,100.25000000001438,0.9999999996775086
10026,100.26000000001439,0.9999999996780083
10027,100.27000000001439,0.9999999996785074
10028,100.2800000000144,0.9999999996790055
10029,100.2900000000144,0.9999999996795029
10030,100.3000000000144,0.9999999996799995
10031,100.31000000001441,0.9999999996804954
10032,100.32000000001442,0.9999999996809904
10033,100.33000000001442,0.9999999996814847
10034,100.34000000001443,0.9999999996819782
10035,100.35000000001443,0.9999999996824709
10036,100.36000000001444,0.9999999996829628
10037,100.37000000001444,0.9999999996834541
10038,100.38000000001445,0.9999999996839445
10039,100.39000000001445,0.9999999996844341
10040,100.40000000001446,0.9999999996849229
10041,100.41000000001446,0.9999999996854111
10042,100.42000000001447,0.9999999996858984
10043,100.43000000001447,0.999999999686385
10044,100.44000000001448,0.9999999996868707
10045,100.45000000001448,0.9999999996873558
10046,100.46000000001449,0.99999999968784
10047,100.4700000000145,0.9999999996883235
10048,100.4800000000145,0.9999999996888063
10049,100.4900000000145,0.9999999996892883
10050,100.50000000001451,0.9999999996897695
10051,100.51000000001451,0.99999999969025
10052,100.52000000001452,0.9999999996907297
10053,100.53000000001452,0.9999999996912087
10054,100.54000000001453,0.999999999691687
10055,100.55000000001453,0.9999999996921644
10056,100.56000000001454,0.9999999996926411
10057,100.57000000001455,0.999999999693117
10058,100.58000000001455,0.9999999996935923
10059,100.59000000001456,0.9999999996940667
10060,100.60000000001456,0.9999999996945405
10061,100.61000000001457,0.9999999996950134
10062,100.62000000001457,0.9999999996954857
10063,100.63000000001458,0.9999999996959572
10064,100.64000000001458,0.9999999996964279
10065,100.65000000001459,0.999999999696898
10066,100.66000000001459,0.9999999996973673
10067,100.6700000000146,0.9999999996978358
10068,100.6800000000146,0.9999999996983036
10069,100.6900000000146,0.9999999996987706
10070,100.70000000001461,0.999999999699237
10071,100.71000000001462,0.9999999996997027
10072,100.72000000001462,0.9999999997001675
10073,100.73000000001463,0.9999999997006316
10074,100.74000000001463,0.999999999701095
10075,100.75000000001464,0.9999999997015577
10076,100.76000000001464,0.9999999997020197
10077,100.77000000001465,0.9999999997024809
10078,100.78000000001465,0.9999999997029414
10079,100.79000000001466,0.9999999997034013
10080,100.80000000001466,0.9999999997038603
10081,100.81000000001467,0.9999999997043186
10082,100.82000000001467,0.9999999997047763
10083,100.83000000001468,0.9999999997052331
10084,100.84000000001468,0.9999999997056893
10085,100.85000000001469,0.9999999997061448
10086,100.8600000000147,0.9999999997065996
10087,100.8700000000147,0.9999999997070537
10088,100.8800000000147,0.999999999707507
10089,100.89000000001471,0.9999999997079596
10090,100.90000000001471,0.9999999997084115
10091,100.91000000001472,0.9999999997088627
10092,100.92000000001472,0.9999999997093132
10093,100.93000000001473,0.9999999997097629
10094,100.94000000001473,0.999999999710212
10095,100.95000000001474,0.9999999997106603
10096,100.96000000001474,0.9999999997111081
10097,100.97000000001475,0.9999999997115551
10098,100.98000000001475,0.9999999997120013
10099,100.99000000001476,0.9999999997124468
10100,101.00000000001477,0.9999999997128917
10101,101.01000000001477,0.9999999997133359
10102,101.02000000001478,0.9999999997137794
10103,101.03000000001478,0.9999999997142222
10104,101.04000000001479,0.9999999997146642
10105,101.05000000001479,0.9999999997151056
10106,101.0600000000148,0.9999999997155463
10107,101.0700000000148,0.9999999997159863
10108,101.0800000000148,0.9999999997164256
10109,101.09000000001481,0.9999999997168642
10110,101.10000000001482,0.9999999997173021
10111,101.11000000001482,0.9999999997177393
10112,101.12000000001483,0.9999999997181759
10113,101.13000000001483,0.9999999997186118
10114,101.14000000001484,0.999999999719047
10115,101.15000000001484,0.9999999997194815
10116,101.16000000001485,0.9999999997199154
10117,101.17000000001485,0.9999999997203485
10118,101.18000000001486,0.9999999997207809
10119,101.19000000001486,0.9999999997212127
10120,101.20000000001487,0.9999999997216439
10121,101.21000000001487,0.9999999997220742
10122,101.22000000001488,0.999999999722504
10123,101.23000000001488,0.9999999997229331
10124,101.24000000001489,0.9999999997233615
10125,101.2500000000149,0.9999999997237893
10126,101.2600000000149,0.9999999997242163
10127,101.2700000000149,0.9999999997246427
10128,101.28000000001491,0.9999999997250685
10129,101.29000000001491,0.9999999997254935
10130,101.30000000001492,0.9999999997259179
10131,101.31000000001492,0.9999999997263416
10132,101.32000000001493,0.9999999997267647
10133,101.33000000001493,0.9999999997271871
10134,101.34000000001494,0.9999999997276088
10135,101.35000000001494,0.9999999997280299
10136,101.36000000001495,0.9999999997284503
10137,101.37000000001495,0.9999999997288701
10138,101.38000000001496,0.9999999997292892
10139,101.39000000001496,0.9999999997297077
10140,101.40000000001497,0.9999999997301254
10141,101.41000000001497,0.9999999997305425
10142,101.42000000001498,0.999999999730959
10143,101.43000000001499,0.9999999997313749
10144,101.44000000001499,0.99999999973179
10145,101.450000000015,0.9999999997322045
10146,101.460000000015,0.9999999997326183
10147,101.470000000015,0.9999999997330316
10148,101.48000000001501,0.9999999997334442
10149,101.49000000001502,0.9999999997338561
10150,101.50000000001502,0.9999999997342673
10151,101.51000000001503,0.999999999734678
10152,101.52000000001503,0.999999999735088
10153,101.53000000001504,0.9999999997354974
10154,101.54000000001504,0.999999999735906
10155,101.55000000001505,0.9999999997363141
10156,101.56000000001505,0.9999999997367216
10157,101.57000000001506,0.9999999997371284
10158,101.58000000001506,0.9999999997375345
10159,101.59000000001507,0.9999999997379401
10160,101.60000000001507,0.9999999997383449
10161,101.61000000001508,0.9999999997387491
10162,101.62000000001508,0.9999999997391528
10163,101.63000000001509,0.9999999997395558
10164,101.64000000001509,0.9999999997399581
10165,101.6500000000151,0.9999999997403598
10166,101.6600000000151,0.9999999997407609
10167,101.67000000001511,0.9999999997411614
10168,101.68000000001511,0.9999999997415612
10169,101.69000000001512,0.9999999997419604
10170,101.70000000001512,0.999999999742359
10171,101.71000000001513,0.9999999997427569
10172,101.72000000001513,0.9999999997431542
10173,101.73000000001514,0.9999999997435509
10174,101.74000000001514,0.999999999743947
10175,101.75000000001515,0.9999999997443425
10176,101.76000000001515,0.9999999997447373
10177,101.77000000001516,0.9999999997451315
10178,101.78000000001516,0.9999999997455252
10179,101.79000000001517,0.9999999997459181
10180,101.80000000001517,0.9999999997463106
10181,101.81000000001518,0.9999999997467023
10182,101.82000000001518,0.9999999997470934
10183,101.83000000001519,0.999999999747484
10184,101.8400000000152,0.9999999997478739
10185,101.8500000000152,0.9999999997482633
10186,101.8600000000152,0.999999999748652
10187,101.87000000001521,0.9999999997490401
10188,101.88000000001522,0.9999999997494275
10189,101.89000000001522,0.9999999997498145
10190,101.90000000001523,0.9999999997502007
10191,101.91000000001523,0.9999999997505864
10192,101.92000000001524,0.9999999997509714
10193,101.93000000001524,0.9999999997513559
10194,101.94000000001525,0.9999999997517397
10195,101.95000000001525,0.9999999997521231
10196,101.96000000001526,0.9999999997525056
10197,101.97000000001526,0.9999999997528878
10198,101.98000000001527,0.9999999997532691
10199,101.99000000001527,0.9999999997536501
10200,102.00000000001528,0.9999999997540303
10201,102.01000000001528,0.99999999975441
10202,102.02000000001529,0.999999999754789
10203,102.03000000001529,0.9999999997551675
10204,102.0400000000153,0.9999999997555454
10205,102.0500000000153,0.9999999997559228
10206,102.06000000001531,0.9999999997562995
10207,102.07000000001531,0.9999999997566756
10208,102.08000000001532,0.9999999997570511
10209,102.09000000001532,0.999999999757426
10210,102.10000000001533,0.9999999997578004
10211,102.11000000001533,0.9999999997581742
10212,102.12000000001534,0.9999999997585474
10213,102.13000000001534,0.99999999975892
10214,102.14000000001535,0.999999999759292
10215,102.15000000001535,0.9999999997596635
10216,102.16000000001536,0.9999999997600343
10217,102.17000000001536,0.9999999997604045
10218,102.18000000001537,0.9999999997607742
10219,102.19000000001537,0.9999999997611434
10220,102.20000000001538,0.9999999997615119
10221,102.21000000001538,0.9999999997618799
10222,102.22000000001539,0.9999999997622473
10223,102.2300000000154,0.9999999997626141
10224,102.2400000000154,0.9999999997629803
10225,102.2500000000154,0.999999999763346
10226,102.26000000001541,0.999999999763711
10227,102.27000000001541,0.9999999997640756
10228,102.28000000001542,0.9999999997644395
10229,102.29000000001543,0.9999999997648029
10230,102.30000000001543,0.9999999997651657
10231,102.31000000001544,0.999999999765528
10232,102.32000000001544,0.9999999997658896
10233,102.33000000001545,0.9999999997662508
10234,102.34000000001545,0.9999999997666112
10235,102.35000000001546,0.9999999997669713
10236,102.36000000001546,0.9999999997673307
10237,102.37000000001547,0.9999999997676896
10238,102.38000000001547,0.9999999997680479
10239,102.39000000001548,0.9999999997684056
10240,102.40000000001548,0.9999999997687627
10241,102.41000000001549,0.9999999997691194
10242,102.42000000001549,0.9999999997694754
10243,102.4300000000155,0.9999999997698309
10244,102.4400000000155,0.9999999997701858
10245,102.4500000000155,0.9999999997705403
10246,102.46000000001551,0.9999999997708942
10247,102.47000000001552,0.9999999997712474
10248,102.48000000001552,0.9999999997716001
10249,102.49000000001553,0.9999999997719523
10250,102.50000000001553,0.9999999997723039
10251,102.51000000001554,0.999999999772655
10252,102.52000000001554,0.9999999997730056
10253,102.53000000001555,0.9999999997733555
10254,102.54000000001555,0.9999999997737049
10255,102.55000000001556,0.9999999997740538
10256,102.56000000001556,0.9999999997744021
10257,102.57000000001557,0.99999999977475
10258,102.58000000001557,0.9999999997750972
10259,102.59000000001558,0.999999999775444
10260,102.60000000001558,0.9999999997757901
10261,102.61000000001559,0.9999999997761357
10262,102.6200000000156,0.9999999997764808
10263,102.6300000000156,0.9999999997768254
10264,102.6400000000156,0.9999999997771694
10265,102.65000000001561,0.9999999997775129
10266,102.66000000001561,0.9999999997778558
10267,102.67000000001562,0.9999999997781982
10268,102.68000000001562,0.99999999977854
10269,102.69000000001563,0.9999999997788813
10270,102.70000000001563,0.9999999997792222
10271,102.71000000001564,0.9999999997795624
10272,102.72000000001565,0.9999999997799022
10273,102.73000000001565,0.9999999997802413
10274,102.74000000001566,0.99999999978058
10275,102.75000000001566,0.9999999997809181
10276,102.76000000001567,0.9999999997812558
10277,102.77000000001567,0.9999999997815928
10278,102.78000000001568,0.9999999997819294
10279,102.79000000001568,0.9999999997822654
10280,102.80000000001569,0.9999999997826009
10281,102.81000000001569,0.9999999997829359
10282,102.8200000000157,0.9999999997832704
10283,102.8300000000157,0.9999999997836043
10284,102.8400000000157,0.9999999997839377
10285,102.85000000001571,0.9999999997842706
10286,102.86000000001572,0.999999999784603
10287,102.87000000001572,0.9999999997849348
10288,102.88000000001573,0.9999999997852661
10289,102.89000000001573,0.999999999785597
10290,102.90000000001574,0.9999999997859272
10291,102.91000000001574,0.9999999997862571
10292,102.92000000001575,0.9999999997865863
10293,102.93000000001575,0.9999999997869151
10294,102.94000000001576,0.9999999997872433
10295,102.95000000001576,0.999999999787571
10296,102.96000000001577,0.9999999997878982
10297,102.97000000001577,0.999999999788225
10298,102.98000000001578,0.9999999997885511
10299,102.99000000001578,0.9999999997888769
10300,103.00000000001579,0.999999999789202
10301,103.0100000000158,0.9999999997895267
10302,103.0200000000158,0.9999999997898509
10303,103.0300000000158,0.9999999997901745
10304,103.04000000001581,0.9999999997904976
10305,103.05000000001581,0.9999999997908202
10306,103.06000000001582,0.9999999997911424
10307,103.07000000001582,0.999999999791464
10308,103.08000000001583,0.9999999997917852
10309,103.09000000001583,0.9999999997921059
10310,103.10000000001584,0.9999999997924259
10311,103.11000000001584,0.9999999997927456
10312,103.12000000001585,0.9999999997930648
10313,103.13000000001585,0.9999999997933834
10314,103.14000000001586,0.9999999997937015
10315,103.15000000001586,0.9999999997940191
10316,103.16000000001587,0.9999999997943363
10317,103.17000000001588,0.9999999997946529
10318,103.18000000001588,0.999999999794969
10319,103.19000000001589,0.9999999997952848
10320,103.20000000001589,0.9999999997955998
10321,103.2100000000159,0.9999999997959146
10322,103.2200000000159,0.9999999997962288
10323,103.2300000000159,0.9999999997965424
10324,103.24000000001591,0.9999999997968556
10325,103.25000000001592,0.9999999997971684
10326,103.26000000001592,0.9999999997974806
10327,103.27000000001593,0.9999999997977923
10328,103.28000000001593,0.9999999997981036
10329,103.29000000001594,0.9999999997984144
10330,103.30000000001594,0.9999999997987246
10331,103.31000000001595,0.9999999997990344
10332,103.32000000001595,0.9999999997993437
10333,103.33000000001596,0.9999999997996526
10334,103.34000000001596,0.9999999997999609
10335,103.35000000001597,0.9999999998002688
10336,103.36000000001597,0.9999999998005762
10337,103.37000000001598,0.999999999800883
10338,103.38000000001598,0.9999999998011895
10339,103.39000000001599,0.9999999998014955
10340,103.400000000016,0.9999999998018009
10341,103.410000000016,0.9999999998021059
10342,103.420000000016,0.9999999998024104
10343,103.43000000001601,0.9999999998027145
10344,103.44000000001601,0.999999999803018
10345,103.45000000001602,0.9999999998033211
10346,103.46000000001602,0.9999999998036238
10347,103.47000000001603,0.999999999803926
10348,103.48000000001603,0.9999999998042276
10349,103.49000000001604,0.9999999998045288
10350,103.50000000001604,0.9999999998048296
10351,103.51000000001605,0.9999999998051298
10352,103.52000000001605,0.9999999998054296
10353,103.53000000001606,0.999999999805729
10354,103.54000000001606,0.9999999998060278
10355,103.55000000001607,0.9999999998063261
10356,103.56000000001607,0.9999999998066241
10357,103.57000000001608,0.9999999998069216
10358,103.58000000001608,0.9999999998072187
10359,103.59000000001609,0.9999999998075152
10360,103.6000000000161,0.9999999998078112
10361,103.6100000000161,0.9999999998081068
10362,103.6200000000161,0.999999999808402
10363,103.63000000001611,0.9999999998086967
10364,103.64000000001612,0.9999999998089909
10365,103.65000000001612,0.9999999998092847
10366,103.66000000001613,0.999999999809578
10367,103.67000000001613,0.9999999998098709
10368,103.68000000001614,0.9999999998101633
10369,103.69000000001614,0.9999999998104553
10370,103.70000000001615,0.9999999998107467
10371,103.71000000001615,0.9999999998110378
10372,103.72000000001616,0.9999999998113284
10373,103.73000000001616,0.9999999998116185
10374,103.74000000001617,0.9999999998119081
10375,103.75000000001617,0.9999999998121974
10376,103.76000000001618,0.9999999998124862
10377,103.77000000001618,0.9999999998127745
10378,103.78000000001619,0.9999999998130624
10379,103.79000000001619,0.9999999998133497
10380,103.8000000000162,0.9999999998136367
10381,103.8100000000162,0.9999999998139233
10382,103.82000000001621,0.9999999998142094
10383,103.83000000001621,0.999999999814495
10384,103.84000000001622,0.9999999998147803
10385,103.85000000001622,0.9999999998150649
10386,103.86000000001623,0.9999999998153493
10387,103.87000000001623,0.9999999998156331
10388,103.88000000001624,0.9999999998159166
10389,103.89000000001624,0.9999999998161996
10390,103.90000000001625,0.9999999998164821
10391,103.91000000001625,0.9999999998167642
10392,103.92000000001626,0.9999999998170458
10393,103.93000000001626,0.999999999817327
10394,103.94000000001627,0.9999999998176078
10395,103.95000000001627,0.9999999998178882
10396,103.96000000001628,0.9999999998181681
10397,103.97000000001628,0.9999999998184476
10398,103.98000000001629,0.9999999998187266
10399,103.9900000000163,0.9999999998190052
10400,104.0000000000163,0.9999999998192833
10401,104.0100000000163,0.9999999998195611
10402,104.02000000001631,0.9999999998198383
10403,104.03000000001632,0.9999999998201152
10404,104.04000000001632,0.9999999998203917
10405,104.05000000001633,0.9999999998206677
10406,104.06000000001633,0.9999999998209432
10407,104.07000000001634,0.9999999998212183
10408,104.08000000001634,0.9999999998214931
10409,104.09000000001635,0.9999999998217673
10410,104.10000000001635,0.9999999998220412
10411,104.11000000001636,0.9999999998223147
10412,104.12000000001636,0.9999999998225877
10413,104.13000000001637,0.9999999998228603
10414,104.14000000001637,0.9999999998231325
10415,104.15000000001638,0.9999999998234042
10416,104.16000000001638,0.9999999998236755
10417,104.17000000001639,0.9999999998239464
10418,104.18000000001639,0.9999999998242168
10419,104.1900000000164,0.9999999998244868
10420,104.2000000000164,0.9999999998247565
10421,104.21000000001641,0.9999999998250257
10422,104.22000000001641,0.9999999998252945
10423,104.23000000001642,0.9999999998255629
10424,104.24000000001642,0.9999999998258308
10425,104.25000000001643,0.9999999998260983
10426,104.26000000001643,0.9999999998263654
10427,104.27000000001644,0.9999999998266321
10428,104.28000000001644,0.9999999998268985
10429,104.29000000001645,0.9999999998271643
10430,104.30000000001645,0.9999999998274297
10431,104.31000000001646,0.9999999998276948
10432,104.32000000001646,0.9999999998279594
10433,104.33000000001647,0.9999999998282236
10434,104.34000000001647,0.9999999998284874
10435,104.35000000001648,0.9999999998287508
10436,104.36000000001648,0.9999999998290138
10437,104.37000000001649,0.9999999998292763
10438,104.3800000000165,0.9999999998295386
10439,104.3900000000165,0.9999999998298003
10440,104.4000000000165,0.9999999998300616
10441,104.41000000001651,0.9999999998303226
10442,104.42000000001651,0.9999999998305831
10443,104.43000000001652,0.9999999998308432
10444,104.44000000001652,0.999999999831103
10445,104.45000000001653,0.9999999998313623
10446,104.46000000001654,0.9999999998316212
10447,104.47000000001654,0.9999999998318797
10448,104.48000000001655,0.9999999998321378
10449,104.49000000001655,0.9999999998323955
10450,104.50000000001656,0.9999999998326529
10451,104.51000000001656,0.9999999998329098
10452,104.52000000001657,0.9999999998331662
10453,104.53000000001657,0.9999999998334224
10454,104.54000000001658,0.999999999833678
10455,104.55000000001658,0.9999999998339334
10456,104.56000000001659,0.9999999998341883
10457,104.57000000001659,0.9999999998344428
10458,104.5800000000166,0.9999999998346969
10459,104.5900000000166,0.9999999998349507
10460,104.6000000000166,0.999999999835204
10461,104.61000000001661,0.999999999835457
10462,104.62000000001662,0.9999999998357094
10463,104.63000000001662,0.9999999998359617
10464,104.64000000001663,0.9999999998362133
10465,104.65000000001663,0.9999999998364647
10466,104.66000000001664,0.9999999998367157
10467,104.67000000001664,0.9999999998369663
10468,104.68000000001665,0.9999999998372165
10469,104.69000000001665,0.9999999998374663
10470,104.70000000001666,0.9999999998377157
10471,104.71000000001666,0.9999999998379647
10472,104.72000000001667,0.9999999998382134
10473,104.73000000001667,0.9999999998384617
10474,104.74000000001668,0.9999999998387095
10475,104.75000000001668,0.999999999838957
10476,104.76000000001669,0.9999999998392041
10477,104.7700000000167,0.9999999998394508
10478,104.7800000000167,0.9999999998396971
10479,104.7900000000167,0.999999999839943
10480,104.80000000001671,0.9999999998401886
10481,104.81000000001671,0.9999999998404339
10482,104.82000000001672,0.9999999998406787
10483,104.83000000001672,0.999999999840923
10484,104.84000000001673,0.999999999841167
10485,104.85000000001673,0.9999999998414107
10486,104.86000000001674,0.999999999841654
10487,104.87000000001674,0.9999999998418969
10488,104.88000000001675,0.9999999998421394
10489,104.89000000001676,0.9999999998423815
10490,104.90000000001676,0.9999999998426233
10491,104.91000000001677,0.9999999998428647
10492,104.92000000001677,0.9999999998431057
10493,104.93000000001678,0.9999999998433464
10494,104.94000000001678,0.9999999998435867
10495,104.95000000001679,0.9999999998438266
10496,104.96000000001679,0.9999999998440661
10497,104.9700000000168,0.9999999998443052
10498,104.9800000000168,0.999999999844544
10499,104.9900000000168,0.9999999998447824
10500,105.00000000001681,0.9999999998450204
10501,105.01000000001682,0.9999999998452581
10502,105.02000000001682,0.9999999998454955
10503,105.03000000001683,0.9999999998457324
10504,105.04000000001683,0.9999999998459689
10505,105.05000000001684,0.9999999998462051
10506,105.06000000001684,0.999999999846441
10507,105.07000000001685,0.9999999998466764
10508,105.08000000001685,0.9999999998469115
10509,105.09000000001686,0.9999999998471462
10510,105.10000000001686,0.9999999998473805
10511,105.11000000001687,0.9999999998476146
10512,105.12000000001687,0.9999999998478482
10513,105.13000000001688,0.9999999998480814
10514,105.14000000001688,0.9999999998483143
10515,105.15000000001689,0.9999999998485469
10516,105.1600000000169,0.9999999998487791
10517,105.1700000000169,0.9999999998490109
10518,105.1800000000169,0.9999999998492424
10519,105.19000000001691,0.9999999998494735
10520,105.20000000001691,0.9999999998497042
10521,105.21000000001692,0.9999999998499346
10522,105.22000000001692,0.9999999998501646
10523,105.23000000001693,0.9999999998503943
10524,105.24000000001693,0.9999999998506236
10525,105.25000000001694,0.9999999998508526
10526,105.26000000001694,0.9999999998510812
10527,105.27000000001695,0.9999999998513094
10528,105.28000000001695,0.9999999998515373
10529,105.29000000001696,0.9999999998517649
10530,105.30000000001696,0.9999999998519921
10531,105.31000000001697,0.9999999998522189
10532,105.32000000001698,0.9999999998524454
10533,105.33000000001698,0.9999999998526715
10534,105.34000000001699,0.9999999998528972
10535,105.35000000001699,0.9999999998531227
10536,105.360000000017,0.9999999998533478
10537,105.370000000017,0.9999999998535725
10538,105.380000000017,0.9999999998537968
10539,105.39000000001701,0.9999999998540209
10540,105.40000000001702,0.9999999998542446
10541,105.41000000001702,0.9999999998544679
10542,105.42000000001703,0.9999999998546909
10543,105.43000000001703,0.9999999998549135
10544,105.44000000001704,0.9999999998551358
10545,105.45000000001704,0.9999999998553577
10546,105.46000000001705,0.9999999998555793
10547,105.47000000001705,0.9999999998558006
10548,105.48000000001706,0.9999999998560215
10549,105.49000000001706,0.9999999998562421
10550,105.50000000001707,0.9999999998564623
10551,105.51000000001707,0.9999999998566822
10552,105.52000000001708,0.9999999998569017
10553,105.53000000001708,0.999999999857121
10554,105.54000000001709,0.9999999998573398
10555,105.55000000001709,0.9999999998575583
10556,105.5600000000171,0.9999999998577765
10557,105.5700000000171,0.9999999998579944
10558,105.58000000001711,0.9999999998582119
10559,105.59000000001711,0.999999999858429
10560,105.60000000001712,0.9999999998586458
10561,105.61000000001712,0.9999999998588623
10562,105.62000000001713,0.9999999998590785
10563,105.63000000001713,0.9999999998592943
10564,105.64000000001714,0.9999999998595098
10565,105.65000000001714,0.999999999859725
10566,105.66000000001715,0.9999999998599398
10567,105.67000000001715,0.9999999998601543
10568,105.68000000001716,0.9999999998603685
10569,105.69000000001716,0.9999999998605823
10570,105.70000000001717,0.9999999998607958
10571,105.71000000001717,0.999999999861009
10572,105.72000000001718,0.9999999998612218
10573,105.73000000001718,0.9999999998614342
10574,105.74000000001719,0.9999999998616464
10575,105.7500000000172,0.9999999998618583
10576,105.7600000000172,0.9999999998620698
10577,105.7700000000172,0.9999999998622809
10578,105.78000000001721,0.9999999998624918
10579,105.79000000001722,0.9999999998627023
10580,105.80000000001722,0.9999999998629125
10581,105.81000000001723,0.9999999998631224
10582,105.82000000001723,0.9999999998633319
10583,105.83000000001724,0.9999999998635412
10584,105.84000000001724,0.99999999986375
10585,105.85000000001725,0.9999999998639586
10586,105.86000000001725,0.9999999998641669
10587,105.87000000001726,0.9999999998643748
10588,105.88000000001726,0.9999999998645823
10589,105.89000000001727,0.9999999998647896
10590,105.90000000001727,0.9999999998649967
10591,105.91000000001728,0.9999999998652033
10592,105.92000000001728,0.9999999998654096
10593,105.93000000001729,0.9999999998656156
10594,105.94000000001729,0.9999999998658212
10595,105.9500000000173,0.9999999998660266
10596,105.9600000000173,0.9999999998662317
10597,105.97000000001731,0.9999999998664364
10598,105.98000000001731,0.9999999998666408
10599,105.99000000001732,0.9999999998668448
10600,106.00000000001732,0.9999999998670486
10601,106.01000000001733,0.9999999998672521
10602,106.02000000001733,0.9999999998674552
10603,106.03000000001734,0.9999999998676581
10604,106.04000000001734,0.9999999998678606
10605,106.05000000001735,0.9999999998680628
10606,106.06000000001735,0.9999999998682646
10607,106.07000000001736,0.9999999998684662
10608,106.08000000001736,0.9999999998686674
10609,106.09000000001737,0.9999999998688683
10610,106.10000000001737,0.999999999869069
10611,106.11000000001738,0.9999999998692694
10612,106.12000000001738,0.9999999998694693
10613,106.13000000001739,0.999999999869669
10614,106.1400000000174,0.9999999998698684
10615,106.1500000000174,0.9999999998700675
10616,106.1600000000174,0.9999999998702663
10617,106.17000000001741,0.9999999998704647
10618,106.18000000001742,0.9999999998706629
10619,106.19000000001742,0.9999999998708607
10620,106.20000000001743,0.9999999998710583
10621,106.21000000001743,0.9999999998712555
10622,106.22000000001744,0.9999999998714525
10623,106.23000000001744,0.9999999998716491
10624,106.24000000001745,0.9999999998718454
10625,106.25000000001745,0.9999999998720414
10626,106.26000000001746,0.9999999998722371
10627,106.27000000001746,0.9999999998724325
10628,106.28000000001747,0.9999999998726277
10629,106.29000000001747,0.9999999998728224
10630,106.30000000001748,0.9999999998730169
10631,106.31000000001748,0.9999999998732111
10632,106.32000000001749,0.999999999873405
10633,106.33000000001749,0.9999999998735987
10634,106.3400000000175,0.999999999873792
10635,106.3500000000175,0.9999999998739849
10636,106.36000000001751,0.9999999998741776
10637,106.37000000001751,0.99999999987437
10638,106.38000000001752,0.9999999998745621
10639,106.39000000001752,0.999999999874754
10640,106.40000000001753,0.9999999998749454
10641,106.41000000001753,0.9999999998751367
10642,106.42000000001754,0.9999999998753275
10643,106.43000000001754,0.9999999998755181
10644,106.44000000001755,0.9999999998757084
10645,106.45000000001755,0.9999999998758985
10646,106.46000000001756,0.9999999998760882
10647,106.47000000001756,0.9999999998762776
10648,106.48000000001757,0.9999999998764668
10649,106.49000000001757,0.9999999998766557
10650,106.50000000001758,0.9999999998768442
10651,106.51000000001758,0.9999999998770325
10652,106.52000000001759,0.9999999998772204
10653,106.5300000000176,0.9999999998774082
10654,106.5400000000176,0.9999999998775956
10655,106.5500000000176,0.9999999998777827
10656,106.56000000001761,0.9999999998779695
10657,106.57000000001761,0.999999999878156
10658,106.58000000001762,0.9999999998783422
10659,106.59000000001762,0.9999999998785282
10660,106.60000000001763,0.9999999998787138
10661,106.61000000001764,0.9999999998788992
10662,106.62000000001764,0.9999999998790843
10663,106.63000000001765,0.999999999879269
10664,106.64000000001765,0.9999999998794535
10665,106.65000000001766,0.9999999998796378
10666,106.66000000001766,0.9999999998798217
10667,106.67000000001767,0.9999999998800053
10668,106.68000000001767,0.9999999998801887
10669,106.69000000001768,0.9999999998803718
10670,106.70000000001768,0.9999999998805547
10671,106.71000000001769,0.9999999998807372
10672,106.72000000001769,0.9999999998809194
10673,106.7300000000177,0.9999999998811013
10674,106.7400000000177,0.999999999881283
10675,106.7500000000177,0.9999999998814644
10676,106.76000000001771,0.9999999998816455
10677,106.77000000001772,0.9999999998818263
10678,106.78000000001772,0.9999999998820068
10679,106.79000000001773,0.9999999998821871
10680,106.80000000001773,0.9999999998823671
10681,106.81000000001774,0.9999999998825468
10682,106.82000000001774,0.9999999998827263
10683,106.83000000001775,0.9999999998829054
10684,106.84000000001775,0.9999999998830843
10685,106.85000000001776,0.9999999998832629
10686,106.86000000001776,0.9999999998834412
10687,106.87000000001777,0.9999999998836193
10688,106.88000000001777,0.9999999998837971
10689,106.89000000001778,0.9999999998839746
10690,106.90000000001778,0.9999999998841518
10691,106.91000000001779,0.9999999998843287
10692,106.9200000000178,0.9999999998845054
10693,106.9300000000178,0.9999999998846818
10694,106.9400000000178,0.9999999998848579
10695,106.95000000001781,0.9999999998850337
10696,106.96000000001781,0.9999999998852094
10697,106.97000000001782,0.9999999998853847
10698,106.98000000001782,0.9999999998855597
10699,106.99000000001783,0.9999999998857345
10700,107.00000000001783,0.9999999998859089
10701,107.01000000001784,0.9999999998860832
10702,107.02000000001784,0.9999999998862571
10703,107.03000000001785,0.9999999998864308
10704,107.04000000001786,0.9999999998866043
10705,107.05000000001786,0.9999999998867775
10706,107.06000000001787,0.9999999998869503
10707,107.07000000001787,0.999999999887123
10708,107.08000000001788,0.9999999998872953
10709,107.09000000001788,0.9999999998874674
10710,107.10000000001789,0.9999999998876391
10711,107.11000000001789,0.9999999998878107
10712,107.1200000000179,0.9999999998879819
10713,107.1300000000179,0.999999999888153
10714,107.1400000000179,0.9999999998883238
10715,107.15000000001791,0.9999999998884942
10716,107.16000000001792,0.9999999998886645
10717,107.17000000001792,0.9999999998888345
10718,107.18000000001793,0.9999999998890041
10719,107.19000000001793,0.9999999998891735
10720,107.20000000001794,0.9999999998893427
10721,107.21000000001794,0.9999999998895117
10722,107.22000000001795,0.9999999998896804
10723,107.23000000001795,0.9999999998898487
10724,107.24000000001796,0.9999999998900169
10725,107.25000000001796,0.9999999998901847
10726,107.26000000001797,0.9999999998903523
10727,107.27000000001797,0.9999999998905197
10728,107.28000000001798,0.9999999998906868
10729,107.29000000001798,0.9999999998908536
10730,107.30000000001799,0.9999999998910202
10731,107.310000000018,0.9999999998911865
10732,107.320000000018,0.9999999998913526
10733,107.330000000018,0.9999999998915183
10734,107.34000000001801,0.9999999998916839
10735,107.35000000001801,0.9999999998918492
10736,107.36000000001802,0.9999999998920143
10737,107.37000000001802,0.999999999892179
10738,107.38000000001803,0.9999999998923436
10739,107.39000000001803,0.9999999998925078
10740,107.40000000001804,0.9999999998926719
10741,107.41000000001804,0.9999999998928356
10742,107.42000000001805,0.9999999998929991
10743,107.43000000001805,0.9999999998931624
10744,107.44000000001806,0.9999999998933253
10745,107.45000000001806,0.9999999998934881
10746,107.46000000001807,0.9999999998936506
10747,107.47000000001808,0.9999999998938128
10748,107.48000000001808,0.9999999998939748
10749,107.49000000001809,0.9999999998941366
10750,107.50000000001809,0.9999999998942981
10751,107.5100000000181,0.9999999998944593
10752,107.5200000000181,0.9999999998946204
10753,107.5300000000181,0.999999999894781
10754,107.54000000001811,0.9999999998949416
10755,107.55000000001812,0.9999999998951019
10756,107.56000000001812,0.9999999998952619
10757,107.57000000001813,0.9999999998954217
10758,107.58000000001813,0.9999999998955812
10759,107.59000000001814,0.9999999998957404
10760,107.60000000001814,0.9999999998958994
10761,107.61000000001815,0.9999999998960583
10762,107.62000000001815,0.9999999998962167
10763,107.63000000001816,0.999999999896375
10764,107.64000000001816,0.9999999998965331
10765,107.65000000001817,0.9999999998966909
10766,107.66000000001817,0.9999999998968484
10767,107.67000000001818,0.9999999998970057
10768,107.68000000001818,0.9999999998971628
10769,107.69000000001819,0.9999999998973196
10770,107.70000000001819,0.9999999998974761
10771,107.7100000000182,0.9999999998976326
10772,107.7200000000182,0.9999999998977886
10773,107.73000000001821,0.9999999998979444
10774,107.74000000001821,0.9999999998981001
10775,107.75000000001822,0.9999999998982554
10776,107.76000000001822,0.9999999998984106
10777,107.77000000001823,0.9999999998985655
10778,107.78000000001823,0.9999999998987201
10779,107.79000000001824,0.9999999998988746
10780,107.80000000001824,0.9999999998990287
10781,107.81000000001825,0.9999999998991826
10782,107.82000000001825,0.9999999998993363
10783,107.83000000001826,0.9999999998994898
10784,107.84000000001826,0.999999999899643
10785,107.85000000001827,0.999999999899796
10786,107.86000000001827,0.9999999998999488
10787,107.87000000001828,0.9999999999001012
10788,107.88000000001828,0.9999999999002536
10789,107.89000000001829,0.9999999999004056
10790,107.9000000000183,0.9999999999005574
10791,107.9100000000183,0.999999999900709
10792,107.9200000000183,0.9999999999008603
10793,107.93000000001831,0.9999999999010114
10794,107.94000000001832,0.9999999999011623
10795,107.95000000001832,0.9999999999013129
10796,107.96000000001833,0.9999999999014634
10797,107.97000000001833,0.9999999999016136
10798,107.98000000001834,0.9999999999017635
10799,107.99000000001834,0.9999999999019132
10800,108.00000000001835,0.9999999999020627
10801,108.01000000001835,0.9999999999022119
10802,108.02000000001836,0.999999999902361
10803,108.03000000001836,0.9999999999025098
10804,108.04000000001837,0.9999999999026583
10805,108.05000000001837,0.9999999999028066
10806,108.06000000001838,0.9999999999029547
10807,108.07000000001838,0.9999999999031026
10808,108.08000000001839,0.9999999999032503
10809,108.09000000001839,0.9999999999033976
10810,108.1000000000184,0.9999999999035448
10811,108.1100000000184,0.9999999999036918
10812,108.12000000001841,0.9999999999038386
10813,108.13000000001841,0.999999999903985
10814,108.14000000001842,0.9999999999041314
10815,108.15000000001842,0.9999999999042773
10816,108.16000000001843,0.9999999999044232
10817,108.17000000001843,0.9999999999045688
10818,108.18000000001844,0.9999999999047142
10819,108.19000000001844,0.9999999999048593
10820,108.20000000001845,0.9999999999050043
10821,108.21000000001845,0.999999999905149
10822,108.22000000001846,0.9999999999052935
10823,108.23000000001846,0.9999999999054378
10824,108.24000000001847,0.9999999999055817
10825,108.25000000001847,0.9999999999057256
10826,108.26000000001848,0.9999999999058692
10827,108.27000000001848,0.9999999999060126
10828,108.28000000001849,0.9999999999061557
10829,108.2900000000185,0.9999999999062986
10830,108.3000000000185,0.9999999999064414
10831,108.3100000000185,0.9999999999065838
10832,108.32000000001851,0.9999999999067262
10833,108.33000000001852,0.9999999999068682
10834,108.34000000001852,0.99999999990701
10835,108.35000000001853,0.9999999999071516
10836,108.36000000001853,0.999999999907293
10837,108.37000000001854,0.9999999999074342
10838,108.38000000001854,0.9999999999075752
10839,108.39000000001855,0.9999999999077159
10840,108.40000000001855,0.9999999999078564
10841,108.41000000001856,0.9999999999079967
10842,108.42000000001856,0.9999999999081368
10843,108.43000000001857,0.9999999999082767
10844,108.44000000001857,0.9999999999084164
10845,108.45000000001858,0.9999999999085558
10846,108.46000000001858,0.999999999908695
10847,108.47000000001859,0.999999999908834
10848,108.48000000001859,0.9999999999089728
10849,108.4900000000186,0.9999999999091114
10850,108.5000000000186,0.9999999999092498
10851,108.51000000001861,0.9999999999093879
10852,108.52000000001861,0.9999999999095258
10853,108.53000000001862,0.9999999999096636
10854,108.54000000001862,0.9999999999098012
10855,108.55000000001863,0.9999999999099384
10856,108.56000000001863,0.9999999999100755
10857,108.57000000001864,0.9999999999102124
10858,108.58000000001864,0.999999999910349
10859,108.59000000001865,0.9999999999104855
10860,108.60000000001865,0.9999999999106218
10861,108.61000000001866,0.9999999999107578
10862,108.62000000001866,0.9999999999108936
10863,108.63000000001867,0.9999999999110293
10864,108.64000000001867,0.9999999999111647
10865,108.65000000001868,0.9999999999112998
10866,108.66000000001868,0.9999999999114348
10867,108.67000000001869,0.9999999999115696
10868,108.6800000000187,0.9999999999117043
10869,108.6900000000187,0.9999999999118386
10870,108.7000000000187,0.9999999999119727
10871,108.71000000001871,0.9999999999121068
10872,108.72000000001871,0.9999999999122405
10873,108.73000000001872,0.999999999912374
10874,108.74000000001872,0.9999999999125073
10875,108.75000000001873,0.9999999999126405
10876,108.76000000001874,0.9999999999127734
10877,108.77000000001874,0.9999999999129061
10878,108.78000000001875,0.9999999999130387
10879,108.79000000001875,0.999999999913171
10880,108.80000000001876,0.9999999999133031
10881,108.81000000001876,0.999999999913435
10882,108.82000000001877,0.9999999999135667
10883,108.83000000001877,0.9999999999136981
10884,108.84000000001878,0.9999999999138295
10885,108.85000000001878,0.9999999999139606
10886,108.86000000001879,0.9999999999140915
10887,108.87000000001879,0.9999999999142222
10888,108.8800000000188,0.9999999999143526
10889,108.8900000000188,0.999999999914483
10890,108.9000000000188,0.999999999914613
10891,108.91000000001881,0.9999999999147429
10892,108.92000000001882,0.9999999999148725
10893,108.93000000001882,0.9999999999150021
10894,108.94000000001883,0.9999999999151313
10895,108.95000000001883,0.9999999999152605
10896,108.96000000001884,0.9999999999153893
10897,108.97000000001884,0.999999999915518
10898,108.98000000001885,0.9999999999156465
10899,108.99000000001885,0.9999999999157748
10900,109.00000000001886,0.9999999999159029
10901,109.01000000001886,0.9999999999160308
10902,109.02000000001887,0.9999999999161585
10903,109.03000000001887,0.999999999916286
10904,109.04000000001888,0.9999999999164133
10905,109.05000000001888,0.9999999999165404
10906,109.06000000001889,0.9999999999166673
10907,109.0700000000189,0.9999999999167941
10908,109.0800000000189,0.9999999999169206
10909,109.0900000000189,0.9999999999170469
10910,109.10000000001891,0.999999999917173
10911,109.11000000001891,0.999999999917299
10912,109.12000000001892,0.9999999999174247
10913,109.13000000001892,0.9999999999175503
10914,109.14000000001893,0.9999999999176756
10915,109.15000000001893,0.9999999999178009
10916,109.16000000001894,0.9999999999179258
10917,109.17000000001894,0.9999999999180506
10918,109.18000000001895,0.9999999999181751
10919,109.19000000001896,0.9999999999182996
10920,109.20000000001896,0.9999999999184238
10921,109.21000000001897,0.9999999999185478
10922,109.22000000001897,0.9999999999186716
10923,109.23000000001898,0.9999999999187952
10924,109.24000000001898,0.9999999999189186
10925,109.25000000001899,0.9999999999190419
10926,109.26000000001899,0.999999999919165
10927,109.270000000019,0.9999999999192879
10928,109.280000000019,0.9999999999194106
10929,109.290000000019,0.999999999919533
10930,109.30000000001901,0.9999999999196554
10931,109.31000000001902,0.9999999999197775
10932,109.32000000001902,0.9999999999198994
10933,109.33000000001903,0.9999999999200211
10934,109.34000000001903,0.9999999999201427
10935,109.35000000001904,0.999999999920264
10936,109.36000000001904,0.9999999999203852
10937,109.37000000001905,0.9999999999205063
10938,109.38000000001905,0.999999999920627
10939,109.39000000001906,0.9999999999207476
10940,109.40000000001906,0.9999999999208681
10941,109.41000000001907,0.9999999999209883
10942,109.42000000001907,0.9999999999211084
10943,109.43000000001908,0.9999999999212282
10944,109.44000000001908,0.9999999999213479
10945,109.45000000001909,0.9999999999214675
10946,109.4600000000191,0.9999999999215868
10947,109.4700000000191,0.999999999921706
10948,109.4800000000191,0.9999999999218249
10949,109.49000000001911,0.9999999999219437
10950,109.50000000001911,0.9999999999220622
10951,109.51000000001912,0.9999999999221807
10952,109.52000000001912,0.9999999999222989
10953,109.53000000001913,0.999999999922417
10954,109.54000000001913,0.9999999999225349
10955,109.55000000001914,0.9999999999226525
10956,109.56000000001914,0.99999999992277
10957,109.57000000001915,0.9999999999228874
10958,109.58000000001915,0.9999999999230045
10959,109.59000000001916,0.9999999999231214
10960,109.60000000001916,0.9999999999232382
10961,109.61000000001917,0.9999999999233549
10962,109.62000000001917,0.9999999999234712
10963,109.63000000001918,0.9999999999235875
10964,109.64000000001919,0.9999999999237036
10965,109.65000000001919,0.9999999999238194
10966,109.6600000000192,0.9999999999239352
10967,109.6700000000192,0.9999999999240506
10968,109.6800000000192,0.999999999924166
10969,109.69000000001921,0.9999999999242811
10970,109.70000000001922,0.9999999999243961
10971,109.71000000001922,0.9999999999245109
10972,109.72000000001923,0.9999999999246256
10973,109.73000000001923,0.9999999999247401
10974,109.74000000001924,0.9999999999248544
10975,109.75000000001924,0.9999999999249685
10976,109.76000000001925,0.9999999999250825
10977,109.77000000001925,0.9999999999251962
10978,109.78000000001926,0.9999999999253097
10979,109.79000000001926,0.9999999999254232
10980,109.80000000001927,0.9999999999255365
10981,109.81000000001927,0.9999999999256495
10982,109.82000000001928,0.9999999999257624
10983,109.83000000001928,0.9999999999258751
10984,109.84000000001929,0.9999999999259876
10985,109.85000000001929,0.9999999999261
10986,109.8600000000193,0.9999999999262122
10987,109.8700000000193,0.9999999999263243
10988,109.88000000001931,0.9999999999264361
10989,109.89000000001931,0.9999999999265478
10990,109.90000000001932,0.9999999999266593
10991,109.91000000001932,0.9999999999267706
10992,109.92000000001933,0.9999999999268818
10993,109.93000000001933,0.9999999999269927
10994,109.94000000001934,0.9999999999271036
10995,109.95000000001934,0.9999999999272142
10996,109.96000000001935,0.9999999999273248
10997,109.97000000001935,0.999999999927435
10998,109.98000000001936,0.9999999999275452
10999,109.99000000001936,0.9999999999276552
11000,110.00000000001937,0.999999999927765
11001,110.01000000001937,0.9999999999278746
11002,110.02000000001938,0.999999999927984
11003,110.03000000001938,0.9999999999280934
11004,110.04000000001939,0.9999999999282025
11005,110.0500000000194,0.9999999999283115
11006,110.0600000000194,0.9999999999284203
11007,110.0700000000194,0.999999999928529
11008,110.08000000001941,0.9999999999286374
11009,110.09000000001942,0.9999999999287457
11010,110.10000000001942,0.9999999999288538
11011,110.11000000001943,0.9999999999289617
11012,110.12000000001943,0.9999999999290695
11013,110.13000000001944,0.9999999999291772
11014,110.14000000001944,0.9999999999292847
11015,110.15000000001945,0.9999999999293919
11016,110.16000000001945,0.9999999999294991
11017,110.17000000001946,0.9999999999296061
11018,110.18000000001946,0.9999999999297129
11019,110.19000000001947,0.9999999999298195
11020,110.20000000001947,0.9999999999299259
11021,110.21000000001948,0.9999999999300323
11022,110.22000000001948,0.9999999999301384
11023,110.23000000001949,0.9999999999302445
11024,110.24000000001949,0.9999999999303503
11025,110.2500000000195,0.999999999930456
11026,110.2600000000195,0.9999999999305614
11027,110.27000000001951,0.9999999999306668
11028,110.28000000001951,0.9999999999307719
11029,110.29000000001952,0.999999999930877
11030,110.30000000001952,0.9999999999309818
11031,110.31000000001953,0.9999999999310865
11032,110.32000000001953,0.999999999931191
11033,110.33000000001954,0.9999999999312954
11034,110.34000000001954,0.9999999999313997
11035,110.35000000001955,0.9999999999315037
11036,110.36000000001955,0.9999999999316075
11037,110.37000000001956,0.9999999999317113
11038,110.38000000001956,0.9999999999318149
11039,110.39000000001957,0.9999999999319182
11040,110.40000000001957,0.9999999999320215
11041,110.41000000001958,0.9999999999321246
11042,110.42000000001958,0.9999999999322275
11043,110.43000000001959,0.9999999999323304
11044,110.4400000000196,0.9999999999324329
11045,110.4500000000196,0.9999999999325354
11046,110.4600000000196,0.9999999999326377
11047,110.47000000001961,0.9999999999327398
11048,110.48000000001961,0.9999999999328418
11049,110.49000000001962,0.9999999999329436
11050,110.50000000001963,0.9999999999330453
11051,110.51000000001963,0.9999999999331468
11052,110.52000000001964,0.9999999999332482
11053,110.53000000001964,0.9999999999333494
11054,110.54000000001965,0.9999999999334505
11055,110.55000000001965,0.9999999999335514
11056,110.56000000001966,0.9999999999336522
11057,110.57000000001966,0.9999999999337528
11058,110.58000000001967,0.9999999999338531
11059,110.59000000001967,0.9999999999339534
11060,110.60000000001968,0.9999999999340535
11061,110.61000000001968,0.9999999999341536
11062,110.62000000001969,0.9999999999342534
11063,110.63000000001969,0.9999999999343531
11064,110.6400000000197,0.9999999999344525
11065,110.6500000000197,0.9999999999345519
11066,110.6600000000197,0.999999999934651
11067,110.67000000001971,0.9999999999347502
11068,110.68000000001972,0.999999999934849
11069,110.69000000001972,0.9999999999349478
11070,110.70000000001973,0.9999999999350464
11071,110.71000000001973,0.9999999999351449
11072,110.72000000001974,0.9999999999352431
11073,110.73000000001974,0.9999999999353413
11074,110.74000000001975,0.9999999999354393
11075,110.75000000001975,0.9999999999355371
11076,110.76000000001976,0.9999999999356348
11077,110.77000000001976,0.9999999999357324
11078,110.78000000001977,0.9999999999358298
11079,110.79000000001977,0.999999999935927
11080,110.80000000001978,0.9999999999360241
11081,110.81000000001978,0.9999999999361211
11082,110.82000000001979,0.9999999999362178
11083,110.8300000000198,0.9999999999363145
11084,110.8400000000198,0.999999999936411
11085,110.8500000000198,0.9999999999365073
11086,110.86000000001981,0.9999999999366036
11087,110.87000000001981,0.9999999999366996
11088,110.88000000001982,0.9999999999367956
11089,110.89000000001982,0.9999999999368913
11090,110.90000000001983,0.9999999999369868
11091,110.91000000001983,0.9999999999370823
11092,110.92000000001984,0.9999999999371777
11093,110.93000000001985,0.9999999999372728
11094,110.94000000001985,0.9999999999373679
11095,110.95000000001986,0.9999999999374628
11096,110.96000000001986,0.9999999999375575
11097,110.97000000001987,0.9999999999376521
11098,110.98000000001987,0.9999999999377466
11099,110.99000000001988,0.9999999999378408
11100,111.00000000001988,0.999999999937935
11101,111.01000000001989,0.999999999938029
11102,111.02000000001989,0.9999999999381229
11103,111.0300000000199,0.9999999999382166
11104,111.0400000000199,0.9999999999383102
11105,111.0500000000199,0.9999999999384036
11106,111.06000000001991,0.999999999938497
11107,111.07000000001992,0.9999999999385901
11108,111.08000000001992,0.999999999938683
11109,111.09000000001993,0.999999999938776
11110,111.10000000001993,0.9999999999388687
11111,111.11000000001994,0.9999999999389613
11112,111.12000000001994,0.9999999999390538
11113,111.13000000001995,0.999999999939146
11114,111.14000000001995,0.9999999999392382
11115,111.15000000001996,0.9999999999393302
11116,111.16000000001996,0.999999999939422
11117,111.17000000001997,0.9999999999395138
11118,111.18000000001997,0.9999999999396054
11119,111.19000000001998,0.9999999999396968
11120,111.20000000001998,0.9999999999397882
11121,111.21000000001999,0.9999999999398793
11122,111.22000000002,0.9999999999399704
11123,111.23000000002,0.9999999999400613
11124,111.24000000002,0.999999999940152
11125,111.25000000002001,0.9999999999402426
11126,111.26000000002001,0.9999999999403331
11127,111.27000000002002,0.9999999999404234
11128,111.28000000002002,0.9999999999405136
11129,111.29000000002003,0.9999999999406036
11130,111.30000000002003,0.9999999999406936
11131,111.31000000002004,0.9999999999407834
11132,111.32000000002004,0.999999999940873
11133,111.33000000002005,0.9999999999409626
11134,111.34000000002005,0.9999999999410519
11135,111.35000000002006,0.9999999999411411
11136,111.36000000002007,0.9999999999412302
11137,111.37000000002007,0.9999999999413192
11138,111.38000000002008,0.999999999941408
11139,111.39000000002008,0.9999999999414967
11140,111.40000000002009,0.9999999999415852
11141,111.41000000002009,0.9999999999416737
11142,111.4200000000201,0.9999999999417619
11143,111.4300000000201,0.9999999999418501
11144,111.4400000000201,0.9999999999419381
11145,111.45000000002011,0.9999999999420259
11146,111.46000000002012,0.9999999999421136
11147,111.47000000002012,0.9999999999422012
11148,111.48000000002013,0.9999999999422887
11149,111.49000000002013,0.9999999999423761
11150,111.50000000002014,0.9999999999424632
11151,111.51000000002014,0.9999999999425504
11152,111.52000000002015,0.9999999999426373
11153,111.53000000002015,0.9999999999427241
11154,111.54000000002016,0.9999999999428107
11155,111.55000000002016,0.9999999999428973
11156,111.56000000002017,0.9999999999429837
11157,111.57000000002017,0.99999999994307
11158,111.58000000002018,0.9999999999431561
11159,111.59000000002018,0.9999999999432422
11160,111.60000000002019,0.999999999943328
11161,111.6100000000202,0.9999999999434137
11162,111.6200000000202,0.9999999999434993
11163,111.6300000000202,0.9999999999435848
11164,111.64000000002021,0.9999999999436702
11165,111.65000000002021,0.9999999999437554
11166,111.66000000002022,0.9999999999438405
11167,111.67000000002022,0.9999999999439254
11168,111.68000000002023,0.9999999999440102
11169,111.69000000002023,0.9999999999440949
11170,111.70000000002024,0.9999999999441795
11171,111.71000000002024,0.999999999944264
11172,111.72000000002025,0.9999999999443483
11173,111.73000000002025,0.9999999999444324
11174,111.74000000002026,0.9999999999445165
11175,111.75000000002026,0.9999999999446004
11176,111.76000000002027,0.9999999999446842
11177,111.77000000002027,0.9999999999447678
11178,111.78000000002028,0.9999999999448514
11179,111.79000000002029,0.9999999999449348
11180,111.80000000002029,0.9999999999450181
11181,111.8100000000203,0.9999999999451012
11182,111.8200000000203,0.9999999999451843
11183,111.8300000000203,0.9999999999452672
11184,111.84000000002031,0.9999999999453499
11185,111.85000000002032,0.9999999999454326
11186,111.86000000002032,0.9999999999455151
11187,111.87000000002033,0.9999999999455975
11188,111.88000000002033,0.9999999999456798
11189,111.89000000002034,0.9999999999457619
11190,111.90000000002034,0.999999999945844
11191,111.91000000002035,0.9999999999459258
11192,111.92000000002035,0.9999999999460076
11193,111.93000000002036,0.9999999999460892
11194,111.94000000002036,0.9999999999461707
11195,111.95000000002037,0.9999999999462521
11196,111.96000000002037,0.9999999999463334
11197,111.97000000002038,0.9999999999464145
11198,111.98000000002038,0.9999999999464956
11199,111.99000000002039,0.9999999999465764
11200,112.00000000002039,0.9999999999466572
11201,112.0100000000204,0.9999999999467378
11202,112.0200000000204,0.9999999999468184
11203,112.03000000002041,0.9999999999468988
11204,112.04000000002041,0.9999999999469791
11205,112.05000000002042,0.9999999999470592
11206,112.06000000002042,0.9999999999471393
11207,112.07000000002043,0.9999999999472191
11208,112.08000000002043,0.9999999999472989
11209,112.09000000002044,0.9999999999473785
11210,112.10000000002044,0.9999999999474581
11211,112.11000000002045,0.9999999999475375
11212,112.12000000002045,0.9999999999476168
11213,112.13000000002046,0.999999999947696
11214,112.14000000002046,0.9999999999477751
11215,112.15000000002047,0.9999999999478539
11216,112.16000000002047,0.9999999999479328
11217,112.17000000002048,0.9999999999480115
11218,112.18000000002048,0.9999999999480901
11219,112.19000000002049,0.9999999999481685
11220,112.2000000000205,0.9999999999482468
11221,112.2100000000205,0.999999999948325
11222,112.2200000000205,0.9999999999484032
11223,112.23000000002051,0.9999999999484811
11224,112.24000000002052,0.9999999999485589
11225,112.25000000002052,0.9999999999486366
11226,112.26000000002053,0.9999999999487142
11227,112.27000000002053,0.9999999999487917
11228,112.28000000002054,0.9999999999488691
11229,112.29000000002054,0.9999999999489464
11230,112.30000000002055,0.9999999999490236
11231,112.31000000002055,0.9999999999491006
11232,112.32000000002056,0.9999999999491775
11233,112.33000000002056,0.9999999999492543
11234,112.34000000002057,0.999999999949331
11235,112.35000000002057,0.9999999999494075
11236,112.36000000002058,0.999999999949484
11237,112.37000000002058,0.9999999999495602
11238,112.38000000002059,0.9999999999496364
11239,112.39000000002059,0.9999999999497126
11240,112.4000000000206,0.9999999999497885
11241,112.4100000000206,0.9999999999498643
11242,112.42000000002061,0.99999999994994
11243,112.43000000002061,0.9999999999500157
11244,112.44000000002062,0.9999999999500911
11245,112.45000000002062,0.9999999999501665
11246,112.46000000002063,0.9999999999502418
11247,112.47000000002063,0.999999999950317
11248,112.48000000002064,0.999999999950392
11249,112.49000000002064,0.999999999950467
11250,112.50000000002065,0.9999999999505418
11251,112.51000000002065,0.9999999999506165
11252,112.52000000002066,0.9999999999506911
11253,112.53000000002066,0.9999999999507655
11254,112.54000000002067,0.9999999999508399
11255,112.55000000002067,0.9999999999509142
11256,112.56000000002068,0.9999999999509883
11257,112.57000000002068,0.9999999999510623
11258,112.58000000002069,0.9999999999511362
11259,112.5900000000207,0.9999999999512099
11260,112.6000000000207,0.9999999999512836
11261,112.6100000000207,0.9999999999513572
11262,112.62000000002071,0.9999999999514306
11263,112.63000000002071,0.999999999951504
11264,112.64000000002072,0.9999999999515772
11265,112.65000000002073,0.9999999999516503
11266,112.66000000002073,0.9999999999517234
11267,112.67000000002074,0.9999999999517962
11268,112.68000000002074,0.9999999999518691
11269,112.69000000002075,0.9999999999519417
11270,112.70000000002075,0.9999999999520143
11271,112.71000000002076,0.9999999999520867
11272,112.72000000002076,0.999999999952159
11273,112.73000000002077,0.9999999999522312
11274,112.74000000002077,0.9999999999523034
11275,112.75000000002078,0.9999999999523753
11276,112.76000000002078,0.9999999999524473
11277,112.77000000002079,0.999999999952519
11278,112.78000000002079,0.9999999999525907
11279,112.7900000000208,0.9999999999526623
11280,112.8000000000208,0.9999999999527337
11281,112.8100000000208,0.9999999999528051
11282,112.82000000002081,0.9999999999528764
11283,112.83000000002082,0.9999999999529474
11284,112.84000000002082,0.9999999999530185
11285,112.85000000002083,0.9999999999530894
11286,112.86000000002083,0.9999999999531601
11287,112.87000000002084,0.9999999999532309
11288,112.88000000002084,0.9999999999533015
11289,112.89000000002085,0.999999999953372
11290,112.90000000002085,0.9999999999534422
11291,112.91000000002086,0.9999999999535125
11292,112.92000000002086,0.9999999999535827
11293,112.93000000002087,0.9999999999536527
11294,112.94000000002087,0.9999999999537227
11295,112.95000000002088,0.9999999999537925
11296,112.96000000002088,0.9999999999538622
11297,112.97000000002089,0.9999999999539319
11298,112.9800000000209,0.9999999999540014
11299,112.9900000000209,0.9999999999540709
11300,113.0000000000209,0.9999999999541401
11301,113.01000000002091,0.9999999999542093
11302,113.02000000002091,0.9999999999542784
11303,113.03000000002092,0.9999999999543474
11304,113.04000000002092,0.9999999999544162
11305,113.05000000002093,0.9999999999544851
11306,113.06000000002093,0.9999999999545537
11307,113.07000000002094,0.9999999999546223
11308,113.08000000002095,0.9999999999546907
11309,113.09000000002095,0.9999999999547591
11310,113.10000000002096,0.9999999999548274
11311,113.11000000002096,0.9999999999548955
11312,113.12000000002097,0.9999999999549635
11313,113.13000000002097,0.9999999999550314
11314,113.14000000002098,0.9999999999550993
11315,113.15000000002098,0.999999999955167
11316,113.16000000002099,0.9999999999552347
11317,113.17000000002099,0.9999999999553022
11318,113.180000000021,0.9999999999553696
11319,113.190000000021,0.9999999999554369
11320,113.200000000021,0.9999999999555041
11321,113.21000000002101,0.9999999999555712
11322,113.22000000002102,0.9999999999556383
11323,113.23000000002102,0.9999999999557052
11324,113.24000000002103,0.9999999999557719
11325,113.25000000002103,0.9999999999558387
11326,113.26000000002104,0.9999999999559053
11327,113.27000000002104,0.9999999999559718
11328,113.28000000002105,0.9999999999560382
11329,113.29000000002105,0.9999999999561044
11330,113.30000000002106,0.9999999999561706
11331,113.31000000002106,0.9999999999562368
11332,113.32000000002107,0.9999999999563027
11333,113.33000000002107,0.9999999999563687
11334,113.34000000002108,0.9999999999564344
11335,113.35000000002108,0.9999999999565001
11336,113.36000000002109,0.9999999999565657
11337,113.3700000000211,0.9999999999566312
11338,113.3800000000211,0.9999999999566966
11339,113.3900000000211,0.9999999999567619
11340,113.40000000002111,0.9999999999568271
11341,113.41000000002111,0.9999999999568921
11342,113.42000000002112,0.9999999999569572
11343,113.43000000002112,0.999999999957022
11344,113.44000000002113,0.9999999999570869
11345,113.45000000002113,0.9999999999571515
11346,113.46000000002114,0.9999999999572161
11347,113.47000000002114,0.9999999999572806
11348,113.48000000002115,0.999999999957345
11349,113.49000000002115,0.9999999999574093
11350,113.50000000002116,0.9999999999574736
11351,113.51000000002117,0.9999999999575376
11352,113.52000000002117,0.9999999999576017
11353,113.53000000002118,0.9999999999576655
11354,113.54000000002118,0.9999999999577294
11355,113.55000000002119,0.9999999999577931
11356,113.56000000002119,0.9999999999578567
11357,113.5700000000212,0.9999999999579202
11358,113.5800000000212,0.9999999999579836
11359,113.5900000000212,0.999999999958047
11360,113.60000000002121,0.9999999999581102
11361,113.61000000002122,0.9999999999581733
11362,113.62000000002122,0.9999999999582364
11363,113.63000000002123,0.9999999999582994
11364,113.64000000002123,0.9999999999583622
11365,113.65000000002124,0.9999999999584249
11366,113.66000000002124,0.9999999999584875
11367,113.67000000002125,0.9999999999585502
11368,113.68000000002125,0.9999999999586126
11369,113.69000000002126,0.999999999958675
11370,113.70000000002126,0.9999999999587372
11371,113.71000000002127,0.9999999999587994
11372,113.72000000002127,0.9999999999588615
11373,113.73000000002128,0.9999999999589234
11374,113.74000000002128,0.9999999999589854
11375,113.75000000002129,0.9999999999590472
11376,113.7600000000213,0.9999999999591088
11377,113.7700000000213,0.9999999999591704
11378,113.7800000000213,0.9999999999592319
11379,113.79000000002131,0.9999999999592935
11380,113.80000000002131,0.9999999999593547
11381,113.81000000002132,0.9999999999594159
11382,113.82000000002132,0.9999999999594771
11383,113.83000000002133,0.9999999999595381
11384,113.84000000002133,0.9999999999595991
11385,113.85000000002134,0.9999999999596599
11386,113.86000000002134,0.9999999999597208
11387,113.87000000002135,0.9999999999597814
11388,113.88000000002135,0.999999999959842
11389,113.89000000002136,0.9999999999599025
11390,113.90000000002136,0.9999999999599629
11391,113.91000000002137,0.9999999999600232
11392,113.92000000002137,0.9999999999600834
11393,113.93000000002138,0.9999999999601435
11394,113.94000000002139,0.9999999999602035
11395,113.95000000002139,0.9999999999602635
11396,113.9600000000214,0.9999999999603233
11397,113.9700000000214,0.9999999999603831
11398,113.9800000000214,0.9999999999604428
11399,113.99000000002141,0.9999999999605024
11400,114.00000000002142,0.9999999999605618
11401,114.01000000002142,0.9999999999606212
11402,114.02000000002143,0.9999999999606806
11403,114.03000000002143,0.9999999999607397
11404,114.04000000002144,0.9999999999607988
11405,114.05000000002144,0.9999999999608579
11406,114.06000000002145,0.9999999999609168
11407,114.07000000002145,0.9999999999609757
11408,114.08000000002146,0.9999999999610344
11409,114.09000000002146,0.9999999999610931
11410,114.10000000002147,0.9999999999611517
11411,114.11000000002147,0.9999999999612101
11412,114.12000000002148,0.9999999999612685
11413,114.13000000002148,0.9999999999613269
11414,114.14000000002149,0.9999999999613851
11415,114.15000000002149,0.9999999999614433
11416,114.1600000000215,0.9999999999615014
11417,114.1700000000215,0.9999999999615593
11418,114.18000000002151,0.9999999999616171
11419,114.19000000002151,0.9999999999616749
11420,114.20000000002152,0.9999999999617326
11421,114.21000000002152,0.9999999999617902
11422,114.22000000002153,0.9999999999618477
11423,114.23000000002153,0.9999999999619051
11424,114.24000000002154,0.9999999999619625
11425,114.25000000002154,0.9999999999620198
11426,114.26000000002155,0.999999999962077
11427,114.27000000002155,0.9999999999621341
11428,114.28000000002156,0.999999999962191
11429,114.29000000002156,0.999999999962248
11430,114.30000000002157,0.9999999999623048
11431,114.31000000002157,0.9999999999623616
11432,114.32000000002158,0.9999999999624182
11433,114.33000000002158,0.9999999999624747
11434,114.34000000002159,0.9999999999625312
11435,114.3500000000216,0.9999999999625876
11436,114.3600000000216,0.9999999999626439
11437,114.3700000000216,0.9999999999627001
11438,114.38000000002161,0.9999999999627562
11439,114.39000000002162,0.9999999999628123
11440,114.40000000002162,0.9999999999628683
11441,114.41000000002163,0.9999999999629241
11442,114.42000000002163,0.99999999996298
11443,114.43000000002164,0.9999999999630357
11444,114.44000000002164,0.9999999999630913
11445,114.45000000002165,0.9999999999631468
11446,114.46000000002165,0.9999999999632022
11447,114.47000000002166,0.9999999999632576
11448,114.48000000002166,0.9999999999633129
11449,114.49000000002167,0.9999999999633681
11450,114.50000000002167,0.9999999999634233
11451,114.51000000002168,0.9999999999634782
11452,114.52000000002168,0.9999999999635332
11453,114.53000000002169,0.999999999963588
11454,114.54000000002169,0.9999999999636429
11455,114.5500000000217,0.9999999999636975
11456,114.5600000000217,0.9999999999637521
11457,114.57000000002171,0.9999999999638066
11458,114.58000000002171,0.9999999999638611
11459,114.59000000002172,0.9999999999639155
11460,114.60000000002172,0.9999999999639697
11461,114.61000000002173,0.999999999964024
11462,114.62000000002173,0.9999999999640781
11463,114.63000000002174,0.9999999999641321
11464,114.64000000002174,0.9999999999641861
11465,114.65000000002175,0.9999999999642399
11466,114.66000000002175,0.9999999999642937
11467,114.67000000002176,0.9999999999643474
11468,114.68000000002176,0.999999999964401
11469,114.69000000002177,0.9999999999644545
11470,114.70000000002177,0.9999999999645081
11471,114.71000000002178,0.9999999999645615
11472,114.72000000002178,0.9999999999646147
11473,114.73000000002179,0.9999999999646679
11474,114.7400000000218,0.9999999999647211
11475,114.7500000000218,0.9999999999647742
11476,114.7600000000218,0.9999999999648271
11477,114.77000000002181,0.99999999996488
11478,114.78000000002181,0.9999999999649328
11479,114.79000000002182,0.9999999999649856
11480,114.80000000002183,0.9999999999650382
11481,114.81000000002183,0.9999999999650908
11482,114.82000000002184,0.9999999999651432
11483,114.83000000002184,0.9999999999651956
11484,114.84000000002185,0.999999999965248
11485,114.85000000002185,0.9999999999653002
11486,114.86000000002186,0.9999999999653524
11487,114.87000000002186,0.9999999999654046
11488,114.88000000002187,0.9999999999654565
11489,114.89000000002187,0.9999999999655085
11490,114.90000000002188,0.9999999999655603
11491,114.91000000002188,0.9999999999656121
11492,114.92000000002189,0.9999999999656638
11493,114.93000000002189,0.9999999999657154
11494,114.9400000000219,0.9999999999657669
11495,114.9500000000219,0.9999999999658185
11496,114.9600000000219,0.9999999999658699
11497,114.97000000002191,0.9999999999659211
11498,114.98000000002192,0.9999999999659723
11499,114.99000000002192,0.9999999999660235
11500,115.00000000002193,0.9999999999660746
11501,115.01000000002193,0.9999999999661255
11502,115.02000000002194,0.9999999999661765
11503,115.03000000002194,0.9999999999662273
11504,115.04000000002195,0.9999999999662781
11505,115.05000000002195,0.9999999999663287
11506,115.06000000002196,0.9999999999663793
11507,115.07000000002196,0.9999999999664299
11508,115.08000000002197,0.9999999999664804
11509,115.09000000002197,0.9999999999665308
11510,115.10000000002198,0.9999999999665811
11511,115.11000000002198,0.9999999999666312
11512,115.12000000002199,0.9999999999666814
11513,115.130000000022,0.9999999999667315
11514,115.140000000022,0.9999999999667815
11515,115.150000000022,0.9999999999668314
11516,115.16000000002201,0.9999999999668813
11517,115.17000000002201,0.999999999966931
11518,115.18000000002202,0.9999999999669806
11519,115.19000000002202,0.9999999999670303
11520,115.20000000002203,0.9999999999670799
11521,115.21000000002203,0.9999999999671293
11522,115.22000000002204,0.9999999999671787
11523,115.23000000002205,0.999999999967228
11524,115.24000000002205,0.9999999999672773
11525,115.25000000002206,0.9999999999673264
11526,115.26000000002206,0.9999999999673755
11527,115.27000000002207,0.9999999999674245
11528,115.28000000002207,0.9999999999674735
11529,115.29000000002208,0.9999999999675223
11530,115.30000000002208,0.9999999999675712
11531,115.31000000002209,0.9999999999676198
11532,115.32000000002209,0.9999999999676684
11533,115.3300000000221,0.999999999967717
11534,115.3400000000221,0.9999999999677656
11535,115.3500000000221,0.999999999967814
11536,115.36000000002211,0.9999999999678623
11537,115.37000000002212,0.9999999999679106
11538,115.38000000002212,0.9999999999679587
11539,115.39000000002213,0.9999999999680069
11540,115.40000000002213,0.999999999968055
11541,115.41000000002214,0.999999999968103
11542,115.42000000002214,0.9999999999681508
11543,115.43000000002215,0.9999999999681987
11544,115.44000000002215,0.9999999999682464
11545,115.45000000002216,0.9999999999682941
11546,115.46000000002216,0.9999999999683418
11547,115.47000000002217,0.9999999999683893
11548,115.48000000002217,0.9999999999684368
11549,115.49000000002218,0.9999999999684842
11550,115.50000000002218,0.9999999999685315
11551,115.51000000002219,0.9999999999685788
11552,115.5200000000222,0.999999999968626
11553,115.5300000000222,0.9999999999686731
11554,115.5400000000222,0.9999999999687201
11555,115.55000000002221,0.9999999999687671
11556,115.56000000002221,0.999999999968814
11557,115.57000000002222,0.9999999999688608
11558,115.58000000002222,0.9999999999689075
11559,115.59000000002223,0.9999999999689543
11560,115.60000000002223,0.9999999999690009
11561,115.61000000002224,0.9999999999690474
11562,115.62000000002224,0.9999999999690938
11563,115.63000000002225,0.9999999999691402
11564,115.64000000002225,0.9999999999691866
11565,115.65000000002226,0.9999999999692328
11566,115.66000000002226,0.999999999969279
11567,115.67000000002227,0.9999999999693252
11568,115.68000000002228,0.9999999999693713
11569,115.69000000002228,0.9999999999694172
11570,115.70000000002229,0.9999999999694631
11571,115.71000000002229,0.999999999969509
11572,115.7200000000223,0.9999999999695547
11573,115.7300000000223,0.9999999999696004
11574,115.7400000000223,0.9999999999696461
11575,115.75000000002231,0.9999999999696916
11576,115.76000000002232,0.9999999999697371
11577,115.77000000002232,0.9999999999697825
11578,115.78000000002233,0.9999999999698279
11579,115.79000000002233,0.9999999999698732
11580,115.80000000002234,0.9999999999699184
11581,115.81000000002234,0.9999999999699636
11582,115.82000000002235,0.9999999999700087
11583,115.83000000002235,0.9999999999700536
11584,115.84000000002236,0.9999999999700986
11585,115.85000000002236,0.9999999999701434
11586,115.86000000002237,0.9999999999701883
11587,115.87000000002237,0.999999999970233
11588,115.88000000002238,0.9999999999702777
11589,115.89000000002238,0.9999999999703223
11590,115.90000000002239,0.9999999999703668
11591,115.9100000000224,0.9999999999704112
11592,115.9200000000224,0.9999999999704556
11593,115.9300000000224,0.9999999999705
11594,115.94000000002241,0.9999999999705442
11595,115.95000000002241,0.9999999999705885
11596,115.96000000002242,0.9999999999706326
11597,115.97000000002242,0.9999999999706767
11598,115.98000000002243,0.9999999999707206
11599,115.99000000002243,0.9999999999707646
11600,116.00000000002244,0.9999999999708085
11601,116.01000000002244,0.9999999999708522
11602,116.02000000002245,0.999999999970896
11603,116.03000000002245,0.9999999999709397
11604,116.04000000002246,0.9999999999709832
11605,116.05000000002246,0.9999999999710267
11606,116.06000000002247,0.9999999999710703
11607,116.07000000002247,0.9999999999711137
11608,116.08000000002248,0.999999999971157
11609,116.09000000002248,0.9999999999712003
11610,116.10000000002249,0.9999999999712434
11611,116.1100000000225,0.9999999999712865
11612,116.1200000000225,0.9999999999713296
11613,116.1300000000225,0.9999999999713727
11614,116.14000000002251,0.9999999999714156
11615,116.15000000002252,0.9999999999714585
11616,116.16000000002252,0.9999999999715012
11617,116.17000000002253,0.999999999971544
11618,116.18000000002253,0.9999999999715867
11619,116.19000000002254,0.9999999999716294
11620,116.20000000002254,0.9999999999716719
11621,116.21000000002255,0.9999999999717144
11622,116.22000000002255,0.9999999999717568
11623,116.23000000002256,0.9999999999717991
11624,116.24000000002256,0.9999999999718414
11625,116.25000000002257,0.9999999999718836
11626,116.26000000002257,0.9999999999719258
11627,116.27000000002258,0.9999999999719679
11628,116.28000000002258,0.99999999997201
11629,116.29000000002259,0.9999999999720519
11630,116.30000000002259,0.9999999999720939
11631,116.3100000000226,0.9999999999721356
11632,116.3200000000226,0.9999999999721775
11633,116.33000000002261,0.9999999999722192
11634,116.34000000002261,0.9999999999722609
11635,116.35000000002262,0.9999999999723024
11636,116.36000000002262,0.9999999999723439
11637,116.37000000002263,0.9999999999723854
11638,116.38000000002263,0.9999999999724268
11639,116.39000000002264,0.9999999999724681
11640,116.40000000002264,0.9999999999725094
11641,116.41000000002265,0.9999999999725506
11642,116.42000000002265,0.9999999999725918
11643,116.43000000002266,0.9999999999726329
11644,116.44000000002266,0.9999999999726739
11645,116.45000000002267,0.9999999999727148
11646,116.46000000002267,0.9999999999727558
11647,116.47000000002268,0.9999999999727966
11648,116.48000000002268,0.9999999999728374
11649,116.49000000002269,0.9999999999728781
11650,116.5000000000227,0.9999999999729188
11651,116.5100000000227,0.9999999999729594
11652,116.5200000000227,0.9999999999729999
11653,116.53000000002271,0.9999999999730403
11654,116.54000000002272,0.9999999999730808
11655,116.55000000002272,0.9999999999731212
11656,116.56000000002273,0.9999999999731614
11657,116.57000000002273,0.9999999999732017
11658,116.58000000002274,0.9999999999732417
11659,116.59000000002274,0.9999999999732819
11660,116.60000000002275,0.9999999999733219
11661,116.61000000002275,0.9999999999733619
11662,116.62000000002276,0.9999999999734018
11663,116.63000000002276,0.9999999999734417
11664,116.64000000002277,0.9999999999734815
11665,116.65000000002277,0.9999999999735212
11666,116.66000000002278,0.9999999999735609
11667,116.67000000002278,0.9999999999736006
11668,116.68000000002279,0.9999999999736401
11669,116.69000000002279,0.9999999999736796
11670,116.7000000000228,0.999999999973719
11671,116.7100000000228,0.9999999999737584
11672,116.72000000002281,0.9999999999737977
11673,116.73000000002281,0.999999999973837
11674,116.74000000002282,0.9999999999738762
11675,116.75000000002282,0.9999999999739153
11676,116.76000000002283,0.9999999999739544
11677,116.77000000002283,0.9999999999739935
11678,116.78000000002284,0.9999999999740324
11679,116.79000000002284,0.9999999999740713
11680,116.80000000002285,0.9999999999741102
11681,116.81000000002285,0.9999999999741489
11682,116.82000000002286,0.9999999999741876
11683,116.83000000002286,0.9999999999742263
11684,116.84000000002287,0.9999999999742649
11685,116.85000000002287,0.9999999999743034
11686,116.86000000002288,0.999999999974342
11687,116.87000000002288,0.9999999999743804
11688,116.88000000002289,0.9999999999744188
11689,116.8900000000229,0.9999999999744571
11690,116.9000000000229,0.9999999999744954
11691,116.9100000000229,0.9999999999745336
11692,116.92000000002291,0.9999999999745717
11693,116.93000000002291,0.9999999999746098
11694,116.94000000002292,0.9999999999746478
11695,116.95000000002292,0.9999999999746858
11696,116.96000000002293,0.9999999999747237
11697,116.97000000002294,0.9999999999747615
11698,116.98000000002294,0.9999999999747994
11699,116.99000000002295,0.9999999999748371
11700,117.00000000002295,0.9999999999748748
11701,117.01000000002296,0.9999999999749124
11702,117.02000000002296,0.9999999999749499
11703,117.03000000002297,0.9999999999749875
11704,117.04000000002297,0.999999999975025
11705,117.05000000002298,0.9999999999750624
11706,117.06000000002298,0.9999999999750997
11707,117.07000000002299,0.999999999975137
11708,117.08000000002299,0.9999999999751742
11709,117.090000000023,0.9999999999752114
11710,117.100000000023,0.9999999999752485
11711,117.110000000023,0.9999999999752855
11712,117.12000000002301,0.9999999999753225
11713,117.13000000002302,0.9999999999753595
11714,117.14000000002302,0.9999999999753963
11715,117.15000000002303,0.9999999999754332
11716,117.16000000002303,0.99999999997547
11717,117.17000000002304,0.9999999999755067
11718,117.18000000002304,0.9999999999755433
11719,117.19000000002305,0.99999999997558
11720,117.20000000002305,0.9999999999756166
11721,117.21000000002306,0.999999999975653
11722,117.22000000002306,0.9999999999756896
11723,117.23000000002307,0.9999999999757259
11724,117.24000000002307,0.9999999999757623
11725,117.25000000002308,0.9999999999757985
11726,117.26000000002308,0.9999999999758348
11727,117.27000000002309,0.999999999975871
11728,117.2800000000231,0.999999999975907
11729,117.2900000000231,0.9999999999759431
11730,117.3000000000231,0.9999999999759791
11731,117.31000000002311,0.9999999999760151
11732,117.32000000002311,0.9999999999760509
11733,117.33000000002312,0.9999999999760868
11734,117.34000000002312,0.9999999999761225
11735,117.35000000002313,0.9999999999761583
11736,117.36000000002313,0.999999999976194
11737,117.37000000002314,0.9999999999762297
11738,117.38000000002314,0.9999999999762652
11739,117.39000000002315,0.9999999999763007
11740,117.40000000002316,0.9999999999763362
11741,117.41000000002316,0.9999999999763716
11742,117.42000000002317,0.999999999976407
11743,117.43000000002317,0.9999999999764423
11744,117.44000000002318,0.9999999999764775
11745,117.45000000002318,0.9999999999765127
11746,117.46000000002319,0.9999999999765479
11747,117.47000000002319,0.999999999976583
11748,117.4800000000232,0.999999999976618
11749,117.4900000000232,0.999999999976653
11750,117.5000000000232,0.9999999999766879
11751,117.51000000002321,0.9999999999767227
11752,117.52000000002322,0.9999999999767576
11753,117.53000000002322,0.9999999999767923
11754,117.54000000002323,0.9999999999768271
11755,117.55000000002323,0.9999999999768617
11756,117.56000000002324,0.9999999999768964
11757,117.57000000002324,0.9999999999769309
11758,117.58000000002325,0.9999999999769654
11759,117.59000000002325,0.999999999977
11760,117.60000000002326,0.9999999999770344
11761,117.61000000002326,0.9999999999770687
11762,117.62000000002327,0.999999999977103
11763,117.63000000002327,0.9999999999771373
11764,117.64000000002328,0.9999999999771715
11765,117.65000000002328,0.9999999999772056
11766,117.66000000002329,0.9999999999772397
11767,117.6700000000233,0.9999999999772737
11768,117.6800000000233,0.9999999999773077
11769,117.6900000000233,0.9999999999773417
11770,117.70000000002331,0.9999999999773755
11771,117.71000000002331,0.9999999999774094
11772,117.72000000002332,0.9999999999774432
11773,117.73000000002332,0.9999999999774769
11774,117.74000000002333,0.9999999999775105
11775,117.75000000002333,0.9999999999775442
11776,117.76000000002334,0.9999999999775778
11777,117.77000000002334,0.9999999999776114
11778,117.78000000002335,0.9999999999776448
11779,117.79000000002335,0.9999999999776782
11780,117.80000000002336,0.9999999999777116
11781,117.81000000002336,0.9999999999777449
11782,117.82000000002337,0.9999999999777782
11783,117.83000000002338,0.9999999999778114
11784,117.84000000002338,0.9999999999778446
11785,117.85000000002339,0.9999999999778778
11786,117.86000000002339,0.9999999999779109
11787,117.8700000000234,0.9999999999779439
11788,117.8800000000234,0.9999999999779768
11789,117.8900000000234,0.9999999999780098
11790,117.90000000002341,0.9999999999780427
11791,117.91000000002342,0.9999999999780754
11792,117.92000000002342,0.9999999999781083
11793,117.93000000002343,0.999999999978141
11794,117.94000000002343,0.9999999999781737
11795,117.95000000002344,0.9999999999782063
11796,117.96000000002344,0.9999999999782389
11797,117.97000000002345,0.9999999999782714
11798,117.98000000002345,0.9999999999783039
11799,117.99000000002346,0.9999999999783363
11800,118.00000000002346,0.9999999999783687
11801,118.01000000002347,0.999999999978401
11802,118.02000000002347,0.9999999999784334
11803,118.03000000002348,0.9999999999784656
11804,118.04000000002348,0.9999999999784978
11805,118.05000000002349,0.9999999999785298
11806,118.06000000002349,0.999999999978562
11807,118.0700000000235,0.999999999978594
11808,118.0800000000235,0.999999999978626
11809,118.09000000002351,0.999999999978658
11810,118.10000000002351,0.9999999999786898
11811,118.11000000002352,0.9999999999787217
11812,118.12000000002352,0.9999999999787536
11813,118.13000000002353,0.9999999999787853
11814,118.14000000002353,0.999999999978817
11815,118.15000000002354,0.9999999999788486
11816,118.16000000002354,0.9999999999788802
11817,118.17000000002355,0.9999999999789118
11818,118.18000000002355,0.9999999999789433
11819,118.19000000002356,0.9999999999789748
11820,118.20000000002356,0.9999999999790062
11821,118.21000000002357,0.9999999999790375
11822,118.22000000002357,0.9999999999790689
11823,118.23000000002358,0.9999999999791002
11824,118.24000000002358,0.9999999999791314
11825,118.25000000002359,0.9999999999791626
11826,118.2600000000236,0.9999999999791938
11827,118.2700000000236,0.9999999999792248
11828,118.2800000000236,0.9999999999792558
11829,118.29000000002361,0.9999999999792868
11830,118.30000000002362,0.9999999999793178
11831,118.31000000002362,0.9999999999793486
11832,118.32000000002363,0.9999999999793795
11833,118.33000000002363,0.9999999999794104
11834,118.34000000002364,0.9999999999794411
11835,118.35000000002364,0.9999999999794718
11836,118.36000000002365,0.9999999999795025
11837,118.37000000002365,0.999999999979533
11838,118.38000000002366,0.9999999999795637
11839,118.39000000002366,0.9999999999795942
11840,118.40000000002367,0.9999999999796246
11841,118.41000000002367,0.999999999979655
11842,118.42000000002368,0.9999999999796855
11843,118.43000000002368,0.9999999999797159
11844,118.44000000002369,0.9999999999797461
11845,118.45000000002369,0.9999999999797764
11846,118.4600000000237,0.9999999999798066
11847,118.4700000000237,0.9999999999798368
11848,118.48000000002371,0.9999999999798669
11849,118.49000000002371,0.999999999979897
11850,118.50000000002372,0.999999999979927
11851,118.51000000002372,0.9999999999799569
11852,118.52000000002373,0.9999999999799869
11853,118.53000000002373,0.9999999999800168
11854,118.54000000002374,0.9999999999800466
11855,118.55000000002374,0.9999999999800764
11856,118.56000000002375,0.9999999999801061
11857,118.57000000002375,0.9999999999801359
11858,118.58000000002376,0.9999999999801655
11859,118.59000000002376,0.9999999999801952
11860,118.60000000002377,0.9999999999802247
11861,118.61000000002377,0.9999999999802542
11862,118.62000000002378,0.9999999999802838
11863,118.63000000002378,0.9999999999803132
11864,118.64000000002379,0.9999999999803426
11865,118.6500000000238,0.9999999999803719
11866,118.6600000000238,0.9999999999804012
11867,118.6700000000238,0.9999999999804304
11868,118.68000000002381,0.9999999999804597
11869,118.69000000002382,0.9999999999804888
11870,118.70000000002382,0.999999999980518
11871,118.71000000002383,0.9999999999805471
11872,118.72000000002383,0.9999999999805761
11873,118.73000000002384,0.9999999999806051
11874,118.74000000002384,0.999999999980634
11875,118.75000000002385,0.999999999980663
11876,118.76000000002385,0.9999999999806919
11877,118.77000000002386,0.9999999999807206
11878,118.78000000002386,0.9999999999807494
11879,118.79000000002387,0.9999999999807782
11880,118.80000000002387,0.9999999999808069
11881,118.81000000002388,0.9999999999808356
11882,118.82000000002388,0.9999999999808641
11883,118.83000000002389,0.9999999999808927
11884,118.84000000002389,0.9999999999809213
11885,118.8500000000239,0.9999999999809497
11886,118.8600000000239,0.9999999999809781
11887,118.87000000002391,0.9999999999810065
11888,118.88000000002391,0.9999999999810348
11889,118.89000000002392,0.9999999999810631
11890,118.90000000002392,0.9999999999810915
11891,118.91000000002393,0.9999999999811197
11892,118.92000000002393,0.9999999999811479
11893,118.93000000002394,0.999999999981176
11894,118.94000000002394,0.999999999981204
11895,118.95000000002395,0.9999999999812321
11896,118.96000000002395,0.9999999999812601
11897,118.97000000002396,0.9999999999812881
11898,118.98000000002396,0.999999999981316
11899,118.99000000002397,0.9999999999813439
11900,119.00000000002397,0.9999999999813717
11901,119.01000000002398,0.9999999999813995
11902,119.02000000002398,0.9999999999814273
11903,119.03000000002399,0.999999999981455
11904,119.040000000024,0.9999999999814826
11905,119.050000000024,0.9999999999815102
11906,119.060000000024,0.9999999999815379
11907,119.07000000002401,0.9999999999815654
11908,119.08000000002401,0.999999999981593
11909,119.09000000002402,0.9999999999816204
11910,119.10000000002402,0.9999999999816478
11911,119.11000000002403,0.9999999999816752
11912,119.12000000002404,0.9999999999817025
11913,119.13000000002404,0.9999999999817298
11914,119.14000000002405,0.999999999981757
11915,119.15000000002405,0.9999999999817842
11916,119.16000000002406,0.9999999999818114
11917,119.17000000002406,0.9999999999818385
11918,119.18000000002407,0.9999999999818656
11919,119.19000000002407,0.9999999999818927
11920,119.20000000002408,0.9999999999819197
11921,119.21000000002408,0.9999999999819467
11922,119.22000000002409,0.9999999999819736
11923,119.23000000002409,0.9999999999820005
11924,119.2400000000241,0.9999999999820274
11925,119.2500000000241,0.9999999999820541
11926,119.2600000000241,0.9999999999820809
11927,119.27000000002411,0.9999999999821076
11928,119.28000000002412,0.9999999999821343
11929,119.29000000002412,0.9999999999821609
11930,119.30000000002413,0.9999999999821876
11931,119.31000000002413,0.9999999999822141
11932,119.32000000002414,0.9999999999822407
11933,119.33000000002414,0.9999999999822672
11934,119.34000000002415,0.9999999999822936
11935,119.35000000002415,0.99999999998232
11936,119.36000000002416,0.9999999999823463
11937,119.37000000002416,0.9999999999823727
11938,119.38000000002417,0.999999999982399
11939,119.39000000002417,0.9999999999824252
11940,119.40000000002418,0.9999999999824514
11941,119.41000000002418,0.9999999999824776
11942,119.42000000002419,0.9999999999825037
11943,119.4300000000242,0.9999999999825298
11944,119.4400000000242,0.9999999999825558
11945,119.4500000000242,0.9999999999825818
11946,119.46000000002421,0.9999999999826078
11947,119.47000000002421,0.9999999999826338
11948,119.48000000002422,0.9999999999826596
11949,119.49000000002422,0.9999999999826855
11950,119.50000000002423,0.9999999999827113
11951,119.51000000002423,0.999999999982737
11952,119.52000000002424,0.9999999999827628
11953,119.53000000002424,0.9999999999827885
11954,119.54000000002425,0.9999999999828142
11955,119.55000000002426,0.9999999999828398
11956,119.56000000002426,0.9999999999828654
11957,119.57000000002427,0.9999999999828909
11958,119.58000000002427,0.9999999999829164
11959,119.59000000002428,0.9999999999829419
11960,119.60000000002428,0.9999999999829673
11961,119.61000000002429,0.9999999999829927
11962,119.62000000002429,0.999999999983018
11963,119.6300000000243,0.9999999999830433
11964,119.6400000000243,0.9999999999830687
11965,119.6500000000243,0.9999999999830939
11966,119.66000000002431,0.9999999999831191
11967,119.67000000002432,0.9999999999831443
11968,119.68000000002432,0.9999999999831694
11969,119.69000000002433,0.9999999999831944
11970,119.70000000002433,0.9999999999832194
11971,119.71000000002434,0.9999999999832445
11972,119.72000000002434,0.9999999999832695
11973,119.73000000002435,0.9999999999832944
11974,119.74000000002435,0.9999999999833192
11975,119.75000000002436,0.9999999999833441
11976,119.76000000002436,0.999999999983369
11977,119.77000000002437,0.9999999999833937
11978,119.78000000002437,0.9999999999834185
11979,119.79000000002438,0.9999999999834431
11980,119.80000000002438,0.9999999999834679
11981,119.81000000002439,0.9999999999834924
11982,119.8200000000244,0.9999999999835171
11983,119.8300000000244,0.9999999999835416
11984,119.8400000000244,0.9999999999835661
11985,119.85000000002441,0.9999999999835907
11986,119.86000000002441,0.9999999999836151
11987,119.87000000002442,0.9999999999836395
11988,119.88000000002442,0.9999999999836638
11989,119.89000000002443,0.9999999999836882
11990,119.90000000002443,0.9999999999837125
11991,119.91000000002444,0.9999999999837368
11992,119.92000000002444,0.999999999983761
11993,119.93000000002445,0.9999999999837852
11994,119.94000000002445,0.9999999999838094
11995,119.95000000002446,0.9999999999838335
11996,119.96000000002446,0.9999999999838576
11997,119.97000000002447,0.9999999999838816
11998,119.98000000002448,0.9999999999839057
11999,119.99000000002448,0.9999999999839295
12000,120.00000000002449,0.9999999999839535
12001,120.01000000002449,0.9999999999839774
12002,120.0200000000245,0.9999999999840012
12003,120.0300000000245,0.9999999999840251
12004,120.0400000000245,0.9999999999840489
12005,120.05000000002451,0.9999999999840726
12006,120.06000000002452,0.9999999999840964
12007,120.07000000002452,0.99999999998412
12008,120.08000000002453,0.9999999999841437
12009,120.09000000002453,0.9999999999841673
12010,120.10000000002454,0.9999999999841909
12011,120.11000000002454,0.9999999999842144
12012,120.12000000002455,0.9999999999842379
12013,120.13000000002455,0.9999999999842615
12014,120.14000000002456,0.9999999999842849
12015,120.15000000002456,0.9999999999843082
12016,120.16000000002457,0.9999999999843316
12017,120.17000000002457,0.999999999984355
12018,120.18000000002458,0.9999999999843783
12019,120.19000000002458,0.9999999999844015
12020,120.20000000002459,0.9999999999844248
12021,120.21000000002459,0.9999999999844479
12022,120.2200000000246,0.9999999999844711
12023,120.2300000000246,0.9999999999844942
12024,120.24000000002461,0.9999999999845173
12025,120.25000000002461,0.9999999999845404
12026,120.26000000002462,0.9999999999845633
12027,120.27000000002462,0.9999999999845863
12028,120.28000000002463,0.9999999999846093
12029,120.29000000002463,0.9999999999846322
12030,120.30000000002464,0.999999999984655
12031,120.31000000002464,0.9999999999846779
12032,120.32000000002465,0.9999999999847007
12033,120.33000000002465,0.9999999999847236
12034,120.34000000002466,0.9999999999847462
12035,120.35000000002466,0.999999999984769
12036,120.36000000002467,0.9999999999847916
12037,120.37000000002467,0.9999999999848143
12038,120.38000000002468,0.9999999999848369
12039,120.39000000002468,0.9999999999848594
12040,120.40000000002469,0.999999999984882
12041,120.4100000000247,0.9999999999849045
12042,120.4200000000247,0.999999999984927
12043,120.4300000000247,0.9999999999849494
12044,120.44000000002471,0.9999999999849718
12045,120.45000000002472,0.9999999999849941
12046,120.46000000002472,0.9999999999850164
12047,120.47000000002473,0.9999999999850387
12048,120.48000000002473,0.9999999999850611
12049,120.49000000002474,0.9999999999850833
12050,120.50000000002474,0.9999999999851055
12051,120.51000000002475,0.9999999999851277
12052,120.52000000002475,0.9999999999851498
12053,120.53000000002476,0.9999999999851719
12054,120.54000000002476,0.999999999985194
12055,120.55000000002477,0.9999999999852159
12056,120.56000000002477,0.9999999999852379
12057,120.57000000002478,0.9999999999852599
12058,120.58000000002478,0.9999999999852819
12059,120.59000000002479,0.9999999999853038
12060,120.60000000002479,0.9999999999853256
12061,120.6100000000248,0.9999999999853475
12062,120.6200000000248,0.9999999999853693
12063,120.63000000002481,0.999999999985391
12064,120.64000000002481,0.9999999999854128
12065,120.65000000002482,0.9999999999854344
12066,120.66000000002482,0.9999999999854562
12067,120.67000000002483,0.9999999999854777
12068,120.68000000002483,0.9999999999854994
12069,120.69000000002484,0.9999999999855209
12070,120.70000000002484,0.9999999999855425
12071,120.71000000002485,0.999999999985564
12072,120.72000000002485,0.9999999999855855
12073,120.73000000002486,0.999999999985607
12074,120.74000000002486,0.9999999999856283
12075,120.75000000002487,0.9999999999856497
12076,120.76000000002487,0.999999999985671
12077,120.77000000002488,0.9999999999856923
12078,120.78000000002488,0.9999999999857137
12079,120.79000000002489,0.9999999999857349
12080,120.8000000000249,0.9999999999857561
12081,120.8100000000249,0.9999999999857773
12082,120.8200000000249,0.9999999999857985
12083,120.83000000002491,0.9999999999858196
12084,120.84000000002492,0.9999999999858407
12085,120.85000000002492,0.9999999999858618
12086,120.86000000002493,0.9999999999858827
12087,120.87000000002493,0.9999999999859037
12088,120.88000000002494,0.9999999999859247
12089,120.89000000002494,0.9999999999859457
12090,120.90000000002495,0.9999999999859666
12091,120.91000000002495,0.9999999999859874
12092,120.92000000002496,0.9999999999860083
12093,120.93000000002496,0.9999999999860291
12094,120.94000000002497,0.9999999999860498
12095,120.95000000002497,0.9999999999860706
12096,120.96000000002498,0.9999999999860912
12097,120.97000000002498,0.999999999986112
12098,120.98000000002499,0.9999999999861326
12099,120.99000000002499,0.9999999999861532
12100,121.000000000025,0.9999999999861738
12101,121.010000000025,0.9999999999861944
12102,121.02000000002501,0.9999999999862149
12103,121.03000000002501,0.9999999999862355
12104,121.04000000002502,0.9999999999862559
12105,121.05000000002502,0.9999999999862763
12106,121.06000000002503,0.9999999999862967
12107,121.07000000002503,0.9999999999863171
12108,121.08000000002504,0.9999999999863374
12109,121.09000000002504,0.9999999999863577
12110,121.10000000002505,0.999999999986378
12111,121.11000000002505,0.9999999999863982
12112,121.12000000002506,0.9999999999864185
12113,121.13000000002506,0.9999999999864386
12114,121.14000000002507,0.9999999999864588
12115,121.15000000002507,0.9999999999864789
12116,121.16000000002508,0.999999999986499
12117,121.17000000002508,0.9999999999865191
12118,121.18000000002509,0.9999999999865392
12119,121.1900000000251,0.9999999999865592
12120,121.2000000000251,0.9999999999865792
12121,121.2100000000251,0.999999999986599
12122,121.22000000002511,0.999999999986619
12123,121.23000000002511,0.9999999999866389
12124,121.24000000002512,0.9999999999866588
12125,121.25000000002512,0.9999999999866785
12126,121.26000000002513,0.9999999999866984
12127,121.27000000002514,0.9999999999867182
12128,121.28000000002514,0.9999999999867379
12129,121.29000000002515,0.9999999999867576
12130,121.30000000002515,0.9999999999867772
12131,121.31000000002516,0.9999999999867969
12132,121.32000000002516,0.9999999999868165
12133,121.33000000002517,0.9999999999868362
12134,121.34000000002517,0.9999999999868557
12135,121.35000000002518,0.9999999999868753
12136,121.36000000002518,0.9999999999868947
12137,121.37000000002519,0.9999999999869142
12138,121.38000000002519,0.9999999999869337
12139,121.3900000000252,0.9999999999869531
12140,121.4000000000252,0.9999999999869724
12141,121.4100000000252,0.9999999999869918
12142,121.42000000002521,0.9999999999870112
12143,121.43000000002522,0.9999999999870305
12144,121.44000000002522,0.9999999999870497
12145,121.45000000002523,0.9999999999870689
12146,121.46000000002523,0.9999999999870881
12147,121.47000000002524,0.9999999999871073
12148,121.48000000002524,0.9999999999871265
12149,121.49000000002525,0.9999999999871456
12150,121.50000000002525,0.9999999999871647
12151,121.51000000002526,0.9999999999871838
12152,121.52000000002526,0.9999999999872028
12153,121.53000000002527,0.9999999999872218
12154,121.54000000002527,0.9999999999872408
12155,121.55000000002528,0.9999999999872597
12156,121.56000000002528,0.9999999999872787
12157,121.57000000002529,0.9999999999872976
12158,121.5800000000253,0.9999999999873165
12159,121.5900000000253,0.9999999999873352
12160,121.6000000000253,0.9999999999873541
12161,121.61000000002531,0.9999999999873729
12162,121.62000000002531,0.9999999999873916
12163,121.63000000002532,0.9999999999874104
12164,121.64000000002532,0.9999999999874291
12165,121.65000000002533,0.9999999999874477
12166,121.66000000002533,0.9999999999874664
12167,121.67000000002534,0.999999999987485
12168,121.68000000002534,0.9999999999875036
12169,121.69000000002535,0.9999999999875221
12170,121.70000000002536,0.9999999999875406
12171,121.71000000002536,0.9999999999875592
12172,121.72000000002537,0.9999999999875776
12173,121.73000000002537,0.9999999999875961
12174,121.74000000002538,0.9999999999876145
12175,121.75000000002538,0.9999999999876329
12176,121.76000000002539,0.9999999999876512
12177,121.77000000002539,0.9999999999876696
12178,121.7800000000254,0.999999999987688
12179,121.7900000000254,0.9999999999877062
12180,121.8000000000254,0.9999999999877245
12181,121.81000000002541,0.9999999999877427
12182,121.82000000002542,0.9999999999877609
12183,121.83000000002542,0.999999999987779
12184,121.84000000002543,0.9999999999877972
12185,121.85000000002543,0.9999999999878153
12186,121.86000000002544,0.9999999999878334
12187,121.87000000002544,0.9999999999878515
12188,121.88000000002545,0.9999999999878695
12189,121.89000000002545,0.9999999999878875
12190,121.90000000002546,0.9999999999879055
12191,121.91000000002546,0.9999999999879234
12192,121.92000000002547,0.9999999999879413
12193,121.93000000002547,0.9999999999879593
12194,121.94000000002548,0.9999999999879772
12195,121.95000000002548,0.9999999999879949
12196,121.96000000002549,0.9999999999880128
12197,121.9700000000255,0.9999999999880306
12198,121.9800000000255,0.9999999999880483
12199,121.9900000000255,0.9999999999880661
12200,122.00000000002551,0.9999999999880839
12201,122.01000000002551,0.9999999999881015
12202,122.02000000002552,0.9999999999881192
12203,122.03000000002552,0.9999999999881368
12204,122.04000000002553,0.9999999999881544
12205,122.05000000002553,0.999999999988172
12206,122.06000000002554,0.9999999999881896
12207,122.07000000002554,0.9999999999882071
12208,122.08000000002555,0.9999999999882245
12209,122.09000000002555,0.9999999999882421
12210,122.10000000002556,0.9999999999882595
12211,122.11000000002556,0.9999999999882769
12212,122.12000000002557,0.9999999999882944
12213,122.13000000002557,0.9999999999883117
12214,122.14000000002558,0.999999999988329
12215,122.15000000002559,0.9999999999883463
12216,122.16000000002559,0.9999999999883636
12217,122.1700000000256,0.9999999999883808
12218,122.1800000000256,0.9999999999883982
12219,122.1900000000256,0.9999999999884154
12220,122.20000000002561,0.9999999999884326
12221,122.21000000002562,0.9999999999884497
12222,122.22000000002562,0.9999999999884669
12223,122.23000000002563,0.999999999988484
12224,122.24000000002563,0.9999999999885011
12225,122.25000000002564,0.9999999999885181
12226,122.26000000002564,0.9999999999885352
12227,122.27000000002565,0.9999999999885522
12228,122.28000000002565,0.9999999999885691
12229,122.29000000002566,0.9999999999885861
12230,122.30000000002566,0.999999999988603
12231,122.31000000002567,0.9999999999886199
12232,122.32000000002567,0.9999999999886368
12233,122.33000000002568,0.9999999999886536
12234,122.34000000002568,0.9999999999886705
12235,122.35000000002569,0.9999999999886873
12236,122.36000000002569,0.999999999988704
12237,122.3700000000257,0.9999999999887208
12238,122.3800000000257,0.9999999999887376
12239,122.39000000002571,0.9999999999887543
12240,122.40000000002571,0.999999999988771
12241,122.41000000002572,0.9999999999887876
12242,122.42000000002572,0.9999999999888043
12243,122.43000000002573,0.9999999999888208
12244,122.44000000002573,0.9999999999888374
12245,122.45000000002574,0.999999999988854
12246,122.46000000002574,0.9999999999888705
12247,122.47000000002575,0.999999999988887
12248,122.48000000002575,0.9999999999889035
12249,122.49000000002576,0.99999999998892
12250,122.50000000002576,0.9999999999889364
12251,122.51000000002577,0.9999999999889528
12252,122.52000000002577,0.9999999999889692
12253,122.53000000002578,0.9999999999889856
12254,122.54000000002578,0.9999999999890019
12255,122.55000000002579,0.9999999999890182
12256,122.5600000000258,0.9999999999890344
12257,122.5700000000258,0.9999999999890508
12258,122.5800000000258,0.999999999989067
12259,122.59000000002581,0.9999999999890832
12260,122.60000000002582,0.9999999999890994
12261,122.61000000002582,0.9999999999891155
12262,122.62000000002583,0.9999999999891317
12263,122.63000000002583,0.9999999999891478
12264,122.64000000002584,0.9999999999891639
12265,122.65000000002584,0.9999999999891799
12266,122.66000000002585,0.999999999989196
12267,122.67000000002585,0.999999999989212
12268,122.68000000002586,0.999999999989228
12269,122.69000000002586,0.9999999999892439
12270,122.70000000002587,0.9999999999892599
12271,122.71000000002587,0.9999999999892758
12272,122.72000000002588,0.9999999999892917
12273,122.73000000002588,0.9999999999893076
12274,122.74000000002589,0.9999999999893234
12275,122.75000000002589,0.9999999999893393
12276,122.7600000000259,0.9999999999893551
12277,122.7700000000259,0.9999999999893708
12278,122.78000000002591,0.9999999999893866
12279,122.79000000002591,0.9999999999894024
12280,122.80000000002592,0.999999999989418
12281,122.81000000002592,0.9999999999894337
12282,122.82000000002593,0.9999999999894494
12283,122.83000000002593,0.999999999989465
12284,122.84000000002594,0.9999999999894806
12285,122.85000000002594,0.9999999999894962
12286,122.86000000002595,0.9999999999895118
12287,122.87000000002595,0.9999999999895274
12288,122.88000000002596,0.9999999999895428
12289,122.89000000002596,0.9999999999895584
12290,122.90000000002597,0.9999999999895738
12291,122.91000000002597,0.9999999999895893
12292,122.92000000002598,0.9999999999896048
12293,122.93000000002598,0.9999999999896201
12294,122.94000000002599,0.9999999999896355
12295,122.950000000026,0.9999999999896508
12296,122.960000000026,0.9999999999896662
12297,122.970000000026,0.9999999999896815
12298,122.98000000002601,0.9999999999896968
12299,122.99000000002601,0.999999999989712
12300,123.00000000002602,0.9999999999897273
12301,123.01000000002603,0.9999999999897425
12302,123.02000000002603,0.9999999999897577
12303,123.03000000002604,0.9999999999897728
12304,123.04000000002604,0.9999999999897881
12305,123.05000000002605,0.9999999999898032
12306,123.06000000002605,0.9999999999898183
12307,123.07000000002606,0.9999999999898334
12308,123.08000000002606,0.9999999999898485
12309,123.09000000002607,0.9999999999898634
12310,123.10000000002607,0.9999999999898785
12311,123.11000000002608,0.9999999999898935
12312,123.12000000002608,0.9999999999899084
12313,123.13000000002609,0.9999999999899234
12314,123.14000000002609,0.9999999999899384
12315,123.1500000000261,0.9999999999899533
12316,123.1600000000261,0.9999999999899681
12317,123.1700000000261,0.999999999989983
12318,123.18000000002611,0.9999999999899978
12319,123.19000000002612,0.9999999999900127
12320,123.20000000002612,0.9999999999900274
12321,123.21000000002613,0.9999999999900422
12322,123.22000000002613,0.999999999990057
12323,123.23000000002614,0.9999999999900717
12324,123.24000000002614,0.9999999999900864
12325,123.25000000002615,0.999999999990101
12326,123.26000000002615,0.9999999999901157
12327,123.27000000002616,0.9999999999901303
12328,123.28000000002616,0.999999999990145
12329,123.29000000002617,0.9999999999901595
12330,123.30000000002617,0.9999999999901742
12331,123.31000000002618,0.9999999999901887
12332,123.32000000002618,0.9999999999902033
12333,123.33000000002619,0.9999999999902177
12334,123.3400000000262,0.9999999999902323
12335,123.3500000000262,0.9999999999902467
12336,123.3600000000262,0.9999999999902611
12337,123.37000000002621,0.9999999999902756
12338,123.38000000002621,0.99999999999029
12339,123.39000000002622,0.9999999999903043
12340,123.40000000002622,0.9999999999903186
12341,123.41000000002623,0.9999999999903331
12342,123.42000000002623,0.9999999999903474
12343,123.43000000002624,0.9999999999903616
12344,123.44000000002625,0.9999999999903759
12345,123.45000000002625,0.9999999999903901
12346,123.46000000002626,0.9999999999904043
12347,123.47000000002626,0.9999999999904186
12348,123.48000000002627,0.9999999999904328
12349,123.49000000002627,0.999999999990447
12350,123.50000000002628,0.9999999999904611
12351,123.51000000002628,0.9999999999904752
12352,123.52000000002629,0.9999999999904893
12353,123.53000000002629,0.9999999999905034
12354,123.5400000000263,0.9999999999905175
12355,123.5500000000263,0.9999999999905315
12356,123.5600000000263,0.9999999999905455
12357,123.57000000002631,0.9999999999905594
12358,123.58000000002632,0.9999999999905734
12359,123.59000000002632,0.9999999999905874
12360,123.60000000002633,0.9999999999906013
12361,123.61000000002633,0.9999999999906153
12362,123.62000000002634,0.9999999999906292
12363,123.63000000002634,0.999999999990643
12364,123.64000000002635,0.9999999999906569
12365,123.65000000002635,0.9999999999906707
12366,123.66000000002636,0.9999999999906845
12367,123.67000000002636,0.9999999999906983
12368,123.68000000002637,0.9999999999907121
12369,123.69000000002637,0.9999999999907258
12370,123.70000000002638,0.9999999999907395
12371,123.71000000002638,0.9999999999907533
12372,123.72000000002639,0.9999999999907669
12373,123.7300000000264,0.9999999999907806
12374,123.7400000000264,0.9999999999907943
12375,123.7500000000264,0.9999999999908078
12376,123.76000000002641,0.9999999999908215
12377,123.77000000002641,0.999999999990835
12378,123.78000000002642,0.9999999999908485
12379,123.79000000002642,0.9999999999908621
12380,123.80000000002643,0.9999999999908756
12381,123.81000000002643,0.9999999999908892
12382,123.82000000002644,0.9999999999909026
12383,123.83000000002644,0.999999999990916
12384,123.84000000002645,0.9999999999909296
12385,123.85000000002645,0.9999999999909429
12386,123.86000000002646,0.9999999999909563
12387,123.87000000002647,0.9999999999909698
12388,123.88000000002647,0.9999999999909831
12389,123.89000000002648,0.9999999999909964
12390,123.90000000002648,0.9999999999910097
12391,123.91000000002649,0.9999999999910231
12392,123.92000000002649,0.9999999999910364
12393,123.9300000000265,0.9999999999910496
12394,123.9400000000265,0.9999999999910628
12395,123.9500000000265,0.999999999991076
12396,123.96000000002651,0.9999999999910892
12397,123.97000000002652,0.9999999999911025
12398,123.98000000002652,0.9999999999911156
12399,123.99000000002653,0.9999999999911288
12400,124.00000000002653,0.9999999999911419
12401,124.01000000002654,0.999999999991155
12402,124.02000000002654,0.9999999999911681
12403,124.03000000002655,0.9999999999911812
12404,124.04000000002655,0.9999999999911942
12405,124.05000000002656,0.9999999999912071
12406,124.06000000002656,0.9999999999912202
12407,124.07000000002657,0.9999999999912331
12408,124.08000000002657,0.9999999999912461
12409,124.09000000002658,0.9999999999912591
12410,124.10000000002658,0.999999999991272
12411,124.11000000002659,0.999999999991285
12412,124.1200000000266,0.9999999999912978
12413,124.1300000000266,0.9999999999913107
12414,124.1400000000266,0.9999999999913235
12415,124.15000000002661,0.9999999999913364
12416,124.16000000002661,0.9999999999913491
12417,124.17000000002662,0.999999999991362
12418,124.18000000002662,0.9999999999913748
12419,124.19000000002663,0.9999999999913874
12420,124.20000000002663,0.9999999999914002
12421,124.21000000002664,0.999999999991413
12422,124.22000000002664,0.9999999999914256
12423,124.23000000002665,0.9999999999914383
12424,124.24000000002665,0.999999999991451
12425,124.25000000002666,0.9999999999914636
12426,124.26000000002666,0.9999999999914763
12427,124.27000000002667,0.9999999999914888
12428,124.28000000002667,0.9999999999915015
12429,124.29000000002668,0.999999999991514
12430,124.30000000002669,0.9999999999915266
12431,124.31000000002669,0.9999999999915391
12432,124.3200000000267,0.9999999999915515
12433,124.3300000000267,0.9999999999915641
12434,124.3400000000267,0.9999999999915765
12435,124.35000000002671,0.999999999991589
12436,124.36000000002672,0.9999999999916014
12437,124.37000000002672,0.9999999999916138
12438,124.38000000002673,0.9999999999916263
12439,124.39000000002673,0.9999999999916386
12440,124.40000000002674,0.999999999991651
12441,124.41000000002674,0.9999999999916633
12442,124.42000000002675,0.9999999999916757
12443,124.43000000002675,0.999999999991688
12444,124.44000000002676,0.9999999999917002
12445,124.45000000002676,0.9999999999917125
12446,124.46000000002677,0.9999999999917247
12447,124.47000000002677,0.9999999999917369
12448,124.48000000002678,0.9999999999917492
12449,124.49000000002678,0.9999999999917614
12450,124.50000000002679,0.9999999999917736
12451,124.51000000002679,0.9999999999917857
12452,124.5200000000268,0.9999999999917979
12453,124.5300000000268,0.99999999999181
12454,124.54000000002681,0.9999999999918221
12455,124.55000000002681,0.9999999999918342
12456,124.56000000002682,0.9999999999918462
12457,124.57000000002682,0.9999999999918583
12458,124.58000000002683,0.9999999999918703
12459,124.59000000002683,0.9999999999918824
12460,124.60000000002684,0.9999999999918944
12461,124.61000000002684,0.9999999999919063
12462,124.62000000002685,0.9999999999919182
12463,124.63000000002685,0.9999999999919302
12464,124.64000000002686,0.9999999999919421
12465,124.65000000002686,0.999999999991954
12466,124.66000000002687,0.9999999999919659
12467,124.67000000002687,0.9999999999919778
12468,124.68000000002688,0.9999999999919896
12469,124.69000000002688,0.9999999999920015
12470,124.70000000002689,0.9999999999920133
12471,124.7100000000269,0.999999999992025
12472,124.7200000000269,0.9999999999920369
12473,124.7300000000269,0.9999999999920487
12474,124.74000000002691,0.9999999999920604
12475,124.75000000002692,0.9999999999920721
12476,124.76000000002692,0.9999999999920839
12477,124.77000000002693,0.9999999999920955
12478,124.78000000002693,0.9999999999921072
12479,124.79000000002694,0.9999999999921189
12480,124.80000000002694,0.9999999999921305
12481,124.81000000002695,0.9999999999921422
12482,124.82000000002695,0.9999999999921537
12483,124.83000000002696,0.9999999999921654
12484,124.84000000002696,0.9999999999921769
12485,124.85000000002697,0.9999999999921885
12486,124.86000000002697,0.9999999999922
12487,124.87000000002698,0.9999999999922116
12488,124.88000000002698,0.999999999992223
12489,124.89000000002699,0.9999999999922345
12490,124.90000000002699,0.999999999992246
12491,124.910000000027,0.9999999999922574
12492,124.920000000027,0.9999999999922689
12493,124.93000000002701,0.9999999999922803
12494,124.94000000002701,0.9999999999922917
12495,124.95000000002702,0.999999999992303
12496,124.96000000002702,0.9999999999923145
12497,124.97000000002703,0.9999999999923258
12498,124.98000000002703,0.9999999999923371
12499,124.99000000002704,0.9999999999923485
12500,125.00000000002704,0.9999999999923598
12501,125.01000000002705,0.999999999992371
12502,125.02000000002705,0.9999999999923823
12503,125.03000000002706,0.9999999999923935
12504,125.04000000002706,0.9999999999924047
12505,125.05000000002707,0.999999999992416
12506,125.06000000002707,0.9999999999924272
12507,125.07000000002708,0.9999999999924384
12508,125.08000000002708,0.9999999999924495
12509,125.09000000002709,0.9999999999924607
12510,125.1000000000271,0.9999999999924718
12511,125.1100000000271,0.9999999999924829
12512,125.1200000000271,0.999999999992494
12513,125.13000000002711,0.9999999999925051
12514,125.14000000002711,0.9999999999925162
12515,125.15000000002712,0.9999999999925272
12516,125.16000000002713,0.9999999999925382
12517,125.17000000002713,0.9999999999925493
12518,125.18000000002714,0.9999999999925603
12519,125.19000000002714,0.9999999999925713
12520,125.20000000002715,0.9999999999925822
12521,125.21000000002715,0.9999999999925931
12522,125.22000000002716,0.9999999999926041
12523,125.23000000002716,0.999999999992615
12524,125.24000000002717,0.9999999999926259
12525,125.25000000002717,0.9999999999926368
12526,125.26000000002718,0.9999999999926477
12527,125.27000000002718,0.9999999999926585
12528,125.28000000002719,0.9999999999926693
12529,125.29000000002719,0.9999999999926802
12530,125.3000000000272,0.999999999992691
12531,125.3100000000272,0.9999999999927017
12532,125.3200000000272,0.9999999999927125
12533,125.33000000002721,0.9999999999927233
12534,125.34000000002722,0.999999999992734
12535,125.35000000002722,0.9999999999927448
12536,125.36000000002723,0.9999999999927555
12537,125.37000000002723,0.9999999999927661
12538,125.38000000002724,0.9999999999927768
12539,125.39000000002724,0.9999999999927874
12540,125.40000000002725,0.9999999999927981
12541,125.41000000002725,0.9999999999928088
12542,125.42000000002726,0.9999999999928194
12543,125.43000000002726,0.99999999999283
12544,125.44000000002727,0.9999999999928405
12545,125.45000000002727,0.999999999992851
12546,125.46000000002728,0.9999999999928617
12547,125.47000000002728,0.9999999999928721
12548,125.48000000002729,0.9999999999928827
12549,125.4900000000273,0.9999999999928932
12550,125.5000000000273,0.9999999999929037
12551,125.5100000000273,0.9999999999929141
12552,125.52000000002731,0.9999999999929247
12553,125.53000000002731,0.9999999999929351
12554,125.54000000002732,0.9999999999929455
12555,125.55000000002732,0.9999999999929559
12556,125.56000000002733,0.9999999999929663
12557,125.57000000002733,0.9999999999929766
12558,125.58000000002734,0.999999999992987
12559,125.59000000002735,0.9999999999929974
12560,125.60000000002735,0.9999999999930077
12561,125.61000000002736,0.999999999993018
12562,125.62000000002736,0.9999999999930284
12563,125.63000000002737,0.9999999999930386
12564,125.64000000002737,0.9999999999930489
12565,125.65000000002738,0.9999999999930591
12566,125.66000000002738,0.9999999999930693
12567,125.67000000002739,0.9999999999930795
12568,125.68000000002739,0.9999999999930897
12569,125.6900000000274,0.9999999999931
12570,125.7000000000274,0.9999999999931102
12571,125.7100000000274,0.9999999999931203
12572,125.72000000002741,0.9999999999931305
12573,125.73000000002742,0.9999999999931406
12574,125.74000000002742,0.9999999999931507
12575,125.75000000002743,0.9999999999931608
12576,125.76000000002743,0.9999999999931709
12577,125.77000000002744,0.999999999993181
12578,125.78000000002744,0.999999999993191
12579,125.79000000002745,0.9999999999932011
12580,125.80000000002745,0.9999999999932111
12581,125.81000000002746,0.9999999999932211
12582,125.82000000002746,0.9999999999932311
12583,125.83000000002747,0.9999999999932411
12584,125.84000000002747,0.9999999999932511
12585,125.85000000002748,0.9999999999932611
12586,125.86000000002748,0.9999999999932709
12587,125.87000000002749,0.9999999999932808
12588,125.8800000000275,0.9999999999932908
12589,125.8900000000275,0.9999999999933007
12590,125.9000000000275,0.9999999999933106
12591,125.91000000002751,0.9999999999933205
12592,125.92000000002751,0.9999999999933302
12593,125.93000000002752,0.9999999999933401
12594,125.94000000002752,0.9999999999933499
12595,125.95000000002753,0.9999999999933598
12596,125.96000000002753,0.9999999999933695
12597,125.97000000002754,0.9999999999933793
12598,125.98000000002754,0.9999999999933891
12599,125.99000000002755,0.9999999999933988
12600,126.00000000002755,0.9999999999934085
12601,126.01000000002756,0.9999999999934183
12602,126.02000000002757,0.9999999999934279
12603,126.03000000002757,0.9999999999934376
12604,126.04000000002758,0.9999999999934474
12605,126.05000000002758,0.999999999993457
12606,126.06000000002759,0.9999999999934666
12607,126.07000000002759,0.9999999999934762
12608,126.0800000000276,0.9999999999934859
12609,126.0900000000276,0.9999999999934954
12610,126.1000000000276,0.9999999999935051
12611,126.11000000002761,0.9999999999935146
12612,126.12000000002762,0.9999999999935242
12613,126.13000000002762,0.9999999999935337
12614,126.14000000002763,0.9999999999935433
12615,126.15000000002763,0.9999999999935528
12616,126.16000000002764,0.9999999999935623
12617,126.17000000002764,0.9999999999935718
12618,126.18000000002765,0.9999999999935812
12619,126.19000000002765,0.9999999999935907
12620,126.20000000002766,0.9999999999936001
12621,126.21000000002766,0.9999999999936096
12622,126.22000000002767,0.999999999993619
12623,126.23000000002767,0.9999999999936284
12624,126.24000000002768,0.9999999999936378
12625,126.25000000002768,0.9999999999936472
12626,126.26000000002769,0.9999999999936565
12627,126.2700000000277,0.9999999999936658
12628,126.2800000000277,0.9999999999936752
12629,126.2900000000277,0.9999999999936845
12630,126.30000000002771,0.9999999999936938
12631,126.31000000002771,0.9999999999937031
12632,126.32000000002772,0.9999999999937124
12633,126.33000000002772,0.9999999999937217
12634,126.34000000002773,0.9999999999937309
12635,126.35000000002773,0.9999999999937401
12636,126.36000000002774,0.9999999999937493
12637,126.37000000002774,0.9999999999937585
12638,126.38000000002775,0.9999999999937678
12639,126.39000000002775,0.999999999993777
12640,126.40000000002776,0.9999999999937861
12641,126.41000000002776,0.9999999999937953
12642,126.42000000002777,0.9999999999938044
12643,126.43000000002777,0.9999999999938135
12644,126.44000000002778,0.9999999999938226
12645,126.45000000002779,0.9999999999938317
12646,126.46000000002779,0.9999999999938408
12647,126.4700000000278,0.9999999999938499
12648,126.4800000000278,0.999999999993859
12649,126.4900000000278,0.999999999993868
12650,126.50000000002781,0.999999999993877
12651,126.51000000002782,0.9999999999938861
12652,126.52000000002782,0.9999999999938951
12653,126.53000000002783,0.9999999999939041
12654,126.54000000002783,0.9999999999939131
12655,126.55000000002784,0.999999999993922
12656,126.56000000002784,0.999999999993931
12657,126.57000000002785,0.99999999999394
12658,126.58000000002785,0.9999999999939488
12659,126.59000000002786,0.9999999999939577
12660,126.60000000002786,0.9999999999939666
12661,126.61000000002787,0.9999999999939755
12662,126.62000000002787,0.9999999999939844
12663,126.63000000002788,0.9999999999939932
12664,126.64000000002788,0.9999999999940021
12665,126.65000000002789,0.9999999999940109
12666,126.66000000002789,0.9999999999940198
12667,126.6700000000279,0.9999999999940286
12668,126.6800000000279,0.9999999999940373
12669,126.69000000002791,0.9999999999940461
12670,126.70000000002791,0.9999999999940549
12671,126.71000000002792,0.9999999999940636
12672,126.72000000002792,0.9999999999940724
12673,126.73000000002793,0.9999999999940812
12674,126.74000000002793,0.9999999999940898
12675,126.75000000002794,0.9999999999940986
12676,126.76000000002794,0.9999999999941073
12677,126.77000000002795,0.9999999999941159
12678,126.78000000002795,0.9999999999941246
12679,126.79000000002796,0.9999999999941332
12680,126.80000000002796,0.9999999999941419
12681,126.81000000002797,0.9999999999941505
12682,126.82000000002797,0.9999999999941591
12683,126.83000000002798,0.9999999999941677
12684,126.84000000002798,0.9999999999941763
12685,126.85000000002799,0.9999999999941849
12686,126.860000000028,0.9999999999941934
12687,126.870000000028,0.999999999994202
12688,126.880000000028,0.9999999999942105
12689,126.89000000002801,0.9999999999942191
12690,126.90000000002802,0.9999999999942275
12691,126.91000000002802,0.999999999994236
12692,126.92000000002803,0.9999999999942445
12693,126.93000000002803,0.999999999994253
12694,126.94000000002804,0.9999999999942615
12695,126.95000000002804,0.9999999999942699
12696,126.96000000002805,0.9999999999942784
12697,126.97000000002805,0.9999999999942868
12698,126.98000000002806,0.9999999999942951
12699,126.99000000002806,0.9999999999943036
12700,127.00000000002807,0.999999999994312
12701,127.01000000002807,0.9999999999943203
12702,127.02000000002808,0.9999999999943286
12703,127.03000000002808,0.999999999994337
12704,127.04000000002809,0.9999999999943454
12705,127.05000000002809,0.9999999999943537
12706,127.0600000000281,0.999999999994362
12707,127.0700000000281,0.9999999999943703
12708,127.08000000002811,0.9999999999943786
12709,127.09000000002811,0.9999999999943868
12710,127.10000000002812,0.9999999999943952
12711,127.11000000002812,0.9999999999944034
12712,127.12000000002813,0.9999999999944116
12713,127.13000000002813,0.9999999999944198
12714,127.14000000002814,0.999999999994428
12715,127.15000000002814,0.9999999999944362
12716,127.16000000002815,0.9999999999944444
12717,127.17000000002815,0.9999999999944525
12718,127.18000000002816,0.9999999999944608
12719,127.19000000002816,0.9999999999944689
12720,127.20000000002817,0.9999999999944771
12721,127.21000000002817,0.9999999999944852
12722,127.22000000002818,0.9999999999944933
12723,127.23000000002818,0.9999999999945014
12724,127.24000000002819,0.9999999999945095
12725,127.2500000000282,0.9999999999945175
12726,127.2600000000282,0.9999999999945256
12727,127.2700000000282,0.9999999999945337
12728,127.28000000002821,0.9999999999945417
12729,127.29000000002821,0.9999999999945497
12730,127.30000000002822,0.9999999999945578
12731,127.31000000002823,0.9999999999945658
12732,127.32000000002823,0.9999999999945738
12733,127.33000000002824,0.9999999999945818
12734,127.34000000002824,0.9999999999945897
12735,127.35000000002825,0.9999999999945977
12736,127.36000000002825,0.9999999999946056
12737,127.37000000002826,0.9999999999946135
12738,127.38000000002826,0.9999999999946215
12739,127.39000000002827,0.9999999999946294
12740,127.40000000002827,0.9999999999946373
12741,127.41000000002828,0.9999999999946452
12742,127.42000000002828,0.999999999994653
12743,127.43000000002829,0.9999999999946609
12744,127.44000000002829,0.9999999999946687
12745,127.4500000000283,0.9999999999946766
12746,127.4600000000283,0.9999999999946845
12747,127.4700000000283,0.9999999999946922
12748,127.48000000002831,0.9999999999947
12749,127.49000000002832,0.9999999999947079
12750,127.50000000002832,0.9999999999947157
12751,127.51000000002833,0.9999999999947234
12752,127.52000000002833,0.9999999999947312
12753,127.53000000002834,0.9999999999947389
12754,127.54000000002834,0.9999999999947466
12755,127.55000000002835,0.9999999999947544
12756,127.56000000002835,0.9999999999947621
12757,127.57000000002836,0.9999999999947697
12758,127.58000000002836,0.9999999999947775
12759,127.59000000002837,0.9999999999947852
12760,127.60000000002837,0.9999999999947928
12761,127.61000000002838,0.9999999999948005
12762,127.62000000002838,0.9999999999948082
12763,127.63000000002839,0.9999999999948158
12764,127.6400000000284,0.9999999999948234
12765,127.6500000000284,0.999999999994831
12766,127.6600000000284,0.9999999999948386
12767,127.67000000002841,0.9999999999948462
12768,127.68000000002841,0.9999999999948538
12769,127.69000000002842,0.9999999999948613
12770,127.70000000002842,0.9999999999948689
12771,127.71000000002843,0.9999999999948764
12772,127.72000000002843,0.999999999994884
12773,127.73000000002844,0.9999999999948914
12774,127.74000000002845,0.999999999994899
12775,127.75000000002845,0.9999999999949065
12776,127.76000000002846,0.999999999994914
12777,127.77000000002846,0.9999999999949214
12778,127.78000000002847,0.999999999994929
12779,127.79000000002847,0.9999999999949364
12780,127.80000000002848,0.9999999999949438
12781,127.81000000002848,0.9999999999949513
12782,127.82000000002849,0.9999999999949587
12783,127.83000000002849,0.999999999994966
12784,127.8400000000285,0.9999999999949735
12785,127.8500000000285,0.9999999999949809
12786,127.8600000000285,0.9999999999949882
12787,127.87000000002851,0.9999999999949956
12788,127.88000000002852,0.999999999995003
12789,127.89000000002852,0.9999999999950103
12790,127.90000000002853,0.9999999999950177
12791,127.91000000002853,0.999999999995025
12792,127.92000000002854,0.9999999999950323
12793,127.93000000002854,0.9999999999950395
12794,127.94000000002855,0.9999999999950469
12795,127.95000000002855,0.9999999999950542
12796,127.96000000002856,0.9999999999950614
12797,127.97000000002856,0.9999999999950686
12798,127.98000000002857,0.9999999999950759
12799,127.99000000002857,0.9999999999950832
12800,128.00000000002856,0.9999999999950904
12801,128.01000000002855,0.9999999999950976
12802,128.02000000002855,0.9999999999951048
12803,128.03000000002854,0.999999999995112
12804,128.04000000002853,0.9999999999951191
12805,128.05000000002852,0.9999999999951263
12806,128.0600000000285,0.9999999999951334
12807,128.0700000000285,0.9999999999951407
12808,128.0800000000285,0.9999999999951478
12809,128.09000000002848,0.9999999999951549
12810,128.10000000002847,0.999999999995162
12811,128.11000000002846,0.9999999999951691
12812,128.12000000002845,0.9999999999951762
12813,128.13000000002845,0.9999999999951833
12814,128.14000000002844,0.9999999999951904
12815,128.15000000002843,0.9999999999951975
12816,128.16000000002842,0.9999999999952045
12817,128.1700000000284,0.9999999999952116
12818,128.1800000000284,0.9999999999952186
12819,128.1900000000284,0.9999999999952256
12820,128.20000000002838,0.9999999999952326
12821,128.21000000002837,0.9999999999952396
12822,128.22000000002836,0.9999999999952466
12823,128.23000000002835,0.9999999999952536
12824,128.24000000002835,0.9999999999952606
12825,128.25000000002834,0.9999999999952676
12826,128.26000000002833,0.9999999999952744
12827,128.27000000002832,0.9999999999952814
12828,128.2800000000283,0.9999999999952883
12829,128.2900000000283,0.9999999999952953
12830,128.3000000000283,0.9999999999953022
12831,128.31000000002828,0.9999999999953091
12832,128.32000000002827,0.999999999995316
12833,128.33000000002826,0.9999999999953229
12834,128.34000000002825,0.9999999999953297
12835,128.35000000002825,0.9999999999953366
12836,128.36000000002824,0.9999999999953434
12837,128.37000000002823,0.9999999999953503
12838,128.38000000002822,0.9999999999953572
12839,128.3900000000282,0.9999999999953639
12840,128.4000000000282,0.9999999999953707
12841,128.4100000000282,0.9999999999953776
12842,128.42000000002818,0.9999999999953844
12843,128.43000000002817,0.9999999999953911
12844,128.44000000002816,0.9999999999953979
12845,128.45000000002815,0.9999999999954047
12846,128.46000000002815,0.9999999999954113
12847,128.47000000002814,0.9999999999954181
12848,128.48000000002813,0.9999999999954249
12849,128.49000000002812,0.9999999999954315
12850,128.5000000000281,0.9999999999954382
12851,128.5100000000281,0.999999999995445
12852,128.5200000000281,0.9999999999954516
12853,128.53000000002808,0.9999999999954583
12854,128.54000000002807,0.999999999995465
12855,128.55000000002806,0.9999999999954716
12856,128.56000000002805,0.9999999999954783
12857,128.57000000002805,0.999999999995485
12858,128.58000000002804,0.9999999999954916
12859,128.59000000002803,0.9999999999954982
12860,128.60000000002802,0.9999999999955048
12861,128.610000000028,0.9999999999955114
12862,128.620000000028,0.999999999995518
12863,128.630000000028,0.9999999999955246
12864,128.64000000002798,0.9999999999955311
12865,128.65000000002797,0.9999999999955377
12866,128.66000000002796,0.9999999999955442
12867,128.67000000002795,0.9999999999955508
12868,128.68000000002795,0.9999999999955573
12869,128.69000000002794,0.9999999999955639
12870,128.70000000002793,0.9999999999955703
12871,128.71000000002792,0.9999999999955769
12872,128.7200000000279,0.9999999999955833
12873,128.7300000000279,0.9999999999955899
12874,128.7400000000279,0.9999999999955963
12875,128.75000000002788,0.9999999999956027
12876,128.76000000002787,0.9999999999956092
12877,128.77000000002786,0.9999999999956156
12878,128.78000000002785,0.9999999999956221
12879,128.79000000002785,0.9999999999956285
12880,128.80000000002784,0.9999999999956349
12881,128.81000000002783,0.9999999999956414
12882,128.82000000002782,0.9999999999956477
12883,128.8300000000278,0.9999999999956541
12884,128.8400000000278,0.9999999999956605
12885,128.8500000000278,0.9999999999956669
12886,128.86000000002778,0.9999999999956732
12887,128.87000000002777,0.9999999999956796
12888,128.88000000002776,0.9999999999956859
12889,128.89000000002775,0.9999999999956922
12890,128.90000000002775,0.9999999999956986
12891,128.91000000002774,0.9999999999957049
12892,128.92000000002773,0.9999999999957112
12893,128.93000000002772,0.9999999999957174
12894,128.9400000000277,0.9999999999957238
12895,128.9500000000277,0.99999999999573
12896,128.9600000000277,0.9999999999957363
12897,128.97000000002768,0.9999999999957425
12898,128.98000000002767,0.9999999999957487
12899,128.99000000002766,0.9999999999957551
12900,129.00000000002765,0.9999999999957613
12901,129.01000000002765,0.9999999999957675
12902,129.02000000002764,0.9999999999957737
12903,129.03000000002763,0.9999999999957799
12904,129.04000000002762,0.999999999995786
12905,129.0500000000276,0.9999999999957923
12906,129.0600000000276,0.9999999999957985
12907,129.0700000000276,0.9999999999958046
12908,129.08000000002758,0.9999999999958107
12909,129.09000000002757,0.9999999999958169
12910,129.10000000002756,0.999999999995823
12911,129.11000000002755,0.9999999999958291
12912,129.12000000002755,0.9999999999958352
12913,129.13000000002754,0.9999999999958413
12914,129.14000000002753,0.9999999999958474
12915,129.15000000002752,0.9999999999958535
12916,129.1600000000275,0.9999999999958596
12917,129.1700000000275,0.9999999999958658
12918,129.1800000000275,0.9999999999958717
12919,129.19000000002748,0.9999999999958779
12920,129.20000000002747,0.9999999999958838
12921,129.21000000002746,0.99999999999589
12922,129.22000000002745,0.999999999995896
12923,129.23000000002745,0.999999999995902
12924,129.24000000002744,0.9999999999959079
12925,129.25000000002743,0.9999999999959139
12926,129.26000000002742,0.9999999999959199
12927,129.2700000000274,0.9999999999959259
12928,129.2800000000274,0.9999999999959319
12929,129.2900000000274,0.9999999999959379
12930,129.30000000002738,0.9999999999959438
12931,129.31000000002737,0.9999999999959498
12932,129.32000000002736,0.9999999999959557
12933,129.33000000002735,0.9999999999959617
12934,129.34000000002735,0.9999999999959676
12935,129.35000000002734,0.9999999999959734
12936,129.36000000002733,0.9999999999959794
12937,129.37000000002732,0.9999999999959853
12938,129.3800000000273,0.9999999999959912
12939,129.3900000000273,0.9999999999959971
12940,129.4000000000273,0.999999999996003
12941,129.41000000002728,0.9999999999960087
12942,129.42000000002727,0.9999999999960146
12943,129.43000000002726,0.9999999999960205
12944,129.44000000002725,0.9999999999960263
12945,129.45000000002725,0.9999999999960322
12946,129.46000000002724,0.999999999996038
12947,129.47000000002723,0.9999999999960437
12948,129.48000000002722,0.9999999999960496
12949,129.4900000000272,0.9999999999960554
12950,129.5000000000272,0.9999999999960612
12951,129.5100000000272,0.9999999999960669
12952,129.52000000002718,0.9999999999960727
12953,129.53000000002717,0.9999999999960785
12954,129.54000000002716,0.9999999999960841
12955,129.55000000002715,0.9999999999960899
12956,129.56000000002715,0.9999999999960957
12957,129.57000000002714,0.9999999999961013
12958,129.58000000002713,0.9999999999961071
12959,129.59000000002712,0.9999999999961128
12960,129.6000000000271,0.9999999999961184
12961,129.6100000000271,0.9999999999961242
12962,129.6200000000271,0.9999999999961299
12963,129.63000000002708,0.9999999999961355
12964,129.64000000002707,0.9999999999961412
12965,129.65000000002706,0.9999999999961469
12966,129.66000000002705,0.9999999999961525
12967,129.67000000002704,0.9999999999961582
12968,129.68000000002704,0.9999999999961637
12969,129.69000000002703,0.9999999999961694
12970,129.70000000002702,0.999999999996175
12971,129.710000000027,0.9999999999961806
12972,129.720000000027,0.9999999999961862
12973,129.730000000027,0.9999999999961918
12974,129.74000000002698,0.9999999999961974
12975,129.75000000002697,0.9999999999962029
12976,129.76000000002696,0.9999999999962085
12977,129.77000000002695,0.999999999996214
12978,129.78000000002694,0.9999999999962196
12979,129.79000000002694,0.9999999999962251
12980,129.80000000002693,0.9999999999962307
12981,129.81000000002692,0.9999999999962362
12982,129.8200000000269,0.9999999999962417
12983,129.8300000000269,0.9999999999962472
12984,129.8400000000269,0.9999999999962528
12985,129.85000000002688,0.9999999999962582
12986,129.86000000002687,0.9999999999962637
12987,129.87000000002686,0.9999999999962692
12988,129.88000000002685,0.9999999999962746
12989,129.89000000002684,0.9999999999962801
12990,129.90000000002684,0.9999999999962855
12991,129.91000000002683,0.999999999996291
12992,129.92000000002682,0.9999999999962964
12993,129.9300000000268,0.9999999999963018
12994,129.9400000000268,0.9999999999963073
12995,129.9500000000268,0.9999999999963126
12996,129.96000000002678,0.9999999999963181
12997,129.97000000002677,0.9999999999963235
12998,129.98000000002676,0.9999999999963288
12999,129.99000000002675,0.9999999999963343
13000,130.00000000002674,0.9999999999963396
13001,130.01000000002674,0.9999999999963449
13002,130.02000000002673,0.9999999999963503
13003,130.03000000002672,0.9999999999963557
13004,130.0400000000267,0.999999999996361
13005,130.0500000000267,0.9999999999963664
13006,130.0600000000267,0.9999999999963717
13007,130.07000000002668,0.999999999996377
13008,130.08000000002667,0.9999999999963822
13009,130.09000000002666,0.9999999999963876
13010,130.10000000002665,0.9999999999963929
13011,130.11000000002664,0.9999999999963981
13012,130.12000000002664,0.9999999999964034
13013,130.13000000002663,0.9999999999964087
13014,130.14000000002662,0.999999999996414
13015,130.1500000000266,0.9999999999964192
13016,130.1600000000266,0.9999999999964244
13017,130.1700000000266,0.9999999999964296
13018,130.18000000002658,0.9999999999964349
13019,130.19000000002657,0.9999999999964401
13020,130.20000000002656,0.9999999999964453
13021,130.21000000002655,0.9999999999964505
13022,130.22000000002654,0.9999999999964557
13023,130.23000000002654,0.9999999999964609
13024,130.24000000002653,0.999999999996466
13025,130.25000000002652,0.9999999999964713
13026,130.2600000000265,0.9999999999964765
13027,130.2700000000265,0.9999999999964816
13028,130.2800000000265,0.9999999999964867
13029,130.29000000002648,0.9999999999964919
13030,130.30000000002647,0.999999999996497
13031,130.31000000002646,0.9999999999965021
13032,130.32000000002645,0.9999999999965072
13033,130.33000000002644,0.9999999999965123
13034,130.34000000002644,0.9999999999965175
13035,130.35000000002643,0.9999999999965226
13036,130.36000000002642,0.9999999999965277
13037,130.3700000000264,0.9999999999965328
13038,130.3800000000264,0.9999999999965379
13039,130.3900000000264,0.9999999999965429
13040,130.40000000002638,0.999999999996548
13041,130.41000000002637,0.999999999996553
13042,130.42000000002636,0.9999999999965581
13043,130.43000000002635,0.9999999999965631
13044,130.44000000002634,0.9999999999965682
13045,130.45000000002634,0.9999999999965732
13046,130.46000000002633,0.9999999999965782
13047,130.47000000002632,0.9999999999965832
13048,130.4800000000263,0.9999999999965882
13049,130.4900000000263,0.9999999999965932
13050,130.5000000000263,0.9999999999965982
13051,130.51000000002628,0.9999999999966032
13052,130.52000000002627,0.9999999999966082
13053,130.53000000002626,0.999999999996613
13054,130.54000000002625,0.999999999996618
13055,130.55000000002624,0.999999999996623
13056,130.56000000002624,0.9999999999966279
13057,130.57000000002623,0.9999999999966329
13058,130.58000000002622,0.9999999999966378
13059,130.5900000000262,0.9999999999966427
13060,130.6000000000262,0.9999999999966476
13061,130.6100000000262,0.9999999999966526
13062,130.62000000002618,0.9999999999966575
13063,130.63000000002617,0.9999999999966623
13064,130.64000000002616,0.9999999999966672
13065,130.65000000002615,0.9999999999966721
13066,130.66000000002614,0.999999999996677
13067,130.67000000002614,0.9999999999966818
13068,130.68000000002613,0.9999999999966867
13069,130.69000000002612,0.9999999999966915
13070,130.7000000000261,0.9999999999966963
13071,130.7100000000261,0.9999999999967012
13072,130.7200000000261,0.999999999996706
13073,130.73000000002608,0.9999999999967109
13074,130.74000000002607,0.9999999999967156
13075,130.75000000002606,0.9999999999967204
13076,130.76000000002605,0.9999999999967253
13077,130.77000000002604,0.9999999999967301
13078,130.78000000002604,0.9999999999967348
13079,130.79000000002603,0.9999999999967396
13080,130.80000000002602,0.9999999999967444
13081,130.810000000026,0.9999999999967492
13082,130.820000000026,0.9999999999967539
13083,130.830000000026,0.9999999999967586
13084,130.84000000002598,0.9999999999967634
13085,130.85000000002597,0.9999999999967681
13086,130.86000000002596,0.9999999999967728
13087,130.87000000002595,0.9999999999967776
13088,130.88000000002594,0.9999999999967822
13089,130.89000000002594,0.999999999996787
13090,130.90000000002593,0.9999999999967917
13091,130.91000000002592,0.9999999999967963
13092,130.9200000000259,0.999999999996801
13093,130.9300000000259,0.9999999999968058
13094,130.9400000000259,0.9999999999968104
13095,130.95000000002588,0.9999999999968151
13096,130.96000000002587,0.9999999999968198
13097,130.97000000002586,0.9999999999968244
13098,130.98000000002585,0.999999999996829
13099,130.99000000002584,0.9999999999968336
13100,131.00000000002584,0.9999999999968383
13101,131.01000000002583,0.999999999996843
13102,131.02000000002582,0.9999999999968475
13103,131.0300000000258,0.9999999999968522
13104,131.0400000000258,0.9999999999968567
13105,131.0500000000258,0.9999999999968613
13106,131.06000000002578,0.999999999996866
13107,131.07000000002577,0.9999999999968705
13108,131.08000000002576,0.999999999996875
13109,131.09000000002575,0.9999999999968796
13110,131.10000000002574,0.9999999999968843
13111,131.11000000002574,0.9999999999968888
13112,131.12000000002573,0.9999999999968934
13113,131.13000000002572,0.9999999999968978
13114,131.1400000000257,0.9999999999969024
13115,131.1500000000257,0.9999999999969069
13116,131.1600000000257,0.9999999999969115
13117,131.17000000002568,0.999999999996916
13118,131.18000000002567,0.9999999999969205
13119,131.19000000002566,0.999999999996925
13120,131.20000000002565,0.9999999999969295
13121,131.21000000002564,0.999999999996934
13122,131.22000000002564,0.9999999999969384
13123,131.23000000002563,0.9999999999969429
13124,131.24000000002562,0.9999999999969474
13125,131.2500000000256,0.9999999999969519
13126,131.2600000000256,0.9999999999969563
13127,131.2700000000256,0.9999999999969608
13128,131.28000000002558,0.9999999999969652
13129,131.29000000002557,0.9999999999969696
13130,131.30000000002556,0.9999999999969741
13131,131.31000000002555,0.9999999999969785
13132,131.32000000002554,0.9999999999969829
13133,131.33000000002554,0.9999999999969873
13134,131.34000000002553,0.9999999999969917
13135,131.35000000002552,0.9999999999969961
13136,131.3600000000255,0.9999999999970005
13137,131.3700000000255,0.9999999999970048
13138,131.3800000000255,0.9999999999970093
13139,131.39000000002548,0.9999999999970136
13140,131.40000000002547,0.999999999997018
13141,131.41000000002546,0.9999999999970224
13142,131.42000000002545,0.9999999999970267
13143,131.43000000002544,0.999999999997031
13144,131.44000000002544,0.9999999999970354
13145,131.45000000002543,0.9999999999970397
13146,131.46000000002542,0.999999999997044
13147,131.4700000000254,0.9999999999970484
13148,131.4800000000254,0.9999999999970527
13149,131.4900000000254,0.999999999997057
13150,131.50000000002538,0.9999999999970614
13151,131.51000000002537,0.9999999999970656
13152,131.52000000002536,0.9999999999970699
13153,131.53000000002535,0.9999999999970741
13154,131.54000000002534,0.9999999999970784
13155,131.55000000002534,0.9999999999970827
13156,131.56000000002533,0.999999999997087
13157,131.57000000002532,0.9999999999970912
13158,131.5800000000253,0.9999999999970954
13159,131.5900000000253,0.9999999999970998
13160,131.6000000000253,0.999999999997104
13161,131.61000000002528,0.9999999999971082
13162,131.62000000002527,0.9999999999971124
13163,131.63000000002526,0.9999999999971166
13164,131.64000000002525,0.9999999999971209
13165,131.65000000002524,0.9999999999971251
13166,131.66000000002524,0.9999999999971293
13167,131.67000000002523,0.9999999999971334
13168,131.68000000002522,0.9999999999971376
13169,131.6900000000252,0.9999999999971418
13170,131.7000000000252,0.999999999997146
13171,131.7100000000252,0.9999999999971502
13172,131.72000000002518,0.9999999999971543
13173,131.73000000002517,0.9999999999971585
13174,131.74000000002516,0.9999999999971626
13175,131.75000000002515,0.9999999999971668
13176,131.76000000002514,0.9999999999971709
13177,131.77000000002514,0.999999999997175
13178,131.78000000002513,0.9999999999971791
13179,131.79000000002512,0.9999999999971833
13180,131.8000000000251,0.9999999999971874
13181,131.8100000000251,0.9999999999971915
13182,131.8200000000251,0.9999999999971956
13183,131.83000000002508,0.9999999999971997
13184,131.84000000002507,0.9999999999972038
13185,131.85000000002506,0.9999999999972079
13186,131.86000000002505,0.999999999997212
13187,131.87000000002504,0.999999999997216
13188,131.88000000002503,0.9999999999972201
13189,131.89000000002503,0.9999999999972241
13190,131.90000000002502,0.9999999999972282
13191,131.910000000025,0.9999999999972322
13192,131.920000000025,0.9999999999972363
13193,131.930000000025,0.9999999999972403
13194,131.94000000002498,0.9999999999972443
13195,131.95000000002497,0.9999999999972484
13196,131.96000000002496,0.9999999999972524
13197,131.97000000002495,0.9999999999972564
13198,131.98000000002494,0.9999999999972604
13199,131.99000000002493,0.9999999999972644
13200,132.00000000002493,0.9999999999972684
13201,132.01000000002492,0.9999999999972724
13202,132.0200000000249,0.9999999999972764
13203,132.0300000000249,0.9999999999972804
13204,132.0400000000249,0.9999999999972843
13205,132.05000000002488,0.9999999999972883
13206,132.06000000002487,0.9999999999972923
13207,132.07000000002486,0.9999999999972962
13208,132.08000000002485,0.9999999999973002
13209,132.09000000002484,0.9999999999973042
13210,132.10000000002483,0.999999999997308
13211,132.11000000002483,0.9999999999973119
13212,132.12000000002482,0.9999999999973159
13213,132.1300000000248,0.9999999999973198
13214,132.1400000000248,0.9999999999973237
13215,132.1500000000248,0.9999999999973276
13216,132.16000000002478,0.9999999999973316
13217,132.17000000002477,0.9999999999973355
13218,132.18000000002476,0.9999999999973394
13219,132.19000000002475,0.9999999999973432
13220,132.20000000002474,0.9999999999973471
13221,132.21000000002473,0.9999999999973509
13222,132.22000000002473,0.9999999999973548
13223,132.23000000002472,0.9999999999973587
13224,132.2400000000247,0.9999999999973626
13225,132.2500000000247,0.9999999999973663
13226,132.2600000000247,0.9999999999973702
13227,132.27000000002468,0.9999999999973741
13228,132.28000000002467,0.9999999999973779
13229,132.29000000002466,0.9999999999973818
13230,132.30000000002465,0.9999999999973855
13231,132.31000000002464,0.9999999999973893
13232,132.32000000002463,0.9999999999973932
13233,132.33000000002463,0.999999999997397
13234,132.34000000002462,0.9999999999974007
13235,132.3500000000246,0.9999999999974045
13236,132.3600000000246,0.9999999999974084
13237,132.3700000000246,0.9999999999974122
13238,132.38000000002458,0.999999999997416
13239,132.39000000002457,0.9999999999974197
13240,132.40000000002456,0.9999999999974234
13241,132.41000000002455,0.9999999999974272
13242,132.42000000002454,0.9999999999974309
13243,132.43000000002453,0.9999999999974347
13244,132.44000000002453,0.9999999999974385
13245,132.45000000002452,0.9999999999974422
13246,132.4600000000245,0.9999999999974459
13247,132.4700000000245,0.9999999999974496
13248,132.4800000000245,0.9999999999974534
13249,132.49000000002448,0.999999999997457
13250,132.50000000002447,0.9999999999974608
13251,132.51000000002446,0.9999999999974645
13252,132.52000000002445,0.9999999999974682
13253,132.53000000002444,0.9999999999974719
13254,132.54000000002443,0.9999999999974756
13255,132.55000000002443,0.9999999999974792
13256,132.56000000002442,0.9999999999974829
13257,132.5700000000244,0.9999999999974866
13258,132.5800000000244,0.9999999999974902
13259,132.5900000000244,0.9999999999974939
13260,132.60000000002438,0.9999999999974976
13261,132.61000000002437,0.9999999999975012
13262,132.62000000002436,0.9999999999975049
13263,132.63000000002435,0.9999999999975085
13264,132.64000000002434,0.9999999999975122
13265,132.65000000002433,0.9999999999975158
13266,132.66000000002433,0.9999999999975194
13267,132.67000000002432,0.9999999999975231
13268,132.6800000000243,0.9999999999975266
13269,132.6900000000243,0.9999999999975303
13270,132.7000000000243,0.9999999999975339
13271,132.71000000002428,0.9999999999975374
13272,132.72000000002427,0.9999999999975411
13273,132.73000000002426,0.9999999999975446
13274,132.74000000002425,0.9999999999975482
13275,132.75000000002424,0.9999999999975518
13276,132.76000000002423,0.9999999999975554
13277,132.77000000002423,0.999999999997559
13278,132.78000000002422,0.9999999999975625
13279,132.7900000000242,0.9999999999975661
13280,132.8000000000242,0.9999999999975696
13281,132.8100000000242,0.9999999999975732
13282,132.82000000002418,0.9999999999975767
13283,132.83000000002417,0.9999999999975802
13284,132.84000000002416,0.9999999999975837
13285,132.85000000002415,0.9999999999975873
13286,132.86000000002414,0.9999999999975908
13287,132.87000000002413,0.9999999999975943
13288,132.88000000002413,0.9999999999975978
13289,132.89000000002412,0.9999999999976013
13290,132.9000000000241,0.9999999999976048
13291,132.9100000000241,0.9999999999976082
13292,132.9200000000241,0.9999999999976118
13293,132.93000000002408,0.9999999999976152
13294,132.94000000002407,0.9999999999976188
13295,132.95000000002406,0.9999999999976222
13296,132.96000000002405,0.9999999999976257
13297,132.97000000002404,0.9999999999976291
13298,132.98000000002403,0.9999999999976326
13299,132.99000000002403,0.999999999997636
13300,133.00000000002402,0.9999999999976394
13301,133.010000000024,0.9999999999976429
13302,133.020000000024,0.9999999999976463
13303,133.030000000024,0.9999999999976498
13304,133.04000000002398,0.9999999999976532
13305,133.05000000002397,0.9999999999976567
13306,133.06000000002396,0.9999999999976601
13307,133.07000000002395,0.9999999999976634
13308,133.08000000002394,0.9999999999976669
13309,133.09000000002393,0.9999999999976703
13310,133.10000000002393,0.9999999999976736
13311,133.11000000002392,0.9999999999976771
13312,133.1200000000239,0.9999999999976804
13313,133.1300000000239,0.9999999999976839
13314,133.1400000000239,0.9999999999976872
13315,133.15000000002388,0.9999999999976906
13316,133.16000000002387,0.999999999997694
13317,133.17000000002386,0.9999999999976973
13318,133.18000000002385,0.9999999999977006
13319,133.19000000002384,0.9999999999977041
13320,133.20000000002383,0.9999999999977074
13321,133.21000000002383,0.9999999999977107
13322,133.22000000002382,0.999999999997714
13323,133.2300000000238,0.9999999999977174
13324,133.2400000000238,0.9999999999977207
13325,133.2500000000238,0.999999999997724
13326,133.26000000002378,0.9999999999977274
13327,133.27000000002377,0.9999999999977307
13328,133.28000000002376,0.9999999999977339
13329,133.29000000002375,0.9999999999977373
13330,133.30000000002374,0.9999999999977406
13331,133.31000000002373,0.9999999999977438
13332,133.32000000002373,0.9999999999977471
13333,133.33000000002372,0.9999999999977505
13334,133.3400000000237,0.9999999999977537
13335,133.3500000000237,0.999999999997757
13336,133.3600000000237,0.9999999999977602
13337,133.37000000002368,0.9999999999977635
13338,133.38000000002367,0.9999999999977668
13339,133.39000000002366,0.99999999999777
13340,133.40000000002365,0.9999999999977732
13341,133.41000000002364,0.9999999999977766
13342,133.42000000002363,0.9999999999977798
13343,133.43000000002363,0.999999999997783
13344,133.44000000002362,0.9999999999977862
13345,133.4500000000236,0.9999999999977894
13346,133.4600000000236,0.9999999999977927
13347,133.4700000000236,0.9999999999977959
13348,133.48000000002358,0.9999999999977991
13349,133.49000000002357,0.9999999999978023
13350,133.50000000002356,0.9999999999978055
13351,133.51000000002355,0.9999999999978086
13352,133.52000000002354,0.9999999999978119
13353,133.53000000002353,0.9999999999978151
13354,133.54000000002353,0.9999999999978183
13355,133.55000000002352,0.9999999999978214
13356,133.5600000000235,0.9999999999978246
13357,133.5700000000235,0.9999999999978277
13358,133.5800000000235,0.999999999997831
13359,133.59000000002348,0.9999999999978341
13360,133.60000000002347,0.9999999999978373
13361,133.61000000002346,0.9999999999978404
13362,133.62000000002345,0.9999999999978435
13363,133.63000000002344,0.9999999999978467
13364,133.64000000002343,0.9999999999978498
13365,133.65000000002343,0.9999999999978529
13366,133.66000000002342,0.999999999997856
13367,133.6700000000234,0.9999999999978592
13368,133.6800000000234,0.9999999999978623
13369,133.6900000000234,0.9999999999978655
13370,133.70000000002338,0.9999999999978686
13371,133.71000000002337,0.9999999999978716
13372,133.72000000002336,0.9999999999978747
13373,133.73000000002335,0.9999999999978778
13374,133.74000000002334,0.9999999999978809
13375,133.75000000002333,0.999999999997884
13376,133.76000000002333,0.9999999999978871
13377,133.77000000002332,0.9999999999978901
13378,133.7800000000233,0.9999999999978932
13379,133.7900000000233,0.9999999999978963
13380,133.8000000000233,0.9999999999978993
13381,133.81000000002328,0.9999999999979025
13382,133.82000000002327,0.9999999999979055
13383,133.83000000002326,0.9999999999979086
13384,133.84000000002325,0.9999999999979116
13385,133.85000000002324,0.9999999999979147
13386,133.86000000002323,0.9999999999979177
13387,133.87000000002323,0.9999999999979207
13388,133.88000000002322,0.9999999999979238
13389,133.8900000000232,0.9999999999979268
13390,133.9000000000232,0.9999999999979298
13391,133.9100000000232,0.9999999999979328
13392,133.92000000002318,0.9999999999979358
13393,133.93000000002317,0.9999999999979388
13394,133.94000000002316,0.9999999999979418
13395,133.95000000002315,0.9999999999979448
13396,133.96000000002314,0.9999999999979478
13397,133.97000000002313,0.9999999999979508
13398,133.98000000002313,0.9999999999979537
13399,133.99000000002312,0.9999999999979567
13400,134.0000000000231,0.9999999999979597
13401,134.0100000000231,0.9999999999979626
13402,134.0200000000231,0.9999999999979656
13403,134.03000000002308,0.9999999999979686
13404,134.04000000002307,0.9999999999979715
13405,134.05000000002306,0.9999999999979745
13406,134.06000000002305,0.9999999999979775
13407,134.07000000002304,0.9999999999979804
13408,134.08000000002303,0.9999999999979834
13409,134.09000000002302,0.9999999999979863
13410,134.10000000002302,0.9999999999979892
13411,134.110000000023,0.9999999999979922
13412,134.120000000023,0.999999999997995
13413,134.130000000023,0.9999999999979979
13414,134.14000000002298,0.9999999999980009
13415,134.15000000002297,0.9999999999980038
13416,134.16000000002296,0.9999999999980067
13417,134.17000000002295,0.9999999999980096
13418,134.18000000002294,0.9999999999980125
13419,134.19000000002293,0.9999999999980154
13420,134.20000000002292,0.9999999999980183
13421,134.21000000002292,0.9999999999980211
13422,134.2200000000229,0.999999999998024
13423,134.2300000000229,0.9999999999980269
13424,134.2400000000229,0.9999999999980298
13425,134.25000000002288,0.9999999999980327
13426,134.26000000002287,0.9999999999980356
13427,134.27000000002286,0.9999999999980383
13428,134.28000000002285,0.9999999999980412
13429,134.29000000002284,0.9999999999980441
13430,134.30000000002283,0.9999999999980469
13431,134.31000000002282,0.9999999999980498
13432,134.32000000002282,0.9999999999980526
13433,134.3300000000228,0.9999999999980554
13434,134.3400000000228,0.9999999999980582
13435,134.3500000000228,0.9999999999980611
13436,134.36000000002278,0.9999999999980639
13437,134.37000000002277,0.9999999999980668
13438,134.38000000002276,0.9999999999980695
13439,134.39000000002275,0.9999999999980723
13440,134.40000000002274,0.9999999999980752
13441,134.41000000002273,0.999999999998078
13442,134.42000000002272,0.9999999999980808
13443,134.43000000002272,0.9999999999980835
13444,134.4400000000227,0.9999999999980863
13445,134.4500000000227,0.9999999999980891
13446,134.4600000000227,0.9999999999980919
13447,134.47000000002268,0.9999999999980946
13448,134.48000000002267,0.9999999999980974
13449,134.49000000002266,0.9999999999981002
13450,134.50000000002265,0.999999999998103
13451,134.51000000002264,0.9999999999981057
13452,134.52000000002263,0.9999999999981085
13453,134.53000000002262,0.9999999999981113
13454,134.54000000002262,0.999999999998114
13455,134.5500000000226,0.9999999999981167
13456,134.5600000000226,0.9999999999981195
13457,134.5700000000226,0.9999999999981222
13458,134.58000000002258,0.9999999999981249
13459,134.59000000002257,0.9999999999981276
13460,134.60000000002256,0.9999999999981304
13461,134.61000000002255,0.999999999998133
13462,134.62000000002254,0.9999999999981358
13463,134.63000000002253,0.9999999999981385
13464,134.64000000002252,0.9999999999981413
13465,134.65000000002252,0.9999999999981439
13466,134.6600000000225,0.9999999999981466
13467,134.6700000000225,0.9999999999981494
13468,134.6800000000225,0.999999999998152
13469,134.69000000002248,0.9999999999981547
13470,134.70000000002247,0.9999999999981574
13471,134.71000000002246,0.99999999999816
13472,134.72000000002245,0.9999999999981628
13473,134.73000000002244,0.9999999999981655
13474,134.74000000002243,0.9999999999981681
13475,134.75000000002242,0.9999999999981708
13476,134.76000000002242,0.9999999999981735
13477,134.7700000000224,0.999999999998176
13478,134.7800000000224,0.9999999999981787
13479,134.7900000000224,0.9999999999981813
13480,134.80000000002238,0.999999999998184
13481,134.81000000002237,0.9999999999981867
13482,134.82000000002236,0.9999999999981893
13483,134.83000000002235,0.9999999999981919
13484,134.84000000002234,0.9999999999981946
13485,134.85000000002233,0.9999999999981972
13486,134.86000000002232,0.9999999999981998
13487,134.87000000002232,0.9999999999982024
13488,134.8800000000223,0.999999999998205
13489,134.8900000000223,0.9999999999982077
13490,134.9000000000223,0.9999999999982102
13491,134.91000000002228,0.9999999999982129
13492,134.92000000002227,0.9999999999982154
13493,134.93000000002226,0.999999999998218
13494,134.94000000002225,0.9999999999982206
13495,134.95000000002224,0.9999999999982232
13496,134.96000000002223,0.9999999999982258
13497,134.97000000002222,0.9999999999982284
13498,134.98000000002222,0.999999999998231
13499,134.9900000000222,0.9999999999982335
13500,135.0000000000222,0.9999999999982361
13501,135.0100000000222,0.9999999999982386
13502,135.02000000002218,0.9999999999982412
13503,135.03000000002217,0.9999999999982437
13504,135.04000000002216,0.9999999999982463
13505,135.05000000002215,0.9999999999982488
13506,135.06000000002214,0.9999999999982514
13507,135.07000000002213,0.999999999998254
13508,135.08000000002212,0.9999999999982565
13509,135.09000000002212,0.9999999999982591
13510,135.1000000000221,0.9999999999982615
13511,135.1100000000221,0.999999999998264
13512,135.1200000000221,0.9999999999982666
13513,135.13000000002208,0.9999999999982692
13514,135.14000000002207,0.9999999999982716
13515,135.15000000002206,0.9999999999982742
13516,135.16000000002205,0.9999999999982766
13517,135.17000000002204,0.9999999999982792
13518,135.18000000002203,0.9999999999982817
13519,135.19000000002202,0.9999999999982842
13520,135.20000000002202,0.9999999999982867
13521,135.210000000022,0.9999999999982891
13522,135.220000000022,0.9999999999982916
13523,135.230000000022,0.9999999999982941
13524,135.24000000002198,0.9999999999982966
13525,135.25000000002197,0.999999999998299
13526,135.26000000002196,0.9999999999983016
13527,135.27000000002195,0.999999999998304
13528,135.28000000002194,0.9999999999983065
13529,135.29000000002193,0.9999999999983089
13530,135.30000000002192,0.9999999999983114
13531,135.31000000002192,0.9999999999983138
13532,135.3200000000219,0.9999999999983162
13533,135.3300000000219,0.9999999999983187
13534,135.3400000000219,0.9999999999983211
13535,135.35000000002188,0.9999999999983236
13536,135.36000000002187,0.999999999998326
13537,135.37000000002186,0.9999999999983284
13538,135.38000000002185,0.9999999999983309
13539,135.39000000002184,0.9999999999983333
13540,135.40000000002183,0.9999999999983358
13541,135.41000000002182,0.9999999999983382
13542,135.42000000002182,0.9999999999983405
13543,135.4300000000218,0.999999999998343
13544,135.4400000000218,0.9999999999983454
13545,135.4500000000218,0.9999999999983478
13546,135.46000000002178,0.9999999999983502
13547,135.47000000002177,0.9999999999983527
13548,135.48000000002176,0.999999999998355
13549,135.49000000002175,0.9999999999983574
13550,135.50000000002174,0.9999999999983598
13551,135.51000000002173,0.9999999999983622
13552,135.52000000002172,0.9999999999983645
13553,135.53000000002172,0.9999999999983669
13554,135.5400000000217,0.9999999999983693
13555,135.5500000000217,0.9999999999983716
13556,135.5600000000217,0.999999999998374
13557,135.57000000002168,0.9999999999983764
13558,135.58000000002167,0.9999999999983787
13559,135.59000000002166,0.9999999999983811
13560,135.60000000002165,0.9999999999983834
13561,135.61000000002164,0.9999999999983857
13562,135.62000000002163,0.9999999999983881
13563,135.63000000002162,0.9999999999983905
13564,135.64000000002162,0.9999999999983928
13565,135.6500000000216,0.9999999999983952
13566,135.6600000000216,0.9999999999983975
13567,135.6700000000216,0.9999999999983998
13568,135.68000000002158,0.9999999999984022
13569,135.69000000002157,0.9999999999984044
13570,135.70000000002156,0.9999999999984067
13571,135.71000000002155,0.999999999998409
13572,135.72000000002154,0.9999999999984114
13573,135.73000000002153,0.9999999999984137
13574,135.74000000002152,0.9999999999984159
13575,135.75000000002152,0.9999999999984183
13576,135.7600000000215,0.9999999999984206
13577,135.7700000000215,0.9999999999984228
13578,135.7800000000215,0.9999999999984251
13579,135.79000000002148,0.9999999999984275
13580,135.80000000002147,0.9999999999984297
13581,135.81000000002146,0.999999999998432
13582,135.82000000002145,0.9999999999984343
13583,135.83000000002144,0.9999999999984366
13584,135.84000000002143,0.9999999999984388
13585,135.85000000002142,0.9999999999984411
13586,135.86000000002142,0.9999999999984434
13587,135.8700000000214,0.9999999999984456
13588,135.8800000000214,0.9999999999984479
13589,135.8900000000214,0.9999999999984501
13590,135.90000000002138,0.9999999999984523
13591,135.91000000002137,0.9999999999984546
13592,135.92000000002136,0.9999999999984569
13593,135.93000000002135,0.9999999999984591
13594,135.94000000002134,0.9999999999984613
13595,135.95000000002133,0.9999999999984636
13596,135.96000000002132,0.9999999999984658
13597,135.97000000002132,0.999999999998468
13598,135.9800000000213,0.9999999999984702
13599,135.9900000000213,0.9999999999984724
13600,136.0000000000213,0.9999999999984747
13601,136.01000000002128,0.9999999999984769
13602,136.02000000002127,0.9999999999984791
13603,136.03000000002126,0.9999999999984813
13604,136.04000000002125,0.9999999999984835
13605,136.05000000002124,0.9999999999984858
13606,136.06000000002123,0.9999999999984879
13607,136.07000000002122,0.9999999999984901
13608,136.08000000002122,0.9999999999984923
13609,136.0900000000212,0.9999999999984945
13610,136.1000000000212,0.9999999999984966
13611,136.1100000000212,0.9999999999984989
13612,136.12000000002118,0.9999999999985011
13613,136.13000000002117,0.9999999999985032
13614,136.14000000002116,0.9999999999985054
13615,136.15000000002115,0.9999999999985075
13616,136.16000000002114,0.9999999999985097
13617,136.17000000002113,0.9999999999985119
13618,136.18000000002112,0.9999999999985141
13619,136.19000000002112,0.9999999999985162
13620,136.2000000000211,0.9999999999985183
13621,136.2100000000211,0.9999999999985205
13622,136.2200000000211,0.9999999999985226
13623,136.23000000002108,0.9999999999985247
13624,136.24000000002107,0.999999999998527
13625,136.25000000002106,0.9999999999985291
13626,136.26000000002105,0.9999999999985312
13627,136.27000000002104,0.9999999999985333
13628,136.28000000002103,0.9999999999985355
13629,136.29000000002102,0.9999999999985376
13630,136.30000000002102,0.9999999999985397
13631,136.310000000021,0.9999999999985418
13632,136.320000000021,0.9999999999985439
13633,136.330000000021,0.999999999998546
13634,136.34000000002098,0.9999999999985482
13635,136.35000000002097,0.9999999999985503
13636,136.36000000002096,0.9999999999985524
13637,136.37000000002095,0.9999999999985545
13638,136.38000000002094,0.9999999999985566
13639,136.39000000002093,0.9999999999985587
13640,136.40000000002092,0.9999999999985607
13641,136.41000000002091,0.9999999999985628
13642,136.4200000000209,0.9999999999985649
13643,136.4300000000209,0.999999999998567
13644,136.4400000000209,0.999999999998569
13645,136.45000000002088,0.9999999999985711
13646,136.46000000002087,0.9999999999985733
13647,136.47000000002086,0.9999999999985753
13648,136.48000000002085,0.9999999999985774
13649,136.49000000002084,0.9999999999985795
13650,136.50000000002083,0.9999999999985815
13651,136.51000000002082,0.9999999999985836
13652,136.52000000002081,0.9999999999985856
13653,136.5300000000208,0.9999999999985877
13654,136.5400000000208,0.9999999999985897
13655,136.5500000000208,0.9999999999985918
13656,136.56000000002078,0.9999999999985938
13657,136.57000000002077,0.9999999999985958
13658,136.58000000002076,0.9999999999985979
13659,136.59000000002075,0.9999999999985999
13660,136.60000000002074,0.9999999999986019
13661,136.61000000002073,0.999999999998604
13662,136.62000000002072,0.999999999998606
13663,136.63000000002071,0.999999999998608
13664,136.6400000000207,0.99999999999861
13665,136.6500000000207,0.999999999998612
13666,136.6600000000207,0.999999999998614
13667,136.67000000002068,0.999999999998616
13668,136.68000000002067,0.9999999999986181
13669,136.69000000002066,0.9999999999986201
13670,136.70000000002065,0.9999999999986221
13671,136.71000000002064,0.9999999999986241
13672,136.72000000002063,0.9999999999986261
13673,136.73000000002062,0.9999999999986281
13674,136.74000000002061,0.99999999999863
13675,136.7500000000206,0.999999999998632
13676,136.7600000000206,0.999999999998634
13677,136.7700000000206,0.999999999998636
13678,136.78000000002058,0.999999999998638
13679,136.79000000002057,0.99999999999864
13680,136.80000000002056,0.9999999999986419
13681,136.81000000002055,0.9999999999986439
13682,136.82000000002054,0.9999999999986459
13683,136.83000000002053,0.9999999999986479
13684,136.84000000002052,0.9999999999986497
13685,136.85000000002051,0.9999999999986517
13686,136.8600000000205,0.9999999999986536
13687,136.8700000000205,0.9999999999986556
13688,136.8800000000205,0.9999999999986576
13689,136.89000000002048,0.9999999999986595
13690,136.90000000002047,0.9999999999986615
13691,136.91000000002046,0.9999999999986634
13692,136.92000000002045,0.9999999999986653
13693,136.93000000002044,0.9999999999986673
13694,136.94000000002043,0.9999999999986692
13695,136.95000000002042,0.9999999999986712
13696,136.96000000002041,0.9999999999986731
13697,136.9700000000204,0.999999999998675
13698,136.9800000000204,0.999999999998677
13699,136.9900000000204,0.9999999999986788
13700,137.00000000002038,0.9999999999986807
13701,137.01000000002037,0.9999999999986826
13702,137.02000000002036,0.9999999999986846
13703,137.03000000002035,0.9999999999986865
13704,137.04000000002034,0.9999999999986884
13705,137.05000000002033,0.9999999999986903
13706,137.06000000002032,0.9999999999986922
13707,137.07000000002031,0.999999999998694
13708,137.0800000000203,0.9999999999986959
13709,137.0900000000203,0.9999999999986978
13710,137.1000000000203,0.9999999999986997
13711,137.11000000002028,0.9999999999987016
13712,137.12000000002027,0.9999999999987035
13713,137.13000000002026,0.9999999999987054
13714,137.14000000002025,0.9999999999987073
13715,137.15000000002024,0.9999999999987091
13716,137.16000000002023,0.999999999998711
13717,137.17000000002022,0.9999999999987128
13718,137.18000000002021,0.9999999999987147
13719,137.1900000000202,0.9999999999987166
13720,137.2000000000202,0.9999999999987185
13721,137.2100000000202,0.9999999999987202
13722,137.22000000002018,0.9999999999987221
13723,137.23000000002017,0.999999999998724
13724,137.24000000002016,0.9999999999987259
13725,137.25000000002015,0.9999999999987277
13726,137.26000000002014,0.9999999999987296
13727,137.27000000002013,0.9999999999987313
13728,137.28000000002012,0.9999999999987332
13729,137.29000000002011,0.999999999998735
13730,137.3000000000201,0.9999999999987369
13731,137.3100000000201,0.9999999999987387
13732,137.3200000000201,0.9999999999987406
13733,137.33000000002008,0.9999999999987423
13734,137.34000000002007,0.9999999999987442
13735,137.35000000002006,0.999999999998746
13736,137.36000000002005,0.9999999999987478
13737,137.37000000002004,0.9999999999987497
13738,137.38000000002003,0.9999999999987514
13739,137.39000000002002,0.9999999999987532
13740,137.40000000002001,0.9999999999987551
13741,137.41000000002,0.9999999999987569
13742,137.42000000002,0.9999999999987587
13743,137.43000000002,0.9999999999987604
13744,137.44000000001998,0.9999999999987622
13745,137.45000000001997,0.9999999999987641
13746,137.46000000001996,0.9999999999987659
13747,137.47000000001995,0.9999999999987677
13748,137.48000000001994,0.9999999999987694
13749,137.49000000001993,0.9999999999987712
13750,137.50000000001992,0.999999999998773
13751,137.51000000001991,0.9999999999987748
13752,137.5200000000199,0.9999999999987765
13753,137.5300000000199,0.9999999999987783
13754,137.5400000000199,0.9999999999987801
13755,137.55000000001988,0.9999999999987819
13756,137.56000000001987,0.9999999999987836
13757,137.57000000001986,0.9999999999987853
13758,137.58000000001985,0.9999999999987871
13759,137.59000000001984,0.9999999999987889
13760,137.60000000001983,0.9999999999987906
13761,137.61000000001982,0.9999999999987924
13762,137.62000000001981,0.9999999999987941
13763,137.6300000000198,0.9999999999987959
13764,137.6400000000198,0.9999999999987976
13765,137.6500000000198,0.9999999999987994
13766,137.66000000001978,0.9999999999988011
13767,137.67000000001977,0.9999999999988028
13768,137.68000000001976,0.9999999999988045
13769,137.69000000001975,0.9999999999988063
13770,137.70000000001974,0.9999999999988081
13771,137.71000000001973,0.9999999999988097
13772,137.72000000001972,0.9999999999988115
13773,137.73000000001971,0.9999999999988132
13774,137.7400000000197,0.999999999998815
13775,137.7500000000197,0.9999999999988166
13776,137.7600000000197,0.9999999999988184
13777,137.77000000001968,0.99999999999882
13778,137.78000000001967,0.9999999999988217
13779,137.79000000001966,0.9999999999988235
13780,137.80000000001965,0.9999999999988252
13781,137.81000000001964,0.9999999999988268
13782,137.82000000001963,0.9999999999988286
13783,137.83000000001962,0.9999999999988303
13784,137.84000000001961,0.9999999999988319
13785,137.8500000000196,0.9999999999988336
13786,137.8600000000196,0.9999999999988354
13787,137.8700000000196,0.999999999998837
13788,137.88000000001958,0.9999999999988387
13789,137.89000000001957,0.9999999999988404
13790,137.90000000001956,0.999999999998842
13791,137.91000000001955,0.9999999999988437
13792,137.92000000001954,0.9999999999988454
13793,137.93000000001953,0.999999999998847
13794,137.94000000001952,0.9999999999988487
13795,137.95000000001951,0.9999999999988504
13796,137.9600000000195,0.999999999998852
13797,137.9700000000195,0.9999999999988537
13798,137.9800000000195,0.9999999999988554
13799,137.99000000001948,0.999999999998857
13800,138.00000000001947,0.9999999999988587
13801,138.01000000001946,0.9999999999988604
13802,138.02000000001945,0.999999999998862
13803,138.03000000001944,0.9999999999988637
13804,138.04000000001943,0.9999999999988652
13805,138.05000000001942,0.9999999999988669
13806,138.06000000001941,0.9999999999988686
13807,138.0700000000194,0.9999999999988702
13808,138.0800000000194,0.9999999999988719
13809,138.0900000000194,0.9999999999988735
13810,138.10000000001938,0.9999999999988751
13811,138.11000000001937,0.9999999999988768
13812,138.12000000001936,0.9999999999988783
13813,138.13000000001935,0.99999999999888
13814,138.14000000001934,0.9999999999988816
13815,138.15000000001933,0.9999999999988832
13816,138.16000000001932,0.9999999999988849
13817,138.17000000001931,0.9999999999988864
13818,138.1800000000193,0.9999999999988881
13819,138.1900000000193,0.9999999999988897
13820,138.2000000000193,0.9999999999988913
13821,138.21000000001928,0.9999999999988929
13822,138.22000000001927,0.9999999999988944
13823,138.23000000001926,0.9999999999988961
13824,138.24000000001925,0.9999999999988977
13825,138.25000000001924,0.9999999999988993
13826,138.26000000001923,0.9999999999989009
13827,138.27000000001922,0.9999999999989024
13828,138.28000000001921,0.999999999998904
13829,138.2900000000192,0.9999999999989057
13830,138.3000000000192,0.9999999999989072
13831,138.3100000000192,0.9999999999989088
13832,138.32000000001918,0.9999999999989103
13833,138.33000000001917,0.999999999998912
13834,138.34000000001916,0.9999999999989135
13835,138.35000000001915,0.9999999999989151
13836,138.36000000001914,0.9999999999989166
13837,138.37000000001913,0.9999999999989182
13838,138.38000000001912,0.9999999999989198
13839,138.3900000000191,0.9999999999989213
13840,138.4000000000191,0.9999999999989229
13841,138.4100000000191,0.9999999999989244
13842,138.4200000000191,0.999999999998926
13843,138.43000000001908,0.9999999999989275
13844,138.44000000001907,0.9999999999989291
13845,138.45000000001906,0.9999999999989306
13846,138.46000000001905,0.9999999999989322
13847,138.47000000001904,0.9999999999989337
13848,138.48000000001903,0.9999999999989353
13849,138.49000000001902,0.9999999999989369
13850,138.500000000019,0.9999999999989384
13851,138.510000000019,0.99999999999894
13852,138.520000000019,0.9999999999989414
13853,138.530000000019,0.999999999998943
13854,138.54000000001898,0.9999999999989445
13855,138.55000000001897,0.9999999999989461
13856,138.56000000001896,0.9999999999989475
13857,138.57000000001895,0.9999999999989491
13858,138.58000000001894,0.9999999999989506
13859,138.59000000001893,0.9999999999989522
13860,138.60000000001892,0.9999999999989536
13861,138.6100000000189,0.9999999999989552
13862,138.6200000000189,0.9999999999989566
13863,138.6300000000189,0.9999999999989582
13864,138.6400000000189,0.9999999999989597
13865,138.65000000001888,0.9999999999989612
13866,138.66000000001887,0.9999999999989627
13867,138.67000000001886,0.9999999999989642
13868,138.68000000001885,0.9999999999989657
13869,138.69000000001884,0.9999999999989672
13870,138.70000000001883,0.9999999999989687
13871,138.71000000001882,0.9999999999989702
13872,138.7200000000188,0.9999999999989716
13873,138.7300000000188,0.9999999999989732
13874,138.7400000000188,0.9999999999989746
13875,138.7500000000188,0.999999999998976
13876,138.76000000001878,0.9999999999989776
13877,138.77000000001877,0.999999999998979
13878,138.78000000001876,0.9999999999989805
13879,138.79000000001875,0.999999999998982
13880,138.80000000001874,0.9999999999989835
13881,138.81000000001873,0.9999999999989849
13882,138.82000000001872,0.9999999999989864
13883,138.8300000000187,0.9999999999989879
13884,138.8400000000187,0.9999999999989894
13885,138.8500000000187,0.9999999999989908
13886,138.8600000000187,0.9999999999989923
13887,138.87000000001868,0.9999999999989937
13888,138.88000000001867,0.9999999999989951
13889,138.89000000001866,0.9999999999989966
13890,138.90000000001865,0.999999999998998
13891,138.91000000001864,0.9999999999989995
13892,138.92000000001863,0.9999999999990009
13893,138.93000000001862,0.9999999999990024
13894,138.9400000000186,0.9999999999990038
13895,138.9500000000186,0.9999999999990052
13896,138.9600000000186,0.9999999999990067
13897,138.9700000000186,0.9999999999990081
13898,138.98000000001858,0.9999999999990096
13899,138.99000000001857,0.999999999999011
13900,139.00000000001856,0.9999999999990125
13901,139.01000000001855,0.9999999999990139
13902,139.02000000001854,0.9999999999990153
13903,139.03000000001853,0.9999999999990167
13904,139.04000000001852,0.9999999999990181
13905,139.0500000000185,0.9999999999990196
13906,139.0600000000185,0.999999999999021
13907,139.0700000000185,0.9999999999990224
13908,139.0800000000185,0.9999999999990238
13909,139.09000000001848,0.9999999999990252
13910,139.10000000001847,0.9999999999990267
13911,139.11000000001846,0.999999999999028
13912,139.12000000001845,0.9999999999990294
13913,139.13000000001844,0.9999999999990309
13914,139.14000000001843,0.9999999999990322
13915,139.15000000001842,0.9999999999990337
13916,139.1600000000184,0.999999999999035
13917,139.1700000000184,0.9999999999990364
13918,139.1800000000184,0.9999999999990378
13919,139.1900000000184,0.9999999999990392
13920,139.20000000001838,0.9999999999990405
13921,139.21000000001837,0.999999999999042
13922,139.22000000001836,0.9999999999990433
13923,139.23000000001835,0.9999999999990448
13924,139.24000000001834,0.9999999999990461
13925,139.25000000001833,0.9999999999990475
13926,139.26000000001832,0.9999999999990489
13927,139.2700000000183,0.9999999999990502
13928,139.2800000000183,0.9999999999990516
13929,139.2900000000183,0.999999999999053
13930,139.3000000000183,0.9999999999990543
13931,139.31000000001828,0.9999999999990558
13932,139.32000000001827,0.9999999999990571
13933,139.33000000001826,0.9999999999990584
13934,139.34000000001825,0.9999999999990599
13935,139.35000000001824,0.9999999999990612
13936,139.36000000001823,0.9999999999990625
13937,139.37000000001822,0.9999999999990639
13938,139.3800000000182,0.9999999999990652
13939,139.3900000000182,0.9999999999990666
13940,139.4000000000182,0.999999999999068
13941,139.4100000000182,0.9999999999990693
13942,139.42000000001818,0.9999999999990706
13943,139.43000000001817,0.999999999999072
13944,139.44000000001816,0.9999999999990733
13945,139.45000000001815,0.9999999999990746
13946,139.46000000001814,0.999999999999076
13947,139.47000000001813,0.9999999999990773
13948,139.48000000001812,0.9999999999990786
13949,139.4900000000181,0.99999999999908
13950,139.5000000000181,0.9999999999990813
13951,139.5100000000181,0.9999999999990826
13952,139.5200000000181,0.999999999999084
13953,139.53000000001808,0.9999999999990853
13954,139.54000000001807,0.9999999999990866
13955,139.55000000001806,0.999999999999088
13956,139.56000000001805,0.9999999999990893
13957,139.57000000001804,0.9999999999990905
13958,139.58000000001803,0.9999999999990918
13959,139.59000000001802,0.9999999999990932
13960,139.600000000018,0.9999999999990945
13961,139.610000000018,0.9999999999990958
13962,139.620000000018,0.9999999999990971
13963,139.630000000018,0.9999999999990984
13964,139.64000000001798,0.9999999999990997
13965,139.65000000001797,0.999999999999101
13966,139.66000000001796,0.9999999999991023
13967,139.67000000001795,0.9999999999991036
13968,139.68000000001794,0.9999999999991049
13969,139.69000000001793,0.9999999999991062
13970,139.70000000001792,0.9999999999991075
13971,139.7100000000179,0.9999999999991087
13972,139.7200000000179,0.99999999999911
13973,139.7300000000179,0.9999999999991114
13974,139.7400000000179,0.9999999999991126
13975,139.75000000001788,0.9999999999991139
13976,139.76000000001787,0.9999999999991152
13977,139.77000000001786,0.9999999999991165
13978,139.78000000001785,0.9999999999991177
13979,139.79000000001784,0.999999999999119
13980,139.80000000001783,0.9999999999991203
13981,139.81000000001782,0.9999999999991216
13982,139.8200000000178,0.9999999999991228
13983,139.8300000000178,0.999999999999124
13984,139.8400000000178,0.9999999999991254
13985,139.8500000000178,0.9999999999991266
13986,139.86000000001778,0.9999999999991278
13987,139.87000000001777,0.9999999999991291
13988,139.88000000001776,0.9999999999991304
13989,139.89000000001775,0.9999999999991316
13990,139.90000000001774,0.9999999999991329
13991,139.91000000001773,0.9999999999991341
13992,139.92000000001772,0.9999999999991354
13993,139.9300000000177,0.9999999999991366
13994,139.9400000000177,0.9999999999991379
13995,139.9500000000177,0.9999999999991391
13996,139.9600000000177,0.9999999999991404
13997,139.97000000001768,0.9999999999991416
13998,139.98000000001767,0.9999999999991428
13999,139.99000000001766,0.9999999999991441
14000,140.00000000001765,0.9999999999991454
14001,140.01000000001764,0.9999999999991466
14002,140.02000000001763,0.9999999999991478
14003,140.03000000001762,0.999999999999149
14004,140.0400000000176,0.9999999999991502
14005,140.0500000000176,0.9999999999991515
14006,140.0600000000176,0.9999999999991527
14007,140.0700000000176,0.9999999999991539
14008,140.08000000001758,0.9999999999991551
14009,140.09000000001757,0.9999999999991563
14010,140.10000000001756,0.9999999999991576
14011,140.11000000001755,0.9999999999991588
14012,140.12000000001754,0.99999999999916
14013,140.13000000001753,0.9999999999991612
14014,140.14000000001752,0.9999999999991624
14015,140.1500000000175,0.9999999999991637
14016,140.1600000000175,0.9999999999991648
14017,140.1700000000175,0.999999999999166
14018,140.1800000000175,0.9999999999991672
14019,140.19000000001748,0.9999999999991684
14020,140.20000000001747,0.9999999999991697
14021,140.21000000001746,0.9999999999991709
14022,140.22000000001745,0.999999999999172
14023,140.23000000001744,0.9999999999991732
14024,140.24000000001743,0.9999999999991744
14025,140.25000000001742,0.9999999999991757
14026,140.2600000000174,0.9999999999991768
14027,140.2700000000174,0.999999999999178
14028,140.2800000000174,0.9999999999991792
14029,140.2900000000174,0.9999999999991803
14030,140.30000000001738,0.9999999999991815
14031,140.31000000001737,0.9999999999991828
14032,140.32000000001736,0.9999999999991839
14033,140.33000000001735,0.9999999999991851
14034,140.34000000001734,0.9999999999991862
14035,140.35000000001733,0.9999999999991874
14036,140.36000000001732,0.9999999999991886
14037,140.3700000000173,0.9999999999991898
14038,140.3800000000173,0.999999999999191
14039,140.3900000000173,0.9999999999991921
14040,140.4000000000173,0.9999999999991933
14041,140.41000000001728,0.9999999999991944
14042,140.42000000001727,0.9999999999991956
14043,140.43000000001726,0.9999999999991968
14044,140.44000000001725,0.9999999999991979
14045,140.45000000001724,0.9999999999991991
14046,140.46000000001723,0.9999999999992002
14047,140.47000000001722,0.9999999999992014
14048,140.4800000000172,0.9999999999992025
14049,140.4900000000172,0.9999999999992036
14050,140.5000000000172,0.9999999999992049
14051,140.5100000000172,0.999999999999206
14052,140.52000000001718,0.9999999999992071
14053,140.53000000001717,0.9999999999992083
14054,140.54000000001716,0.9999999999992094
14055,140.55000000001715,0.9999999999992105
14056,140.56000000001714,0.9999999999992116
14057,140.57000000001713,0.9999999999992129
14058,140.58000000001712,0.999999999999214
14059,140.5900000000171,0.9999999999992151
14060,140.6000000000171,0.9999999999992162
14061,140.6100000000171,0.9999999999992173
14062,140.6200000000171,0.9999999999992185
14063,140.63000000001708,0.9999999999992196
14064,140.64000000001707,0.9999999999992207
14065,140.65000000001706,0.9999999999992218
14066,140.66000000001705,0.999999999999223
14067,140.67000000001704,0.9999999999992241
14068,140.68000000001703,0.9999999999992252
14069,140.69000000001702,0.9999999999992263
14070,140.700000000017,0.9999999999992274
14071,140.710000000017,0.9999999999992285
14072,140.720000000017,0.9999999999992296
14073,140.730000000017,0.9999999999992307
14074,140.74000000001698,0.9999999999992318
14075,140.75000000001697,0.999999999999233
14076,140.76000000001696,0.9999999999992341
14077,140.77000000001695,0.9999999999992352
14078,140.78000000001694,0.9999999999992363
14079,140.79000000001693,0.9999999999992374
14080,140.80000000001692,0.9999999999992385
14081,140.8100000000169,0.9999999999992396
14082,140.8200000000169,0.9999999999992407
14083,140.8300000000169,0.9999999999992418
14084,140.8400000000169,0.9999999999992428
14085,140.85000000001688,0.9999999999992439
14086,140.86000000001687,0.999999999999245
14087,140.87000000001686,0.9999999999992462
14088,140.88000000001685,0.9999999999992473
14089,140.89000000001684,0.9999999999992483
14090,140.90000000001683,0.9999999999992494
14091,140.91000000001682,0.9999999999992505
14092,140.9200000000168,0.9999999999992516
14093,140.9300000000168,0.9999999999992526
14094,140.9400000000168,0.9999999999992537
14095,140.9500000000168,0.9999999999992548
14096,140.96000000001678,0.9999999999992558
14097,140.97000000001677,0.9999999999992569
14098,140.98000000001676,0.999999999999258
14099,140.99000000001675,0.999999999999259
14100,141.00000000001674,0.9999999999992601
14101,141.01000000001673,0.9999999999992613
14102,141.02000000001672,0.9999999999992623
14103,141.0300000000167,0.9999999999992634
14104,141.0400000000167,0.9999999999992644
14105,141.0500000000167,0.9999999999992655
14106,141.0600000000167,0.9999999999992665
14107,141.07000000001668,0.9999999999992676
14108,141.08000000001667,0.9999999999992686
14109,141.09000000001666,0.9999999999992697
14110,141.10000000001665,0.9999999999992707
14111,141.11000000001664,0.9999999999992718
14112,141.12000000001663,0.9999999999992728
14113,141.13000000001662,0.9999999999992739
14114,141.1400000000166,0.9999999999992749
14115,141.1500000000166,0.999999999999276
14116,141.1600000000166,0.999999999999277
14117,141.17000000001659,0.999999999999278
14118,141.18000000001658,0.9999999999992791
14119,141.19000000001657,0.9999999999992801
14120,141.20000000001656,0.9999999999992811
14121,141.21000000001655,0.9999999999992822
14122,141.22000000001654,0.9999999999992832
14123,141.23000000001653,0.9999999999992842
14124,141.24000000001652,0.9999999999992853
14125,141.2500000000165,0.9999999999992863
14126,141.2600000000165,0.9999999999992873
14127,141.2700000000165,0.9999999999992883
14128,141.28000000001649,0.9999999999992895
14129,141.29000000001648,0.9999999999992905
14130,141.30000000001647,0.9999999999992915
14131,141.31000000001646,0.9999999999992925
14132,141.32000000001645,0.9999999999992935
14133,141.33000000001644,0.9999999999992946
14134,141.34000000001643,0.9999999999992956
14135,141.35000000001642,0.9999999999992966
14136,141.3600000000164,0.9999999999992976
14137,141.3700000000164,0.9999999999992986
14138,141.3800000000164,0.9999999999992996
14139,141.39000000001639,0.9999999999993006
14140,141.40000000001638,0.9999999999993016
14141,141.41000000001637,0.9999999999993026
14142,141.42000000001636,0.9999999999993036
14143,141.43000000001635,0.9999999999993046
14144,141.44000000001634,0.9999999999993056
14145,141.45000000001633,0.9999999999993066
14146,141.46000000001632,0.9999999999993076
14147,141.4700000000163,0.9999999999993086
14148,141.4800000000163,0.9999999999993096
14149,141.4900000000163,0.9999999999993106
14150,141.50000000001629,0.9999999999993116
14151,141.51000000001628,0.9999999999993125
14152,141.52000000001627,0.9999999999993135
14153,141.53000000001626,0.9999999999993145
14154,141.54000000001625,0.9999999999993155
14155,141.55000000001624,0.9999999999993165
14156,141.56000000001623,0.9999999999993175
14157,141.57000000001622,0.9999999999993185
14158,141.5800000000162,0.9999999999993194
14159,141.5900000000162,0.9999999999993204
14160,141.6000000000162,0.9999999999993214
14161,141.61000000001619,0.9999999999993224
14162,141.62000000001618,0.9999999999993234
14163,141.63000000001617,0.9999999999993243
14164,141.64000000001616,0.9999999999993253
14165,141.65000000001615,0.9999999999993263
14166,141.66000000001614,0.9999999999993273
14167,141.67000000001613,0.9999999999993282
14168,141.68000000001612,0.9999999999993292
14169,141.6900000000161,0.9999999999993302
14170,141.7000000000161,0.9999999999993311
14171,141.7100000000161,0.9999999999993321
14172,141.72000000001609,0.9999999999993331
14173,141.73000000001608,0.999999999999334
14174,141.74000000001607,0.999999999999335
14175,141.75000000001606,0.999999999999336
14176,141.76000000001605,0.9999999999993369
14177,141.77000000001604,0.9999999999993379
14178,141.78000000001603,0.9999999999993388
14179,141.79000000001602,0.9999999999993398
14180,141.800000000016,0.9999999999993407
14181,141.810000000016,0.9999999999993416
14182,141.820000000016,0.9999999999993426
14183,141.83000000001599,0.9999999999993435
14184,141.84000000001598,0.9999999999993445
14185,141.85000000001597,0.9999999999993454
14186,141.86000000001596,0.9999999999993464
14187,141.87000000001595,0.9999999999993473
14188,141.88000000001594,0.9999999999993483
14189,141.89000000001593,0.9999999999993492
14190,141.90000000001592,0.9999999999993501
14191,141.9100000000159,0.9999999999993511
14192,141.9200000000159,0.999999999999352
14193,141.9300000000159,0.999999999999353
14194,141.94000000001589,0.9999999999993539
14195,141.95000000001588,0.9999999999993547
14196,141.96000000001587,0.9999999999993557
14197,141.97000000001586,0.9999999999993566
14198,141.98000000001585,0.9999999999993576
14199,141.99000000001584,0.9999999999993585
14200,142.00000000001583,0.9999999999993594
14201,142.01000000001582,0.9999999999993603
14202,142.0200000000158,0.9999999999993613
14203,142.0300000000158,0.9999999999993622
14204,142.0400000000158,0.9999999999993631
14205,142.05000000001579,0.9999999999993641
14206,142.06000000001578,0.999999999999365
14207,142.07000000001577,0.9999999999993658
14208,142.08000000001576,0.9999999999993667
14209,142.09000000001575,0.9999999999993676
14210,142.10000000001574,0.9999999999993686
14211,142.11000000001573,0.9999999999993695
14212,142.12000000001572,0.9999999999993704
14213,142.1300000000157,0.9999999999993713
14214,142.1400000000157,0.9999999999993722
14215,142.1500000000157,0.9999999999993731
14216,142.16000000001569,0.9999999999993741
14217,142.17000000001568,0.9999999999993749
14218,142.18000000001567,0.9999999999993758
14219,142.19000000001566,0.9999999999993767
14220,142.20000000001565,0.9999999999993776
14221,142.21000000001564,0.9999999999993785
14222,142.22000000001563,0.9999999999993794
14223,142.23000000001562,0.9999999999993803
14224,142.2400000000156,0.9999999999993812
14225,142.2500000000156,0.999999999999382
14226,142.2600000000156,0.9999999999993829
14227,142.27000000001559,0.9999999999993838
14228,142.28000000001558,0.9999999999993847
14229,142.29000000001557,0.9999999999993856
14230,142.30000000001556,0.9999999999993865
14231,142.31000000001555,0.9999999999993874
14232,142.32000000001554,0.9999999999993883
14233,142.33000000001553,0.9999999999993892
14234,142.34000000001552,0.99999999999939
14235,142.3500000000155,0.9999999999993909
14236,142.3600000000155,0.9999999999993918
14237,142.3700000000155,0.9999999999993926
14238,142.38000000001549,0.9999999999993935
14239,142.39000000001548,0.9999999999993944
14240,142.40000000001547,0.9999999999993953
14241,142.41000000001546,0.9999999999993961
14242,142.42000000001545,0.999999999999397
14243,142.43000000001544,0.9999999999993978
14244,142.44000000001543,0.9999999999993987
14245,142.45000000001542,0.9999999999993996
14246,142.4600000000154,0.9999999999994005
14247,142.4700000000154,0.9999999999994014
14248,142.4800000000154,0.9999999999994021
14249,142.49000000001539,0.999999999999403
14250,142.50000000001538,0.9999999999994039
14251,142.51000000001537,0.9999999999994048
14252,142.52000000001536,0.9999999999994056
14253,142.53000000001535,0.9999999999994065
14254,142.54000000001534,0.9999999999994074
14255,142.55000000001533,0.9999999999994081
14256,142.56000000001532,0.999999999999409
14257,142.5700000000153,0.9999999999994099
14258,142.5800000000153,0.9999999999994107
14259,142.5900000000153,0.9999999999994116
14260,142.60000000001529,0.9999999999994124
14261,142.61000000001528,0.9999999999994132
14262,142.62000000001527,0.9999999999994141
14263,142.63000000001526,0.9999999999994149
14264,142.64000000001525,0.9999999999994158
14265,142.65000000001524,0.9999999999994166
14266,142.66000000001523,0.9999999999994175
14267,142.67000000001522,0.9999999999994184
14268,142.6800000000152,0.9999999999994191
14269,142.6900000000152,0.99999999999942
14270,142.7000000000152,0.9999999999994208
14271,142.71000000001519,0.9999999999994217
14272,142.72000000001518,0.9999999999994225
14273,142.73000000001517,0.9999999999994234
14274,142.74000000001516,0.9999999999994241
14275,142.75000000001515,0.9999999999994249
14276,142.76000000001514,0.9999999999994258
14277,142.77000000001513,0.9999999999994266
14278,142.78000000001512,0.9999999999994275
14279,142.7900000000151,0.9999999999994282
14280,142.8000000000151,0.9999999999994291
14281,142.8100000000151,0.9999999999994299
14282,142.82000000001509,0.9999999999994307
14283,142.83000000001508,0.9999999999994316
14284,142.84000000001507,0.9999999999994323
14285,142.85000000001506,0.9999999999994331
14286,142.86000000001505,0.999999999999434
14287,142.87000000001504,0.9999999999994348
14288,142.88000000001503,0.9999999999994356
14289,142.89000000001502,0.9999999999994365
14290,142.900000000015,0.9999999999994372
14291,142.910000000015,0.999999999999438
14292,142.920000000015,0.9999999999994389
14293,142.93000000001499,0.9999999999994397
14294,142.94000000001498,0.9999999999994404
14295,142.95000000001497,0.9999999999994412
14296,142.96000000001496,0.9999999999994421
14297,142.97000000001495,0.9999999999994429
14298,142.98000000001494,0.9999999999994437
14299,142.99000000001493,0.9999999999994444
14300,143.00000000001492,0.9999999999994452
14301,143.0100000000149,0.9999999999994461
14302,143.0200000000149,0.9999999999994469
14303,143.0300000000149,0.9999999999994477
14304,143.04000000001489,0.9999999999994484
14305,143.05000000001488,0.9999999999994492
14306,143.06000000001487,0.99999999999945
14307,143.07000000001486,0.9999999999994508
14308,143.08000000001485,0.9999999999994515
14309,143.09000000001484,0.9999999999994524
14310,143.10000000001483,0.9999999999994532
14311,143.11000000001482,0.999999999999454
14312,143.1200000000148,0.9999999999994548
14313,143.1300000000148,0.9999999999994555
14314,143.1400000000148,0.9999999999994563
14315,143.15000000001478,0.9999999999994571
14316,143.16000000001478,0.9999999999994579
14317,143.17000000001477,0.9999999999994587
14318,143.18000000001476,0.9999999999994594
14319,143.19000000001475,0.9999999999994602
14320,143.20000000001474,0.999999999999461
14321,143.21000000001473,0.9999999999994618
14322,143.22000000001472,0.9999999999994625
14323,143.2300000000147,0.9999999999994633
14324,143.2400000000147,0.9999999999994641
14325,143.2500000000147,0.9999999999994649
14326,143.26000000001468,0.9999999999994656
14327,143.27000000001468,0.9999999999994664
14328,143.28000000001467,0.9999999999994671
14329,143.29000000001466,0.9999999999994679
14330,143.30000000001465,0.9999999999994686
14331,143.31000000001464,0.9999999999994694
14332,143.32000000001463,0.9999999999994702
14333,143.33000000001462,0.999999999999471
14334,143.3400000000146,0.9999999999994718
14335,143.3500000000146,0.9999999999994725
14336,143.3600000000146,0.9999999999994732
14337,143.37000000001458,0.999999999999474
14338,143.38000000001458,0.9999999999994748
14339,143.39000000001457,0.9999999999994755
14340,143.40000000001456,0.9999999999994763
14341,143.41000000001455,0.999999999999477
14342,143.42000000001454,0.9999999999994778
14343,143.43000000001453,0.9999999999994785
14344,143.44000000001452,0.9999999999994793
14345,143.4500000000145,0.99999999999948
14346,143.4600000000145,0.9999999999994807
14347,143.4700000000145,0.9999999999994815
14348,143.48000000001448,0.9999999999994822
14349,143.49000000001448,0.999999999999483
14350,143.50000000001447,0.9999999999994837
14351,143.51000000001446,0.9999999999994844
14352,143.52000000001445,0.9999999999994852
14353,143.53000000001444,0.999999999999486
14354,143.54000000001443,0.9999999999994866
14355,143.55000000001442,0.9999999999994874
14356,143.5600000000144,0.9999999999994882
14357,143.5700000000144,0.9999999999994889
14358,143.5800000000144,0.9999999999994896
14359,143.59000000001438,0.9999999999994904
14360,143.60000000001438,0.9999999999994911
14361,143.61000000001437,0.9999999999994919
14362,143.62000000001436,0.9999999999994925
14363,143.63000000001435,0.9999999999994933
14364,143.64000000001434,0.999999999999494
14365,143.65000000001433,0.9999999999994947
14366,143.66000000001432,0.9999999999994954
14367,143.6700000000143,0.9999999999994962
14368,143.6800000000143,0.999999999999497
14369,143.6900000000143,0.9999999999994976
14370,143.70000000001428,0.9999999999994984
14371,143.71000000001428,0.9999999999994991
14372,143.72000000001427,0.9999999999994997
14373,143.73000000001426,0.9999999999995005
14374,143.74000000001425,0.9999999999995012
14375,143.75000000001424,0.999999999999502
14376,143.76000000001423,0.9999999999995026
14377,143.77000000001422,0.9999999999995034
14378,143.7800000000142,0.9999999999995041
14379,143.7900000000142,0.9999999999995048
14380,143.8000000000142,0.9999999999995055
14381,143.81000000001418,0.9999999999995062
14382,143.82000000001418,0.999999999999507
14383,143.83000000001417,0.9999999999995076
14384,143.84000000001416,0.9999999999995083
14385,143.85000000001415,0.9999999999995091
14386,143.86000000001414,0.9999999999995097
14387,143.87000000001413,0.9999999999995105
14388,143.88000000001412,0.9999999999995112
14389,143.8900000000141,0.9999999999995118
14390,143.9000000000141,0.9999999999995125
14391,143.9100000000141,0.9999999999995133
14392,143.92000000001408,0.9999999999995139
14393,143.93000000001408,0.9999999999995146
14394,143.94000000001407,0.9999999999995154
14395,143.95000000001406,0.999999999999516
14396,143.96000000001405,0.9999999999995167
14397,143.97000000001404,0.9999999999995174
14398,143.98000000001403,0.9999999999995182
14399,143.99000000001402,0.9999999999995188
14400,144.000000000014,0.9999999999995195
14401,144.010000000014,0.9999999999995202
14402,144.020000000014,0.9999999999995208
14403,144.03000000001398,0.9999999999995216
14404,144.04000000001398,0.9999999999995223
14405,144.05000000001397,0.9999999999995229
14406,144.06000000001396,0.9999999999995236
14407,144.07000000001395,0.9999999999995243
14408,144.08000000001394,0.9999999999995249
14409,144.09000000001393,0.9999999999995257
14410,144.10000000001392,0.9999999999995264
14411,144.1100000000139,0.999999999999527
14412,144.1200000000139,0.9999999999995277
14413,144.1300000000139,0.9999999999995284
14414,144.14000000001388,0.999999999999529
14415,144.15000000001388,0.9999999999995297
14416,144.16000000001387,0.9999999999995304
14417,144.17000000001386,0.999999999999531
14418,144.18000000001385,0.9999999999995317
14419,144.19000000001384,0.9999999999995325
14420,144.20000000001383,0.9999999999995332
14421,144.21000000001382,0.9999999999995338
14422,144.2200000000138,0.9999999999995345
14423,144.2300000000138,0.9999999999995351
14424,144.2400000000138,0.9999999999995358
14425,144.25000000001378,0.9999999999995365
14426,144.26000000001378,0.9999999999995371
14427,144.27000000001377,0.9999999999995378
14428,144.28000000001376,0.9999999999995385
14429,144.29000000001375,0.9999999999995391
14430,144.30000000001374,0.9999999999995397
14431,144.31000000001373,0.9999999999995404
14432,144.32000000001372,0.999999999999541
14433,144.3300000000137,0.9999999999995417
14434,144.3400000000137,0.9999999999995424
14435,144.3500000000137,0.999999999999543
14436,144.36000000001368,0.9999999999995437
14437,144.37000000001368,0.9999999999995444
14438,144.38000000001367,0.999999999999545
14439,144.39000000001366,0.9999999999995457
14440,144.40000000001365,0.9999999999995464
14441,144.41000000001364,0.9999999999995469
14442,144.42000000001363,0.9999999999995476
14443,144.43000000001362,0.9999999999995483
14444,144.4400000000136,0.9999999999995489
14445,144.4500000000136,0.9999999999995496
14446,144.4600000000136,0.9999999999995502
14447,144.47000000001358,0.9999999999995508
14448,144.48000000001358,0.9999999999995515
14449,144.49000000001357,0.9999999999995521
14450,144.50000000001356,0.9999999999995528
14451,144.51000000001355,0.9999999999995535
14452,144.52000000001354,0.999999999999554
14453,144.53000000001353,0.9999999999995547
14454,144.54000000001352,0.9999999999995554
14455,144.5500000000135,0.999999999999556
14456,144.5600000000135,0.9999999999995566
14457,144.5700000000135,0.9999999999995572
14458,144.58000000001348,0.9999999999995579
14459,144.59000000001348,0.9999999999995585
14460,144.60000000001347,0.9999999999995591
14461,144.61000000001346,0.9999999999995598
14462,144.62000000001345,0.9999999999995605
14463,144.63000000001344,0.999999999999561
14464,144.64000000001343,0.9999999999995617
14465,144.65000000001342,0.9999999999995624
14466,144.6600000000134,0.9999999999995629
14467,144.6700000000134,0.9999999999995636
14468,144.6800000000134,0.9999999999995641
14469,144.69000000001338,0.9999999999995648
14470,144.70000000001338,0.9999999999995655
14471,144.71000000001337,0.999999999999566
14472,144.72000000001336,0.9999999999995667
14473,144.73000000001335,0.9999999999995673
14474,144.74000000001334,0.9999999999995679
14475,144.75000000001333,0.9999999999995686
14476,144.76000000001332,0.9999999999995691
14477,144.7700000000133,0.9999999999995698
14478,144.7800000000133,0.9999999999995703
14479,144.7900000000133,0.999999999999571
14480,144.80000000001328,0.9999999999995716
14481,144.81000000001328,0.9999999999995722
14482,144.82000000001327,0.9999999999995728
14483,144.83000000001326,0.9999999999995735
14484,144.84000000001325,0.9999999999995741
14485,144.85000000001324,0.9999999999995747
14486,144.86000000001323,0.9999999999995752
14487,144.87000000001322,0.9999999999995759
14488,144.8800000000132,0.9999999999995764
14489,144.8900000000132,0.9999999999995771
14490,144.9000000000132,0.9999999999995777
14491,144.91000000001318,0.9999999999995783
14492,144.92000000001318,0.9999999999995789
14493,144.93000000001317,0.9999999999995796
14494,144.94000000001316,0.9999999999995801
14495,144.95000000001315,0.9999999999995808
14496,144.96000000001314,0.9999999999995813
14497,144.97000000001313,0.9999999999995819
14498,144.98000000001312,0.9999999999995826
14499,144.9900000000131,0.9999999999995831
14500,145.0000000000131,0.9999999999995838
14501,145.0100000000131,0.9999999999995843
14502,145.02000000001308,0.9999999999995849
14503,145.03000000001308,0.9999999999995856
14504,145.04000000001307,0.9999999999995861
14505,145.05000000001306,0.9999999999995867
14506,145.06000000001305,0.9999999999995873
14507,145.07000000001304,0.9999999999995879
14508,145.08000000001303,0.9999999999995884
14509,145.09000000001302,0.9999999999995891
14510,145.100000000013,0.9999999999995897
14511,145.110000000013,0.9999999999995902
14512,145.120000000013,0.9999999999995908
14513,145.13000000001298,0.9999999999995914
14514,145.14000000001298,0.999999999999592
14515,145.15000000001297,0.9999999999995925
14516,145.16000000001296,0.9999999999995932
14517,145.17000000001295,0.9999999999995938
14518,145.18000000001294,0.9999999999995943
14519,145.19000000001293,0.9999999999995949
14520,145.20000000001292,0.9999999999995955
14521,145.2100000000129,0.9999999999995961
14522,145.2200000000129,0.9999999999995967
14523,145.2300000000129,0.9999999999995972
14524,145.24000000001288,0.9999999999995978
14525,145.25000000001288,0.9999999999995984
14526,145.26000000001287,0.999999999999599
14527,145.27000000001286,0.9999999999995995
14528,145.28000000001285,0.9999999999996001
14529,145.29000000001284,0.9999999999996007
14530,145.30000000001283,0.9999999999996012
14531,145.31000000001282,0.9999999999996019
14532,145.3200000000128,0.9999999999996024
14533,145.3300000000128,0.999999999999603
14534,145.3400000000128,0.9999999999996035
14535,145.35000000001278,0.9999999999996041
14536,145.36000000001277,0.9999999999996046
14537,145.37000000001277,0.9999999999996052
14538,145.38000000001276,0.9999999999996058
14539,145.39000000001275,0.9999999999996063
14540,145.40000000001274,0.9999999999996069
14541,145.41000000001273,0.9999999999996075
14542,145.42000000001272,0.9999999999996081
14543,145.4300000000127,0.9999999999996086
14544,145.4400000000127,0.9999999999996092
14545,145.4500000000127,0.9999999999996098
14546,145.46000000001268,0.9999999999996103
14547,145.47000000001267,0.9999999999996109
14548,145.48000000001267,0.9999999999996114
14549,145.49000000001266,0.999999999999612
14550,145.50000000001265,0.9999999999996125
14551,145.51000000001264,0.9999999999996131
14552,145.52000000001263,0.9999999999996136
14553,145.53000000001262,0.9999999999996142
14554,145.5400000000126,0.9999999999996148
14555,145.5500000000126,0.9999999999996153
14556,145.5600000000126,0.9999999999996159
14557,145.57000000001258,0.9999999999996164
14558,145.58000000001257,0.999999999999617
14559,145.59000000001257,0.9999999999996175
14560,145.60000000001256,0.999999999999618
14561,145.61000000001255,0.9999999999996185
14562,145.62000000001254,0.9999999999996191
14563,145.63000000001253,0.9999999999996196
14564,145.64000000001252,0.9999999999996202
14565,145.6500000000125,0.9999999999996207
14566,145.6600000000125,0.9999999999996213
14567,145.6700000000125,0.9999999999996219
14568,145.68000000001248,0.9999999999996224
14569,145.69000000001247,0.999999999999623
14570,145.70000000001247,0.9999999999996234
14571,145.71000000001246,0.999999999999624
14572,145.72000000001245,0.9999999999996245
14573,145.73000000001244,0.9999999999996251
14574,145.74000000001243,0.9999999999996256
14575,145.75000000001242,0.9999999999996262
14576,145.7600000000124,0.9999999999996266
14577,145.7700000000124,0.9999999999996272
14578,145.7800000000124,0.9999999999996277
14579,145.79000000001238,0.9999999999996283
14580,145.80000000001237,0.9999999999996289
14581,145.81000000001237,0.9999999999996293
14582,145.82000000001236,0.9999999999996299
14583,145.83000000001235,0.9999999999996304
14584,145.84000000001234,0.999999999999631
14585,145.85000000001233,0.9999999999996315
14586,145.86000000001232,0.999999999999632
14587,145.8700000000123,0.9999999999996325
14588,145.8800000000123,0.9999999999996331
14589,145.8900000000123,0.9999999999996335
14590,145.90000000001228,0.9999999999996341
14591,145.91000000001227,0.9999999999996346
14592,145.92000000001227,0.9999999999996352
14593,145.93000000001226,0.9999999999996356
14594,145.94000000001225,0.9999999999996362
14595,145.95000000001224,0.9999999999996367
14596,145.96000000001223,0.9999999999996372
14597,145.97000000001222,0.9999999999996377
14598,145.9800000000122,0.9999999999996383
14599,145.9900000000122,0.9999999999996387
14600,146.0000000000122,0.9999999999996393
14601,146.01000000001218,0.9999999999996398
14602,146.02000000001217,0.9999999999996403
14603,146.03000000001217,0.9999999999996408
14604,146.04000000001216,0.9999999999996414
14605,146.05000000001215,0.9999999999996418
14606,146.06000000001214,0.9999999999996424
14607,146.07000000001213,0.9999999999996428
14608,146.08000000001212,0.9999999999996434
14609,146.0900000000121,0.999999999999644
14610,146.1000000000121,0.9999999999996444
14611,146.1100000000121,0.999999999999645
14612,146.12000000001208,0.9999999999996454
14613,146.13000000001207,0.999999999999646
14614,146.14000000001207,0.9999999999996465
14615,146.15000000001206,0.999999999999647
14616,146.16000000001205,0.9999999999996475
14617,146.17000000001204,0.999999999999648
14618,146.18000000001203,0.9999999999996485
14619,146.19000000001202,0.999999999999649
14620,146.200000000012,0.9999999999996495
14621,146.210000000012,0.99999999999965
14622,146.220000000012,0.9999999999996505
14623,146.23000000001198,0.999999999999651
14624,146.24000000001197,0.9999999999996515
14625,146.25000000001197,0.999999999999652
14626,146.26000000001196,0.9999999999996525
14627,146.27000000001195,0.9999999999996529
14628,146.28000000001194,0.9999999999996535
14629,146.29000000001193,0.9999999999996539
14630,146.30000000001192,0.9999999999996545
14631,146.3100000000119,0.9999999999996549
14632,146.3200000000119,0.9999999999996555
14633,146.3300000000119,0.9999999999996559
14634,146.34000000001188,0.9999999999996564
14635,146.35000000001187,0.9999999999996569
14636,146.36000000001187,0.9999999999996574
14637,146.37000000001186,0.9999999999996579
14638,146.38000000001185,0.9999999999996584
14639,146.39000000001184,0.9999999999996588
14640,146.40000000001183,0.9999999999996594
14641,146.41000000001182,0.9999999999996598
14642,146.4200000000118,0.9999999999996604
14643,146.4300000000118,0.9999999999996608
14644,146.4400000000118,0.9999999999996613
14645,146.45000000001178,0.9999999999996618
14646,146.46000000001177,0.9999999999996623
14647,146.47000000001177,0.9999999999996627
14648,146.48000000001176,0.9999999999996633
14649,146.49000000001175,0.9999999999996637
14650,146.50000000001174,0.9999999999996642
14651,146.51000000001173,0.9999999999996647
14652,146.52000000001172,0.9999999999996652
14653,146.5300000000117,0.9999999999996656
14654,146.5400000000117,0.9999999999996662
14655,146.5500000000117,0.9999999999996666
14656,146.56000000001168,0.999999999999667
14657,146.57000000001167,0.9999999999996676
14658,146.58000000001167,0.999999999999668
14659,146.59000000001166,0.9999999999996685
14660,146.60000000001165,0.9999999999996689
14661,146.61000000001164,0.9999999999996695
14662,146.62000000001163,0.9999999999996699
14663,146.63000000001162,0.9999999999996704
14664,146.6400000000116,0.9999999999996708
14665,146.6500000000116,0.9999999999996714
14666,146.6600000000116,0.9999999999996718
14667,146.67000000001158,0.9999999999996723
14668,146.68000000001157,0.9999999999996727
14669,146.69000000001157,0.9999999999996733
14670,146.70000000001156,0.9999999999996737
14671,146.71000000001155,0.9999999999996741
14672,146.72000000001154,0.9999999999996746
14673,146.73000000001153,0.999999999999675
14674,146.74000000001152,0.9999999999996756
14675,146.7500000000115,0.999999999999676
14676,146.7600000000115,0.9999999999996765
14677,146.7700000000115,0.9999999999996769
14678,146.78000000001148,0.9999999999996774
14679,146.79000000001147,0.9999999999996778
14680,146.80000000001147,0.9999999999996784
14681,146.81000000001146,0.9999999999996788
14682,146.82000000001145,0.9999999999996793
14683,146.83000000001144,0.9999999999996797
14684,146.84000000001143,0.9999999999996801
14685,146.85000000001142,0.9999999999996806
14686,146.8600000000114,0.999999999999681
14687,146.8700000000114,0.9999999999996815
14688,146.8800000000114,0.9999999999996819
14689,146.89000000001138,0.9999999999996825
14690,146.90000000001137,0.9999999999996829
14691,146.91000000001137,0.9999999999996834
14692,146.92000000001136,0.9999999999996838
14693,146.93000000001135,0.9999999999996843
14694,146.94000000001134,0.9999999999996847
14695,146.95000000001133,0.9999999999996851
14696,146.96000000001132,0.9999999999996856
14697,146.9700000000113,0.999999999999686
14698,146.9800000000113,0.9999999999996865
14699,146.9900000000113,0.9999999999996869
14700,147.00000000001128,0.9999999999996874
14701,147.01000000001127,0.9999999999996878
14702,147.02000000001127,0.9999999999996882
14703,147.03000000001126,0.9999999999996887
14704,147.04000000001125,0.9999999999996891
14705,147.05000000001124,0.9999999999996896
14706,147.06000000001123,0.99999999999969
14707,147.07000000001122,0.9999999999996905
14708,147.0800000000112,0.9999999999996909
14709,147.0900000000112,0.9999999999996914
14710,147.1000000000112,0.9999999999996918
14711,147.11000000001118,0.9999999999996922
14712,147.12000000001117,0.9999999999996927
14713,147.13000000001117,0.9999999999996931
14714,147.14000000001116,0.9999999999996936
14715,147.15000000001115,0.999999999999694
14716,147.16000000001114,0.9999999999996945
14717,147.17000000001113,0.9999999999996949
14718,147.18000000001112,0.9999999999996954
14719,147.1900000000111,0.9999999999996958
14720,147.2000000000111,0.9999999999996962
14721,147.2100000000111,0.9999999999996966
14722,147.22000000001108,0.999999999999697
14723,147.23000000001107,0.9999999999996975
14724,147.24000000001107,0.9999999999996979
14725,147.25000000001106,0.9999999999996984
14726,147.26000000001105,0.9999999999996988
14727,147.27000000001104,0.9999999999996992
14728,147.28000000001103,0.9999999999996997
14729,147.29000000001102,0.9999999999997001
14730,147.300000000011,0.9999999999997005
14731,147.310000000011,0.9999999999997009
14732,147.320000000011,0.9999999999997014
14733,147.33000000001098,0.9999999999997018
14734,147.34000000001097,0.9999999999997022
14735,147.35000000001097,0.9999999999997027
14736,147.36000000001096,0.999999999999703
14737,147.37000000001095,0.9999999999997035
14738,147.38000000001094,0.9999999999997039
14739,147.39000000001093,0.9999999999997043
14740,147.40000000001092,0.9999999999997048
14741,147.4100000000109,0.9999999999997052
14742,147.4200000000109,0.9999999999997056
14743,147.4300000000109,0.999999999999706
14744,147.44000000001088,0.9999999999997065
14745,147.45000000001087,0.9999999999997069
14746,147.46000000001087,0.9999999999997072
14747,147.47000000001086,0.9999999999997077
14748,147.48000000001085,0.9999999999997081
14749,147.49000000001084,0.9999999999997086
14750,147.50000000001083,0.9999999999997089
14751,147.51000000001082,0.9999999999997093
14752,147.5200000000108,0.9999999999997098
14753,147.5300000000108,0.9999999999997102
14754,147.5400000000108,0.9999999999997106
14755,147.55000000001078,0.999999999999711
14756,147.56000000001077,0.9999999999997115
14757,147.57000000001077,0.9999999999997119
14758,147.58000000001076,0.9999999999997122
14759,147.59000000001075,0.9999999999997127
14760,147.60000000001074,0.9999999999997131
14761,147.61000000001073,0.9999999999997135
14762,147.62000000001072,0.9999999999997139
14763,147.6300000000107,0.9999999999997143
14764,147.6400000000107,0.9999999999997147
14765,147.6500000000107,0.9999999999997151
14766,147.66000000001068,0.9999999999997156
14767,147.67000000001067,0.9999999999997159
14768,147.68000000001066,0.9999999999997163
14769,147.69000000001066,0.9999999999997168
14770,147.70000000001065,0.9999999999997171
14771,147.71000000001064,0.9999999999997176
14772,147.72000000001063,0.999999999999718
14773,147.73000000001062,0.9999999999997183
14774,147.7400000000106,0.9999999999997188
14775,147.7500000000106,0.9999999999997191
14776,147.7600000000106,0.9999999999997196
14777,147.77000000001058,0.99999999999972
14778,147.78000000001057,0.9999999999997203
14779,147.79000000001056,0.9999999999997208
14780,147.80000000001056,0.9999999999997211
14781,147.81000000001055,0.9999999999997216
14782,147.82000000001054,0.999999999999722
14783,147.83000000001053,0.9999999999997223
14784,147.84000000001052,0.9999999999997228
14785,147.8500000000105,0.9999999999997231
14786,147.8600000000105,0.9999999999997236
14787,147.8700000000105,0.9999999999997239
14788,147.88000000001048,0.9999999999997243
14789,147.89000000001047,0.9999999999997248
14790,147.90000000001046,0.9999999999997251
14791,147.91000000001046,0.9999999999997256
14792,147.92000000001045,0.9999999999997259
14793,147.93000000001044,0.9999999999997263
14794,147.94000000001043,0.9999999999997267
14795,147.95000000001042,0.9999999999997271
14796,147.9600000000104,0.9999999999997274
14797,147.9700000000104,0.9999999999997279
14798,147.9800000000104,0.9999999999997282
14799,147.99000000001038,0.9999999999997287
14800,148.00000000001037,0.999999999999729
14801,148.01000000001036,0.9999999999997294
14802,148.02000000001036,0.9999999999997298
14803,148.03000000001035,0.9999999999997302
14804,148.04000000001034,0.9999999999997305
14805,148.05000000001033,0.999999999999731
14806,148.06000000001032,0.9999999999997313
14807,148.0700000000103,0.9999999999997317
14808,148.0800000000103,0.9999999999997321
14809,148.0900000000103,0.9999999999997324
14810,148.10000000001028,0.9999999999997329
14811,148.11000000001027,0.9999999999997332
14812,148.12000000001026,0.9999999999997337
14813,148.13000000001026,0.999999999999734
14814,148.14000000001025,0.9999999999997343
14815,148.15000000001024,0.9999999999997348
14816,148.16000000001023,0.9999999999997351
14817,148.17000000001022,0.9999999999997355
14818,148.1800000000102,0.9999999999997359
14819,148.1900000000102,0.9999999999997362
14820,148.2000000000102,0.9999999999997367
14821,148.21000000001018,0.999999999999737
14822,148.22000000001017,0.9999999999997374
14823,148.23000000001016,0.9999999999997378
14824,148.24000000001016,0.9999999999997381
14825,148.25000000001015,0.9999999999997385
14826,148.26000000001014,0.9999999999997389
14827,148.27000000001013,0.9999999999997392
14828,148.28000000001012,0.9999999999997397
14829,148.2900000000101,0.99999999999974
14830,148.3000000000101,0.9999999999997403
14831,148.3100000000101,0.9999999999997408
14832,148.32000000001008,0.9999999999997411
14833,148.33000000001007,0.9999999999997414
14834,148.34000000001006,0.9999999999997419
14835,148.35000000001006,0.9999999999997422
14836,148.36000000001005,0.9999999999997425
14837,148.37000000001004,0.999999999999743
14838,148.38000000001003,0.9999999999997433
14839,148.39000000001002,0.9999999999997436
14840,148.40000000001,0.9999999999997441
14841,148.41000000001,0.9999999999997444
14842,148.42000000001,0.9999999999997448
14843,148.43000000000998,0.9999999999997451
14844,148.44000000000997,0.9999999999997455
14845,148.45000000000996,0.9999999999997459
14846,148.46000000000996,0.9999999999997462
14847,148.47000000000995,0.9999999999997466
14848,148.48000000000994,0.999999999999747
14849,148.49000000000993,0.9999999999997473
14850,148.50000000000992,0.9999999999997476
14851,148.5100000000099,0.9999999999997481
14852,148.5200000000099,0.9999999999997484
14853,148.5300000000099,0.9999999999997488
14854,148.54000000000988,0.9999999999997491
14855,148.55000000000987,0.9999999999997494
14856,148.56000000000986,0.9999999999997499
14857,148.57000000000986,0.9999999999997502
14858,148.58000000000985,0.9999999999997505
14859,148.59000000000984,0.9999999999997509
14860,148.60000000000983,0.9999999999997513
14861,148.61000000000982,0.9999999999997516
14862,148.6200000000098,0.999999999999752
14863,148.6300000000098,0.9999999999997523
14864,148.6400000000098,0.9999999999997526
14865,148.65000000000978,0.999999999999753
14866,148.66000000000977,0.9999999999997534
14867,148.67000000000976,0.9999999999997538
14868,148.68000000000976,0.9999999999997541
14869,148.69000000000975,0.9999999999997544
14870,148.70000000000974,0.9999999999997548
14871,148.71000000000973,0.9999999999997551
14872,148.72000000000972,0.9999999999997555
14873,148.7300000000097,0.9999999999997559
14874,148.7400000000097,0.9999999999997562
14875,148.7500000000097,0.9999999999997565
14876,148.76000000000968,0.9999999999997569
14877,148.77000000000967,0.9999999999997572
14878,148.78000000000966,0.9999999999997575
14879,148.79000000000966,0.9999999999997579
14880,148.80000000000965,0.9999999999997583
14881,148.81000000000964,0.9999999999997586
14882,148.82000000000963,0.999999999999759
14883,148.83000000000962,0.9999999999997593
14884,148.8400000000096,0.9999999999997596
14885,148.8500000000096,0.99999999999976
14886,148.8600000000096,0.9999999999997603
14887,148.87000000000958,0.9999999999997606
14888,148.88000000000957,0.999999999999761
14889,148.89000000000956,0.9999999999997613
14890,148.90000000000956,0.9999999999997616
14891,148.91000000000955,0.999999999999762
14892,148.92000000000954,0.9999999999997623
14893,148.93000000000953,0.9999999999997627
14894,148.94000000000952,0.9999999999997631
14895,148.9500000000095,0.9999999999997634
14896,148.9600000000095,0.9999999999997637
14897,148.9700000000095,0.9999999999997641
14898,148.98000000000948,0.9999999999997644
14899,148.99000000000947,0.9999999999997647
14900,149.00000000000946,0.9999999999997651
14901,149.01000000000946,0.9999999999997654
14902,149.02000000000945,0.9999999999997657
14903,149.03000000000944,0.9999999999997661
14904,149.04000000000943,0.9999999999997664
14905,149.05000000000942,0.9999999999997667
14906,149.0600000000094,0.9999999999997671
14907,149.0700000000094,0.9999999999997674
14908,149.0800000000094,0.9999999999997677
14909,149.09000000000938,0.9999999999997681
14910,149.10000000000937,0.9999999999997684
14911,149.11000000000936,0.9999999999997687
14912,149.12000000000936,0.9999999999997691
14913,149.13000000000935,0.9999999999997694
14914,149.14000000000934,0.9999999999997697
14915,149.15000000000933,0.9999999999997701
14916,149.16000000000932,0.9999999999997704
14917,149.1700000000093,0.9999999999997706
14918,149.1800000000093,0.999999999999771
14919,149.1900000000093,0.9999999999997713
14920,149.20000000000928,0.9999999999997716
14921,149.21000000000927,0.999999999999772
14922,149.22000000000926,0.9999999999997723
14923,149.23000000000926,0.9999999999997726
14924,149.24000000000925,0.999999999999773
14925,149.25000000000924,0.9999999999997733
14926,149.26000000000923,0.9999999999997736
14927,149.27000000000922,0.999999999999774
14928,149.2800000000092,0.9999999999997743
14929,149.2900000000092,0.9999999999997745
14930,149.3000000000092,0.9999999999997748
14931,149.31000000000918,0.9999999999997752
14932,149.32000000000917,0.9999999999997755
14933,149.33000000000916,0.9999999999997758
14934,149.34000000000916,0.9999999999997762
14935,149.35000000000915,0.9999999999997765
14936,149.36000000000914,0.9999999999997768
14937,149.37000000000913,0.9999999999997772
14938,149.38000000000912,0.9999999999997774
14939,149.3900000000091,0.9999999999997777
14940,149.4000000000091,0.9999999999997781
14941,149.4100000000091,0.9999999999997784
14942,149.42000000000908,0.9999999999997787
14943,149.43000000000907,0.9999999999997791
14944,149.44000000000906,0.9999999999997793
14945,149.45000000000906,0.9999999999997796
14946,149.46000000000905,0.99999999999978
14947,149.47000000000904,0.9999999999997803
14948,149.48000000000903,0.9999999999997806
14949,149.49000000000902,0.999999999999781
14950,149.500000000009,0.9999999999997812
14951,149.510000000009,0.9999999999997815
14952,149.520000000009,0.9999999999997818
14953,149.53000000000898,0.9999999999997822
14954,149.54000000000897,0.9999999999997825
14955,149.55000000000896,0.9999999999997827
14956,149.56000000000896,0.9999999999997831
14957,149.57000000000895,0.9999999999997834
14958,149.58000000000894,0.9999999999997837
14959,149.59000000000893,0.999999999999784
14960,149.60000000000892,0.9999999999997843
14961,149.6100000000089,0.9999999999997846
14962,149.6200000000089,0.999999999999785
14963,149.6300000000089,0.9999999999997853
14964,149.64000000000888,0.9999999999997855
14965,149.65000000000887,0.9999999999997858
14966,149.66000000000886,0.9999999999997862
14967,149.67000000000886,0.9999999999997865
14968,149.68000000000885,0.9999999999997867
14969,149.69000000000884,0.9999999999997871
14970,149.70000000000883,0.9999999999997874
14971,149.71000000000882,0.9999999999997876
14972,149.7200000000088,0.999999999999788
14973,149.7300000000088,0.9999999999997883
14974,149.7400000000088,0.9999999999997886
14975,149.75000000000878,0.9999999999997888
14976,149.76000000000877,0.9999999999997892
14977,149.77000000000876,0.9999999999997895
14978,149.78000000000876,0.9999999999997897
14979,149.79000000000875,0.9999999999997901
14980,149.80000000000874,0.9999999999997904
14981,149.81000000000873,0.9999999999997907
14982,149.82000000000872,0.999999999999791
14983,149.8300000000087,0.9999999999997913
14984,149.8400000000087,0.9999999999997916
14985,149.8500000000087,0.9999999999997918
14986,149.86000000000868,0.9999999999997922
14987,149.87000000000867,0.9999999999997925
14988,149.88000000000866,0.9999999999997927
14989,149.89000000000865,0.999999999999793
14990,149.90000000000865,0.9999999999997934
14991,149.91000000000864,0.9999999999997936
14992,149.92000000000863,0.9999999999997939
14993,149.93000000000862,0.9999999999997942
14994,149.9400000000086,0.9999999999997945
14995,149.9500000000086,0.9999999999997948
14996,149.9600000000086,0.999999999999795
14997,149.97000000000858,0.9999999999997954
14998,149.98000000000857,0.9999999999997957
14999,149.99000000000856,0.9999999999997959
15000,150.00000000000855,0.9999999999997963
15001,150.01000000000855,0.9999999999997965
15002,150.02000000000854,0.9999999999997968
15003,150.03000000000853,0.9999999999997972
15004,150.04000000000852,0.9999999999997974
15005,150.0500000000085,0.9999999999997977
15006,150.0600000000085,0.9999999999997979
15007,150.0700000000085,0.9999999999997983
15008,150.08000000000848,0.9999999999997986
15009,150.09000000000847,0.9999999999997988
15010,150.10000000000846,0.9999999999997992
15011,150.11000000000845,0.9999999999997994
15012,150.12000000000845,0.9999999999997997
15013,150.13000000000844,0.9999999999998
15014,150.14000000000843,0.9999999999998003
15015,150.15000000000842,0.9999999999998006
15016,150.1600000000084,0.9999999999998008
15017,150.1700000000084,0.9999999999998012
15018,150.1800000000084,0.9999999999998014
15019,150.19000000000838,0.9999999999998017
15020,150.20000000000837,0.9999999999998019
15021,150.21000000000836,0.9999999999998023
15022,150.22000000000835,0.9999999999998025
15023,150.23000000000835,0.9999999999998028
15024,150.24000000000834,0.9999999999998032
15025,150.25000000000833,0.9999999999998034
15026,150.26000000000832,0.9999999999998037
15027,150.2700000000083,0.9999999999998039
15028,150.2800000000083,0.9999999999998043
15029,150.2900000000083,0.9999999999998045
15030,150.30000000000828,0.9999999999998048
15031,150.31000000000827,0.999999999999805
15032,150.32000000000826,0.9999999999998054
15033,150.33000000000825,0.9999999999998056
15034,150.34000000000825,0.9999999999998059
15035,150.35000000000824,0.9999999999998062
15036,150.36000000000823,0.9999999999998065
15037,150.37000000000822,0.9999999999998067
15038,150.3800000000082,0.999999999999807
15039,150.3900000000082,0.9999999999998073
15040,150.4000000000082,0.9999999999998075
15041,150.41000000000818,0.9999999999998078
15042,150.42000000000817,0.999999999999808
15043,150.43000000000816,0.9999999999998084
15044,150.44000000000815,0.9999999999998086
15045,150.45000000000815,0.9999999999998089
15046,150.46000000000814,0.9999999999998092
15047,150.47000000000813,0.9999999999998095
15048,150.48000000000812,0.9999999999998097
15049,150.4900000000081,0.99999999999981
15050,150.5000000000081,0.9999999999998103
15051,150.5100000000081,0.9999999999998105
15052,150.52000000000808,0.9999999999998108
15053,150.53000000000807,0.999999999999811
15054,150.54000000000806,0.9999999999998114
15055,150.55000000000805,0.9999999999998116
15056,150.56000000000805,0.9999999999998119
15057,150.57000000000804,0.9999999999998122
15058,150.58000000000803,0.9999999999998124
15059,150.59000000000802,0.9999999999998127
15060,150.600000000008,0.9999999999998129
15061,150.610000000008,0.9999999999998133
15062,150.620000000008,0.9999999999998135
15063,150.63000000000798,0.9999999999998137
15064,150.64000000000797,0.999999999999814
15065,150.65000000000796,0.9999999999998143
15066,150.66000000000795,0.9999999999998145
15067,150.67000000000795,0.9999999999998148
15068,150.68000000000794,0.999999999999815
15069,150.69000000000793,0.9999999999998154
15070,150.70000000000792,0.9999999999998156
15071,150.7100000000079,0.9999999999998158
15072,150.7200000000079,0.9999999999998161
15073,150.7300000000079,0.9999999999998164
15074,150.74000000000788,0.9999999999998166
15075,150.75000000000787,0.9999999999998169
15076,150.76000000000786,0.9999999999998171
15077,150.77000000000785,0.9999999999998174
15078,150.78000000000785,0.9999999999998177
15079,150.79000000000784,0.9999999999998179
15080,150.80000000000783,0.9999999999998181
15081,150.81000000000782,0.9999999999998185
15082,150.8200000000078,0.9999999999998187
15083,150.8300000000078,0.9999999999998189
15084,150.8400000000078,0.9999999999998193
15085,150.85000000000778,0.9999999999998195
15086,150.86000000000777,0.9999999999998197
15087,150.87000000000776,0.99999999999982
15088,150.88000000000775,0.9999999999998203
15089,150.89000000000775,0.9999999999998205
15090,150.90000000000774,0.9999999999998208
15091,150.91000000000773,0.999999999999821
15092,150.92000000000772,0.9999999999998213
15093,150.9300000000077,0.9999999999998215
15094,150.9400000000077,0.9999999999998218
15095,150.9500000000077,0.999999999999822
15096,150.96000000000768,0.9999999999998223
15097,150.97000000000767,0.9999999999998226
15098,150.98000000000766,0.9999999999998228
15099,150.99000000000765,0.999999999999823
15100,151.00000000000765,0.9999999999998233
15101,151.01000000000764,0.9999999999998236
15102,151.02000000000763,0.9999999999998238
15103,151.03000000000762,0.999999999999824
15104,151.0400000000076,0.9999999999998243
15105,151.0500000000076,0.9999999999998246
15106,151.0600000000076,0.9999999999998248
15107,151.07000000000758,0.999999999999825
15108,151.08000000000757,0.9999999999998253
15109,151.09000000000756,0.9999999999998256
15110,151.10000000000755,0.9999999999998258
15111,151.11000000000755,0.999999999999826
15112,151.12000000000754,0.9999999999998263
15113,151.13000000000753,0.9999999999998266
15114,151.14000000000752,0.9999999999998268
15115,151.1500000000075,0.999999999999827
15116,151.1600000000075,0.9999999999998272
15117,151.1700000000075,0.9999999999998275
15118,151.18000000000748,0.9999999999998278
15119,151.19000000000747,0.999999999999828
15120,151.20000000000746,0.9999999999998282
15121,151.21000000000745,0.9999999999998285
15122,151.22000000000745,0.9999999999998287
15123,151.23000000000744,0.999999999999829
15124,151.24000000000743,0.9999999999998292
15125,151.25000000000742,0.9999999999998295
15126,151.2600000000074,0.9999999999998297
15127,151.2700000000074,0.9999999999998299
15128,151.2800000000074,0.9999999999998301
15129,151.29000000000738,0.9999999999998305
15130,151.30000000000737,0.9999999999998307
15131,151.31000000000736,0.9999999999998309
15132,151.32000000000735,0.9999999999998311
15133,151.33000000000735,0.9999999999998314
15134,151.34000000000734,0.9999999999998316
15135,151.35000000000733,0.9999999999998319
15136,151.36000000000732,0.9999999999998321
15137,151.3700000000073,0.9999999999998324
15138,151.3800000000073,0.9999999999998326
15139,151.3900000000073,0.9999999999998328
15140,151.40000000000728,0.999999999999833
15141,151.41000000000727,0.9999999999998332
15142,151.42000000000726,0.9999999999998336
15143,151.43000000000725,0.9999999999998338
15144,151.44000000000725,0.999999999999834
15145,151.45000000000724,0.9999999999998342
15146,151.46000000000723,0.9999999999998345
15147,151.47000000000722,0.9999999999998347
15148,151.4800000000072,0.9999999999998349
15149,151.4900000000072,0.9999999999998351
15150,151.5000000000072,0.9999999999998355
15151,151.51000000000718,0.9999999999998357
15152,151.52000000000717,0.9999999999998359
15153,151.53000000000716,0.9999999999998361
15154,151.54000000000715,0.9999999999998364
15155,151.55000000000715,0.9999999999998366
15156,151.56000000000714,0.9999999999998368
15157,151.57000000000713,0.999999999999837
15158,151.58000000000712,0.9999999999998372
15159,151.5900000000071,0.9999999999998375
15160,151.6000000000071,0.9999999999998378
15161,151.6100000000071,0.999999999999838
15162,151.62000000000708,0.9999999999998382
15163,151.63000000000707,0.9999999999998385
15164,151.64000000000706,0.9999999999998387
15165,151.65000000000705,0.9999999999998389
15166,151.66000000000705,0.9999999999998391
15167,151.67000000000704,0.9999999999998394
15168,151.68000000000703,0.9999999999998396
15169,151.69000000000702,0.9999999999998398
15170,151.700000000007,0.99999999999984
15171,151.710000000007,0.9999999999998402
15172,151.720000000007,0.9999999999998405
15173,151.73000000000698,0.9999999999998407
15174,151.74000000000697,0.9999999999998409
15175,151.75000000000696,0.9999999999998411
15176,151.76000000000695,0.9999999999998413
15177,151.77000000000695,0.9999999999998416
15178,151.78000000000694,0.9999999999998418
15179,151.79000000000693,0.999999999999842
15180,151.80000000000692,0.9999999999998422
15181,151.8100000000069,0.9999999999998425
15182,151.8200000000069,0.9999999999998427
15183,151.8300000000069,0.999999999999843
15184,151.84000000000688,0.9999999999998432
15185,151.85000000000687,0.9999999999998435
15186,151.86000000000686,0.9999999999998437
15187,151.87000000000685,0.9999999999998439
15188,151.88000000000685,0.9999999999998441
15189,151.89000000000684,0.9999999999998443
15190,151.90000000000683,0.9999999999998445
15191,151.91000000000682,0.9999999999998447
15192,151.9200000000068,0.9999999999998449
15193,151.9300000000068,0.9999999999998451
15194,151.9400000000068,0.9999999999998453
15195,151.95000000000678,0.9999999999998456
15196,151.96000000000677,0.9999999999998458
15197,151.97000000000676,0.999999999999846
15198,151.98000000000675,0.9999999999998462
15199,151.99000000000675,0.9999999999998465
15200,152.00000000000674,0.9999999999998467
15201,152.01000000000673,0.9999999999998469
15202,152.02000000000672,0.9999999999998471
15203,152.0300000000067,0.9999999999998473
15204,152.0400000000067,0.9999999999998476
15205,152.0500000000067,0.9999999999998478
15206,152.06000000000668,0.999999999999848
15207,152.07000000000667,0.9999999999998482
15208,152.08000000000666,0.9999999999998485
15209,152.09000000000665,0.9999999999998487
15210,152.10000000000664,0.9999999999998489
15211,152.11000000000664,0.9999999999998491
15212,152.12000000000663,0.9999999999998493
15213,152.13000000000662,0.9999999999998496
15214,152.1400000000066,0.9999999999998497
15215,152.1500000000066,0.9999999999998499
15216,152.1600000000066,0.9999999999998501
15217,152.17000000000658,0.9999999999998503
15218,152.18000000000657,0.9999999999998506
15219,152.19000000000656,0.9999999999998508
15220,152.20000000000655,0.999999999999851
15221,152.21000000000654,0.9999999999998512
15222,152.22000000000654,0.9999999999998515
15223,152.23000000000653,0.9999999999998517
15224,152.24000000000652,0.9999999999998519
15225,152.2500000000065,0.999999999999852
15226,152.2600000000065,0.9999999999998522
15227,152.2700000000065,0.9999999999998525
15228,152.28000000000648,0.9999999999998527
15229,152.29000000000647,0.9999999999998529
15230,152.30000000000646,0.9999999999998531
15231,152.31000000000645,0.9999999999998533
15232,152.32000000000644,0.9999999999998536
15233,152.33000000000644,0.9999999999998537
15234,152.34000000000643,0.9999999999998539
15235,152.35000000000642,0.9999999999998541
15236,152.3600000000064,0.9999999999998543
15237,152.3700000000064,0.9999999999998546
15238,152.3800000000064,0.9999999999998548
15239,152.39000000000638,0.999999999999855
15240,152.40000000000637,0.9999999999998552
15241,152.41000000000636,0.9999999999998553
15242,152.42000000000635,0.9999999999998556
15243,152.43000000000634,0.9999999999998558
15244,152.44000000000634,0.999999999999856
15245,152.45000000000633,0.9999999999998562
15246,152.46000000000632,0.9999999999998564
15247,152.4700000000063,0.9999999999998566
15248,152.4800000000063,0.9999999999998568
15249,152.4900000000063,0.999999999999857
15250,152.50000000000628,0.9999999999998572
15251,152.51000000000627,0.9999999999998574
15252,152.52000000000626,0.9999999999998577
15253,152.53000000000625,0.9999999999998578
15254,152.54000000000624,0.999999999999858
15255,152.55000000000624,0.9999999999998582
15256,152.56000000000623,0.9999999999998584
15257,152.57000000000622,0.9999999999998587
15258,152.5800000000062,0.9999999999998588
15259,152.5900000000062,0.999999999999859
15260,152.6000000000062,0.9999999999998592
15261,152.61000000000618,0.9999999999998594
15262,152.62000000000617,0.9999999999998597
15263,152.63000000000616,0.9999999999998598
15264,152.64000000000615,0.99999999999986
15265,152.65000000000614,0.9999999999998602
15266,152.66000000000614,0.9999999999998604
15267,152.67000000000613,0.9999999999998607
15268,152.68000000000612,0.9999999999998608
15269,152.6900000000061,0.999999999999861
15270,152.7000000000061,0.9999999999998612
15271,152.7100000000061,0.9999999999998614
15272,152.72000000000608,0.9999999999998616
15273,152.73000000000607,0.9999999999998618
15274,152.74000000000606,0.999999999999862
15275,152.75000000000605,0.9999999999998622
15276,152.76000000000604,0.9999999999998624
15277,152.77000000000604,0.9999999999998626
15278,152.78000000000603,0.9999999999998628
15279,152.79000000000602,0.999999999999863
15280,152.800000000006,0.9999999999998632
15281,152.810000000006,0.9999999999998633
15282,152.820000000006,0.9999999999998636
15283,152.83000000000598,0.9999999999998638
15284,152.84000000000597,0.9999999999998639
15285,152.85000000000596,0.9999999999998641
15286,152.86000000000595,0.9999999999998643
15287,152.87000000000594,0.9999999999998646
15288,152.88000000000594,0.9999999999998647
15289,152.89000000000593,0.9999999999998649
15290,152.90000000000592,0.9999999999998651
15291,152.9100000000059,0.9999999999998653
15292,152.9200000000059,0.9999999999998654
15293,152.9300000000059,0.9999999999998657
15294,152.94000000000588,0.9999999999998659
15295,152.95000000000587,0.999999999999866
15296,152.96000000000586,0.9999999999998662
15297,152.97000000000585,0.9999999999998664
15298,152.98000000000584,0.9999999999998667
15299,152.99000000000584,0.9999999999998668
15300,153.00000000000583,0.999999999999867
15301,153.01000000000582,0.9999999999998672
15302,153.0200000000058,0.9999999999998673
15303,153.0300000000058,0.9999999999998676
15304,153.0400000000058,0.9999999999998678
15305,153.05000000000578,0.9999999999998679
15306,153.06000000000577,0.9999999999998681
15307,153.07000000000576,0.9999999999998683
15308,153.08000000000575,0.9999999999998685
15309,153.09000000000574,0.9999999999998687
15310,153.10000000000574,0.9999999999998689
15311,153.11000000000573,0.9999999999998691
15312,153.12000000000572,0.9999999999998692
15313,153.1300000000057,0.9999999999998694
15314,153.1400000000057,0.9999999999998697
15315,153.1500000000057,0.9999999999998698
15316,153.16000000000568,0.99999999999987
15317,153.17000000000567,0.9999999999998702
15318,153.18000000000566,0.9999999999998703
15319,153.19000000000565,0.9999999999998705
15320,153.20000000000564,0.9999999999998708
15321,153.21000000000564,0.9999999999998709
15322,153.22000000000563,0.9999999999998711
15323,153.23000000000562,0.9999999999998712
15324,153.2400000000056,0.9999999999998714
15325,153.2500000000056,0.9999999999998717
15326,153.2600000000056,0.9999999999998718
15327,153.27000000000558,0.999999999999872
15328,153.28000000000557,0.9999999999998722
15329,153.29000000000556,0.9999999999998723
15330,153.30000000000555,0.9999999999998725
15331,153.31000000000554,0.9999999999998728
15332,153.32000000000554,0.9999999999998729
15333,153.33000000000553,0.9999999999998731
15334,153.34000000000552,0.9999999999998732
15335,153.3500000000055,0.9999999999998734
15336,153.3600000000055,0.9999999999998737
15337,153.3700000000055,0.9999999999998738
15338,153.38000000000548,0.999999999999874
15339,153.39000000000547,0.9999999999998741
15340,153.40000000000546,0.9999999999998743
15341,153.41000000000545,0.9999999999998745
15342,153.42000000000544,0.9999999999998747
15343,153.43000000000544,0.9999999999998749
15344,153.44000000000543,0.999999999999875
15345,153.45000000000542,0.9999999999998752
15346,153.4600000000054,0.9999999999998754
15347,153.4700000000054,0.9999999999998755
15348,153.4800000000054,0.9999999999998758
15349,153.49000000000538,0.9999999999998759
15350,153.50000000000537,0.9999999999998761
15351,153.51000000000536,0.9999999999998763
15352,153.52000000000535,0.9999999999998764
15353,153.53000000000534,0.9999999999998767
15354,153.54000000000534,0.9999999999998768
15355,153.55000000000533,0.999999999999877
15356,153.56000000000532,0.9999999999998771
15357,153.5700000000053,0.9999999999998773
15358,153.5800000000053,0.9999999999998775
15359,153.5900000000053,0.9999999999998777
15360,153.60000000000528,0.9999999999998779
15361,153.61000000000527,0.999999999999878
15362,153.62000000000526,0.9999999999998782
15363,153.63000000000525,0.9999999999998783
15364,153.64000000000524,0.9999999999998785
15365,153.65000000000524,0.9999999999998788
15366,153.66000000000523,0.9999999999998789
15367,153.67000000000522,0.9999999999998791
15368,153.6800000000052,0.9999999999998792
15369,153.6900000000052,0.9999999999998794
15370,153.7000000000052,0.9999999999998795
15371,153.71000000000518,0.9999999999998798
15372,153.72000000000517,0.9999999999998799
15373,153.73000000000516,0.9999999999998801
15374,153.74000000000515,0.9999999999998802
15375,153.75000000000514,0.9999999999998804
15376,153.76000000000514,0.9999999999998805
15377,153.77000000000513,0.9999999999998808
15378,153.78000000000512,0.9999999999998809
15379,153.7900000000051,0.9999999999998811
15380,153.8000000000051,0.9999999999998812
15381,153.8100000000051,0.9999999999998814
15382,153.82000000000508,0.9999999999998817
15383,153.83000000000507,0.9999999999998818
15384,153.84000000000506,0.999999999999882
15385,153.85000000000505,0.9999999999998821
15386,153.86000000000504,0.9999999999998823
15387,153.87000000000504,0.9999999999998824
15388,153.88000000000503,0.9999999999998826
15389,153.89000000000502,0.9999999999998828
15390,153.900000000005,0.999999999999883
15391,153.910000000005,0.9999999999998831
15392,153.920000000005,0.9999999999998833
15393,153.93000000000498,0.9999999999998834
15394,153.94000000000497,0.9999999999998836
15395,153.95000000000496,0.9999999999998838
15396,153.96000000000495,0.9999999999998839
15397,153.97000000000494,0.9999999999998841
15398,153.98000000000494,0.9999999999998842
15399,153.99000000000493,0.9999999999998844
15400,154.00000000000492,0.9999999999998845
15401,154.0100000000049,0.9999999999998848
15402,154.0200000000049,0.9999999999998849
15403,154.0300000000049,0.9999999999998851
15404,154.04000000000488,0.9999999999998852
15405,154.05000000000487,0.9999999999998854
15406,154.06000000000486,0.9999999999998855
15407,154.07000000000485,0.9999999999998858
15408,154.08000000000484,0.9999999999998859
15409,154.09000000000484,0.9999999999998861
15410,154.10000000000483,0.9999999999998862
15411,154.11000000000482,0.9999999999998863
15412,154.1200000000048,0.9999999999998865
15413,154.1300000000048,0.9999999999998866
15414,154.1400000000048,0.9999999999998869
15415,154.15000000000478,0.999999999999887
15416,154.16000000000477,0.9999999999998872
15417,154.17000000000476,0.9999999999998873
15418,154.18000000000475,0.9999999999998875
15419,154.19000000000474,0.9999999999998876
15420,154.20000000000474,0.9999999999998878
15421,154.21000000000473,0.999999999999888
15422,154.22000000000472,0.9999999999998881
15423,154.2300000000047,0.9999999999998883
15424,154.2400000000047,0.9999999999998884
15425,154.2500000000047,0.9999999999998886
15426,154.26000000000468,0.9999999999998888
15427,154.27000000000467,0.9999999999998889
15428,154.28000000000466,0.9999999999998891
15429,154.29000000000465,0.9999999999998892
15430,154.30000000000464,0.9999999999998894
15431,154.31000000000464,0.9999999999998895
15432,154.32000000000463,0.9999999999998896
15433,154.33000000000462,0.9999999999998899
15434,154.3400000000046,0.99999999999989
15435,154.3500000000046,0.9999999999998902
15436,154.3600000000046,0.9999999999998903
15437,154.37000000000458,0.9999999999998904
15438,154.38000000000457,0.9999999999998906
15439,154.39000000000456,0.9999999999998908
15440,154.40000000000455,0.999999999999891
15441,154.41000000000454,0.9999999999998911
15442,154.42000000000453,0.9999999999998912
15443,154.43000000000453,0.9999999999998914
15444,154.44000000000452,0.9999999999998915
15445,154.4500000000045,0.9999999999998918
15446,154.4600000000045,0.9999999999998919
15447,154.4700000000045,0.999999999999892
15448,154.48000000000448,0.9999999999998922
15449,154.49000000000447,0.9999999999998923
15450,154.50000000000446,0.9999999999998924
15451,154.51000000000445,0.9999999999998926
15452,154.52000000000444,0.9999999999998928
15453,154.53000000000443,0.999999999999893
15454,154.54000000000443,0.9999999999998931
15455,154.55000000000442,0.9999999999998932
15456,154.5600000000044,0.9999999999998934
15457,154.5700000000044,0.9999999999998935
15458,154.5800000000044,0.9999999999998936
15459,154.59000000000438,0.9999999999998939
15460,154.60000000000437,0.999999999999894
15461,154.61000000000436,0.9999999999998941
15462,154.62000000000435,0.9999999999998943
15463,154.63000000000434,0.9999999999998944
15464,154.64000000000433,0.9999999999998945
15465,154.65000000000433,0.9999999999998948
15466,154.66000000000432,0.9999999999998949
15467,154.6700000000043,0.9999999999998951
15468,154.6800000000043,0.9999999999998952
15469,154.6900000000043,0.9999999999998953
15470,154.70000000000428,0.9999999999998955
15471,154.71000000000427,0.9999999999998956
15472,154.72000000000426,0.9999999999998958
15473,154.73000000000425,0.999999999999896
15474,154.74000000000424,0.9999999999998961
15475,154.75000000000423,0.9999999999998962
15476,154.76000000000423,0.9999999999998963
15477,154.77000000000422,0.9999999999998965
15478,154.7800000000042,0.9999999999998966
15479,154.7900000000042,0.9999999999998967
15480,154.8000000000042,0.999999999999897
15481,154.81000000000418,0.9999999999998971
15482,154.82000000000417,0.9999999999998972
15483,154.83000000000416,0.9999999999998974
15484,154.84000000000415,0.9999999999998975
15485,154.85000000000414,0.9999999999998976
15486,154.86000000000413,0.9999999999998979
15487,154.87000000000413,0.999999999999898
15488,154.88000000000412,0.9999999999998981
15489,154.8900000000041,0.9999999999998982
15490,154.9000000000041,0.9999999999998984
15491,154.9100000000041,0.9999999999998985
15492,154.92000000000408,0.9999999999998986
15493,154.93000000000407,0.9999999999998989
15494,154.94000000000406,0.999999999999899
15495,154.95000000000405,0.9999999999998991
15496,154.96000000000404,0.9999999999998993
15497,154.97000000000403,0.9999999999998994
15498,154.98000000000403,0.9999999999998995
15499,154.99000000000402,0.9999999999998996
15500,155.000000000004,0.9999999999998999
15501,155.010000000004,0.9999999999999
15502,155.020000000004,0.9999999999999001
15503,155.03000000000398,0.9999999999999002
15504,155.04000000000397,0.9999999999999004
15505,155.05000000000396,0.9999999999999005
15506,155.06000000000395,0.9999999999999006
15507,155.07000000000394,0.9999999999999009
15508,155.08000000000393,0.999999999999901
15509,155.09000000000393,0.9999999999999011
15510,155.10000000000392,0.9999999999999012
15511,155.1100000000039,0.9999999999999014
15512,155.1200000000039,0.9999999999999015
15513,155.1300000000039,0.9999999999999016
15514,155.14000000000388,0.9999999999999017
15515,155.15000000000387,0.999999999999902
15516,155.16000000000386,0.9999999999999021
15517,155.17000000000385,0.9999999999999022
15518,155.18000000000384,0.9999999999999023
15519,155.19000000000383,0.9999999999999025
15520,155.20000000000383,0.9999999999999026
15521,155.21000000000382,0.9999999999999027
15522,155.2200000000038,0.9999999999999029
15523,155.2300000000038,0.9999999999999031
15524,155.2400000000038,0.9999999999999032
15525,155.25000000000378,0.9999999999999033
15526,155.26000000000377,0.9999999999999034
15527,155.27000000000376,0.9999999999999035
15528,155.28000000000375,0.9999999999999037
15529,155.29000000000374,0.9999999999999039
15530,155.30000000000373,0.999999999999904
15531,155.31000000000373,0.9999999999999041
15532,155.32000000000372,0.9999999999999043
15533,155.3300000000037,0.9999999999999044
15534,155.3400000000037,0.9999999999999045
15535,155.3500000000037,0.9999999999999046
15536,155.36000000000368,0.9999999999999047
15537,155.37000000000367,0.999999999999905
15538,155.38000000000366,0.9999999999999051
15539,155.39000000000365,0.9999999999999052
15540,155.40000000000364,0.9999999999999053
15541,155.41000000000363,0.9999999999999055
15542,155.42000000000363,0.9999999999999056
15543,155.43000000000362,0.9999999999999057
15544,155.4400000000036,0.9999999999999059
15545,155.4500000000036,0.999999999999906
15546,155.4600000000036,0.9999999999999062
15547,155.47000000000358,0.9999999999999063
15548,155.48000000000357,0.9999999999999064
15549,155.49000000000356,0.9999999999999065
15550,155.50000000000355,0.9999999999999066
15551,155.51000000000354,0.9999999999999067
15552,155.52000000000353,0.999999999999907
15553,155.53000000000353,0.9999999999999071
15554,155.54000000000352,0.9999999999999072
15555,155.5500000000035,0.9999999999999073
15556,155.5600000000035,0.9999999999999074
15557,155.5700000000035,0.9999999999999076
15558,155.58000000000348,0.9999999999999077
15559,155.59000000000347,0.9999999999999079
15560,155.60000000000346,0.999999999999908
15561,155.61000000000345,0.9999999999999081
15562,155.62000000000344,0.9999999999999082
15563,155.63000000000343,0.9999999999999084
15564,155.64000000000343,0.9999999999999085
15565,155.65000000000342,0.9999999999999086
15566,155.6600000000034,0.9999999999999087
15567,155.6700000000034,0.9999999999999089
15568,155.6800000000034,0.999999999999909
15569,155.69000000000338,0.9999999999999092
15570,155.70000000000337,0.9999999999999093
15571,155.71000000000336,0.9999999999999094
15572,155.72000000000335,0.9999999999999095
15573,155.73000000000334,0.9999999999999096
15574,155.74000000000333,0.9999999999999097
15575,155.75000000000333,0.9999999999999098
15576,155.76000000000332,0.9999999999999101
15577,155.7700000000033,0.9999999999999102
15578,155.7800000000033,0.9999999999999103
15579,155.7900000000033,0.9999999999999104
15580,155.80000000000328,0.9999999999999105
15581,155.81000000000327,0.9999999999999106
15582,155.82000000000326,0.9999999999999107
15583,155.83000000000325,0.999999999999911
15584,155.84000000000324,0.9999999999999111
15585,155.85000000000323,0.9999999999999112
15586,155.86000000000323,0.9999999999999113
15587,155.87000000000322,0.9999999999999114
15588,155.8800000000032,0.9999999999999115
15589,155.8900000000032,0.9999999999999116
15590,155.9000000000032,0.9999999999999118
15591,155.91000000000318,0.999999999999912
15592,155.92000000000317,0.9999999999999121
15593,155.93000000000316,0.9999999999999122
15594,155.94000000000315,0.9999999999999123
15595,155.95000000000314,0.9999999999999124
15596,155.96000000000313,0.9999999999999125
15597,155.97000000000313,0.9999999999999126
15598,155.98000000000312,0.9999999999999127
15599,155.9900000000031,0.999999999999913
15600,156.0000000000031,0.9999999999999131
15601,156.0100000000031,0.9999999999999132
15602,156.02000000000308,0.9999999999999133
15603,156.03000000000307,0.9999999999999134
15604,156.04000000000306,0.9999999999999135
15605,156.05000000000305,0.9999999999999136
15606,156.06000000000304,0.9999999999999137
15607,156.07000000000303,0.9999999999999138
15608,156.08000000000303,0.999999999999914
15609,156.09000000000302,0.9999999999999142
15610,156.100000000003,0.9999999999999143
15611,156.110000000003,0.9999999999999144
15612,156.120000000003,0.9999999999999145
15613,156.13000000000298,0.9999999999999146
15614,156.14000000000297,0.9999999999999147
15615,156.15000000000296,0.9999999999999148
15616,156.16000000000295,0.999999999999915
15617,156.17000000000294,0.9999999999999151
15618,156.18000000000293,0.9999999999999152
15619,156.19000000000293,0.9999999999999153
15620,156.20000000000292,0.9999999999999155
15621,156.2100000000029,0.9999999999999156
15622,156.2200000000029,0.9999999999999157
15623,156.2300000000029,0.9999999999999158
15624,156.24000000000288,0.999999999999916
15625,156.25000000000287,0.9999999999999161
15626,156.26000000000286,0.9999999999999162
15627,156.27000000000285,0.9999999999999163
15628,156.28000000000284,0.9999999999999164
15629,156.29000000000283,0.9999999999999165
15630,156.30000000000283,0.9999999999999166
15631,156.31000000000282,0.9999999999999167
15632,156.3200000000028,0.9999999999999168
15633,156.3300000000028,0.999999999999917
15634,156.3400000000028,0.9999999999999171
15635,156.35000000000278,0.9999999999999172
15636,156.36000000000277,0.9999999999999174
15637,156.37000000000276,0.9999999999999175
15638,156.38000000000275,0.9999999999999176
15639,156.39000000000274,0.9999999999999177
15640,156.40000000000273,0.9999999999999178
15641,156.41000000000273,0.999999999999918
15642,156.42000000000272,0.9999999999999181
15643,156.4300000000027,0.9999999999999182
15644,156.4400000000027,0.9999999999999183
15645,156.4500000000027,0.9999999999999184
15646,156.46000000000268,0.9999999999999185
15647,156.47000000000267,0.9999999999999186
15648,156.48000000000266,0.9999999999999187
15649,156.49000000000265,0.9999999999999188
15650,156.50000000000264,0.999999999999919
15651,156.51000000000263,0.9999999999999191
15652,156.52000000000263,0.9999999999999192
15653,156.53000000000262,0.9999999999999193
15654,156.5400000000026,0.9999999999999194
15655,156.5500000000026,0.9999999999999195
15656,156.5600000000026,0.9999999999999196
15657,156.57000000000258,0.9999999999999197
15658,156.58000000000257,0.9999999999999198
15659,156.59000000000256,0.99999999999992
15660,156.60000000000255,0.9999999999999201
15661,156.61000000000254,0.9999999999999202
15662,156.62000000000253,0.9999999999999203
15663,156.63000000000252,0.9999999999999204
15664,156.64000000000252,0.9999999999999205
15665,156.6500000000025,0.9999999999999206
15666,156.6600000000025,0.9999999999999207
15667,156.6700000000025,0.9999999999999208
15668,156.68000000000248,0.999999999999921
15669,156.69000000000247,0.9999999999999211
15670,156.70000000000246,0.9999999999999212
15671,156.71000000000245,0.9999999999999213
15672,156.72000000000244,0.9999999999999214
15673,156.73000000000243,0.9999999999999215
15674,156.74000000000242,0.9999999999999216
15675,156.75000000000242,0.9999999999999217
15676,156.7600000000024,0.9999999999999218
15677,156.7700000000024,0.999999999999922
15678,156.7800000000024,0.9999999999999221
15679,156.79000000000238,0.9999999999999222
15680,156.80000000000237,0.9999999999999223
15681,156.81000000000236,0.9999999999999224
15682,156.82000000000235,0.9999999999999225
15683,156.83000000000234,0.9999999999999226
15684,156.84000000000233,0.9999999999999227
15685,156.85000000000232,0.9999999999999228
15686,156.86000000000232,0.999999999999923
15687,156.8700000000023,0.9999999999999231
15688,156.8800000000023,0.9999999999999232
15689,156.8900000000023,0.9999999999999233
15690,156.90000000000228,0.9999999999999234
15691,156.91000000000227,0.9999999999999235
15692,156.92000000000226,0.9999999999999236
15693,156.93000000000225,0.9999999999999237
15694,156.94000000000224,0.9999999999999238
15695,156.95000000000223,0.999999999999924
15696,156.96000000000222,0.9999999999999241
15697,156.97000000000222,0.9999999999999242
15698,156.9800000000022,0.9999999999999243
15699,156.9900000000022,0.9999999999999244
15700,157.0000000000022,0.9999999999999245
15701,157.01000000000218,0.9999999999999246
15702,157.02000000000217,0.9999999999999247
15703,157.03000000000216,0.9999999999999248
15704,157.04000000000215,0.999999999999925
15705,157.05000000000214,0.9999999999999251
15706,157.06000000000213,0.9999999999999252
15707,157.07000000000212,0.9999999999999253
15708,157.08000000000212,0.9999999999999254
15709,157.0900000000021,0.9999999999999254
15710,157.1000000000021,0.9999999999999255
15711,157.1100000000021,0.9999999999999256
15712,157.12000000000208,0.9999999999999257
15713,157.13000000000207,0.9999999999999258
15714,157.14000000000206,0.999999999999926
15715,157.15000000000205,0.9999999999999261
15716,157.16000000000204,0.9999999999999262
15717,157.17000000000203,0.9999999999999263
15718,157.18000000000202,0.9999999999999264
15719,157.19000000000202,0.9999999999999265
15720,157.200000000002,0.9999999999999266
15721,157.210000000002,0.9999999999999267
15722,157.220000000002,0.9999999999999268
15723,157.23000000000198,0.999999999999927
15724,157.24000000000197,0.9999999999999271
15725,157.25000000000196,0.9999999999999271
15726,157.26000000000195,0.9999999999999272
15727,157.27000000000194,0.9999999999999273
15728,157.28000000000193,0.9999999999999274
15729,157.29000000000192,0.9999999999999275
15730,157.30000000000192,0.9999999999999276
15731,157.3100000000019,0.9999999999999277
15732,157.3200000000019,0.9999999999999278
15733,157.3300000000019,0.999999999999928
15734,157.34000000000188,0.9999999999999281
15735,157.35000000000187,0.9999999999999282
15736,157.36000000000186,0.9999999999999283
15737,157.37000000000185,0.9999999999999283
15738,157.38000000000184,0.9999999999999284
15739,157.39000000000183,0.9999999999999285
15740,157.40000000000182,0.9999999999999286
15741,157.41000000000182,0.9999999999999287
15742,157.4200000000018,0.9999999999999288
15743,157.4300000000018,0.999999999999929
15744,157.4400000000018,0.9999999999999291
15745,157.45000000000178,0.9999999999999292
15746,157.46000000000177,0.9999999999999293
15747,157.47000000000176,0.9999999999999294
15748,157.48000000000175,0.9999999999999294
15749,157.49000000000174,0.9999999999999295
15750,157.50000000000173,0.9999999999999296
15751,157.51000000000172,0.9999999999999297
15752,157.52000000000172,0.9999999999999298
15753,157.5300000000017,0.99999999999993
15754,157.5400000000017,0.9999999999999301
15755,157.5500000000017,0.9999999999999302
15756,157.56000000000168,0.9999999999999303
15757,157.57000000000167,0.9999999999999303
15758,157.58000000000166,0.9999999999999304
15759,157.59000000000165,0.9999999999999305
15760,157.60000000000164,0.9999999999999306
15761,157.61000000000163,0.9999999999999307
15762,157.62000000000162,0.9999999999999308
15763,157.63000000000162,0.9999999999999309
15764,157.6400000000016,0.999999999999931
15765,157.6500000000016,0.999999999999931
15766,157.6600000000016,0.9999999999999312
15767,157.67000000000158,0.9999999999999313
15768,157.68000000000157,0.9999999999999314
15769,157.69000000000156,0.9999999999999315
15770,157.70000000000155,0.9999999999999316
15771,157.71000000000154,0.9999999999999317
15772,157.72000000000153,0.9999999999999318
15773,157.73000000000152,0.9999999999999318
15774,157.74000000000152,0.9999999999999319
15775,157.7500000000015,0.999999999999932
15776,157.7600000000015,0.9999999999999322
15777,157.7700000000015,0.9999999999999323
15778,157.78000000000148,0.9999999999999324
15779,157.79000000000147,0.9999999999999325
15780,157.80000000000146,0.9999999999999325
15781,157.81000000000145,0.9999999999999326
15782,157.82000000000144,0.9999999999999327
15783,157.83000000000143,0.9999999999999328
15784,157.84000000000142,0.9999999999999329
15785,157.85000000000142,0.999999999999933
15786,157.8600000000014,0.9999999999999332
15787,157.8700000000014,0.9999999999999332
15788,157.8800000000014,0.9999999999999333
15789,157.89000000000138,0.9999999999999334
15790,157.90000000000137,0.9999999999999335
15791,157.91000000000136,0.9999999999999336
15792,157.92000000000135,0.9999999999999337
15793,157.93000000000134,0.9999999999999338
15794,157.94000000000133,0.9999999999999338
15795,157.95000000000132,0.9999999999999339
15796,157.96000000000132,0.999999999999934
15797,157.9700000000013,0.9999999999999342
15798,157.9800000000013,0.9999999999999343
15799,157.9900000000013,0.9999999999999344
15800,158.00000000000128,0.9999999999999344
15801,158.01000000000127,0.9999999999999345
15802,158.02000000000126,0.9999999999999346
15803,158.03000000000125,0.9999999999999347
15804,158.04000000000124,0.9999999999999348
15805,158.05000000000123,0.9999999999999349
15806,158.06000000000122,0.9999999999999349
15807,158.07000000000122,0.999999999999935
15808,158.0800000000012,0.9999999999999352
15809,158.0900000000012,0.9999999999999353
15810,158.1000000000012,0.9999999999999354
15811,158.11000000000118,0.9999999999999354
15812,158.12000000000117,0.9999999999999355
15813,158.13000000000116,0.9999999999999356
15814,158.14000000000115,0.9999999999999357
15815,158.15000000000114,0.9999999999999358
15816,158.16000000000113,0.9999999999999359
15817,158.17000000000112,0.9999999999999359
15818,158.18000000000112,0.999999999999936
15819,158.1900000000011,0.9999999999999362
15820,158.2000000000011,0.9999999999999363
15821,158.2100000000011,0.9999999999999364
15822,158.22000000000108,0.9999999999999364
15823,158.23000000000107,0.9999999999999365
15824,158.24000000000106,0.9999999999999366
15825,158.25000000000105,0.9999999999999367
15826,158.26000000000104,0.9999999999999368
15827,158.27000000000103,0.9999999999999368
15828,158.28000000000102,0.9999999999999369
15829,158.29000000000102,0.999999999999937
15830,158.300000000001,0.9999999999999372
15831,158.310000000001,0.9999999999999373
15832,158.320000000001,0.9999999999999373
15833,158.33000000000098,0.9999999999999374
15834,158.34000000000097,0.9999999999999375
15835,158.35000000000096,0.9999999999999376
15836,158.36000000000095,0.9999999999999377
15837,158.37000000000094,0.9999999999999377
15838,158.38000000000093,0.9999999999999378
15839,158.39000000000092,0.9999999999999379
15840,158.40000000000092,0.999999999999938
15841,158.4100000000009,0.9999999999999382
15842,158.4200000000009,0.9999999999999382
15843,158.4300000000009,0.9999999999999383
15844,158.44000000000088,0.9999999999999384
15845,158.45000000000087,0.9999999999999385
15846,158.46000000000086,0.9999999999999385
15847,158.47000000000085,0.9999999999999386
15848,158.48000000000084,0.9999999999999387
15849,158.49000000000083,0.9999999999999388
15850,158.50000000000082,0.9999999999999389
15851,158.51000000000082,0.9999999999999389
15852,158.5200000000008,0.999999999999939
15853,158.5300000000008,0.9999999999999392
15854,158.5400000000008,0.9999999999999393
15855,158.55000000000078,0.9999999999999393
15856,158.56000000000077,0.9999999999999394
15857,158.57000000000076,0.9999999999999395
15858,158.58000000000075,0.9999999999999396
15859,158.59000000000074,0.9999999999999397
15860,158.60000000000073,0.9999999999999397
15861,158.61000000000072,0.9999999999999398
15862,158.62000000000072,0.9999999999999399
15863,158.6300000000007,0.99999999999994
15864,158.6400000000007,0.99999999999994
15865,158.6500000000007,0.9999999999999402
15866,158.66000000000068,0.9999999999999403
15867,158.67000000000067,0.9999999999999404
15868,158.68000000000066,0.9999999999999404
15869,158.69000000000065,0.9999999999999405
15870,158.70000000000064,0.9999999999999406
15871,158.71000000000063,0.9999999999999407
15872,158.72000000000062,0.9999999999999407
15873,158.73000000000062,0.9999999999999408
15874,158.7400000000006,0.9999999999999409
15875,158.7500000000006,0.999999999999941
15876,158.7600000000006,0.999999999999941
15877,158.77000000000058,0.9999999999999412
15878,158.78000000000057,0.9999999999999413
15879,158.79000000000056,0.9999999999999414
15880,158.80000000000055,0.9999999999999414
15881,158.81000000000054,0.9999999999999415
15882,158.82000000000053,0.9999999999999416
15883,158.83000000000052,0.9999999999999417
15884,158.84000000000052,0.9999999999999417
15885,158.8500000000005,0.9999999999999418
15886,158.8600000000005,0.9999999999999419
15887,158.8700000000005,0.999999999999942
15888,158.88000000000048,0.999999999999942
15889,158.89000000000047,0.9999999999999422
15890,158.90000000000046,0.9999999999999423
15891,158.91000000000045,0.9999999999999423
15892,158.92000000000044,0.9999999999999424
15893,158.93000000000043,0.9999999999999425
15894,158.94000000000042,0.9999999999999426
15895,158.95000000000041,0.9999999999999426
15896,158.9600000000004,0.9999999999999427
15897,158.9700000000004,0.9999999999999428
15898,158.9800000000004,0.9999999999999429
15899,158.99000000000038,0.9999999999999429
15900,159.00000000000037,0.999999999999943
15901,159.01000000000036,0.9999999999999432
15902,159.02000000000035,0.9999999999999432
15903,159.03000000000034,0.9999999999999433
15904,159.04000000000033,0.9999999999999434
15905,159.05000000000032,0.9999999999999435
15906,159.06000000000031,0.9999999999999435
15907,159.0700000000003,0.9999999999999436
15908,159.0800000000003,0.9999999999999437
15909,159.0900000000003,0.9999999999999437
15910,159.10000000000028,0.9999999999999438
15911,159.11000000000027,0.9999999999999439
15912,159.12000000000026,0.999999999999944
15913,159.13000000000025,0.999999999999944
15914,159.14000000000024,0.9999999999999442
15915,159.15000000000023,0.9999999999999443
15916,159.16000000000022,0.9999999999999443
15917,159.17000000000021,0.9999999999999444
15918,159.1800000000002,0.9999999999999445
15919,159.1900000000002,0.9999999999999446
15920,159.2000000000002,0.9999999999999446
15921,159.21000000000018,0.9999999999999447
15922,159.22000000000017,0.9999999999999448
15923,159.23000000000016,0.9999999999999448
15924,159.24000000000015,0.9999999999999449
15925,159.25000000000014,0.999999999999945
15926,159.26000000000013,0.999999999999945
15927,159.27000000000012,0.9999999999999452
15928,159.28000000000011,0.9999999999999453
15929,159.2900000000001,0.9999999999999454
15930,159.3000000000001,0.9999999999999454
15931,159.3100000000001,0.9999999999999455
15932,159.32000000000008,0.9999999999999456
15933,159.33000000000007,0.9999999999999456
15934,159.34000000000006,0.9999999999999457
15935,159.35000000000005,0.9999999999999458
15936,159.36000000000004,0.9999999999999458
15937,159.37000000000003,0.9999999999999459
15938,159.38000000000002,0.999999999999946
15939,159.39000000000001,0.999999999999946
15940,159.4,0.9999999999999462
15941,159.41,0.9999999999999463
15942,159.42,0.9999999999999463
15943,159.42999999999998,0.9999999999999464
15944,159.43999999999997,0.9999999999999465
15945,159.44999999999996,0.9999999999999465
15946,159.45999999999995,0.9999999999999466
15947,159.46999999999994,0.9999999999999467
15948,159.47999999999993,0.9999999999999468
15949,159.48999999999992,0.9999999999999468
15950,159.49999999999991,0.9999999999999469
15951,159.5099999999999,0.999999999999947
15952,159.5199999999999,0.999999999999947
15953,159.5299999999999,0.9999999999999472
15954,159.53999999999988,0.9999999999999473
15955,159.54999999999987,0.9999999999999473
15956,159.55999999999986,0.9999999999999474
15957,159.56999999999985,0.9999999999999475
15958,159.57999999999984,0.9999999999999475
15959,159.58999999999983,0.9999999999999476
15960,159.59999999999982,0.9999999999999477
15961,159.60999999999981,0.9999999999999477
15962,159.6199999999998,0.9999999999999478
15963,159.6299999999998,0.9999999999999479
15964,159.6399999999998,0.9999999999999479
15965,159.64999999999978,0.999999999999948
15966,159.65999999999977,0.9999999999999482
15967,159.66999999999976,0.9999999999999482
15968,159.67999999999975,0.9999999999999483
15969,159.68999999999974,0.9999999999999483
15970,159.69999999999973,0.9999999999999484
15971,159.70999999999972,0.9999999999999485
15972,159.71999999999971,0.9999999999999485
15973,159.7299999999997,0.9999999999999486
15974,159.7399999999997,0.9999999999999487
15975,159.7499999999997,0.9999999999999487
15976,159.75999999999968,0.9999999999999488
15977,159.76999999999967,0.9999999999999489
15978,159.77999999999966,0.9999999999999489
15979,159.78999999999965,0.999999999999949
15980,159.79999999999964,0.9999999999999492
15981,159.80999999999963,0.9999999999999492
15982,159.81999999999962,0.9999999999999493
15983,159.82999999999961,0.9999999999999494
15984,159.8399999999996,0.9999999999999494
15985,159.8499999999996,0.9999999999999495
15986,159.8599999999996,0.9999999999999495
15987,159.86999999999958,0.9999999999999496
15988,159.87999999999957,0.9999999999999497
15989,159.88999999999956,0.9999999999999497
15990,159.89999999999955,0.9999999999999498
15991,159.90999999999954,0.9999999999999499
15992,159.91999999999953,0.9999999999999499
15993,159.92999999999952,0.99999999999995
15994,159.93999999999951,0.9999999999999502
15995,159.9499999999995,0.9999999999999502
15996,159.9599999999995,0.9999999999999503
15997,159.9699999999995,0.9999999999999503
15998,159.97999999999948,0.9999999999999504
15999,159.98999999999947,0.9999999999999505
16000,159.99999999999946,0.9999999999999505
16001,160.00999999999945,0.9999999999999506
16002,160.01999999999944,0.9999999999999507
16003,160.02999999999943,0.9999999999999507
16004,160.03999999999942,0.9999999999999508
16005,160.04999999999941,0.9999999999999508
16006,160.0599999999994,0.9999999999999509
16007,160.0699999999994,0.999999999999951
16008,160.0799999999994,0.999999999999951
16009,160.08999999999938,0.9999999999999512
16010,160.09999999999937,0.9999999999999513
16011,160.10999999999936,0.9999999999999513
16012,160.11999999999935,0.9999999999999514
16013,160.12999999999934,0.9999999999999514
16014,160.13999999999933,0.9999999999999515
16015,160.14999999999932,0.9999999999999516
16016,160.15999999999931,0.9999999999999516
16017,160.1699999999993,0.9999999999999517
16018,160.1799999999993,0.9999999999999518
16019,160.1899999999993,0.9999999999999518
16020,160.19999999999928,0.9999999999999519
16021,160.20999999999927,0.9999999999999519
16022,160.21999999999926,0.999999999999952
16023,160.22999999999925,0.9999999999999521
16024,160.23999999999924,0.9999999999999521
16025,160.24999999999923,0.9999999999999523
16026,160.25999999999922,0.9999999999999523
16027,160.26999999999921,0.9999999999999524
16028,160.2799999999992,0.9999999999999525
16029,160.2899999999992,0.9999999999999525
16030,160.2999999999992,0.9999999999999526
16031,160.30999999999918,0.9999999999999526
16032,160.31999999999917,0.9999999999999527
16033,160.32999999999916,0.9999999999999528
16034,160.33999999999915,0.9999999999999528
16035,160.34999999999914,0.9999999999999529
16036,160.35999999999913,0.9999999999999529
16037,160.36999999999912,0.999999999999953
16038,160.37999999999911,0.9999999999999531
16039,160.3899999999991,0.9999999999999531
16040,160.3999999999991,0.9999999999999533
16041,160.4099999999991,0.9999999999999533
16042,160.41999999999908,0.9999999999999534
16043,160.42999999999907,0.9999999999999535
16044,160.43999999999906,0.9999999999999535
16045,160.44999999999905,0.9999999999999536
16046,160.45999999999904,0.9999999999999536
16047,160.46999999999903,0.9999999999999537
16048,160.47999999999902,0.9999999999999537
16049,160.48999999999901,0.9999999999999538
16050,160.499999999999,0.9999999999999539
16051,160.509999999999,0.9999999999999539
16052,160.519999999999,0.999999999999954
16053,160.52999999999898,0.999999999999954
16054,160.53999999999897,0.9999999999999541
16055,160.54999999999896,0.9999999999999543
16056,160.55999999999895,0.9999999999999543
16057,160.56999999999894,0.9999999999999544
16058,160.57999999999893,0.9999999999999544
16059,160.58999999999892,0.9999999999999545
16060,160.59999999999891,0.9999999999999545
16061,160.6099999999989,0.9999999999999546
16062,160.6199999999989,0.9999999999999547
16063,160.6299999999989,0.9999999999999547
16064,160.63999999999888,0.9999999999999548
16065,160.64999999999887,0.9999999999999548
16066,160.65999999999886,0.9999999999999549
16067,160.66999999999885,0.9999999999999549
16068,160.67999999999884,0.999999999999955
16069,160.68999999999883,0.9999999999999551
16070,160.69999999999882,0.9999999999999551
16071,160.70999999999881,0.9999999999999553
16072,160.7199999999988,0.9999999999999553
16073,160.7299999999988,0.9999999999999554
16074,160.7399999999988,0.9999999999999554
16075,160.74999999999878,0.9999999999999555
16076,160.75999999999877,0.9999999999999556
16077,160.76999999999876,0.9999999999999556
16078,160.77999999999875,0.9999999999999557
16079,160.78999999999874,0.9999999999999557
16080,160.79999999999873,0.9999999999999558
16081,160.80999999999872,0.9999999999999558
16082,160.8199999999987,0.9999999999999559
16083,160.8299999999987,0.9999999999999559
16084,160.8399999999987,0.999999999999956
16085,160.8499999999987,0.9999999999999561
16086,160.85999999999868,0.9999999999999561
16087,160.86999999999867,0.9999999999999563
16088,160.87999999999866,0.9999999999999563
16089,160.88999999999865,0.9999999999999564
16090,160.89999999999864,0.9999999999999564
16091,160.90999999999863,0.9999999999999565
16092,160.91999999999862,0.9999999999999565
16093,160.9299999999986,0.9999999999999566
16094,160.9399999999986,0.9999999999999567
16095,160.9499999999986,0.9999999999999567
16096,160.9599999999986,0.9999999999999568
16097,160.96999999999858,0.9999999999999568
16098,160.97999999999857,0.9999999999999569
16099,160.98999999999856,0.9999999999999569
16100,160.99999999999855,0.999999999999957
16101,161.00999999999854,0.999999999999957
16102,161.01999999999853,0.9999999999999571
16103,161.02999999999852,0.9999999999999571
16104,161.0399999999985,0.9999999999999573
16105,161.0499999999985,0.9999999999999574
16106,161.0599999999985,0.9999999999999574
16107,161.0699999999985,0.9999999999999575
16108,161.07999999999848,0.9999999999999575
16109,161.08999999999847,0.9999999999999576
16110,161.09999999999846,0.9999999999999576
16111,161.10999999999845,0.9999999999999577
16112,161.11999999999844,0.9999999999999577
16113,161.12999999999843,0.9999999999999578
16114,161.13999999999842,0.9999999999999578
16115,161.1499999999984,0.9999999999999579
16116,161.1599999999984,0.9999999999999579
16117,161.1699999999984,0.999999999999958
16118,161.1799999999984,0.999999999999958
16119,161.18999999999838,0.9999999999999581
16120,161.19999999999837,0.9999999999999583
16121,161.20999999999836,0.9999999999999583
16122,161.21999999999835,0.9999999999999584
16123,161.22999999999834,0.9999999999999584
16124,161.23999999999833,0.9999999999999585
16125,161.24999999999832,0.9999999999999585
16126,161.2599999999983,0.9999999999999586
16127,161.2699999999983,0.9999999999999586
16128,161.2799999999983,0.9999999999999587
16129,161.2899999999983,0.9999999999999587
16130,161.29999999999828,0.9999999999999588
16131,161.30999999999827,0.9999999999999588
16132,161.31999999999826,0.9999999999999589
16133,161.32999999999825,0.9999999999999589
16134,161.33999999999824,0.999999999999959
16135,161.34999999999823,0.999999999999959
16136,161.35999999999822,0.9999999999999591
16137,161.3699999999982,0.9999999999999591
16138,161.3799999999982,0.9999999999999593
16139,161.3899999999982,0.9999999999999593
16140,161.3999999999982,0.9999999999999594
16141,161.40999999999818,0.9999999999999594
16142,161.41999999999817,0.9999999999999595
16143,161.42999999999816,0.9999999999999596
16144,161.43999999999815,0.9999999999999596
16145,161.44999999999814,0.9999999999999597
16146,161.45999999999813,0.9999999999999597
16147,161.46999999999812,0.9999999999999598
16148,161.4799999999981,0.9999999999999598
16149,161.4899999999981,0.9999999999999599
16150,161.4999999999981,0.9999999999999599
16151,161.5099999999981,0.99999999999996
16152,161.51999999999808,0.99999999999996
16153,161.52999999999807,0.9999999999999601
16154,161.53999999999806,0.9999999999999601
16155,161.54999999999805,0.9999999999999603
16156,161.55999999999804,0.9999999999999603
16157,161.56999999999803,0.9999999999999604
16158,161.57999999999802,0.9999999999999604
16159,161.589999999998,0.9999999999999605
16160,161.599999999998,0.9999999999999605
16161,161.609999999998,0.9999999999999606
16162,161.619999999998,0.9999999999999606
16163,161.62999999999798,0.9999999999999607
16164,161.63999999999797,0.9999999999999607
16165,161.64999999999796,0.9999999999999608
16166,161.65999999999795,0.9999999999999608
16167,161.66999999999794,0.9999999999999609
16168,161.67999999999793,0.9999999999999609
16169,161.68999999999792,0.999999999999961
16170,161.6999999999979,0.999999999999961
16171,161.7099999999979,0.9999999999999611
16172,161.7199999999979,0.9999999999999611
16173,161.7299999999979,0.9999999999999613
16174,161.73999999999788,0.9999999999999613
16175,161.74999999999787,0.9999999999999614
16176,161.75999999999786,0.9999999999999614
16177,161.76999999999785,0.9999999999999614
16178,161.77999999999784,0.9999999999999615
16179,161.78999999999783,0.9999999999999615
16180,161.79999999999782,0.9999999999999616
16181,161.8099999999978,0.9999999999999616
16182,161.8199999999978,0.9999999999999617
16183,161.8299999999978,0.9999999999999617
16184,161.8399999999978,0.9999999999999618
16185,161.84999999999778,0.9999999999999618
16186,161.85999999999777,0.9999999999999619
16187,161.86999999999776,0.9999999999999619
16188,161.87999999999775,0.999999999999962
16189,161.88999999999774,0.999999999999962
16190,161.89999999999773,0.9999999999999621
16191,161.90999999999772,0.9999999999999621
16192,161.9199999999977,0.9999999999999623
16193,161.9299999999977,0.9999999999999623
16194,161.9399999999977,0.9999999999999624
16195,161.9499999999977,0.9999999999999624
16196,161.95999999999768,0.9999999999999625
16197,161.96999999999767,0.9999999999999625
16198,161.97999999999766,0.9999999999999626
16199,161.98999999999765,0.9999999999999626
16200,161.99999999999764,0.9999999999999627
16201,162.00999999999763,0.9999999999999627
16202,162.01999999999762,0.9999999999999627
16203,162.0299999999976,0.9999999999999628
16204,162.0399999999976,0.9999999999999628
16205,162.0499999999976,0.9999999999999629
16206,162.0599999999976,0.9999999999999629
16207,162.06999999999758,0.999999999999963
16208,162.07999999999757,0.999999999999963
16209,162.08999999999756,0.9999999999999631
16210,162.09999999999755,0.9999999999999631
16211,162.10999999999754,0.9999999999999633
16212,162.11999999999753,0.9999999999999633
16213,162.12999999999752,0.9999999999999634
16214,162.1399999999975,0.9999999999999634
16215,162.1499999999975,0.9999999999999635
16216,162.1599999999975,0.9999999999999635
16217,162.1699999999975,0.9999999999999635
16218,162.17999999999748,0.9999999999999636
16219,162.18999999999747,0.9999999999999636
16220,162.19999999999746,0.9999999999999637
16221,162.20999999999745,0.9999999999999637
16222,162.21999999999744,0.9999999999999638
16223,162.22999999999743,0.9999999999999638
16224,162.23999999999742,0.9999999999999639
16225,162.2499999999974,0.9999999999999639
16226,162.2599999999974,0.999999999999964
16227,162.2699999999974,0.999999999999964
16228,162.2799999999974,0.999999999999964
16229,162.28999999999738,0.9999999999999641
16230,162.29999999999737,0.9999999999999641
16231,162.30999999999736,0.9999999999999643
16232,162.31999999999735,0.9999999999999643
16233,162.32999999999734,0.9999999999999644
16234,162.33999999999733,0.9999999999999644
16235,162.34999999999732,0.9999999999999645
16236,162.3599999999973,0.9999999999999645
16237,162.3699999999973,0.9999999999999646
16238,162.3799999999973,0.9999999999999646
16239,162.3899999999973,0.9999999999999646
16240,162.39999999999728,0.9999999999999647
16241,162.40999999999727,0.9999999999999647
16242,162.41999999999726,0.9999999999999648
16243,162.42999999999725,0.9999999999999648
16244,162.43999999999724,0.9999999999999649
16245,162.44999999999723,0.9999999999999649
16246,162.45999999999722,0.999999999999965
16247,162.4699999999972,0.999999999999965
16248,162.4799999999972,0.999999999999965
16249,162.4899999999972,0.9999999999999651
16250,162.4999999999972,0.9999999999999651
16251,162.50999999999718,0.9999999999999653
16252,162.51999999999717,0.9999999999999653
16253,162.52999999999716,0.9999999999999654
16254,162.53999999999715,0.9999999999999654
16255,162.54999999999714,0.9999999999999655
16256,162.55999999999713,0.9999999999999655
16257,162.56999999999712,0.9999999999999655
16258,162.5799999999971,0.9999999999999656
16259,162.5899999999971,0.9999999999999656
16260,162.5999999999971,0.9999999999999657
16261,162.6099999999971,0.9999999999999657
16262,162.61999999999708,0.9999999999999658
16263,162.62999999999707,0.9999999999999658
16264,162.63999999999706,0.9999999999999658
16265,162.64999999999705,0.9999999999999659
16266,162.65999999999704,0.9999999999999659
16267,162.66999999999703,0.999999999999966
16268,162.67999999999702,0.999999999999966
16269,162.689999999997,0.9999999999999661
16270,162.699999999997,0.9999999999999661
16271,162.709999999997,0.9999999999999661
16272,162.719999999997,0.9999999999999662
16273,162.72999999999698,0.9999999999999662
16274,162.73999999999697,0.9999999999999664
16275,162.74999999999696,0.9999999999999664
16276,162.75999999999695,0.9999999999999665
16277,162.76999999999694,0.9999999999999665
16278,162.77999999999693,0.9999999999999665
16279,162.78999999999692,0.9999999999999666
16280,162.7999999999969,0.9999999999999666
16281,162.8099999999969,0.9999999999999667
16282,162.8199999999969,0.9999999999999667
16283,162.8299999999969,0.9999999999999668
16284,162.83999999999688,0.9999999999999668
16285,162.84999999999687,0.9999999999999668
16286,162.85999999999686,0.9999999999999669
16287,162.86999999999685,0.9999999999999669
16288,162.87999999999684,0.999999999999967
16289,162.88999999999683,0.999999999999967
16290,162.89999999999682,0.999999999999967
16291,162.9099999999968,0.9999999999999671
16292,162.9199999999968,0.9999999999999671
16293,162.9299999999968,0.9999999999999672
16294,162.9399999999968,0.9999999999999672
16295,162.94999999999678,0.9999999999999674
16296,162.95999999999677,0.9999999999999674
16297,162.96999999999676,0.9999999999999674
16298,162.97999999999675,0.9999999999999675
16299,162.98999999999674,0.9999999999999675
16300,162.99999999999673,0.9999999999999676
16301,163.00999999999672,0.9999999999999676
16302,163.0199999999967,0.9999999999999676
16303,163.0299999999967,0.9999999999999677
16304,163.0399999999967,0.9999999999999677
16305,163.0499999999967,0.9999999999999678
16306,163.05999999999668,0.9999999999999678
16307,163.06999999999667,0.9999999999999678
16308,163.07999999999666,0.9999999999999679
16309,163.08999999999665,0.9999999999999679
16310,163.09999999999664,0.999999999999968
16311,163.10999999999663,0.999999999999968
16312,163.11999999999662,0.999999999999968
16313,163.1299999999966,0.9999999999999681
16314,163.1399999999966,0.9999999999999681
16315,163.1499999999966,0.9999999999999682
16316,163.1599999999966,0.9999999999999682
16317,163.16999999999658,0.9999999999999682
16318,163.17999999999657,0.9999999999999684
16319,163.18999999999656,0.9999999999999684
16320,163.19999999999655,0.9999999999999685
16321,163.20999999999654,0.9999999999999685
16322,163.21999999999653,0.9999999999999685
16323,163.22999999999652,0.9999999999999686
16324,163.2399999999965,0.9999999999999686
16325,163.2499999999965,0.9999999999999687
16326,163.2599999999965,0.9999999999999687
16327,163.2699999999965,0.9999999999999687
16328,163.27999999999648,0.9999999999999688
16329,163.28999999999647,0.9999999999999688
16330,163.29999999999646,0.9999999999999689
16331,163.30999999999645,0.9999999999999689
16332,163.31999999999644,0.9999999999999689
16333,163.32999999999643,0.999999999999969
16334,163.33999999999642,0.999999999999969
16335,163.3499999999964,0.9999999999999691
16336,163.3599999999964,0.9999999999999691
16337,163.3699999999964,0.9999999999999691
16338,163.3799999999964,0.9999999999999692
16339,163.38999999999638,0.9999999999999692
16340,163.39999999999637,0.9999999999999694
16341,163.40999999999636,0.9999999999999694
16342,163.41999999999635,0.9999999999999694
16343,163.42999999999634,0.9999999999999695
16344,163.43999999999633,0.9999999999999695
16345,163.44999999999632,0.9999999999999695
16346,163.4599999999963,0.9999999999999696
16347,163.4699999999963,0.9999999999999696
16348,163.4799999999963,0.9999999999999697
16349,163.4899999999963,0.9999999999999697
16350,163.49999999999628,0.9999999999999697
16351,163.50999999999627,0.9999999999999698
16352,163.51999999999626,0.9999999999999698
16353,163.52999999999625,0.9999999999999698
16354,163.53999999999624,0.9999999999999699
16355,163.54999999999623,0.9999999999999699
16356,163.55999999999622,0.99999999999997
16357,163.5699999999962,0.99999999999997
16358,163.5799999999962,0.99999999999997
16359,163.5899999999962,0.9999999999999701
16360,163.5999999999962,0.9999999999999701
16361,163.60999999999618,0.9999999999999702
16362,163.61999999999617,0.9999999999999702
16363,163.62999999999616,0.9999999999999702
16364,163.63999999999615,0.9999999999999704
16365,163.64999999999614,0.9999999999999704
16366,163.65999999999613,0.9999999999999704
16367,163.66999999999612,0.9999999999999705
16368,163.6799999999961,0.9999999999999705
16369,163.6899999999961,0.9999999999999706
16370,163.6999999999961,0.9999999999999706
16371,163.70999999999609,0.9999999999999706
16372,163.71999999999608,0.9999999999999707
16373,163.72999999999607,0.9999999999999707
16374,163.73999999999606,0.9999999999999707
16375,163.74999999999605,0.9999999999999708
16376,163.75999999999604,0.9999999999999708
16377,163.76999999999603,0.9999999999999708
16378,163.77999999999602,0.9999999999999709
16379,163.789999999996,0.9999999999999709
16380,163.799999999996,0.999999999999971
16381,163.809999999996,0.999999999999971
16382,163.81999999999599,0.999999999999971
16383,163.82999999999598,0.9999999999999711
16384,163.83999999999597,0.9999999999999711
16385,163.84999999999596,0.9999999999999711
16386,163.85999999999595,0.9999999999999712
16387,163.86999999999594,0.9999999999999712
16388,163.87999999999593,0.9999999999999712
16389,163.88999999999592,0.9999999999999714
16390,163.8999999999959,0.9999999999999714
16391,163.9099999999959,0.9999999999999715
16392,163.9199999999959,0.9999999999999715
16393,163.92999999999589,0.9999999999999715
16394,163.93999999999588,0.9999999999999716
16395,163.94999999999587,0.9999999999999716
16396,163.95999999999586,0.9999999999999716
16397,163.96999999999585,0.9999999999999717
16398,163.97999999999584,0.9999999999999717
16399,163.98999999999583,0.9999999999999717
16400,163.99999999999582,0.9999999999999718
16401,164.0099999999958,0.9999999999999718
16402,164.0199999999958,0.9999999999999719
16403,164.0299999999958,0.9999999999999719
16404,164.03999999999579,0.9999999999999719
16405,164.04999999999578,0.999999999999972
16406,164.05999999999577,0.999999999999972
16407,164.06999999999576,0.999999999999972
16408,164.07999999999575,0.9999999999999721
16409,164.08999999999574,0.9999999999999721
16410,164.09999999999573,0.9999999999999721
16411,164.10999999999572,0.9999999999999722
16412,164.1199999999957,0.9999999999999722
16413,164.1299999999957,0.9999999999999722
16414,164.1399999999957,0.9999999999999724
16415,164.14999999999569,0.9999999999999724
16416,164.15999999999568,0.9999999999999724
16417,164.16999999999567,0.9999999999999725
16418,164.17999999999566,0.9999999999999725
16419,164.18999999999565,0.9999999999999725
16420,164.19999999999564,0.9999999999999726
16421,164.20999999999563,0.9999999999999726
16422,164.21999999999562,0.9999999999999727
16423,164.2299999999956,0.9999999999999727
16424,164.2399999999956,0.9999999999999727
16425,164.2499999999956,0.9999999999999728
16426,164.25999999999559,0.9999999999999728
16427,164.26999999999558,0.9999999999999728
16428,164.27999999999557,0.9999999999999729
16429,164.28999999999556,0.9999999999999729
16430,164.29999999999555,0.9999999999999729
16431,164.30999999999554,0.999999999999973
16432,164.31999999999553,0.999999999999973
16433,164.32999999999552,0.999999999999973
16434,164.3399999999955,0.9999999999999731
16435,164.3499999999955,0.9999999999999731
16436,164.3599999999955,0.9999999999999731
16437,164.36999999999549,0.9999999999999732
16438,164.37999999999548,0.9999999999999732
16439,164.38999999999547,0.9999999999999732
16440,164.39999999999546,0.9999999999999734
16441,164.40999999999545,0.9999999999999734
16442,164.41999999999544,0.9999999999999734
16443,164.42999999999543,0.9999999999999735
16444,164.43999999999542,0.9999999999999735
16445,164.4499999999954,0.9999999999999735
16446,164.4599999999954,0.9999999999999736
16447,164.4699999999954,0.9999999999999736
16448,164.47999999999539,0.9999999999999736
16449,164.48999999999538,0.9999999999999737
16450,164.49999999999537,0.9999999999999737
16451,164.50999999999536,0.9999999999999737
16452,164.51999999999535,0.9999999999999738
16453,164.52999999999534,0.9999999999999738
16454,164.53999999999533,0.9999999999999738
16455,164.54999999999532,0.9999999999999739
16456,164.5599999999953,0.9999999999999739
16457,164.5699999999953,0.9999999999999739
16458,164.5799999999953,0.999999999999974
16459,164.58999999999529,0.999999999999974
16460,164.59999999999528,0.999999999999974
16461,164.60999999999527,0.9999999999999741
16462,164.61999999999526,0.9999999999999741
16463,164.62999999999525,0.9999999999999741
16464,164.63999999999524,0.9999999999999742
16465,164.64999999999523,0.9999999999999742
16466,164.65999999999522,0.9999999999999742
16467,164.6699999999952,0.9999999999999744
16468,164.6799999999952,0.9999999999999744
16469,164.6899999999952,0.9999999999999744
16470,164.69999999999519,0.9999999999999745
16471,164.70999999999518,0.9999999999999745
16472,164.71999999999517,0.9999999999999745
16473,164.72999999999516,0.9999999999999745
16474,164.73999999999515,0.9999999999999746
16475,164.74999999999514,0.9999999999999746
16476,164.75999999999513,0.9999999999999746
16477,164.76999999999512,0.9999999999999747
16478,164.7799999999951,0.9999999999999747
16479,164.7899999999951,0.9999999999999747
16480,164.7999999999951,0.9999999999999748
16481,164.80999999999509,0.9999999999999748
16482,164.81999999999508,0.9999999999999748
16483,164.82999999999507,0.9999999999999749
16484,164.83999999999506,0.9999999999999749
16485,164.84999999999505,0.9999999999999749
16486,164.85999999999504,0.999999999999975
16487,164.86999999999503,0.999999999999975
16488,164.87999999999502,0.999999999999975
16489,164.889999999995,0.9999999999999751
16490,164.899999999995,0.9999999999999751
16491,164.909999999995,0.9999999999999751
16492,164.91999999999499,0.9999999999999752
16493,164.92999999999498,0.9999999999999752
16494,164.93999999999497,0.9999999999999752
16495,164.94999999999496,0.9999999999999752
16496,164.95999999999495,0.9999999999999754
16497,164.96999999999494,0.9999999999999754
16498,164.97999999999493,0.9999999999999754
16499,164.98999999999492,0.9999999999999755
16500,164.9999999999949,0.9999999999999755
16501,165.0099999999949,0.9999999999999755
16502,165.0199999999949,0.9999999999999756
16503,165.02999999999489,0.9999999999999756
16504,165.03999999999488,0.9999999999999756
16505,165.04999999999487,0.9999999999999757
16506,165.05999999999486,0.9999999999999757
16507,165.06999999999485,0.9999999999999757
16508,165.07999999999484,0.9999999999999757
16509,165.08999999999483,0.9999999999999758
16510,165.09999999999482,0.9999999999999758
16511,165.1099999999948,0.9999999999999758
16512,165.1199999999948,0.9999999999999759
16513,165.1299999999948,0.9999999999999759
16514,165.13999999999479,0.9999999999999759
16515,165.14999999999478,0.999999999999976
16516,165.15999999999477,0.999999999999976
16517,165.16999999999476,0.999999999999976
16518,165.17999999999475,0.999999999999976
16519,165.18999999999474,0.9999999999999761
16520,165.19999999999473,0.9999999999999761
16521,165.20999999999472,0.9999999999999761
16522,165.2199999999947,0.9999999999999762
16523,165.2299999999947,0.9999999999999762
16524,165.2399999999947,0.9999999999999762
16525,165.24999999999469,0.9999999999999764
16526,165.25999999999468,0.9999999999999764
16527,165.26999999999467,0.9999999999999764
16528,165.27999999999466,0.9999999999999764
16529,165.28999999999465,0.9999999999999765
16530,165.29999999999464,0.9999999999999765
16531,165.30999999999463,0.9999999999999765
16532,165.31999999999462,0.9999999999999766
16533,165.3299999999946,0.9999999999999766
16534,165.3399999999946,0.9999999999999766
16535,165.3499999999946,0.9999999999999767
16536,165.35999999999459,0.9999999999999767
16537,165.36999999999458,0.9999999999999767
16538,165.37999999999457,0.9999999999999767
16539,165.38999999999456,0.9999999999999768
16540,165.39999999999455,0.9999999999999768
16541,165.40999999999454,0.9999999999999768
16542,165.41999999999453,0.9999999999999769
16543,165.42999999999452,0.9999999999999769
16544,165.4399999999945,0.9999999999999769
16545,165.4499999999945,0.9999999999999769
16546,165.4599999999945,0.999999999999977
16547,165.46999999999449,0.999999999999977
16548,165.47999999999448,0.999999999999977
16549,165.48999999999447,0.9999999999999771
16550,165.49999999999446,0.9999999999999771
16551,165.50999999999445,0.9999999999999771
16552,165.51999999999444,0.9999999999999771
16553,165.52999999999443,0.9999999999999772
16554,165.53999999999442,0.9999999999999772
16555,165.5499999999944,0.9999999999999772
16556,165.5599999999944,0.9999999999999774
16557,165.5699999999944,0.9999999999999774
16558,165.57999999999439,0.9999999999999774
16559,165.58999999999438,0.9999999999999774
16560,165.59999999999437,0.9999999999999775
16561,165.60999999999436,0.9999999999999775
16562,165.61999999999435,0.9999999999999775
16563,165.62999999999434,0.9999999999999776
16564,165.63999999999433,0.9999999999999776
16565,165.64999999999432,0.9999999999999776
16566,165.6599999999943,0.9999999999999776
16567,165.6699999999943,0.9999999999999777
16568,165.6799999999943,0.9999999999999777
16569,165.68999999999428,0.9999999999999777
16570,165.69999999999428,0.9999999999999778
16571,165.70999999999427,0.9999999999999778
16572,165.71999999999426,0.9999999999999778
16573,165.72999999999425,0.9999999999999778
16574,165.73999999999424,0.9999999999999779
16575,165.74999999999423,0.9999999999999779
16576,165.75999999999422,0.9999999999999779
16577,165.7699999999942,0.999999999999978
16578,165.7799999999942,0.999999999999978
16579,165.7899999999942,0.999999999999978
16580,165.79999999999418,0.999999999999978
16581,165.80999999999418,0.9999999999999781
16582,165.81999999999417,0.9999999999999781
16583,165.82999999999416,0.9999999999999781
16584,165.83999999999415,0.9999999999999781
16585,165.84999999999414,0.9999999999999782
16586,165.85999999999413,0.9999999999999782
16587,165.86999999999412,0.9999999999999782
16588,165.8799999999941,0.9999999999999784
16589,165.8899999999941,0.9999999999999784
16590,165.8999999999941,0.9999999999999784
16591,165.90999999999408,0.9999999999999784
16592,165.91999999999408,0.9999999999999785
16593,165.92999999999407,0.9999999999999785
16594,165.93999999999406,0.9999999999999785
16595,165.94999999999405,0.9999999999999785
16596,165.95999999999404,0.9999999999999786
16597,165.96999999999403,0.9999999999999786
16598,165.97999999999402,0.9999999999999786
16599,165.989999999994,0.9999999999999787
16600,165.999999999994,0.9999999999999787
16601,166.009999999994,0.9999999999999787
16602,166.01999999999398,0.9999999999999787
16603,166.02999999999398,0.9999999999999788
16604,166.03999999999397,0.9999999999999788
16605,166.04999999999396,0.9999999999999788
16606,166.05999999999395,0.9999999999999788
16607,166.06999999999394,0.9999999999999789
16608,166.07999999999393,0.9999999999999789
16609,166.08999999999392,0.9999999999999789
16610,166.0999999999939,0.9999999999999789
16611,166.1099999999939,0.999999999999979
16612,166.1199999999939,0.999999999999979
16613,166.12999999999388,0.999999999999979
16614,166.13999999999388,0.9999999999999791
16615,166.14999999999387,0.9999999999999791
16616,166.15999999999386,0.9999999999999791
16617,166.16999999999385,0.9999999999999791
16618,166.17999999999384,0.9999999999999792
16619,166.18999999999383,0.9999999999999792
16620,166.19999999999382,0.9999999999999792
16621,166.2099999999938,0.9999999999999792
16622,166.2199999999938,0.9999999999999793
16623,166.2299999999938,0.9999999999999793
16624,166.23999999999378,0.9999999999999793
16625,166.24999999999378,0.9999999999999793
16626,166.25999999999377,0.9999999999999795
16627,166.26999999999376,0.9999999999999795
16628,166.27999999999375,0.9999999999999795
16629,166.28999999999374,0.9999999999999795
16630,166.29999999999373,0.9999999999999796
16631,166.30999999999372,0.9999999999999796
16632,166.3199999999937,0.9999999999999796
16633,166.3299999999937,0.9999999999999796
16634,166.3399999999937,0.9999999999999797
16635,166.34999999999368,0.9999999999999797
16636,166.35999999999368,0.9999999999999797
16637,166.36999999999367,0.9999999999999798
16638,166.37999999999366,0.9999999999999798
16639,166.38999999999365,0.9999999999999798
16640,166.39999999999364,0.9999999999999798
16641,166.40999999999363,0.9999999999999799
16642,166.41999999999362,0.9999999999999799
16643,166.4299999999936,0.9999999999999799
16644,166.4399999999936,0.9999999999999799
16645,166.4499999999936,0.99999999999998
16646,166.45999999999358,0.99999999999998
16647,166.46999999999358,0.99999999999998
16648,166.47999999999357,0.99999999999998
16649,166.48999999999356,0.9999999999999801
16650,166.49999999999355,0.9999999999999801
16651,166.50999999999354,0.9999999999999801
16652,166.51999999999353,0.9999999999999801
16653,166.52999999999352,0.9999999999999802
16654,166.5399999999935,0.9999999999999802
16655,166.5499999999935,0.9999999999999802
16656,166.5599999999935,0.9999999999999802
16657,166.56999999999348,0.9999999999999803
16658,166.57999999999348,0.9999999999999803
16659,166.58999999999347,0.9999999999999803
16660,166.59999999999346,0.9999999999999803
16661,166.60999999999345,0.9999999999999805
16662,166.61999999999344,0.9999999999999805
16663,166.62999999999343,0.9999999999999805
16664,166.63999999999342,0.9999999999999805
16665,166.6499999999934,0.9999999999999805
16666,166.6599999999934,0.9999999999999806
16667,166.6699999999934,0.9999999999999806
16668,166.67999999999338,0.9999999999999806
16669,166.68999999999338,0.9999999999999806
16670,166.69999999999337,0.9999999999999807
16671,166.70999999999336,0.9999999999999807
16672,166.71999999999335,0.9999999999999807
16673,166.72999999999334,0.9999999999999807
16674,166.73999999999333,0.9999999999999808
16675,166.74999999999332,0.9999999999999808
16676,166.7599999999933,0.9999999999999808
16677,166.7699999999933,0.9999999999999808
16678,166.7799999999933,0.9999999999999809
16679,166.78999999999328,0.9999999999999809
16680,166.79999999999328,0.9999999999999809
16681,166.80999999999327,0.9999999999999809
16682,166.81999999999326,0.999999999999981
16683,166.82999999999325,0.999999999999981
16684,166.83999999999324,0.999999999999981
16685,166.84999999999323,0.999999999999981
16686,166.85999999999322,0.9999999999999811
16687,166.8699999999932,0.9999999999999811
16688,166.8799999999932,0.9999999999999811
16689,166.8899999999932,0.9999999999999811
16690,166.89999999999318,0.9999999999999812
16691,166.90999999999318,0.9999999999999812
16692,166.91999999999317,0.9999999999999812
16693,166.92999999999316,0.9999999999999812
16694,166.93999999999315,0.9999999999999812
16695,166.94999999999314,0.9999999999999813
16696,166.95999999999313,0.9999999999999813
16697,166.96999999999312,0.9999999999999813
16698,166.9799999999931,0.9999999999999813
16699,166.9899999999931,0.9999999999999815
16700,166.9999999999931,0.9999999999999815
16701,167.00999999999308,0.9999999999999815
16702,167.01999999999308,0.9999999999999815
16703,167.02999999999307,0.9999999999999816
16704,167.03999999999306,0.9999999999999816
16705,167.04999999999305,0.9999999999999816
16706,167.05999999999304,0.9999999999999816
16707,167.06999999999303,0.9999999999999816
16708,167.07999999999302,0.9999999999999817
16709,167.089999999993,0.9999999999999817
16710,167.099999999993,0.9999999999999817
16711,167.109999999993,0.9999999999999817
16712,167.11999999999298,0.9999999999999818
16713,167.12999999999298,0.9999999999999818
16714,167.13999999999297,0.9999999999999818
16715,167.14999999999296,0.9999999999999818
16716,167.15999999999295,0.9999999999999819
16717,167.16999999999294,0.9999999999999819
16718,167.17999999999293,0.9999999999999819
16719,167.18999999999292,0.9999999999999819
16720,167.1999999999929,0.9999999999999819
16721,167.2099999999929,0.999999999999982
16722,167.2199999999929,0.999999999999982
16723,167.22999999999288,0.999999999999982
16724,167.23999999999288,0.999999999999982
16725,167.24999999999287,0.9999999999999821
16726,167.25999999999286,0.9999999999999821
16727,167.26999999999285,0.9999999999999821
16728,167.27999999999284,0.9999999999999821
16729,167.28999999999283,0.9999999999999821
16730,167.29999999999282,0.9999999999999822
16731,167.3099999999928,0.9999999999999822
16732,167.3199999999928,0.9999999999999822
16733,167.3299999999928,0.9999999999999822
16734,167.33999999999278,0.9999999999999823
16735,167.34999999999278,0.9999999999999823
16736,167.35999999999277,0.9999999999999823
16737,167.36999999999276,0.9999999999999823
16738,167.37999999999275,0.9999999999999823
16739,167.38999999999274,0.9999999999999825
16740,167.39999999999273,0.9999999999999825
16741,167.40999999999272,0.9999999999999825
16742,167.4199999999927,0.9999999999999825
16743,167.4299999999927,0.9999999999999826
16744,167.4399999999927,0.9999999999999826
16745,167.44999999999268,0.9999999999999826
16746,167.45999999999268,0.9999999999999826
16747,167.46999999999267,0.9999999999999826
16748,167.47999999999266,0.9999999999999827
16749,167.48999999999265,0.9999999999999827
16750,167.49999999999264,0.9999999999999827
16751,167.50999999999263,0.9999999999999827
16752,167.51999999999262,0.9999999999999828
16753,167.5299999999926,0.9999999999999828
16754,167.5399999999926,0.9999999999999828
16755,167.5499999999926,0.9999999999999828
16756,167.55999999999258,0.9999999999999828
16757,167.56999999999258,0.9999999999999829
16758,167.57999999999257,0.9999999999999829
16759,167.58999999999256,0.9999999999999829
16760,167.59999999999255,0.9999999999999829
16761,167.60999999999254,0.9999999999999829
16762,167.61999999999253,0.999999999999983
16763,167.62999999999252,0.999999999999983
16764,167.6399999999925,0.999999999999983
16765,167.6499999999925,0.999999999999983
16766,167.6599999999925,0.9999999999999831
16767,167.66999999999248,0.9999999999999831
16768,167.67999999999248,0.9999999999999831
16769,167.68999999999247,0.9999999999999831
16770,167.69999999999246,0.9999999999999831
16771,167.70999999999245,0.9999999999999832
16772,167.71999999999244,0.9999999999999832
16773,167.72999999999243,0.9999999999999832
16774,167.73999999999242,0.9999999999999832
16775,167.7499999999924,0.9999999999999832
16776,167.7599999999924,0.9999999999999833
16777,167.7699999999924,0.9999999999999833
16778,167.77999999999238,0.9999999999999833
16779,167.78999999999238,0.9999999999999833
16780,167.79999999999237,0.9999999999999835
16781,167.80999999999236,0.9999999999999835
16782,167.81999999999235,0.9999999999999835
16783,167.82999999999234,0.9999999999999835
16784,167.83999999999233,0.9999999999999835
16785,167.84999999999232,0.9999999999999836
16786,167.8599999999923,0.9999999999999836
16787,167.8699999999923,0.9999999999999836
16788,167.8799999999923,0.9999999999999836
16789,167.88999999999228,0.9999999999999836
16790,167.89999999999227,0.9999999999999837
16791,167.90999999999227,0.9999999999999837
16792,167.91999999999226,0.9999999999999837
16793,167.92999999999225,0.9999999999999837
16794,167.93999999999224,0.9999999999999837
16795,167.94999999999223,0.9999999999999838
16796,167.95999999999222,0.9999999999999838
16797,167.9699999999922,0.9999999999999838
16798,167.9799999999922,0.9999999999999838
16799,167.9899999999922,0.9999999999999838
16800,167.99999999999218,0.9999999999999839
16801,168.00999999999217,0.9999999999999839
16802,168.01999999999217,0.9999999999999839
16803,168.02999999999216,0.9999999999999839
16804,168.03999999999215,0.9999999999999839
16805,168.04999999999214,0.999999999999984
16806,168.05999999999213,0.999999999999984
16807,168.06999999999212,0.999999999999984
16808,168.0799999999921,0.999999999999984
16809,168.0899999999921,0.999999999999984
16810,168.0999999999921,0.9999999999999841
16811,168.10999999999208,0.9999999999999841
16812,168.11999999999207,0.9999999999999841
16813,168.12999999999207,0.9999999999999841
16814,168.13999999999206,0.9999999999999841
16815,168.14999999999205,0.9999999999999842
16816,168.15999999999204,0.9999999999999842
16817,168.16999999999203,0.9999999999999842
16818,168.17999999999202,0.9999999999999842
16819,168.189999999992,0.9999999999999842
16820,168.199999999992,0.9999999999999843
16821,168.209999999992,0.9999999999999843
16822,168.21999999999198,0.9999999999999843
16823,168.22999999999197,0.9999999999999843
16824,168.23999999999197,0.9999999999999843
16825,168.24999999999196,0.9999999999999845
16826,168.25999999999195,0.9999999999999845
16827,168.26999999999194,0.9999999999999845
16828,168.27999999999193,0.9999999999999845
16829,168.28999999999192,0.9999999999999845
16830,168.2999999999919,0.9999999999999846
16831,168.3099999999919,0.9999999999999846
16832,168.3199999999919,0.9999999999999846
16833,168.32999999999188,0.9999999999999846
16834,168.33999999999187,0.9999999999999846
16835,168.34999999999187,0.9999999999999847
16836,168.35999999999186,0.9999999999999847
16837,168.36999999999185,0.9999999999999847
16838,168.37999999999184,0.9999999999999847
16839,168.38999999999183,0.9999999999999847
16840,168.39999999999182,0.9999999999999848
16841,168.4099999999918,0.9999999999999848
16842,168.4199999999918,0.9999999999999848
16843,168.4299999999918,0.9999999999999848
16844,168.43999999999178,0.9999999999999848
16845,168.44999999999177,0.9999999999999848
16846,168.45999999999177,0.9999999999999849
16847,168.46999999999176,0.9999999999999849
16848,168.47999999999175,0.9999999999999849
16849,168.48999999999174,0.9999999999999849
16850,168.49999999999173,0.9999999999999849
16851,168.50999999999172,0.999999999999985
16852,168.5199999999917,0.999999999999985
16853,168.5299999999917,0.999999999999985
16854,168.5399999999917,0.999999999999985
16855,168.54999999999168,0.999999999999985
16856,168.55999999999167,0.9999999999999851
16857,168.56999999999167,0.9999999999999851
16858,168.57999999999166,0.9999999999999851
16859,168.58999999999165,0.9999999999999851
16860,168.59999999999164,0.9999999999999851
16861,168.60999999999163,0.9999999999999851
16862,168.61999999999162,0.9999999999999852
16863,168.6299999999916,0.9999999999999852
16864,168.6399999999916,0.9999999999999852
16865,168.6499999999916,0.9999999999999852
16866,168.65999999999158,0.9999999999999852
16867,168.66999999999157,0.9999999999999853
16868,168.67999999999157,0.9999999999999853
16869,168.68999999999156,0.9999999999999853
16870,168.69999999999155,0.9999999999999853
16871,168.70999999999154,0.9999999999999853
16872,168.71999999999153,0.9999999999999853
16873,168.72999999999152,0.9999999999999855
16874,168.7399999999915,0.9999999999999855
16875,168.7499999999915,0.9999999999999855
16876,168.7599999999915,0.9999999999999855
16877,168.76999999999148,0.9999999999999855
16878,168.77999999999147,0.9999999999999856
16879,168.78999999999147,0.9999999999999856
16880,168.79999999999146,0.9999999999999856
16881,168.80999999999145,0.9999999999999856
16882,168.81999999999144,0.9999999999999856
16883,168.82999999999143,0.9999999999999856
16884,168.83999999999142,0.9999999999999857
16885,168.8499999999914,0.9999999999999857
16886,168.8599999999914,0.9999999999999857
16887,168.8699999999914,0.9999999999999857
16888,168.87999999999138,0.9999999999999857
16889,168.88999999999137,0.9999999999999858
16890,168.89999999999137,0.9999999999999858
16891,168.90999999999136,0.9999999999999858
16892,168.91999999999135,0.9999999999999858
16893,168.92999999999134,0.9999999999999858
16894,168.93999999999133,0.9999999999999858
16895,168.94999999999132,0.9999999999999859
16896,168.9599999999913,0.9999999999999859
16897,168.9699999999913,0.9999999999999859
16898,168.9799999999913,0.9999999999999859
16899,168.98999999999128,0.9999999999999859
16900,168.99999999999127,0.999999999999986
16901,169.00999999999127,0.999999999999986
16902,169.01999999999126,0.999999999999986
16903,169.02999999999125,0.999999999999986
16904,169.03999999999124,0.999999999999986
16905,169.04999999999123,0.999999999999986
16906,169.05999999999122,0.9999999999999861
16907,169.0699999999912,0.9999999999999861
16908,169.0799999999912,0.9999999999999861
16909,169.0899999999912,0.9999999999999861
16910,169.09999999999118,0.9999999999999861
16911,169.10999999999117,0.9999999999999861
16912,169.11999999999117,0.9999999999999862
16913,169.12999999999116,0.9999999999999862
16914,169.13999999999115,0.9999999999999862
16915,169.14999999999114,0.9999999999999862
16916,169.15999999999113,0.9999999999999862
16917,169.16999999999112,0.9999999999999862
16918,169.1799999999911,0.9999999999999863
16919,169.1899999999911,0.9999999999999863
16920,169.1999999999911,0.9999999999999863
16921,169.20999999999108,0.9999999999999863
16922,169.21999999999107,0.9999999999999863
16923,169.22999999999107,0.9999999999999865
16924,169.23999999999106,0.9999999999999865
16925,169.24999999999105,0.9999999999999865
16926,169.25999999999104,0.9999999999999865
16927,169.26999999999103,0.9999999999999865
16928,169.27999999999102,0.9999999999999865
16929,169.289999999991,0.9999999999999866
16930,169.299999999991,0.9999999999999866
16931,169.309999999991,0.9999999999999866
16932,169.31999999999098,0.9999999999999866
16933,169.32999999999097,0.9999999999999866
16934,169.33999999999097,0.9999999999999866
16935,169.34999999999096,0.9999999999999867
16936,169.35999999999095,0.9999999999999867
16937,169.36999999999094,0.9999999999999867
16938,169.37999999999093,0.9999999999999867
16939,169.38999999999092,0.9999999999999867
16940,169.3999999999909,0.9999999999999867
16941,169.4099999999909,0.9999999999999868
16942,169.4199999999909,0.9999999999999868
16943,169.42999999999088,0.9999999999999868
16944,169.43999999999087,0.9999999999999868
16945,169.44999999999087,0.9999999999999868
16946,169.45999999999086,0.9999999999999868
16947,169.46999999999085,0.9999999999999869
16948,169.47999999999084,0.9999999999999869
16949,169.48999999999083,0.9999999999999869
16950,169.49999999999082,0.9999999999999869
16951,169.5099999999908,0.9999999999999869
16952,169.5199999999908,0.9999999999999869
16953,169.5299999999908,0.999999999999987
16954,169.53999999999078,0.999999999999987
16955,169.54999999999077,0.999999999999987
16956,169.55999999999077,0.999999999999987
16957,169.56999999999076,0.999999999999987
16958,169.57999999999075,0.999999999999987
16959,169.58999999999074,0.999999999999987
16960,169.59999999999073,0.9999999999999871
16961,169.60999999999072,0.9999999999999871
16962,169.6199999999907,0.9999999999999871
16963,169.6299999999907,0.9999999999999871
16964,169.6399999999907,0.9999999999999871
16965,169.64999999999068,0.9999999999999871
16966,169.65999999999067,0.9999999999999872
16967,169.66999999999067,0.9999999999999872
16968,169.67999999999066,0.9999999999999872
16969,169.68999999999065,0.9999999999999872
16970,169.69999999999064,0.9999999999999872
16971,169.70999999999063,0.9999999999999872
16972,169.71999999999062,0.9999999999999873
16973,169.7299999999906,0.9999999999999873
16974,169.7399999999906,0.9999999999999873
16975,169.7499999999906,0.9999999999999873
16976,169.75999999999058,0.9999999999999873
16977,169.76999999999057,0.9999999999999873
16978,169.77999999999057,0.9999999999999875
16979,169.78999999999056,0.9999999999999875
16980,169.79999999999055,0.9999999999999875
16981,169.80999999999054,0.9999999999999875
16982,169.81999999999053,0.9999999999999875
16983,169.82999999999052,0.9999999999999875
16984,169.8399999999905,0.9999999999999875
16985,169.8499999999905,0.9999999999999876
16986,169.8599999999905,0.9999999999999876
16987,169.86999999999048,0.9999999999999876
16988,169.87999999999047,0.9999999999999876
16989,169.88999999999047,0.9999999999999876
16990,169.89999999999046,0.9999999999999876
16991,169.90999999999045,0.9999999999999877
16992,169.91999999999044,0.9999999999999877
16993,169.92999999999043,0.9999999999999877
16994,169.93999999999042,0.9999999999999877
16995,169.9499999999904,0.9999999999999877
16996,169.9599999999904,0.9999999999999877
16997,169.9699999999904,0.9999999999999877
16998,169.97999999999038,0.9999999999999878
16999,169.98999999999037,0.9999999999999878
17000,169.99999999999037,0.9999999999999878
17001,170.00999999999036,0.9999999999999878
17002,170.01999999999035,0.9999999999999878
17003,170.02999999999034,0.9999999999999878
17004,170.03999999999033,0.9999999999999879
17005,170.04999999999032,0.9999999999999879
17006,170.0599999999903,0.9999999999999879
17007,170.0699999999903,0.9999999999999879
17008,170.0799999999903,0.9999999999999879
17009,170.08999999999028,0.9999999999999879
17010,170.09999999999027,0.9999999999999879
17011,170.10999999999026,0.999999999999988
17012,170.11999999999026,0.999999999999988
17013,170.12999999999025,0.999999999999988
17014,170.13999999999024,0.999999999999988
17015,170.14999999999023,0.999999999999988
17016,170.15999999999022,0.999999999999988
17017,170.1699999999902,0.9999999999999881
17018,170.1799999999902,0.9999999999999881
17019,170.1899999999902,0.9999999999999881
17020,170.19999999999018,0.9999999999999881
17021,170.20999999999017,0.9999999999999881
17022,170.21999999999016,0.9999999999999881
17023,170.22999999999016,0.9999999999999881
17024,170.23999999999015,0.9999999999999882
17025,170.24999999999014,0.9999999999999882
17026,170.25999999999013,0.9999999999999882
17027,170.26999999999012,0.9999999999999882
17028,170.2799999999901,0.9999999999999882
17029,170.2899999999901,0.9999999999999882
17030,170.2999999999901,0.9999999999999882
17031,170.30999999999008,0.9999999999999883
17032,170.31999999999007,0.9999999999999883
17033,170.32999999999006,0.9999999999999883
17034,170.33999999999006,0.9999999999999883
17035,170.34999999999005,0.9999999999999883
17036,170.35999999999004,0.9999999999999883
17037,170.36999999999003,0.9999999999999883
17038,170.37999999999002,0.9999999999999885
17039,170.38999999999,0.9999999999999885
17040,170.39999999999,0.9999999999999885
17041,170.40999999999,0.9999999999999885
17042,170.41999999998998,0.9999999999999885
17043,170.42999999998997,0.9999999999999885
17044,170.43999999998996,0.9999999999999885
17045,170.44999999998996,0.9999999999999886
17046,170.45999999998995,0.9999999999999886
17047,170.46999999998994,0.9999999999999886
17048,170.47999999998993,0.9999999999999886
17049,170.48999999998992,0.9999999999999886
17050,170.4999999999899,0.9999999999999886
17051,170.5099999999899,0.9999999999999886
17052,170.5199999999899,0.9999999999999887
17053,170.52999999998988,0.9999999999999887
17054,170.53999999998987,0.9999999999999887
17055,170.54999999998986,0.9999999999999887
17056,170.55999999998986,0.9999999999999887
17057,170.56999999998985,0.9999999999999887
17058,170.57999999998984,0.9999999999999887
17059,170.58999999998983,0.9999999999999888
17060,170.59999999998982,0.9999999999999888
17061,170.6099999999898,0.9999999999999888
17062,170.6199999999898,0.9999999999999888
17063,170.6299999999898,0.9999999999999888
17064,170.63999999998978,0.9999999999999888
17065,170.64999999998977,0.9999999999999888
17066,170.65999999998976,0.9999999999999889
17067,170.66999999998976,0.9999999999999889
17068,170.67999999998975,0.9999999999999889
17069,170.68999999998974,0.9999999999999889
17070,170.69999999998973,0.9999999999999889
17071,170.70999999998972,0.9999999999999889
17072,170.7199999999897,0.9999999999999889
17073,170.7299999999897,0.999999999999989
17074,170.7399999999897,0.999999999999989
17075,170.74999999998968,0.999999999999989
17076,170.75999999998967,0.999999999999989
17077,170.76999999998966,0.999999999999989
17078,170.77999999998966,0.999999999999989
17079,170.78999999998965,0.999999999999989
17080,170.79999999998964,0.9999999999999891
17081,170.80999999998963,0.9999999999999891
17082,170.81999999998962,0.9999999999999891
17083,170.8299999999896,0.9999999999999891
17084,170.8399999999896,0.9999999999999891
17085,170.8499999999896,0.9999999999999891
17086,170.85999999998958,0.9999999999999891
17087,170.86999999998957,0.9999999999999891
17088,170.87999999998956,0.9999999999999892
17089,170.88999999998956,0.9999999999999892
17090,170.89999999998955,0.9999999999999892
17091,170.90999999998954,0.9999999999999892
17092,170.91999999998953,0.9999999999999892
17093,170.92999999998952,0.9999999999999892
17094,170.9399999999895,0.9999999999999892
17095,170.9499999999895,0.9999999999999893
17096,170.9599999999895,0.9999999999999893
17097,170.96999999998948,0.9999999999999893
17098,170.97999999998947,0.9999999999999893
17099,170.98999999998946,0.9999999999999893
17100,170.99999999998946,0.9999999999999893
17101,171.00999999998945,0.9999999999999893
17102,171.01999999998944,0.9999999999999895
17103,171.02999999998943,0.9999999999999895
17104,171.03999999998942,0.9999999999999895
17105,171.0499999999894,0.9999999999999895
17106,171.0599999999894,0.9999999999999895
17107,171.0699999999894,0.9999999999999895
17108,171.07999999998938,0.9999999999999895
17109,171.08999999998937,0.9999999999999895
17110,171.09999999998936,0.9999999999999896
17111,171.10999999998936,0.9999999999999896
17112,171.11999999998935,0.9999999999999896
17113,171.12999999998934,0.9999999999999896
17114,171.13999999998933,0.9999999999999896
17115,171.14999999998932,0.9999999999999896
17116,171.1599999999893,0.9999999999999896
17117,171.1699999999893,0.9999999999999896
17118,171.1799999999893,0.9999999999999897
17119,171.18999999998928,0.9999999999999897
17120,171.19999999998927,0.9999999999999897
17121,171.20999999998926,0.9999999999999897
17122,171.21999999998926,0.9999999999999897
17123,171.22999999998925,0.9999999999999897
17124,171.23999999998924,0.9999999999999897
17125,171.24999999998923,0.9999999999999898
17126,171.25999999998922,0.9999999999999898
17127,171.2699999999892,0.9999999999999898
17128,171.2799999999892,0.9999999999999898
17129,171.2899999999892,0.9999999999999898
17130,171.29999999998918,0.9999999999999898
17131,171.30999999998917,0.9999999999999898
17132,171.31999999998916,0.9999999999999898
17133,171.32999999998916,0.9999999999999899
17134,171.33999999998915,0.9999999999999899
17135,171.34999999998914,0.9999999999999899
17136,171.35999999998913,0.9999999999999899
17137,171.36999999998912,0.9999999999999899
17138,171.3799999999891,0.9999999999999899
17139,171.3899999999891,0.9999999999999899
17140,171.3999999999891,0.9999999999999899
17141,171.40999999998908,0.99999999999999
17142,171.41999999998907,0.99999999999999
17143,171.42999999998906,0.99999999999999
17144,171.43999999998906,0.99999999999999
17145,171.44999999998905,0.99999999999999
17146,171.45999999998904,0.99999999999999
17147,171.46999999998903,0.99999999999999
17148,171.47999999998902,0.99999999999999
17149,171.489999999989,0.9999999999999901
17150,171.499999999989,0.9999999999999901
17151,171.509999999989,0.9999999999999901
17152,171.51999999998898,0.9999999999999901
17153,171.52999999998897,0.9999999999999901
17154,171.53999999998896,0.9999999999999901
17155,171.54999999998896,0.9999999999999901
17156,171.55999999998895,0.9999999999999901
17157,171.56999999998894,0.9999999999999902
17158,171.57999999998893,0.9999999999999902
17159,171.58999999998892,0.9999999999999902
17160,171.5999999999889,0.9999999999999902
17161,171.6099999999889,0.9999999999999902
17162,171.6199999999889,0.9999999999999902
17163,171.62999999998888,0.9999999999999902
17164,171.63999999998887,0.9999999999999902
17165,171.64999999998886,0.9999999999999903
17166,171.65999999998886,0.9999999999999903
17167,171.66999999998885,0.9999999999999903
17168,171.67999999998884,0.9999999999999903
17169,171.68999999998883,0.9999999999999903
17170,171.69999999998882,0.9999999999999903
17171,171.7099999999888,0.9999999999999903
17172,171.7199999999888,0.9999999999999903
17173,171.7299999999888,0.9999999999999903
17174,171.73999999998878,0.9999999999999905
17175,171.74999999998877,0.9999999999999905
17176,171.75999999998876,0.9999999999999905
17177,171.76999999998876,0.9999999999999905
17178,171.77999999998875,0.9999999999999905
17179,171.78999999998874,0.9999999999999905
17180,171.79999999998873,0.9999999999999905
17181,171.80999999998872,0.9999999999999905
17182,171.8199999999887,0.9999999999999906
17183,171.8299999999887,0.9999999999999906
17184,171.8399999999887,0.9999999999999906
17185,171.84999999998868,0.9999999999999906
17186,171.85999999998867,0.9999999999999906
17187,171.86999999998866,0.9999999999999906
17188,171.87999999998866,0.9999999999999906
17189,171.88999999998865,0.9999999999999906
17190,171.89999999998864,0.9999999999999906
17191,171.90999999998863,0.9999999999999907
17192,171.91999999998862,0.9999999999999907
17193,171.9299999999886,0.9999999999999907
17194,171.9399999999886,0.9999999999999907
17195,171.9499999999886,0.9999999999999907
17196,171.95999999998858,0.9999999999999907
17197,171.96999999998857,0.9999999999999907
17198,171.97999999998856,0.9999999999999907
17199,171.98999999998856,0.9999999999999908
17200,171.99999999998855,0.9999999999999908
17201,172.00999999998854,0.9999999999999908
17202,172.01999999998853,0.9999999999999908
17203,172.02999999998852,0.9999999999999908
17204,172.0399999999885,0.9999999999999908
17205,172.0499999999885,0.9999999999999908
17206,172.0599999999885,0.9999999999999908
17207,172.06999999998848,0.9999999999999908
17208,172.07999999998847,0.9999999999999909
17209,172.08999999998846,0.9999999999999909
17210,172.09999999998846,0.9999999999999909
17211,172.10999999998845,0.9999999999999909
17212,172.11999999998844,0.9999999999999909
17213,172.12999999998843,0.9999999999999909
17214,172.13999999998842,0.9999999999999909
17215,172.1499999999884,0.9999999999999909
17216,172.1599999999884,0.9999999999999909
17217,172.1699999999884,0.999999999999991
17218,172.17999999998838,0.999999999999991
17219,172.18999999998837,0.999999999999991
17220,172.19999999998836,0.999999999999991
17221,172.20999999998836,0.999999999999991
17222,172.21999999998835,0.999999999999991
17223,172.22999999998834,0.999999999999991
17224,172.23999999998833,0.999999999999991
17225,172.24999999998832,0.999999999999991
17226,172.2599999999883,0.9999999999999911
17227,172.2699999999883,0.9999999999999911
17228,172.2799999999883,0.9999999999999911
17229,172.28999999998828,0.9999999999999911
17230,172.29999999998827,0.9999999999999911
17231,172.30999999998826,0.9999999999999911
17232,172.31999999998826,0.9999999999999911
17233,172.32999999998825,0.9999999999999911
17234,172.33999999998824,0.9999999999999911
17235,172.34999999998823,0.9999999999999912
17236,172.35999999998822,0.9999999999999912
17237,172.3699999999882,0.9999999999999912
17238,172.3799999999882,0.9999999999999912
17239,172.3899999999882,0.9999999999999912
17240,172.39999999998818,0.9999999999999912
17241,172.40999999998817,0.9999999999999912
17242,172.41999999998816,0.9999999999999912
17243,172.42999999998815,0.9999999999999912
17244,172.43999999998815,0.9999999999999913
17245,172.44999999998814,0.9999999999999913
17246,172.45999999998813,0.9999999999999913
17247,172.46999999998812,0.9999999999999913
17248,172.4799999999881,0.9999999999999913
17249,172.4899999999881,0.9999999999999913
17250,172.4999999999881,0.9999999999999913
17251,172.50999999998808,0.9999999999999913
17252,172.51999999998807,0.9999999999999913
17253,172.52999999998806,0.9999999999999915
17254,172.53999999998805,0.9999999999999915
17255,172.54999999998805,0.9999999999999915
17256,172.55999999998804,0.9999999999999915
17257,172.56999999998803,0.9999999999999915
17258,172.57999999998802,0.9999999999999915
17259,172.589999999988,0.9999999999999915
17260,172.599999999988,0.9999999999999915
17261,172.609999999988,0.9999999999999915
17262,172.61999999998798,0.9999999999999916
17263,172.62999999998797,0.9999999999999916
17264,172.63999999998796,0.9999999999999916
17265,172.64999999998795,0.9999999999999916
17266,172.65999999998795,0.9999999999999916
17267,172.66999999998794,0.9999999999999916
17268,172.67999999998793,0.9999999999999916
17269,172.68999999998792,0.9999999999999916
17270,172.6999999999879,0.9999999999999916
17271,172.7099999999879,0.9999999999999916
17272,172.7199999999879,0.9999999999999917
17273,172.72999999998788,0.9999999999999917
17274,172.73999999998787,0.9999999999999917
17275,172.74999999998786,0.9999999999999917
17276,172.75999999998785,0.9999999999999917
17277,172.76999999998785,0.9999999999999917
17278,172.77999999998784,0.9999999999999917
17279,172.78999999998783,0.9999999999999917
17280,172.79999999998782,0.9999999999999917
17281,172.8099999999878,0.9999999999999918
17282,172.8199999999878,0.9999999999999918
17283,172.8299999999878,0.9999999999999918
17284,172.83999999998778,0.9999999999999918
17285,172.84999999998777,0.9999999999999918
17286,172.85999999998776,0.9999999999999918
17287,172.86999999998775,0.9999999999999918
17288,172.87999999998775,0.9999999999999918
17289,172.88999999998774,0.9999999999999918
17290,172.89999999998773,0.9999999999999918
17291,172.90999999998772,0.9999999999999919
17292,172.9199999999877,0.9999999999999919
17293,172.9299999999877,0.9999999999999919
17294,172.9399999999877,0.9999999999999919
17295,172.94999999998768,0.9999999999999919
17296,172.95999999998767,0.9999999999999919
17297,172.96999999998766,0.9999999999999919
17298,172.97999999998765,0.9999999999999919
17299,172.98999999998765,0.9999999999999919
17300,172.99999999998764,0.9999999999999919
17301,173.00999999998763,0.999999999999992
17302,173.01999999998762,0.999999999999992
17303,173.0299999999876,0.999999999999992
17304,173.0399999999876,0.999999999999992
17305,173.0499999999876,0.999999999999992
17306,173.05999999998758,0.999999999999992
17307,173.06999999998757,0.999999999999992
17308,173.07999999998756,0.999999999999992
17309,173.08999999998755,0.999999999999992
17310,173.09999999998755,0.999999999999992
17311,173.10999999998754,0.9999999999999921
17312,173.11999999998753,0.9999999999999921
17313,173.12999999998752,0.9999999999999921
17314,173.1399999999875,0.9999999999999921
17315,173.1499999999875,0.9999999999999921
17316,173.1599999999875,0.9999999999999921
17317,173.16999999998748,0.9999999999999921
17318,173.17999999998747,0.9999999999999921
17319,173.18999999998746,0.9999999999999921
17320,173.19999999998745,0.9999999999999921
17321,173.20999999998745,0.9999999999999922
17322,173.21999999998744,0.9999999999999922
17323,173.22999999998743,0.9999999999999922
17324,173.23999999998742,0.9999999999999922
17325,173.2499999999874,0.9999999999999922
17326,173.2599999999874,0.9999999999999922
17327,173.2699999999874,0.9999999999999922
17328,173.27999999998738,0.9999999999999922
17329,173.28999999998737,0.9999999999999922
17330,173.29999999998736,0.9999999999999922
17331,173.30999999998735,0.9999999999999922
17332,173.31999999998735,0.9999999999999923
17333,173.32999999998734,0.9999999999999923
17334,173.33999999998733,0.9999999999999923
17335,173.34999999998732,0.9999999999999923
17336,173.3599999999873,0.9999999999999923
17337,173.3699999999873,0.9999999999999923
17338,173.3799999999873,0.9999999999999923
17339,173.38999999998728,0.9999999999999923
17340,173.39999999998727,0.9999999999999923
17341,173.40999999998726,0.9999999999999923
17342,173.41999999998725,0.9999999999999925
17343,173.42999999998725,0.9999999999999925
17344,173.43999999998724,0.9999999999999925
17345,173.44999999998723,0.9999999999999925
17346,173.45999999998722,0.9999999999999925
17347,173.4699999999872,0.9999999999999925
17348,173.4799999999872,0.9999999999999925
17349,173.4899999999872,0.9999999999999925
17350,173.49999999998718,0.9999999999999925
17351,173.50999999998717,0.9999999999999925
17352,173.51999999998716,0.9999999999999925
17353,173.52999999998715,0.9999999999999926
17354,173.53999999998715,0.9999999999999926
17355,173.54999999998714,0.9999999999999926
17356,173.55999999998713,0.9999999999999926
17357,173.56999999998712,0.9999999999999926
17358,173.5799999999871,0.9999999999999926
17359,173.5899999999871,0.9999999999999926
17360,173.5999999999871,0.9999999999999926
17361,173.60999999998708,0.9999999999999926
17362,173.61999999998707,0.9999999999999926
17363,173.62999999998706,0.9999999999999927
17364,173.63999999998705,0.9999999999999927
17365,173.64999999998705,0.9999999999999927
17366,173.65999999998704,0.9999999999999927
17367,173.66999999998703,0.9999999999999927
17368,173.67999999998702,0.9999999999999927
17369,173.689999999987,0.9999999999999927
17370,173.699999999987,0.9999999999999927
17371,173.709999999987,0.9999999999999927
17372,173.71999999998698,0.9999999999999927
17373,173.72999999998697,0.9999999999999927
17374,173.73999999998696,0.9999999999999928
17375,173.74999999998695,0.9999999999999928
17376,173.75999999998695,0.9999999999999928
17377,173.76999999998694,0.9999999999999928
17378,173.77999999998693,0.9999999999999928
17379,173.78999999998692,0.9999999999999928
17380,173.7999999999869,0.9999999999999928
17381,173.8099999999869,0.9999999999999928
17382,173.8199999999869,0.9999999999999928
17383,173.82999999998688,0.9999999999999928
17384,173.83999999998687,0.9999999999999928
17385,173.84999999998686,0.9999999999999929
17386,173.85999999998685,0.9999999999999929
17387,173.86999999998685,0.9999999999999929
17388,173.87999999998684,0.9999999999999929
17389,173.88999999998683,0.9999999999999929
17390,173.89999999998682,0.9999999999999929
17391,173.9099999999868,0.9999999999999929
17392,173.9199999999868,0.9999999999999929
17393,173.9299999999868,0.9999999999999929
17394,173.93999999998678,0.9999999999999929
17395,173.94999999998677,0.9999999999999929
17396,173.95999999998676,0.9999999999999929
17397,173.96999999998675,0.999999999999993
17398,173.97999999998675,0.999999999999993
17399,173.98999999998674,0.999999999999993
17400,173.99999999998673,0.999999999999993
17401,174.00999999998672,0.999999999999993
17402,174.0199999999867,0.999999999999993
17403,174.0299999999867,0.999999999999993
17404,174.0399999999867,0.999999999999993
17405,174.04999999998668,0.999999999999993
17406,174.05999999998667,0.999999999999993
17407,174.06999999998666,0.999999999999993
17408,174.07999999998665,0.9999999999999931
17409,174.08999999998665,0.9999999999999931
17410,174.09999999998664,0.9999999999999931
17411,174.10999999998663,0.9999999999999931
17412,174.11999999998662,0.9999999999999931
17413,174.1299999999866,0.9999999999999931
17414,174.1399999999866,0.9999999999999931
17415,174.1499999999866,0.9999999999999931
17416,174.15999999998658,0.9999999999999931
17417,174.16999999998657,0.9999999999999931
17418,174.17999999998656,0.9999999999999931
17419,174.18999999998655,0.9999999999999931
17420,174.19999999998655,0.9999999999999932
17421,174.20999999998654,0.9999999999999932
17422,174.21999999998653,0.9999999999999932
17423,174.22999999998652,0.9999999999999932
17424,174.2399999999865,0.9999999999999932
17425,174.2499999999865,0.9999999999999932
17426,174.2599999999865,0.9999999999999932
17427,174.26999999998648,0.9999999999999932
17428,174.27999999998647,0.9999999999999932
17429,174.28999999998646,0.9999999999999932
17430,174.29999999998645,0.9999999999999932
17431,174.30999999998645,0.9999999999999932
17432,174.31999999998644,0.9999999999999933
17433,174.32999999998643,0.9999999999999933
17434,174.33999999998642,0.9999999999999933
17435,174.3499999999864,0.9999999999999933
17436,174.3599999999864,0.9999999999999933
17437,174.3699999999864,0.9999999999999933
17438,174.37999999998638,0.9999999999999933
17439,174.38999999998637,0.9999999999999933
17440,174.39999999998636,0.9999999999999933
17441,174.40999999998635,0.9999999999999933
17442,174.41999999998635,0.9999999999999933
17443,174.42999999998634,0.9999999999999933
17444,174.43999999998633,0.9999999999999934
17445,174.44999999998632,0.9999999999999934
17446,174.4599999999863,0.9999999999999934
17447,174.4699999999863,0.9999999999999934
17448,174.4799999999863,0.9999999999999934
17449,174.48999999998628,0.9999999999999934
17450,174.49999999998627,0.9999999999999934
17451,174.50999999998626,0.9999999999999934
17452,174.51999999998625,0.9999999999999934
17453,174.52999999998625,0.9999999999999934
17454,174.53999999998624,0.9999999999999934
17455,174.54999999998623,0.9999999999999934
17456,174.55999999998622,0.9999999999999936
17457,174.5699999999862,0.9999999999999936
17458,174.5799999999862,0.9999999999999936
17459,174.5899999999862,0.9999999999999936
17460,174.59999999998618,0.9999999999999936
17461,174.60999999998617,0.9999999999999936
17462,174.61999999998616,0.9999999999999936
17463,174.62999999998615,0.9999999999999936
17464,174.63999999998614,0.9999999999999936
17465,174.64999999998614,0.9999999999999936
17466,174.65999999998613,0.9999999999999936
17467,174.66999999998612,0.9999999999999936
17468,174.6799999999861,0.9999999999999937
17469,174.6899999999861,0.9999999999999937
17470,174.6999999999861,0.9999999999999937
17471,174.70999999998608,0.9999999999999937
17472,174.71999999998607,0.9999999999999937
17473,174.72999999998606,0.9999999999999937
17474,174.73999999998605,0.9999999999999937
17475,174.74999999998604,0.9999999999999937
17476,174.75999999998604,0.9999999999999937
17477,174.76999999998603,0.9999999999999937
17478,174.77999999998602,0.9999999999999937
17479,174.789999999986,0.9999999999999937
17480,174.799999999986,0.9999999999999937
17481,174.809999999986,0.9999999999999938
17482,174.81999999998598,0.9999999999999938
17483,174.82999999998597,0.9999999999999938
17484,174.83999999998596,0.9999999999999938
17485,174.84999999998595,0.9999999999999938
17486,174.85999999998594,0.9999999999999938
17487,174.86999999998594,0.9999999999999938
17488,174.87999999998593,0.9999999999999938
17489,174.88999999998592,0.9999999999999938
17490,174.8999999999859,0.9999999999999938
17491,174.9099999999859,0.9999999999999938
17492,174.9199999999859,0.9999999999999938
17493,174.92999999998588,0.9999999999999938
17494,174.93999999998587,0.9999999999999939
17495,174.94999999998586,0.9999999999999939
17496,174.95999999998585,0.9999999999999939
17497,174.96999999998584,0.9999999999999939
17498,174.97999999998584,0.9999999999999939
17499,174.98999999998583,0.9999999999999939
17500,174.99999999998582,0.9999999999999939
17501,175.0099999999858,0.9999999999999939
17502,175.0199999999858,0.9999999999999939
17503,175.0299999999858,0.9999999999999939
17504,175.03999999998578,0.9999999999999939
17505,175.04999999998577,0.9999999999999939
17506,175.05999999998576,0.9999999999999939
17507,175.06999999998575,0.999999999999994
17508,175.07999999998574,0.999999999999994
17509,175.08999999998574,0.999999999999994
17510,175.09999999998573,0.999999999999994
17511,175.10999999998572,0.999999999999994
17512,175.1199999999857,0.999999999999994
17513,175.1299999999857,0.999999999999994
17514,175.1399999999857,0.999999999999994
17515,175.14999999998568,0.999999999999994
17516,175.15999999998567,0.999999999999994
17517,175.16999999998566,0.999999999999994
17518,175.17999999998565,0.999999999999994
17519,175.18999999998564,0.999999999999994
17520,175.19999999998564,0.9999999999999941
17521,175.20999999998563,0.9999999999999941
17522,175.21999999998562,0.9999999999999941
17523,175.2299999999856,0.9999999999999941
17524,175.2399999999856,0.9999999999999941
17525,175.2499999999856,0.9999999999999941
17526,175.25999999998558,0.9999999999999941
17527,175.26999999998557,0.9999999999999941
17528,175.27999999998556,0.9999999999999941
17529,175.28999999998555,0.9999999999999941
17530,175.29999999998554,0.9999999999999941
17531,175.30999999998554,0.9999999999999941
17532,175.31999999998553,0.9999999999999941
17533,175.32999999998552,0.9999999999999941
17534,175.3399999999855,0.9999999999999942
17535,175.3499999999855,0.9999999999999942
17536,175.3599999999855,0.9999999999999942
17537,175.36999999998548,0.9999999999999942
17538,175.37999999998547,0.9999999999999942
17539,175.38999999998546,0.9999999999999942
17540,175.39999999998545,0.9999999999999942
17541,175.40999999998544,0.9999999999999942
17542,175.41999999998544,0.9999999999999942
17543,175.42999999998543,0.9999999999999942
17544,175.43999999998542,0.9999999999999942
17545,175.4499999999854,0.9999999999999942
17546,175.4599999999854,0.9999999999999942
17547,175.4699999999854,0.9999999999999942
17548,175.47999999998538,0.9999999999999943
17549,175.48999999998537,0.9999999999999943
17550,175.49999999998536,0.9999999999999943
17551,175.50999999998535,0.9999999999999943
17552,175.51999999998534,0.9999999999999943
17553,175.52999999998534,0.9999999999999943
17554,175.53999999998533,0.9999999999999943
17555,175.54999999998532,0.9999999999999943
17556,175.5599999999853,0.9999999999999943
17557,175.5699999999853,0.9999999999999943
17558,175.5799999999853,0.9999999999999943
17559,175.58999999998528,0.9999999999999943
17560,175.59999999998527,0.9999999999999943
17561,175.60999999998526,0.9999999999999943
17562,175.61999999998525,0.9999999999999944
17563,175.62999999998524,0.9999999999999944
17564,175.63999999998524,0.9999999999999944
17565,175.64999999998523,0.9999999999999944
17566,175.65999999998522,0.9999999999999944
17567,175.6699999999852,0.9999999999999944
17568,175.6799999999852,0.9999999999999944
17569,175.6899999999852,0.9999999999999944
17570,175.69999999998518,0.9999999999999944
17571,175.70999999998517,0.9999999999999944
17572,175.71999999998516,0.9999999999999944
17573,175.72999999998515,0.9999999999999944
17574,175.73999999998514,0.9999999999999944
17575,175.74999999998514,0.9999999999999944
17576,175.75999999998513,0.9999999999999944
17577,175.76999999998512,0.9999999999999946
17578,175.7799999999851,0.9999999999999946
17579,175.7899999999851,0.9999999999999946
17580,175.7999999999851,0.9999999999999946
17581,175.80999999998508,0.9999999999999946
17582,175.81999999998507,0.9999999999999946
17583,175.82999999998506,0.9999999999999946
17584,175.83999999998505,0.9999999999999946
17585,175.84999999998504,0.9999999999999946
17586,175.85999999998504,0.9999999999999946
17587,175.86999999998503,0.9999999999999946
17588,175.87999999998502,0.9999999999999946
17589,175.889999999985,0.9999999999999946
17590,175.899999999985,0.9999999999999946
17591,175.909999999985,0.9999999999999947
17592,175.91999999998498,0.9999999999999947
17593,175.92999999998497,0.9999999999999947
17594,175.93999999998496,0.9999999999999947
17595,175.94999999998495,0.9999999999999947
17596,175.95999999998494,0.9999999999999947
17597,175.96999999998494,0.9999999999999947
17598,175.97999999998493,0.9999999999999947
17599,175.98999999998492,0.9999999999999947
17600,175.9999999999849,0.9999999999999947
17601,176.0099999999849,0.9999999999999947
17602,176.0199999999849,0.9999999999999947
17603,176.02999999998488,0.9999999999999947
17604,176.03999999998487,0.9999999999999947
17605,176.04999999998486,0.9999999999999947
17606,176.05999999998485,0.9999999999999947
17607,176.06999999998484,0.9999999999999948
17608,176.07999999998484,0.9999999999999948
17609,176.08999999998483,0.9999999999999948
17610,176.09999999998482,0.9999999999999948
17611,176.1099999999848,0.9999999999999948
17612,176.1199999999848,0.9999999999999948
17613,176.1299999999848,0.9999999999999948
17614,176.13999999998478,0.9999999999999948
17615,176.14999999998477,0.9999999999999948
17616,176.15999999998476,0.9999999999999948
17617,176.16999999998475,0.9999999999999948
17618,176.17999999998474,0.9999999999999948
17619,176.18999999998474,0.9999999999999948
17620,176.19999999998473,0.9999999999999948
17621,176.20999999998472,0.9999999999999948
17622,176.2199999999847,0.9999999999999949
17623,176.2299999999847,0.9999999999999949
17624,176.2399999999847,0.9999999999999949
17625,176.24999999998468,0.9999999999999949
17626,176.25999999998467,0.9999999999999949
17627,176.26999999998466,0.9999999999999949
17628,176.27999999998465,0.9999999999999949
17629,176.28999999998464,0.9999999999999949
17630,176.29999999998464,0.9999999999999949
17631,176.30999999998463,0.9999999999999949
17632,176.31999999998462,0.9999999999999949
17633,176.3299999999846,0.9999999999999949
17634,176.3399999999846,0.9999999999999949
17635,176.3499999999846,0.9999999999999949
17636,176.35999999998458,0.9999999999999949
17637,176.36999999998457,0.9999999999999949
17638,176.37999999998456,0.999999999999995
17639,176.38999999998455,0.999999999999995
17640,176.39999999998454,0.999999999999995
17641,176.40999999998454,0.999999999999995
17642,176.41999999998453,0.999999999999995
17643,176.42999999998452,0.999999999999995
17644,176.4399999999845,0.999999999999995
17645,176.4499999999845,0.999999999999995
17646,176.4599999999845,0.999999999999995
17647,176.46999999998448,0.999999999999995
17648,176.47999999998447,0.999999999999995
17649,176.48999999998446,0.999999999999995
17650,176.49999999998445,0.999999999999995
17651,176.50999999998444,0.999999999999995
17652,176.51999999998444,0.999999999999995
17653,176.52999999998443,0.999999999999995
17654,176.53999999998442,0.9999999999999951
17655,176.5499999999844,0.9999999999999951
17656,176.5599999999844,0.9999999999999951
17657,176.5699999999844,0.9999999999999951
17658,176.57999999998438,0.9999999999999951
17659,176.58999999998437,0.9999999999999951
17660,176.59999999998436,0.9999999999999951
17661,176.60999999998435,0.9999999999999951
17662,176.61999999998434,0.9999999999999951
17663,176.62999999998434,0.9999999999999951
17664,176.63999999998433,0.9999999999999951
17665,176.64999999998432,0.9999999999999951
17666,176.6599999999843,0.9999999999999951
17667,176.6699999999843,0.9999999999999951
17668,176.6799999999843,0.9999999999999951
17669,176.68999999998428,0.9999999999999951
17670,176.69999999998427,0.9999999999999952
17671,176.70999999998426,0.9999999999999952
17672,176.71999999998425,0.9999999999999952
17673,176.72999999998424,0.9999999999999952
17674,176.73999999998424,0.9999999999999952
17675,176.74999999998423,0.9999999999999952
17676,176.75999999998422,0.9999999999999952
17677,176.7699999999842,0.9999999999999952
17678,176.7799999999842,0.9999999999999952
17679,176.7899999999842,0.9999999999999952
17680,176.79999999998418,0.9999999999999952
17681,176.80999999998417,0.9999999999999952
17682,176.81999999998416,0.9999999999999952
17683,176.82999999998415,0.9999999999999952
17684,176.83999999998414,0.9999999999999952
17685,176.84999999998414,0.9999999999999952
17686,176.85999999998413,0.9999999999999952
17687,176.86999999998412,0.9999999999999953
17688,176.8799999999841,0.9999999999999953
17689,176.8899999999841,0.9999999999999953
17690,176.8999999999841,0.9999999999999953
17691,176.90999999998408,0.9999999999999953
17692,176.91999999998407,0.9999999999999953
17693,176.92999999998406,0.9999999999999953
17694,176.93999999998405,0.9999999999999953
17695,176.94999999998404,0.9999999999999953
17696,176.95999999998403,0.9999999999999953
17697,176.96999999998403,0.9999999999999953
17698,176.97999999998402,0.9999999999999953
17699,176.989999999984,0.9999999999999953
17700,176.999999999984,0.9999999999999953
17701,177.009999999984,0.9999999999999953
17702,177.01999999998398,0.9999999999999953
17703,177.02999999998397,0.9999999999999953
17704,177.03999999998396,0.9999999999999954
17705,177.04999999998395,0.9999999999999954
17706,177.05999999998394,0.9999999999999954
17707,177.06999999998393,0.9999999999999954
17708,177.07999999998393,0.9999999999999954
17709,177.08999999998392,0.9999999999999954
17710,177.0999999999839,0.9999999999999954
17711,177.1099999999839,0.9999999999999954
17712,177.1199999999839,0.9999999999999954
17713,177.12999999998388,0.9999999999999954
17714,177.13999999998387,0.9999999999999954
17715,177.14999999998386,0.9999999999999954
17716,177.15999999998385,0.9999999999999954
17717,177.16999999998384,0.9999999999999954
17718,177.17999999998383,0.9999999999999954
17719,177.18999999998383,0.9999999999999954
17720,177.19999999998382,0.9999999999999954
17721,177.2099999999838,0.9999999999999954
17722,177.2199999999838,0.9999999999999956
17723,177.2299999999838,0.9999999999999956
17724,177.23999999998378,0.9999999999999956
17725,177.24999999998377,0.9999999999999956
17726,177.25999999998376,0.9999999999999956
17727,177.26999999998375,0.9999999999999956
17728,177.27999999998374,0.9999999999999956
17729,177.28999999998373,0.9999999999999956
17730,177.29999999998373,0.9999999999999956
17731,177.30999999998372,0.9999999999999956
17732,177.3199999999837,0.9999999999999956
17733,177.3299999999837,0.9999999999999956
17734,177.3399999999837,0.9999999999999956
17735,177.34999999998368,0.9999999999999956
17736,177.35999999998367,0.9999999999999956
17737,177.36999999998366,0.9999999999999956
17738,177.37999999998365,0.9999999999999956
17739,177.38999999998364,0.9999999999999956
17740,177.39999999998363,0.9999999999999957
17741,177.40999999998363,0.9999999999999957
17742,177.41999999998362,0.9999999999999957
17743,177.4299999999836,0.9999999999999957
17744,177.4399999999836,0.9999999999999957
17745,177.4499999999836,0.9999999999999957
17746,177.45999999998358,0.9999999999999957
17747,177.46999999998357,0.9999999999999957
17748,177.47999999998356,0.9999999999999957
17749,177.48999999998355,0.9999999999999957
17750,177.49999999998354,0.9999999999999957
17751,177.50999999998353,0.9999999999999957
17752,177.51999999998353,0.9999999999999957
17753,177.52999999998352,0.9999999999999957
17754,177.5399999999835,0.9999999999999957
17755,177.5499999999835,0.9999999999999957
17756,177.5599999999835,0.9999999999999957
17757,177.56999999998348,0.9999999999999957
17758,177.57999999998347,0.9999999999999957
17759,177.58999999998346,0.9999999999999958
17760,177.59999999998345,0.9999999999999958
17761,177.60999999998344,0.9999999999999958
17762,177.61999999998343,0.9999999999999958
17763,177.62999999998343,0.9999999999999958
17764,177.63999999998342,0.9999999999999958
17765,177.6499999999834,0.9999999999999958
17766,177.6599999999834,0.9999999999999958
17767,177.6699999999834,0.9999999999999958
17768,177.67999999998338,0.9999999999999958
17769,177.68999999998337,0.9999999999999958
17770,177.69999999998336,0.9999999999999958
17771,177.70999999998335,0.9999999999999958
17772,177.71999999998334,0.9999999999999958
17773,177.72999999998333,0.9999999999999958
17774,177.73999999998333,0.9999999999999958
17775,177.74999999998332,0.9999999999999958
17776,177.7599999999833,0.9999999999999958
17777,177.7699999999833,0.9999999999999958
17778,177.7799999999833,0.9999999999999959
17779,177.78999999998328,0.9999999999999959
17780,177.79999999998327,0.9999999999999959
17781,177.80999999998326,0.9999999999999959
17782,177.81999999998325,0.9999999999999959
17783,177.82999999998324,0.9999999999999959
17784,177.83999999998323,0.9999999999999959
17785,177.84999999998323,0.9999999999999959
17786,177.85999999998322,0.9999999999999959
17787,177.8699999999832,0.9999999999999959
17788,177.8799999999832,0.9999999999999959
17789,177.8899999999832,0.9999999999999959
17790,177.89999999998318,0.9999999999999959
17791,177.90999999998317,0.9999999999999959
17792,177.91999999998316,0.9999999999999959
17793,177.92999999998315,0.9999999999999959
17794,177.93999999998314,0.9999999999999959
17795,177.94999999998313,0.9999999999999959
17796,177.95999999998313,0.9999999999999959
17797,177.96999999998312,0.999999999999996
17798,177.9799999999831,0.999999999999996
17799,177.9899999999831,0.999999999999996
17800,177.9999999999831,0.999999999999996
17801,178.00999999998308,0.999999999999996
17802,178.01999999998307,0.999999999999996
17803,178.02999999998306,0.999999999999996
17804,178.03999999998305,0.999999999999996
17805,178.04999999998304,0.999999999999996
17806,178.05999999998303,0.999999999999996
17807,178.06999999998303,0.999999999999996
17808,178.07999999998302,0.999999999999996
17809,178.089999999983,0.999999999999996
17810,178.099999999983,0.999999999999996
17811,178.109999999983,0.999999999999996
17812,178.11999999998298,0.999999999999996
17813,178.12999999998297,0.999999999999996
17814,178.13999999998296,0.999999999999996
17815,178.14999999998295,0.999999999999996
17816,178.15999999998294,0.999999999999996
17817,178.16999999998293,0.9999999999999961
17818,178.17999999998293,0.9999999999999961
17819,178.18999999998292,0.9999999999999961
17820,178.1999999999829,0.9999999999999961
17821,178.2099999999829,0.9999999999999961
17822,178.2199999999829,0.9999999999999961
17823,178.22999999998288,0.9999999999999961
17824,178.23999999998287,0.9999999999999961
17825,178.24999999998286,0.9999999999999961
17826,178.25999999998285,0.9999999999999961
17827,178.26999999998284,0.9999999999999961
17828,178.27999999998283,0.9999999999999961
17829,178.28999999998283,0.9999999999999961
17830,178.29999999998282,0.9999999999999961
17831,178.3099999999828,0.9999999999999961
17832,178.3199999999828,0.9999999999999961
17833,178.3299999999828,0.9999999999999961
17834,178.33999999998278,0.9999999999999961
17835,178.34999999998277,0.9999999999999961
17836,178.35999999998276,0.9999999999999961
17837,178.36999999998275,0.9999999999999961
17838,178.37999999998274,0.9999999999999962
17839,178.38999999998273,0.9999999999999962
17840,178.39999999998273,0.9999999999999962
17841,178.40999999998272,0.9999999999999962
17842,178.4199999999827,0.9999999999999962
17843,178.4299999999827,0.9999999999999962
17844,178.4399999999827,0.9999999999999962
17845,178.44999999998268,0.9999999999999962
17846,178.45999999998267,0.9999999999999962
17847,178.46999999998266,0.9999999999999962
17848,178.47999999998265,0.9999999999999962
17849,178.48999999998264,0.9999999999999962
17850,178.49999999998263,0.9999999999999962
17851,178.50999999998263,0.9999999999999962
17852,178.51999999998262,0.9999999999999962
17853,178.5299999999826,0.9999999999999962
17854,178.5399999999826,0.9999999999999962
17855,178.5499999999826,0.9999999999999962
17856,178.55999999998258,0.9999999999999962
17857,178.56999999998257,0.9999999999999962
17858,178.57999999998256,0.9999999999999962
17859,178.58999999998255,0.9999999999999962
17860,178.59999999998254,0.9999999999999963
17861,178.60999999998253,0.9999999999999963
17862,178.61999999998253,0.9999999999999963
17863,178.62999999998252,0.9999999999999963
17864,178.6399999999825,0.9999999999999963
17865,178.6499999999825,0.9999999999999963
17866,178.6599999999825,0.9999999999999963
17867,178.66999999998248,0.9999999999999963
17868,178.67999999998247,0.9999999999999963
17869,178.68999999998246,0.9999999999999963
17870,178.69999999998245,0.9999999999999963
17871,178.70999999998244,0.9999999999999963
17872,178.71999999998243,0.9999999999999963
17873,178.72999999998243,0.9999999999999963
17874,178.73999999998242,0.9999999999999963
17875,178.7499999999824,0.9999999999999963
17876,178.7599999999824,0.9999999999999963
17877,178.7699999999824,0.9999999999999963
17878,178.77999999998238,0.9999999999999963
17879,178.78999999998237,0.9999999999999963
17880,178.79999999998236,0.9999999999999963
17881,178.80999999998235,0.9999999999999963
17882,178.81999999998234,0.9999999999999964
17883,178.82999999998233,0.9999999999999964
17884,178.83999999998233,0.9999999999999964
17885,178.84999999998232,0.9999999999999964
17886,178.8599999999823,0.9999999999999964
17887,178.8699999999823,0.9999999999999964
17888,178.8799999999823,0.9999999999999964
17889,178.88999999998228,0.9999999999999964
17890,178.89999999998227,0.9999999999999964
17891,178.90999999998226,0.9999999999999964
17892,178.91999999998225,0.9999999999999964
17893,178.92999999998224,0.9999999999999964
17894,178.93999999998223,0.9999999999999964
17895,178.94999999998223,0.9999999999999964
17896,178.95999999998222,0.9999999999999964
17897,178.9699999999822,0.9999999999999964
17898,178.9799999999822,0.9999999999999964
17899,178.9899999999822,0.9999999999999964
17900,178.99999999998218,0.9999999999999964
17901,179.00999999998217,0.9999999999999964
17902,179.01999999998216,0.9999999999999964
17903,179.02999999998215,0.9999999999999964
17904,179.03999999998214,0.9999999999999966
17905,179.04999999998213,0.9999999999999966
17906,179.05999999998213,0.9999999999999966
17907,179.06999999998212,0.9999999999999966
17908,179.0799999999821,0.9999999999999966
17909,179.0899999999821,0.9999999999999966
17910,179.0999999999821,0.9999999999999966
17911,179.10999999998208,0.9999999999999966
17912,179.11999999998207,0.9999999999999966
17913,179.12999999998206,0.9999999999999966
17914,179.13999999998205,0.9999999999999966
17915,179.14999999998204,0.9999999999999966
17916,179.15999999998203,0.9999999999999966
17917,179.16999999998202,0.9999999999999966
17918,179.17999999998202,0.9999999999999966
17919,179.189999999982,0.9999999999999966
17920,179.199999999982,0.9999999999999966
17921,179.209999999982,0.9999999999999966
17922,179.21999999998198,0.9999999999999966
17923,179.22999999998197,0.9999999999999966
17924,179.23999999998196,0.9999999999999966
17925,179.24999999998195,0.9999999999999966
17926,179.25999999998194,0.9999999999999966
17927,179.26999999998193,0.9999999999999966
17928,179.27999999998192,0.9999999999999967
17929,179.28999999998192,0.9999999999999967
17930,179.2999999999819,0.9999999999999967
17931,179.3099999999819,0.9999999999999967
17932,179.3199999999819,0.9999999999999967
17933,179.32999999998188,0.9999999999999967
17934,179.33999999998187,0.9999999999999967
17935,179.34999999998186,0.9999999999999967
17936,179.35999999998185,0.9999999999999967
17937,179.36999999998184,0.9999999999999967
17938,179.37999999998183,0.9999999999999967
17939,179.38999999998182,0.9999999999999967
17940,179.39999999998182,0.9999999999999967
17941,179.4099999999818,0.9999999999999967
17942,179.4199999999818,0.9999999999999967
17943,179.4299999999818,0.9999999999999967
17944,179.43999999998178,0.9999999999999967
17945,179.44999999998177,0.9999999999999967
17946,179.45999999998176,0.9999999999999967
17947,179.46999999998175,0.9999999999999967
17948,179.47999999998174,0.9999999999999967
17949,179.48999999998173,0.9999999999999967
17950,179.49999999998172,0.9999999999999967
17951,179.50999999998172,0.9999999999999967
17952,179.5199999999817,0.9999999999999968
17953,179.5299999999817,0.9999999999999968
17954,179.5399999999817,0.9999999999999968
17955,179.54999999998168,0.9999999999999968
17956,179.55999999998167,0.9999999999999968
17957,179.56999999998166,0.9999999999999968
17958,179.57999999998165,0.9999999999999968
17959,179.58999999998164,0.9999999999999968
17960,179.59999999998163,0.9999999999999968
17961,179.60999999998162,0.9999999999999968
17962,179.61999999998162,0.9999999999999968
17963,179.6299999999816,0.9999999999999968
17964,179.6399999999816,0.9999999999999968
17965,179.6499999999816,0.9999999999999968
17966,179.65999999998158,0.9999999999999968
17967,179.66999999998157,0.9999999999999968
17968,179.67999999998156,0.9999999999999968
17969,179.68999999998155,0.9999999999999968
17970,179.69999999998154,0.9999999999999968
17971,179.70999999998153,0.9999999999999968
17972,179.71999999998152,0.9999999999999968
17973,179.72999999998152,0.9999999999999968
17974,179.7399999999815,0.9999999999999968
17975,179.7499999999815,0.9999999999999968
17976,179.7599999999815,0.9999999999999968
17977,179.76999999998148,0.9999999999999969
17978,179.77999999998147,0.9999999999999969
17979,179.78999999998146,0.9999999999999969
17980,179.79999999998145,0.9999999999999969
17981,179.80999999998144,0.9999999999999969
17982,179.81999999998143,0.9999999999999969
17983,179.82999999998142,0.9999999999999969
17984,179.83999999998142,0.9999999999999969
17985,179.8499999999814,0.9999999999999969
17986,179.8599999999814,0.9999999999999969
17987,179.8699999999814,0.9999999999999969
17988,179.87999999998138,0.9999999999999969
17989,179.88999999998137,0.9999999999999969
17990,179.89999999998136,0.9999999999999969
17991,179.90999999998135,0.9999999999999969
17992,179.91999999998134,0.9999999999999969
17993,179.92999999998133,0.9999999999999969
17994,179.93999999998132,0.9999999999999969
17995,179.94999999998132,0.9999999999999969
17996,179.9599999999813,0.9999999999999969
17997,179.9699999999813,0.9999999999999969
17998,179.9799999999813,0.9999999999999969
17999,179.98999999998128,0.9999999999999969
18000,179.99999999998127,0.9999999999999969
18001,180.00999999998126,0.9999999999999969
18002,180.01999999998125,0.9999999999999969
18003,180.02999999998124,0.999999999999997
18004,180.03999999998123,0.999999999999997
18005,180.04999999998122,0.999999999999997
18006,180.05999999998122,0.999999999999997
18007,180.0699999999812,0.999999999999997
18008,180.0799999999812,0.999999999999997
18009,180.0899999999812,0.999999999999997
18010,180.09999999998118,0.999999999999997
18011,180.10999999998117,0.999999999999997
18012,180.11999999998116,0.999999999999997
18013,180.12999999998115,0.999999999999997
18014,180.13999999998114,0.999999999999997
18015,180.14999999998113,0.999999999999997
18016,180.15999999998112,0.999999999999997
18017,180.16999999998112,0.999999999999997
18018,180.1799999999811,0.999999999999997
18019,180.1899999999811,0.999999999999997
18020,180.1999999999811,0.999999999999997
18021,180.20999999998108,0.999999999999997
18022,180.21999999998107,0.999999999999997
18023,180.22999999998106,0.999999999999997
18024,180.23999999998105,0.999999999999997
18025,180.24999999998104,0.999999999999997
18026,180.25999999998103,0.999999999999997
18027,180.26999999998102,0.999999999999997
18028,180.27999999998102,0.999999999999997
18029,180.289999999981,0.999999999999997
18030,180.299999999981,0.9999999999999971
18031,180.309999999981,0.9999999999999971
18032,180.31999999998098,0.9999999999999971
18033,180.32999999998097,0.9999999999999971
18034,180.33999999998096,0.9999999999999971
18035,180.34999999998095,0.9999999999999971
18036,180.35999999998094,0.9999999999999971
18037,180.36999999998093,0.9999999999999971
18038,180.37999999998092,0.9999999999999971
18039,180.38999999998092,0.9999999999999971
18040,180.3999999999809,0.9999999999999971
18041,180.4099999999809,0.9999999999999971
18042,180.4199999999809,0.9999999999999971
18043,180.42999999998088,0.9999999999999971
18044,180.43999999998087,0.9999999999999971
18045,180.44999999998086,0.9999999999999971
18046,180.45999999998085,0.9999999999999971
18047,180.46999999998084,0.9999999999999971
18048,180.47999999998083,0.9999999999999971
18049,180.48999999998082,0.9999999999999971
18050,180.49999999998082,0.9999999999999971
18051,180.5099999999808,0.9999999999999971
18052,180.5199999999808,0.9999999999999971
18053,180.5299999999808,0.9999999999999971
18054,180.53999999998078,0.9999999999999971
18055,180.54999999998077,0.9999999999999971
18056,180.55999999998076,0.9999999999999971
18057,180.56999999998075,0.9999999999999971
18058,180.57999999998074,0.9999999999999972
18059,180.58999999998073,0.9999999999999972
18060,180.59999999998072,0.9999999999999972
18061,180.60999999998072,0.9999999999999972
18062,180.6199999999807,0.9999999999999972
18063,180.6299999999807,0.9999999999999972
18064,180.6399999999807,0.9999999999999972
18065,180.64999999998068,0.9999999999999972
18066,180.65999999998067,0.9999999999999972
18067,180.66999999998066,0.9999999999999972
18068,180.67999999998065,0.9999999999999972
18069,180.68999999998064,0.9999999999999972
18070,180.69999999998063,0.9999999999999972
18071,180.70999999998062,0.9999999999999972
18072,180.71999999998062,0.9999999999999972
18073,180.7299999999806,0.9999999999999972
18074,180.7399999999806,0.9999999999999972
18075,180.7499999999806,0.9999999999999972
18076,180.75999999998058,0.9999999999999972
18077,180.76999999998057,0.9999999999999972
18078,180.77999999998056,0.9999999999999972
18079,180.78999999998055,0.9999999999999972
18080,180.79999999998054,0.9999999999999972
18081,180.80999999998053,0.9999999999999972
18082,180.81999999998052,0.9999999999999972
18083,180.82999999998052,0.9999999999999972
18084,180.8399999999805,0.9999999999999972
18085,180.8499999999805,0.9999999999999972
18086,180.8599999999805,0.9999999999999972
18087,180.86999999998048,0.9999999999999973
18088,180.87999999998047,0.9999999999999973
18089,180.88999999998046,0.9999999999999973
18090,180.89999999998045,0.9999999999999973
18091,180.90999999998044,0.9999999999999973
18092,180.91999999998043,0.9999999999999973
18093,180.92999999998042,0.9999999999999973
18094,180.93999999998042,0.9999999999999973
18095,180.9499999999804,0.9999999999999973
18096,180.9599999999804,0.9999999999999973
18097,180.9699999999804,0.9999999999999973
18098,180.97999999998038,0.9999999999999973
18099,180.98999999998037,0.9999999999999973
18100,180.99999999998036,0.9999999999999973
18101,181.00999999998035,0.9999999999999973
18102,181.01999999998034,0.9999999999999973
18103,181.02999999998033,0.9999999999999973
18104,181.03999999998032,0.9999999999999973
18105,181.04999999998032,0.9999999999999973
18106,181.0599999999803,0.9999999999999973
18107,181.0699999999803,0.9999999999999973
18108,181.0799999999803,0.9999999999999973
18109,181.08999999998028,0.9999999999999973
18110,181.09999999998027,0.9999999999999973
18111,181.10999999998026,0.9999999999999973
18112,181.11999999998025,0.9999999999999973
18113,181.12999999998024,0.9999999999999973
18114,181.13999999998023,0.9999999999999973
18115,181.14999999998022,0.9999999999999973
18116,181.15999999998022,0.9999999999999973
18117,181.1699999999802,0.9999999999999974
18118,181.1799999999802,0.9999999999999974
18119,181.1899999999802,0.9999999999999974
18120,181.19999999998018,0.9999999999999974
18121,181.20999999998017,0.9999999999999974
18122,181.21999999998016,0.9999999999999974
18123,181.22999999998015,0.9999999999999974
18124,181.23999999998014,0.9999999999999974
18125,181.24999999998013,0.9999999999999974
18126,181.25999999998012,0.9999999999999974
18127,181.26999999998012,0.9999999999999974
18128,181.2799999999801,0.9999999999999974
18129,181.2899999999801,0.9999999999999974
18130,181.2999999999801,0.9999999999999974
18131,181.30999999998008,0.9999999999999974
18132,181.31999999998007,0.9999999999999974
18133,181.32999999998006,0.9999999999999974
18134,181.33999999998005,0.9999999999999974
18135,181.34999999998004,0.9999999999999974
18136,181.35999999998003,0.9999999999999974
18137,181.36999999998002,0.9999999999999974
18138,181.37999999998001,0.9999999999999974
18139,181.38999999998,0.9999999999999974
18140,181.39999999998,0.9999999999999974
18141,181.40999999998,0.9999999999999974
18142,181.41999999997998,0.9999999999999974
18143,181.42999999997997,0.9999999999999974
18144,181.43999999997996,0.9999999999999974
18145,181.44999999997995,0.9999999999999974
18146,181.45999999997994,0.9999999999999974
18147,181.46999999997993,0.9999999999999974
18148,181.47999999997992,0.9999999999999974
18149,181.48999999997991,0.9999999999999976
18150,181.4999999999799,0.9999999999999976
18151,181.5099999999799,0.9999999999999976
18152,181.5199999999799,0.9999999999999976
18153,181.52999999997988,0.9999999999999976
18154,181.53999999997987,0.9999999999999976
18155,181.54999999997986,0.9999999999999976
18156,181.55999999997985,0.9999999999999976
18157,181.56999999997984,0.9999999999999976
18158,181.57999999997983,0.9999999999999976
18159,181.58999999997982,0.9999999999999976
18160,181.59999999997981,0.9999999999999976
18161,181.6099999999798,0.9999999999999976
18162,181.6199999999798,0.9999999999999976
18163,181.6299999999798,0.9999999999999976
18164,181.63999999997978,0.9999999999999976
18165,181.64999999997977,0.9999999999999976
18166,181.65999999997976,0.9999999999999976
18167,181.66999999997975,0.9999999999999976
18168,181.67999999997974,0.9999999999999976
18169,181.68999999997973,0.9999999999999976
18170,181.69999999997972,0.9999999999999976
18171,181.70999999997971,0.9999999999999976
18172,181.7199999999797,0.9999999999999976
18173,181.7299999999797,0.9999999999999976
18174,181.7399999999797,0.9999999999999976
18175,181.74999999997968,0.9999999999999976
18176,181.75999999997967,0.9999999999999976
18177,181.76999999997966,0.9999999999999976
18178,181.77999999997965,0.9999999999999976
18179,181.78999999997964,0.9999999999999976
18180,181.79999999997963,0.9999999999999976
18181,181.80999999997962,0.9999999999999976
18182,181.81999999997961,0.9999999999999977
18183,181.8299999999796,0.9999999999999977
18184,181.8399999999796,0.9999999999999977
18185,181.8499999999796,0.9999999999999977
18186,181.85999999997958,0.9999999999999977
18187,181.86999999997957,0.9999999999999977
18188,181.87999999997956,0.9999999999999977
18189,181.88999999997955,0.9999999999999977
18190,181.89999999997954,0.9999999999999977
18191,181.90999999997953,0.9999999999999977
18192,181.91999999997952,0.9999999999999977
18193,181.92999999997951,0.9999999999999977
18194,181.9399999999795,0.9999999999999977
18195,181.9499999999795,0.9999999999999977
18196,181.9599999999795,0.9999999999999977
18197,181.96999999997948,0.9999999999999977
18198,181.97999999997947,0.9999999999999977
18199,181.98999999997946,0.9999999999999977
18200,181.99999999997945,0.9999999999999977
18201,182.00999999997944,0.9999999999999977
18202,182.01999999997943,0.9999999999999977
18203,182.02999999997942,0.9999999999999977
18204,182.03999999997941,0.9999999999999977
18205,182.0499999999794,0.9999999999999977
18206,182.0599999999794,0.9999999999999977
18207,182.0699999999794,0.9999999999999977
18208,182.07999999997938,0.9999999999999977
18209,182.08999999997937,0.9999999999999977
18210,182.09999999997936,0.9999999999999977
18211,182.10999999997935,0.9999999999999977
18212,182.11999999997934,0.9999999999999977
18213,182.12999999997933,0.9999999999999977
18214,182.13999999997932,0.9999999999999977
18215,182.14999999997931,0.9999999999999977
18216,182.1599999999793,0.9999999999999978
18217,182.1699999999793,0.9999999999999978
18218,182.1799999999793,0.9999999999999978
18219,182.18999999997928,0.9999999999999978
18220,182.19999999997927,0.9999999999999978
18221,182.20999999997926,0.9999999999999978
18222,182.21999999997925,0.9999999999999978
18223,182.22999999997924,0.9999999999999978
18224,182.23999999997923,0.9999999999999978
18225,182.24999999997922,0.9999999999999978
18226,182.25999999997921,0.9999999999999978
18227,182.2699999999792,0.9999999999999978
18228,182.2799999999792,0.9999999999999978
18229,182.2899999999792,0.9999999999999978
18230,182.29999999997918,0.9999999999999978
18231,182.30999999997917,0.9999999999999978
18232,182.31999999997916,0.9999999999999978
