,sojourn_time,cdf
0,0.0,-0.0003464042643610554
1,0.01,0.0008548500219643929
2,0.02,0.00214099990852179
3,0.03,0.003510065705566112
4,0.04,0.004960101307579845
5,0.05,0.00648919368397638
6,0.060000000000000005,0.008095462377100904
7,0.07,0.009777059007481825
8,0.08,0.011532166786176745
9,0.09,0.013359000034154356
10,0.09999999999999999,0.01525580370859092
11,0.10999999999999999,0.017220852935995623
12,0.11999999999999998,0.019252452552061428
13,0.12999999999999998,0.021348936648155403
14,0.13999999999999999,0.023508668124353038
15,0.15,0.025730038248913734
16,0.16,0.02801146622413364
17,0.17,0.030351398758455272
18,0.18000000000000002,0.032748309644764384
19,0.19000000000000003,0.03520069934479464
20,0.20000000000000004,0.037707094579529254
21,0.21000000000000005,0.04026604792553756
22,0.22000000000000006,0.0428761374171559
23,0.23000000000000007,0.04553596615442901
24,0.24000000000000007,0.04824416191673686
25,0.25000000000000006,0.0509993767820166
26,0.26000000000000006,0.05380028675151327
27,0.2700000000000001,0.05664559137997638
28,0.2800000000000001,0.059534013411218
29,0.2900000000000001,0.062464298418978936
30,0.3000000000000001,0.06543521445299538
31,0.3100000000000001,0.06844555169023225
32,0.3200000000000001,0.07149412209117068
33,0.3300000000000001,0.07457975906111403
34,0.34000000000000014,0.07770131711641481
35,0.35000000000000014,0.08085767155556789
36,0.36000000000000015,0.08404771813510092
37,0.37000000000000016,0.08727037275018645
38,0.38000000000000017,0.09052457111991785
39,0.3900000000000002,0.09380926847717519
40,0.4000000000000002,0.09712343926302847
41,0.4100000000000002,0.10046607682559372
42,0.4200000000000002,0.10383619312331038
43,0.4300000000000002,0.10723281843254473
44,0.4400000000000002,0.11065500105947734
45,0.45000000000000023,0.11410180705620765
46,0.46000000000000024,0.11757231994102424
47,0.47000000000000025,0.12106564042277346
48,0.48000000000000026,0.12458088612926443
49,0.49000000000000027,0.12811719133967514
50,0.5000000000000002,0.13167370672086298
51,0.5100000000000002,0.1352495990675835
52,0.5200000000000002,0.1388440510464951
53,0.5300000000000002,0.14245626094395025
54,0.5400000000000003,0.14608544241749377
55,0.5500000000000003,0.14973082425101603
56,0.5600000000000003,0.15339165011351252
57,0.5700000000000003,0.15706717832141337
58,0.5800000000000003,0.16075668160440548
59,0.5900000000000003,0.16445944687471503
60,0.6000000000000003,0.16817477499979638
61,0.6100000000000003,0.1719019805783868
62,0.6200000000000003,0.17564039171986412
63,0.6300000000000003,0.1793893498268757
64,0.6400000000000003,0.18314820938117637
65,0.6500000000000004,0.1869163377326556
66,0.6600000000000004,0.190693114891469
67,0.6700000000000004,0.19447793332327756
68,0.6800000000000004,0.19827019774750565
69,0.6900000000000004,0.2020693249386093
70,0.7000000000000004,0.20587474353028934
71,0.7100000000000004,0.20968589382261693
72,0.7200000000000004,0.21350222759203707
73,0.7300000000000004,0.21732320790418924
74,0.7400000000000004,0.22114830892952642
75,0.7500000000000004,0.22497701576167872
76,0.7600000000000005,0.22880882423852533
77,0.7700000000000005,0.23264324076594767
78,0.7800000000000005,0.23647978214419818
79,0.7900000000000005,0.24031797539688327
80,0.8000000000000005,0.24415735760249446
81,0.8100000000000005,0.2479974757284602
82,0.8200000000000005,0.25183788646769445
83,0.8300000000000005,0.2556781560775788
84,0.8400000000000005,0.2595178602213807
85,0.8500000000000005,0.2633565838120343
86,0.8600000000000005,0.2671939208582794
87,0.8700000000000006,0.27102947431311053
88,0.8800000000000006,0.2748628559245041
89,0.8900000000000006,0.27869368608839484
90,0.9000000000000006,0.28252159370386987
91,0.9100000000000006,0.286346216030544
92,0.9200000000000006,0.2901671985480857
93,0.9300000000000006,0.2939841948178701
94,0.9400000000000006,0.29779686634671665
95,0.9500000000000006,0.30160488245268924
96,0.9600000000000006,0.3054079201329366
97,0.9700000000000006,0.30920566393351867
98,0.9800000000000006,0.31299780582122116
99,0.9900000000000007,0.3167840450573062
100,1.0000000000000007,0.3205640880731845
101,1.0100000000000007,0.32433764834797707
102,1.0200000000000007,0.32810444628793656
103,1.0300000000000007,0.33186420910770653
104,1.0400000000000007,0.3356166707133885
105,1.0500000000000007,0.33936157158739133
106,1.0600000000000007,0.3430986586750404
107,1.0700000000000007,0.34682768527292096
108,1.0800000000000007,0.3505484109189164
109,1.0900000000000007,0.3542606012839462
110,1.1000000000000008,0.3579640280653442
111,1.1100000000000008,0.36165846888189
112,1.1200000000000008,0.3653437071704311
113,1.1300000000000008,0.3690195320841082
114,1.1400000000000008,0.3726857383921347
115,1.1500000000000008,0.3763421263811224
116,1.1600000000000008,0.3799885017579243
117,1.1700000000000008,0.3836246755539765
118,1.1800000000000008,0.38725046403111496
119,1.1900000000000008,0.3908656885888451
120,1.2000000000000008,0.39447017567304365
121,1.2100000000000009,0.3980637566860792
122,1.2200000000000009,0.40164626789831315
123,1.2300000000000009,0.4052175503609844
124,1.2400000000000009,0.4087774498204382
125,1.2500000000000009,0.4123258166336816
126,1.260000000000001,0.4158625056852725
127,1.270000000000001,0.4193873763054702
128,1.280000000000001,0.42290029218969505
129,1.290000000000001,0.42640112131921226
130,1.300000000000001,0.42988973588307955
131,1.310000000000001,0.4333660122012968
132,1.320000000000001,0.43682983064916103
133,1.330000000000001,0.4402810755828189
134,1.340000000000001,0.4437196352659646
135,1.350000000000001,0.4471454017977037
136,1.360000000000001,0.4505582710415419
137,1.370000000000001,0.45395814255550015
138,1.380000000000001,0.4573449195233127
139,1.390000000000001,0.4607185086867276
140,1.400000000000001,0.46407882027886227
141,1.410000000000001,0.4674257679586197
142,1.420000000000001,0.4707592687461344
143,1.430000000000001,0.4740792429592504
144,1.440000000000001,0.4773856141509949
145,1.450000000000001,0.4806783090480462
146,1.460000000000001,0.4839572574901876
147,1.470000000000001,0.4872223923707154
148,1.480000000000001,0.4904736495777996
149,1.490000000000001,0.4937109679367746
150,1.500000000000001,0.49693428915335947
151,1.5100000000000011,0.500143557757781
152,1.5200000000000011,0.5033387210497842
153,1.5300000000000011,0.5065197290445387
154,1.5400000000000011,0.5096865344193994
155,1.5500000000000012,0.5128390924615289
156,1.5600000000000012,0.515977361016361
157,1.5700000000000012,0.5191013004368946
158,1.5800000000000012,0.5222108735338008
159,1.5900000000000012,0.5253060455263445
160,1.6000000000000012,0.5283867839940908
161,1.6100000000000012,0.5314530588293966
162,1.6200000000000012,0.5345048421906757
163,1.6300000000000012,0.5375421084564158
164,1.6400000000000012,0.5405648341799465
165,1.6500000000000012,0.5435729980449467
166,1.6600000000000013,0.5465665808216732
167,1.6700000000000013,0.5495455653239014
168,1.6800000000000013,0.5525099363665789
169,1.6900000000000013,0.5554596807241643
170,1.7000000000000013,0.5583947870896506
171,1.7100000000000013,0.5613152460342662
172,1.7200000000000013,0.5642210499678313
173,1.7300000000000013,0.5671121930997738
174,1.7400000000000013,0.5699886714007851
175,1.7500000000000013,0.5728504825651085
176,1.7600000000000013,0.5756976259734544
177,1.7700000000000014,0.5785301026565282
178,1.7800000000000014,0.5813479152591627
179,1.7900000000000014,0.5841510680050515
180,1.8000000000000014,0.586939566662062
181,1.8100000000000014,0.589713418508135
182,1.8200000000000014,0.5924726322977478
183,1.8300000000000014,0.5952172182289426
184,1.8400000000000014,0.5979471879109056
185,1.8500000000000014,0.6006625543320904
186,1.8600000000000014,0.60336333182888
187,1.8700000000000014,0.6060495360547722
188,1.8800000000000014,0.6087211839500908
189,1.8900000000000015,0.6113782937122041
190,1.9000000000000015,0.6140208847662512
191,1.9100000000000015,0.6166489777363635
192,1.9200000000000015,0.6192625944173757
193,1.9300000000000015,0.6218617577470196
194,1.9400000000000015,0.6244464917785907
195,1.9500000000000015,0.6270168216540808
196,1.9600000000000015,0.6295727735777792
197,1.9700000000000015,0.6321143747903153
198,1.9800000000000015,0.6346416535431549
199,1.9900000000000015,0.6371546390735345
200,2.0000000000000013,0.639653361579828
201,2.010000000000001,0.64213785219734
202,2.020000000000001,0.644608142974516
203,2.0300000000000007,0.6470642668495712
204,2.0400000000000005,0.6495062576275217
205,2.0500000000000003,0.6519341499576158
206,2.06,0.6543479793111661
207,2.07,0.6567477819597607
208,2.0799999999999996,0.6591335949538661
209,2.0899999999999994,0.6615054561017983
210,2.099999999999999,0.6638634039490723
211,2.109999999999999,0.6662074777581097
212,2.1199999999999988,0.6685377174883118
213,2.1299999999999986,0.6708541637764813
214,2.1399999999999983,0.6731568579175973
215,2.149999999999998,0.6754458418459282
216,2.159999999999998,0.6777211581164869
217,2.1699999999999977,0.6799828498868155
218,2.1799999999999975,0.6822309608990973
219,2.1899999999999973,0.6844655354625941
220,2.199999999999997,0.686686618436397
221,2.209999999999997,0.68889425521249
222,2.2199999999999966,0.6910884916991241
223,2.2299999999999964,0.6932693743044895
224,2.239999999999996,0.6954369499206885
225,2.249999999999996,0.6975912659080026
226,2.259999999999996,0.6997323700794427
227,2.2699999999999956,0.7018603106855918
228,2.2799999999999954,0.7039751363997198
229,2.289999999999995,0.7060768963031766
230,2.299999999999995,0.7081656398710563
231,2.3099999999999947,0.7102414169581296
232,2.3199999999999945,0.7123042777850328
233,2.3299999999999943,0.7143542729247223
234,2.339999999999994,0.7163914532891793
235,2.349999999999994,0.7184158701163645
236,2.3599999999999937,0.7204275749574209
237,2.3699999999999934,0.7224266196641174
238,2.3799999999999932,0.7244130563765327
239,2.389999999999993,0.7263869375109714
240,2.399999999999993,0.728348315748113
241,2.4099999999999926,0.7302972440213875
242,2.4199999999999924,0.7322337755055753
243,2.429999999999992,0.7341579636056264
244,2.439999999999992,0.7360698619456958
245,2.4499999999999917,0.7379695243583937
246,2.4599999999999915,0.7398570048742447
247,2.4699999999999913,0.7417323577113517
248,2.479999999999991,0.7435956372652657
249,2.489999999999991,0.7454468980990532
250,2.4999999999999907,0.7472861949335605
251,2.5099999999999905,0.7491135826378728
252,2.5199999999999902,0.7509291162199615
253,2.52999999999999,0.7527328508175206
254,2.53999999999999,0.7545248416889868
255,2.5499999999999896,0.7563051442047369
256,2.5599999999999894,0.7580738138384727
257,2.569999999999989,0.7598309061587701
258,2.579999999999989,0.7615764768208092
259,2.5899999999999888,0.7633105815582698
260,2.5999999999999885,0.7650332761753945
261,2.6099999999999883,0.7667446165392178
262,2.619999999999988,0.7684446585719537
263,2.629999999999988,0.7701334582435443
264,2.6399999999999877,0.7718110715643649
265,2.6499999999999875,0.7734775545780812
266,2.6599999999999873,0.7751329633546579
267,2.669999999999987,0.7767773539835174
268,2.679999999999987,0.7784107825668429
269,2.6899999999999866,0.7800333052130265
270,2.6999999999999864,0.7816449780302587
271,2.709999999999986,0.7832458571202553
272,2.719999999999986,0.7848359985721235
273,2.7299999999999858,0.786415458456361
274,2.7399999999999856,0.7879842928189866
275,2.7499999999999853,0.7895425576758027
276,2.759999999999985,0.7910903090067849
277,2.769999999999985,0.7926276027505962
278,2.7799999999999847,0.7941544947992254
279,2.7899999999999845,0.7956710409927492
280,2.7999999999999843,0.7971772971142091
281,2.809999999999984,0.7986733188846115
282,2.819999999999984,0.8001591619580368
283,2.8299999999999836,0.8016348819168692
284,2.8399999999999834,0.80310053426713
285,2.849999999999983,0.8045561744339295
286,2.859999999999983,0.8060018577570178
287,2.869999999999983,0.8074376394864493
288,2.8799999999999826,0.8088635747783461
289,2.8899999999999824,0.8102797186907652
290,2.899999999999982,0.811686126179669
291,2.909999999999982,0.8130828520949889
292,2.9199999999999817,0.8144699511767933
293,2.9299999999999815,0.8158474780515454
294,2.9399999999999813,0.8172154872284572
295,2.949999999999981,0.8185740330959352
296,2.959999999999981,0.8199231699181174
297,2.9699999999999807,0.8212629518314993
298,2.9799999999999804,0.8225934328416459
299,2.9899999999999802,0.8239146668199915
300,2.99999999999998,0.8252267075007234
301,3.00999999999998,0.8265296084777479
302,3.0199999999999796,0.8278234232017392
303,3.0299999999999794,0.8291082049772668
304,3.039999999999979,0.8303840069600026
305,3.049999999999979,0.8316508821540056
306,3.0599999999999787,0.8329088834090811
307,3.0699999999999785,0.8341580634182153
308,3.0799999999999783,0.8353984747150845
309,3.089999999999978,0.8366301696716335
310,3.099999999999978,0.8378532004957262
311,3.1099999999999777,0.839067619228866
312,3.1199999999999775,0.8402734777439838
313,3.1299999999999772,0.841470827743291
314,3.139999999999977,0.8426597207562029
315,3.149999999999977,0.8438402081373215
316,3.1599999999999766,0.8450123410644842
317,3.1699999999999764,0.8461761705368748
318,3.179999999999976,0.8473317473731945
319,3.189999999999976,0.848479122209894
320,3.1999999999999758,0.8496183454994619
321,3.2099999999999755,0.8507494675087752
322,3.2199999999999753,0.8518725383175022
323,3.229999999999975,0.8529876078165621
324,3.239999999999975,0.8540947257066421
325,3.2499999999999747,0.8551939414967633
326,3.2599999999999745,0.8562853045029029
327,3.2699999999999743,0.8573688638466668
328,3.279999999999974,0.8584446684540106
329,3.289999999999974,0.8595127670540155
330,3.2999999999999736,0.8605732081777075
331,3.3099999999999734,0.8616260401569266
332,3.319999999999973,0.8626713111232442
333,3.329999999999973,0.8637090690069236
334,3.3399999999999728,0.8647393615359281
335,3.3499999999999726,0.8657622362349715
336,3.3599999999999723,0.866777740424614
337,3.369999999999972,0.8677859212203987
338,3.379999999999972,0.8687868255320306
339,3.3899999999999717,0.8697805000625967
340,3.3999999999999715,0.8707669913078253
341,3.4099999999999713,0.8717463455553867
342,3.419999999999971,0.8727186088842296
343,3.429999999999971,0.8736838271639574
344,3.4399999999999706,0.8746420460542406
345,3.4499999999999704,0.8755933110042659
346,3.45999999999997,0.8765376672522204
347,3.46999999999997,0.8774751598248112
348,3.47999999999997,0.8784058335368184
349,3.4899999999999696,0.8793297329906832
350,3.4999999999999694,0.880246902576126
351,3.509999999999969,0.8811573864697995
352,3.519999999999969,0.8820612286349707
353,3.5299999999999687,0.8829584728212365
354,3.5399999999999685,0.8838491625642668
355,3.5499999999999683,0.8847333411855787
356,3.559999999999968,0.8856110517923391
357,3.569999999999968,0.8864823372771955
358,3.5799999999999677,0.8873472403181356
359,3.5899999999999674,0.8882058033783717
360,3.5999999999999672,0.8890580687062549
361,3.609999999999967,0.8899040783352118
362,3.619999999999967,0.8907438740837097
363,3.6299999999999666,0.891577497555245
364,3.6399999999999664,0.8924049901383555
365,3.649999999999966,0.893226393006659
366,3.659999999999966,0.8940417471189117
367,3.6699999999999657,0.8948510932190931
368,3.6799999999999655,0.8956544718365095
369,3.6899999999999653,0.8964519232859218
370,3.699999999999965,0.8972434876676951
371,3.709999999999965,0.8980292048679657
372,3.7199999999999647,0.8988091145588325
373,3.7299999999999645,0.8995832561985657
374,3.7399999999999642,0.9003516690318356
375,3.749999999999964,0.9011143920899608
376,3.759999999999964,0.9018714641911744
377,3.7699999999999636,0.9026229239409089
378,3.7799999999999634,0.9033688097320982
379,3.789999999999963,0.9041091597454967
380,3.799999999999963,0.9048440119500161
381,3.8099999999999627,0.9055734041030783
382,3.8199999999999625,0.9062973737509846
383,3.8299999999999623,0.9070159582292987
384,3.839999999999962,0.9077291946632484
385,3.849999999999962,0.9084371199681395
386,3.8599999999999617,0.9091397708497844
387,3.8699999999999615,0.9098371838049473
388,3.8799999999999613,0.9105293951217989
389,3.889999999999961,0.9112164408803907
390,3.899999999999961,0.9118983569531347
391,3.9099999999999606,0.9125751790053035
392,3.9199999999999604,0.9132469424955375
393,3.92999999999996,0.9139136826763666
394,3.93999999999996,0.9145754345947431
395,3.9499999999999598,0.9152322330925865
396,3.9599999999999596,0.9158841128073385
397,3.9699999999999593,0.9165311081725306
398,3.979999999999959,0.9171732534183596
399,3.989999999999959,0.9178105825722771
400,3.9999999999999587,0.9184431294595842
401,4.009999999999959,0.919070927704041
402,4.019999999999959,0.9196940107284814
403,4.0299999999999585,0.9203124117554399
404,4.039999999999958,0.9209261638077851
405,4.049999999999958,0.9215352997093633
406,4.059999999999958,0.9221398520856499
407,4.069999999999958,0.9227398533644089
408,4.079999999999957,0.9233353357763604
409,4.089999999999957,0.9239263313558559
410,4.099999999999957,0.9245128719415593
411,4.109999999999957,0.9250949891771387
412,4.119999999999957,0.9256727145119606
413,4.129999999999956,0.926246079201795
414,4.139999999999956,0.9268151143095221
415,4.149999999999956,0.9273798507058514
416,4.159999999999956,0.9279403190700408
417,4.1699999999999555,0.9284965498906258
418,4.179999999999955,0.9290485734661516
419,4.189999999999955,0.9295964199059117
420,4.199999999999955,0.9301401191306926
421,4.209999999999955,0.930679700873521
422,4.2199999999999545,0.9312151946804187
423,4.229999999999954,0.9317466299111594
424,4.239999999999954,0.9322740357400323
425,4.249999999999954,0.9327974411566082
426,4.259999999999954,0.9333168749665107
427,4.269999999999953,0.93383236579219
428,4.279999999999953,0.9343439420737031
429,4.289999999999953,0.9348516320694938
430,4.299999999999953,0.9353554638571794
431,4.3099999999999525,0.9358554653343385
432,4.319999999999952,0.9363516642193033
433,4.329999999999952,0.9368440880519533
434,4.339999999999952,0.9373327641945135
435,4.349999999999952,0.9378177198323534
436,4.3599999999999515,0.9382989819747901
437,4.369999999999951,0.9387765774558928
438,4.379999999999951,0.9392505329352889
439,4.389999999999951,0.9397208748989745
440,4.399999999999951,0.9401876296601229
441,4.40999999999995,0.9406508233598994
442,4.41999999999995,0.9411104819682742
443,4.42999999999995,0.9415666312848383
444,4.43999999999995,0.9420192969396208
445,4.4499999999999496,0.9424685043939071
446,4.459999999999949,0.9429142789410583
447,4.469999999999949,0.943356645707332
448,4.479999999999949,0.9437956296527036
449,4.489999999999949,0.9442312555716884
450,4.4999999999999485,0.9446635480941649
451,4.509999999999948,0.9450925316861976
452,4.519999999999948,0.9455182306508622
453,4.529999999999948,0.9459406691290684
454,4.539999999999948,0.946359871100386
455,4.549999999999947,0.946775860383869
456,4.559999999999947,0.9471886606388802
457,4.569999999999947,0.9475982953659172
458,4.579999999999947,0.9480047879074357
459,4.589999999999947,0.9484081614486756
460,4.599999999999946,0.9488084390184839
461,4.609999999999946,0.9492056434901398
462,4.619999999999946,0.9495997975821774
463,4.629999999999946,0.9499909238592086
464,4.6399999999999455,0.9503790447327463
465,4.649999999999945,0.950764182462025
466,4.659999999999945,0.951146359154822
467,4.669999999999945,0.9515255967682779
468,4.679999999999945,0.9519019171097142
469,4.689999999999944,0.9522753418374532
470,4.699999999999944,0.9526458924616339
471,4.709999999999944,0.9530135903450279
472,4.719999999999944,0.9533784567038539
473,4.729999999999944,0.9537405126085924
474,4.739999999999943,0.9540997789847956
475,4.749999999999943,0.9544562766139
476,4.759999999999943,0.9548100261340343
477,4.769999999999943,0.9551610480408278
478,4.7799999999999425,0.9555093626882163
479,4.789999999999942,0.9558549902892465
480,4.799999999999942,0.9561979509168785
481,4.809999999999942,0.9565382645047881
482,4.819999999999942,0.956875950848164
483,4.8299999999999415,0.9572110296045075
484,4.839999999999941,0.9575435202944261
485,4.849999999999941,0.9578734423024283
486,4.859999999999941,0.9582008148777149
487,4.869999999999941,0.9585256571349682
488,4.87999999999994,0.9588479880551399
489,4.88999999999994,0.9591678264862363
490,4.89999999999994,0.959485191144102
491,4.90999999999994,0.9598001006131999
492,4.9199999999999395,0.9601125733473908
493,4.929999999999939,0.9604226276707095
494,4.939999999999939,0.9607302817781394
495,4.949999999999939,0.9610355537363837
496,4.959999999999939,0.9613384614846354
497,4.9699999999999385,0.9616390228353436
498,4.979999999999938,0.9619372554749787
499,4.989999999999938,0.962233176964794
500,4.999999999999938,0.9625268047415856
501,5.009999999999938,0.9628181561184488
502,5.019999999999937,0.9631072482855327
503,5.029999999999937,0.9633940983107929
504,5.039999999999937,0.9636787231407387
505,5.049999999999937,0.9639611396011809
506,5.0599999999999365,0.9642413643979756
507,5.069999999999936,0.9645194141177645
508,5.079999999999936,0.964795305228714
509,5.089999999999936,0.9650690540812498
510,5.099999999999936,0.9653406769087903
511,5.1099999999999355,0.9656101898284766
512,5.119999999999935,0.965877608841899
513,5.129999999999935,0.966142949835822
514,5.139999999999935,0.966406228582905
515,5.149999999999935,0.966667460742421
516,5.159999999999934,0.9669266618609724
517,5.169999999999934,0.9671838473732035
518,5.179999999999934,0.96743903260251
519,5.189999999999934,0.9676922327617459
520,5.199999999999934,0.9679434629539276
521,5.209999999999933,0.9681927381729342
522,5.219999999999933,0.9684400733042052
523,5.229999999999933,0.9686854831254362
524,5.239999999999933,0.9689289823072693
525,5.2499999999999325,0.9691705854139832
526,5.259999999999932,0.9694103069041774
527,5.269999999999932,0.9696481611314562
528,5.279999999999932,0.9698841623451073
529,5.289999999999932,0.9701183246907785
530,5.299999999999931,0.9703506622111513
531,5.309999999999931,0.9705811888466105
532,5.319999999999931,0.9708099184359122
533,5.329999999999931,0.9710368647168472
534,5.339999999999931,0.9712620413269025
535,5.34999999999993,0.971485461803918
536,5.35999999999993,0.9717071395867427
537,5.36999999999993,0.9719270880158848
538,5.37999999999993,0.9721453203341608
539,5.3899999999999295,0.9723618496873407
540,5.399999999999929,0.97257668912479
541,5.409999999999929,0.9727898516001083
542,5.419999999999929,0.9730013499717657
543,5.429999999999929,0.9732111970037345
544,5.4399999999999284,0.9734194053661197
545,5.449999999999928,0.9736259876357845
546,5.459999999999928,0.9738309562969732
547,5.469999999999928,0.9740343237419322
548,5.479999999999928,0.9742361022715258
549,5.489999999999927,0.9744363040958497
550,5.499999999999927,0.9746349413348424
551,5.509999999999927,0.9748320260188915
552,5.519999999999927,0.9750275700894382
553,5.5299999999999265,0.9752215853995778
554,5.539999999999926,0.9754140837146583
555,5.549999999999926,0.975605076712874
556,5.559999999999926,0.9757945759858574
557,5.569999999999926,0.9759825930392675
558,5.5799999999999255,0.9761691392933748
559,5.589999999999925,0.9763542260836431
560,5.599999999999925,0.9765378646613083
561,5.609999999999925,0.9767200661939544
562,5.619999999999925,0.9769008417660855
563,5.629999999999924,0.9770802023796956
564,5.639999999999924,0.9772581589548343
565,5.649999999999924,0.9774347223301704
566,5.659999999999924,0.9776099032635513
567,5.6699999999999235,0.9777837124325607
568,5.679999999999923,0.9779561604350712
569,5.689999999999923,0.9781272577897956
570,5.699999999999923,0.9782970149368346
571,5.709999999999923,0.9784654422382204
572,5.7199999999999225,0.9786325499784587
573,5.729999999999922,0.9787983483650666
574,5.739999999999922,0.9789628475291079
575,5.749999999999922,0.9791260575257249
576,5.759999999999922,0.9792879883346677
577,5.769999999999921,0.9794486498608199
578,5.779999999999921,0.9796080519347218
579,5.789999999999921,0.9797662043130898
580,5.799999999999921,0.9799231166793335
581,5.809999999999921,0.9800787986440694
582,5.81999999999992,0.9802332597456318
583,5.82999999999992,0.98038650945058
584,5.83999999999992,0.980538557154204
585,5.84999999999992,0.9806894121810253
586,5.8599999999999195,0.9808390837852962
587,5.869999999999919,0.9809875811514953
588,5.879999999999919,0.9811349133948206
589,5.889999999999919,0.981281089561679
590,5.899999999999919,0.9814261186301736
591,5.909999999999918,0.9815700095105873
592,5.919999999999918,0.981712771045864
593,5.929999999999918,0.9818544120120868
594,5.939999999999918,0.981994941118953
595,5.949999999999918,0.9821343670102467
596,5.959999999999917,0.9822726982643075
597,5.969999999999917,0.982409943394498
598,5.979999999999917,0.982546110849667
599,5.989999999999917,0.98268120901461
600,5.9999999999999165,0.9828152462105273
601,6.009999999999916,0.9829482306954797
602,6.019999999999916,0.9830801706648398
603,6.029999999999916,0.9832110742517421
604,6.039999999999916,0.98334094952753
605,6.0499999999999154,0.9834698045021985
606,6.059999999999915,0.9835976471248359
607,6.069999999999915,0.9837244852840624
608,6.079999999999915,0.9838503268084655
609,6.089999999999915,0.9839751794670321
610,6.099999999999914,0.9840990509695794
611,6.109999999999914,0.9842219489671817
612,6.119999999999914,0.9843438810525952
613,6.129999999999914,0.9844648547606797
614,6.1399999999999135,0.9845848775688181
615,6.149999999999913,0.9847039568973324
616,6.159999999999913,0.984822100109898
617,6.169999999999913,0.9849393145139547
618,6.179999999999913,0.985055607361115
619,6.1899999999999125,0.9851709858475705
620,6.199999999999912,0.9852854571144944
621,6.209999999999912,0.9853990282484432
622,6.219999999999912,0.9855117062817533
623,6.229999999999912,0.9856234981929379
624,6.239999999999911,0.985734410907079
625,6.249999999999911,0.9858444512962179
626,6.259999999999911,0.9859536261797429
627,6.269999999999911,0.9860619423247748
628,6.2799999999999105,0.9861694064465493
629,6.28999999999991,0.986276025208797
630,6.29999999999991,0.9863818052241216
631,6.30999999999991,0.9864867530543744
632,6.31999999999991,0.9865908752110277
633,6.3299999999999095,0.9866941781555443
634,6.339999999999909,0.9867966682997457
635,6.349999999999909,0.9868983520061771
636,6.359999999999909,0.9869992355884709
637,6.369999999999909,0.9870993253117062
638,6.379999999999908,0.9871986273927674
639,6.389999999999908,0.9872971480007001
640,6.399999999999908,0.9873948932570638
641,6.409999999999908,0.987491869236283
642,6.419999999999908,0.9875880819659958
643,6.429999999999907,0.9876835374274002
644,6.439999999999907,0.9877782415555977
645,6.449999999999907,0.9878722002399347
646,6.459999999999907,0.9879654193243421
647,6.4699999999999065,0.9880579046076722
648,6.479999999999906,0.9881496618440327
649,6.489999999999906,0.98824069674312
650,6.499999999999906,0.9883310149705484
651,6.509999999999906,0.9884206221481785
652,6.519999999999905,0.9885095238544427
653,6.529999999999905,0.9885977256246683
654,6.539999999999905,0.988685232951399
655,6.549999999999905,0.9887720512847137
656,6.559999999999905,0.9888581860325432
657,6.569999999999904,0.9889436425609849
658,6.579999999999904,0.9890284261946153
659,6.589999999999904,0.9891125422168001
660,6.599999999999904,0.9891959958700024
661,6.6099999999999035,0.9892787923560885
662,6.619999999999903,0.9893609368366324
663,6.629999999999903,0.9894424344332167
664,6.639999999999903,0.989523290227733
665,6.649999999999903,0.9896035092626793
666,6.659999999999902,0.9896830965414551
667,6.669999999999902,0.9897620570286558
668,6.679999999999902,0.989840395650363
669,6.689999999999902,0.9899181172944348
670,6.699999999999902,0.9899952268107927
671,6.709999999999901,0.9900717290117071
672,6.719999999999901,0.9901476286720808
673,6.729999999999901,0.9902229305297301
674,6.739999999999901,0.9902976392856642
675,6.7499999999999005,0.990371759604363
676,6.7599999999999,0.9904452961140521
677,6.7699999999999,0.9905182534069766
678,6.7799999999999,0.990590636039673
679,6.7899999999999,0.990662448533238
680,6.7999999999998995,0.9907336953735976
681,6.809999999999899,0.9908043810117716
682,6.819999999999899,0.9908745098641385
683,6.829999999999899,0.9909440863126974
684,6.839999999999899,0.9910131147053283
685,6.849999999999898,0.9910815993560503
686,6.859999999999898,0.9911495445452788
687,6.869999999999898,0.9912169545200793
688,6.879999999999898,0.9912838334944213
689,6.8899999999998975,0.9913501856494287
690,6.899999999999897,0.9914160151336298
691,6.909999999999897,0.991481326063204
692,6.919999999999897,0.9915461225222288
693,6.929999999999897,0.9916104085629226
694,6.9399999999998965,0.9916741882058877
695,6.949999999999896,0.9917374654403507
696,6.959999999999896,0.991800244224401
697,6.969999999999896,0.9918625284852287
698,6.979999999999896,0.991924322119359
699,6.989999999999895,0.9919856289928864
700,6.999999999999895,0.9920464529417068
701,7.009999999999895,0.9921067977717477
702,7.019999999999895,0.9921666672591966
703,7.0299999999998946,0.9922260651507285
704,7.039999999999894,0.9922849951637309
705,7.049999999999894,0.992343460986528
706,7.059999999999894,0.9924014662786022
707,7.069999999999894,0.9924590146708147
708,7.0799999999998935,0.9925161097656252
709,7.089999999999893,0.9925727551373081
710,7.099999999999893,0.9926289543321694
711,7.109999999999893,0.9926847108687593
712,7.119999999999893,0.9927400282380867
713,7.129999999999892,0.9927949099038286
714,7.139999999999892,0.9928493593025407
715,7.149999999999892,0.9929033798438648
716,7.159999999999892,0.9929569749107354
717,7.169999999999892,0.993010147859585
718,7.179999999999891,0.993062902020547
719,7.189999999999891,0.993115240697658
720,7.199999999999891,0.9931671671690582
721,7.209999999999891,0.9932186846871903
722,7.2199999999998905,0.9932697964789974
723,7.22999999999989,0.9933205057461189
724,7.23999999999989,0.9933708156650846
725,7.24999999999989,0.9934207293875091
726,7.25999999999989,0.9934702500402827
727,7.269999999999889,0.9935193807257618
728,7.279999999999889,0.9935681245219586
729,7.289999999999889,0.9936164844827278
730,7.299999999999889,0.9936644636379532
731,7.309999999999889,0.993712064993733
732,7.319999999999888,0.9937592915325623
733,7.329999999999888,0.9938061462135159
734,7.339999999999888,0.993852631972429
735,7.349999999999888,0.9938987517220763
736,7.3599999999998875,0.9939445083523504
737,7.369999999999887,0.993989904730438
738,7.379999999999887,0.9940349437009965
739,7.389999999999887,0.994079628086327
740,7.399999999999887,0.9941239606865475
741,7.4099999999998865,0.9941679442797647
742,7.419999999999886,0.9942115816222442
743,7.429999999999886,0.9942548754485793
744,7.439999999999886,0.9942978284718589
745,7.449999999999886,0.9943404433838343
746,7.459999999999885,0.994382722855084
747,7.469999999999885,0.9944246695351778
748,7.479999999999885,0.9944662860528402
749,7.489999999999885,0.9945075750161109
750,7.4999999999998845,0.9945485390125063
751,7.509999999999884,0.9945891806091781
752,7.519999999999884,0.9946295023530713
753,7.529999999999884,0.9946695067710812
754,7.539999999999884,0.9947091963702088
755,7.5499999999998835,0.9947485736377155
756,7.559999999999883,0.9947876410412763
757,7.569999999999883,0.9948264010291317
758,7.579999999999883,0.9948648560302393
759,7.589999999999883,0.9949030084544233
760,7.599999999999882,0.9949408606925229
761,7.609999999999882,0.9949784151165406
762,7.619999999999882,0.9950156740797886
763,7.629999999999882,0.9950526399170336
764,7.6399999999998816,0.9950893149446419
765,7.649999999999881,0.995125701460722
766,7.659999999999881,0.9951618017452671
767,7.669999999999881,0.9951976180602962
768,7.679999999999881,0.9952331526499937
769,7.6899999999998805,0.9952684077408491
770,7.69999999999988,0.9953033855417941
771,7.70999999999988,0.9953380882443397
772,7.71999999999988,0.9953725180227124
773,7.72999999999988,0.9954066770339887
774,7.739999999999879,0.9954405674182284
775,7.749999999999879,0.9954741912986085
776,7.759999999999879,0.9955075507815536
777,7.769999999999879,0.9955406479568679
778,7.779999999999879,0.995573484897864
779,7.789999999999878,0.9956060636614921
780,7.799999999999878,0.9956383862884678
781,7.809999999999878,0.9956704548033988
782,7.819999999999878,0.9957022712149108
783,7.8299999999998775,0.9957338375157725
784,7.839999999999877,0.9957651556830194
785,7.849999999999877,0.9957962276780766
786,7.859999999999877,0.9958270554468815
787,7.869999999999877,0.9958576409200044
788,7.879999999999876,0.9958879860127688
789,7.889999999999876,0.9959180926253709
790,7.899999999999876,0.9959479626429976
791,7.909999999999876,0.9959775979359444
792,7.919999999999876,0.996007000359732
793,7.929999999999875,0.9960361717552212
794,7.939999999999875,0.996065113948729
795,7.949999999999875,0.9960938287521413
796,7.959999999999875,0.9961223179630267
797,7.9699999999998745,0.9961505833647487
798,7.979999999999874,0.9961786267265763
799,7.989999999999874,0.9962064498037955
800,7.999999999999874,0.9962340543378181
801,8.009999999999874,0.9962614420562909
802,8.019999999999873,0.9962886146732037
803,8.029999999999873,0.9963155738889963
804,8.039999999999873,0.9963423213906646
805,8.049999999999873,0.9963688588518664
806,8.059999999999873,0.9963951879330263
807,8.069999999999872,0.9964213102814389
808,8.079999999999872,0.9964472275313723
809,8.089999999999872,0.9964729413041704
810,8.099999999999872,0.9964984532083545
811,8.109999999999872,0.9965237648397236
812,8.119999999999871,0.9965488777814546
813,8.129999999999871,0.9965737936042017
814,8.139999999999871,0.9965985138661944
815,8.14999999999987,0.9966230401133354
816,8.15999999999987,0.9966473738792972
817,8.16999999999987,0.9966715166856189
818,8.17999999999987,0.9966954700418009
819,8.18999999999987,0.9967192354454001
820,8.19999999999987,0.9967428143821231
821,8.20999999999987,0.9967662083259206
822,8.21999999999987,0.9967894187390787
823,8.229999999999869,0.9968124470723114
824,8.239999999999869,0.9968352947648516
825,8.249999999999869,0.9968579632445411
826,8.259999999999868,0.9968804539279207
827,8.269999999999868,0.996902768220319
828,8.279999999999868,0.9969249075159404
829,8.289999999999868,0.9969468731979534
830,8.299999999999867,0.9969686666385769
831,8.309999999999867,0.9969902891991665
832,8.319999999999867,0.9970117422303006
833,8.329999999999867,0.9970330270718649
834,8.339999999999867,0.9970541450531364
835,8.349999999999866,0.9970750974928677
836,8.359999999999866,0.9970958856993696
837,8.369999999999866,0.9971165109705931
838,8.379999999999866,0.9971369745942117
839,8.389999999999866,0.997157277847702
840,8.399999999999865,0.9971774219984245
841,8.409999999999865,0.9971974083037028
842,8.419999999999865,0.9972172380109035
843,8.429999999999865,0.9972369123575139
844,8.439999999999864,0.9972564325712207
845,8.449999999999864,0.9972757998699872
846,8.459999999999864,0.9972950154621296
847,8.469999999999864,0.9973140805463937
848,8.479999999999864,0.9973329963120299
849,8.489999999999863,0.9973517639388686
850,8.499999999999863,0.9973703845973945
851,8.509999999999863,0.99738885944882
852,8.519999999999863,0.9974071896451591
853,8.529999999999863,0.9974253763292994
854,8.539999999999862,0.9974434206350745
855,8.549999999999862,0.9974613236873356
856,8.559999999999862,0.9974790866020224
857,8.569999999999862,0.9974967104862331
858,8.579999999999862,0.9975141964382951
859,8.589999999999861,0.9975315455478333
860,8.599999999999861,0.9975487588958399
861,8.60999999999986,0.9975658375547418
862,8.61999999999986,0.9975827825884689
863,8.62999999999986,0.9975995950525208
864,8.63999999999986,0.9976162759940338
865,8.64999999999986,0.9976328264518469
866,8.65999999999986,0.9976492474565674
867,8.66999999999986,0.9976655400306358
868,8.67999999999986,0.997681705188391
869,8.68999999999986,0.9976977439361338
870,8.699999999999859,0.9977136572721906
871,8.709999999999859,0.9977294461869767
872,8.719999999999859,0.9977451116630586
873,8.729999999999858,0.9977606546752165
874,8.739999999999858,0.9977760761905052
875,8.749999999999858,0.9977913771683165
876,8.759999999999858,0.9978065585604381
877,8.769999999999857,0.9978216213111154
878,8.779999999999857,0.9978365663571105
879,8.789999999999857,0.9978513946277612
880,8.799999999999857,0.9978661070450402
881,8.809999999999857,0.9978807045236133
882,8.819999999999856,0.9978951879708974
883,8.829999999999856,0.9979095582871172
884,8.839999999999856,0.9979238163653634
885,8.849999999999856,0.9979379630916481
886,8.859999999999856,0.9979519993449609
887,8.869999999999855,0.9979659259973257
888,8.879999999999855,0.9979797439138545
889,8.889999999999855,0.9979934539528027
890,8.899999999999855,0.9980070569656238
891,8.909999999999854,0.9980205537970225
892,8.919999999999854,0.998033945285009
893,8.929999999999854,0.9980472322609514
894,8.939999999999854,0.9980604155496285
895,8.949999999999854,0.9980734959692824
896,8.959999999999853,0.9980864743316699
897,8.969999999999853,0.9980993514421139
898,8.979999999999853,0.9981121280995546
899,8.989999999999853,0.9981248050966001
900,8.999999999999853,0.9981373832195762
901,9.009999999999852,0.998149863248577
902,9.019999999999852,0.9981622459575135
903,9.029999999999852,0.9981745321141628
904,9.039999999999852,0.9981867224802173
905,9.049999999999851,0.9981988178113322
906,9.059999999999851,0.9982108188571739
907,9.069999999999851,0.9982227263614671
908,9.07999999999985,0.9982345410620423
909,9.08999999999985,0.9982462636908824
910,9.09999999999985,0.998257894974169
911,9.10999999999985,0.9982694356323282
912,9.11999999999985,0.998280886380077
913,9.12999999999985,0.9982922479264679
914,9.13999999999985,0.9983035209749339
915,9.14999999999985,0.9983147062233335
916,9.15999999999985,0.9983258043639945
917,9.169999999999849,0.9983368160837581
918,9.179999999999849,0.9983477420640224
919,9.189999999999849,0.9983585829807856
920,9.199999999999848,0.9983693395046886
921,9.209999999999848,0.9983800123010582
922,9.219999999999848,0.9983906020299482
923,9.229999999999848,0.9984011093461824
924,9.239999999999847,0.9984115348993953
925,9.249999999999847,0.9984218793340736
926,9.259999999999847,0.9984321432895968
927,9.269999999999847,0.9984423274002785
928,9.279999999999847,0.9984524322954055
929,9.289999999999846,0.9984624585992785
930,9.299999999999846,0.9984724069312516
931,9.309999999999846,0.998482277905771
932,9.319999999999846,0.998492072132415
933,9.329999999999846,0.9985017902159312
934,9.339999999999845,0.9985114327562765
935,9.349999999999845,0.9985210003486539
936,9.359999999999845,0.9985304935835505
937,9.369999999999845,0.9985399130467756
938,9.379999999999844,0.998549259319497
939,9.389999999999844,0.9985585329782782
940,9.399999999999844,0.9985677345951152
941,9.409999999999844,0.9985768647374722
942,9.419999999999844,0.9985859239683184
943,9.429999999999843,0.9985949128461628
944,9.439999999999843,0.9986038319250901
945,9.449999999999843,0.998612681754796
946,9.459999999999843,0.9986214628806218
947,9.469999999999843,0.9986301758435888
948,9.479999999999842,0.9986388211804332
949,9.489999999999842,0.9986473994236393
950,9.499999999999842,0.9986559111014743
951,9.509999999999842,0.9986643567380208
952,9.519999999999841,0.9986727368532105
953,9.529999999999841,0.9986810519628575
954,9.539999999999841,0.9986893025786904
955,9.54999999999984,0.998697489208385
956,9.55999999999984,0.9987056123555965
957,9.56999999999984,0.9987136725199917
958,9.57999999999984,0.99872167019728
959,9.58999999999984,0.9987296058792456
960,9.59999999999984,0.9987374800537785
961,9.60999999999984,0.9987452932049047
962,9.61999999999984,0.998753045812818
963,9.62999999999984,0.9987607383539098
964,9.639999999999839,0.9987683713007993
965,9.649999999999839,0.9987759451223637
966,9.659999999999838,0.998783460283768
967,9.669999999999838,0.998790917246494
968,9.679999999999838,0.9987983164683703
969,9.689999999999838,0.9988056584036005
970,9.699999999999838,0.9988129435027926
971,9.709999999999837,0.9988201722129876
972,9.719999999999837,0.9988273449776874
973,9.729999999999837,0.9988344622368831
974,9.739999999999837,0.9988415244270832
975,9.749999999999837,0.9988485319813407
976,9.759999999999836,0.9988554853292811
977,9.769999999999836,0.9988623848971294
978,9.779999999999836,0.998869231107737
979,9.789999999999836,0.9988760243806087
980,9.799999999999836,0.9988827651319293
981,9.809999999999835,0.9988894537745899
982,9.819999999999835,0.9988960907182138
983,9.829999999999835,0.9989026763691832
984,9.839999999999835,0.998909211130664
985,9.849999999999834,0.9989156954026324
986,9.859999999999834,0.9989221295818991
987,9.869999999999834,0.9989285140621355
988,9.879999999999834,0.998934849233898
989,9.889999999999834,0.998941135484653
990,9.899999999999833,0.9989473731988016
991,9.909999999999833,0.9989535627577031
992,9.919999999999833,0.9989597045397006
993,9.929999999999833,0.9989657989201438
994,9.939999999999833,0.9989718462714132
995,9.949999999999832,0.9989778469629438
996,9.959999999999832,0.9989838013612482
997,9.969999999999832,0.99898970982994
998,9.979999999999832,0.998995572729757
999,9.989999999999831,0.9990013904185838
1000,9.999999999999831,0.9990071632514747
1001,10.009999999999831,0.9990128915806754
1002,10.01999999999983,0.9990185757556469
1003,10.02999999999983,0.9990242161230861
1004,10.03999999999983,0.9990298130269484
1005,10.04999999999983,0.9990353668084694
1006,10.05999999999983,0.9990408778061868
1007,10.06999999999983,0.9990463463559612
1008,10.07999999999983,0.9990517727909982
1009,10.08999999999983,0.9990571574418686
1010,10.09999999999983,0.99906250063653
1011,10.109999999999829,0.9990678027003471
1012,10.119999999999829,0.999073063956113
1013,10.129999999999828,0.9990782847240687
1014,10.139999999999828,0.9990834653219239
1015,10.149999999999828,0.9990886060648774
1016,10.159999999999828,0.9990937072656362
1017,10.169999999999828,0.9990987692344362
1018,10.179999999999827,0.9991037922790613
1019,10.189999999999827,0.9991087767048629
1020,10.199999999999827,0.9991137228147794
1021,10.209999999999827,0.9991186309093554
1022,10.219999999999827,0.9991235012867603
1023,10.229999999999826,0.9991283342428078
1024,10.239999999999826,0.9991331300709743
1025,10.249999999999826,0.9991378890624172
1026,10.259999999999826,0.9991426115059937
1027,10.269999999999825,0.999147297688279
1028,10.279999999999825,0.9991519478935845
1029,10.289999999999825,0.9991565624039754
1030,10.299999999999825,0.9991611414992889
1031,10.309999999999825,0.9991656854571519
1032,10.319999999999824,0.9991701945529982
1033,10.329999999999824,0.9991746690600865
1034,10.339999999999824,0.9991791092495169
1035,10.349999999999824,0.9991835153902492
1036,10.359999999999824,0.9991878877491184
1037,10.369999999999823,0.9991922265908529
1038,10.379999999999823,0.9991965321780905
1039,10.389999999999823,0.9992008047713951
1040,10.399999999999823,0.9992050446292735
1041,10.409999999999823,0.9992092520081912
1042,10.419999999999822,0.9992134271625893
1043,10.429999999999822,0.9992175703448998
1044,10.439999999999822,0.9992216818055621
1045,10.449999999999822,0.9992257617930389
1046,10.459999999999821,0.9992298105538311
1047,10.469999999999821,0.9992338283324944
1048,10.479999999999821,0.9992378153716542
1049,10.48999999999982,0.9992417719120208
1050,10.49999999999982,0.999245698192405
1051,10.50999999999982,0.9992495944497329
1052,10.51999999999982,0.9992534609190611
1053,10.52999999999982,0.9992572978335911
1054,10.53999999999982,0.9992611054246845
1055,10.54999999999982,0.9992648839218776
1056,10.55999999999982,0.9992686335528953
1057,10.569999999999819,0.9992723545436663
1058,10.579999999999819,0.9992760471183366
1059,10.589999999999819,0.9992797114992844
1060,10.599999999999818,0.9992833479071334
1061,10.609999999999818,0.999286956560767
1062,10.619999999999818,0.9992905376773425
1063,10.629999999999818,0.9992940914723044
1064,10.639999999999818,0.9992976181593978
1065,10.649999999999817,0.9993011179506824
1066,10.659999999999817,0.9993045910565456
1067,10.669999999999817,0.9993080376857155
1068,10.679999999999817,0.999311458045275
1069,10.689999999999817,0.9993148523406735
1070,10.699999999999816,0.9993182207757411
1071,10.709999999999816,0.9993215635527005
1072,10.719999999999816,0.9993248808721806
1073,10.729999999999816,0.9993281729332286
1074,10.739999999999815,0.9993314399333225
1075,10.749999999999815,0.9993346820683838
1076,10.759999999999815,0.9993378995327901
1077,10.769999999999815,0.9993410925193864
1078,10.779999999999815,0.9993442612194984
1079,10.789999999999814,0.9993474058229439
1080,10.799999999999814,0.9993505265180448
1081,10.809999999999814,0.999353623491639
1082,10.819999999999814,0.9993566969290926
1083,10.829999999999814,0.9993597470143107
1084,10.839999999999813,0.9993627739297499
1085,10.849999999999813,0.9993657778564291
1086,10.859999999999813,0.9993687589739414
1087,10.869999999999813,0.999371717460465
1088,10.879999999999812,0.9993746534927749
1089,10.889999999999812,0.9993775672462532
1090,10.899999999999812,0.9993804588949012
1091,10.909999999999812,0.9993833286113497
1092,10.919999999999812,0.9993861765668698
1093,10.929999999999811,0.9993890029313841
1094,10.939999999999811,0.999391807873477
1095,10.949999999999811,0.9993945915604057
1096,10.95999999999981,0.9993973541581102
1097,10.96999999999981,0.9994000958312242
1098,10.97999999999981,0.9994028167430855
1099,10.98999999999981,0.9994055170557455
1100,10.99999999999981,0.9994081969299807
1101,11.00999999999981,0.9994108565253015
1102,11.01999999999981,0.999413495999963
1103,11.02999999999981,0.9994161155109748
1104,11.039999999999809,0.9994187152141106
1105,11.049999999999809,0.9994212952639187
1106,11.059999999999809,0.9994238558137307
1107,11.069999999999808,0.9994263970156719
1108,11.079999999999808,0.9994289190206708
1109,11.089999999999808,0.999431421978468
1110,11.099999999999808,0.9994339060376264
1111,11.109999999999808,0.99943637134554
1112,11.119999999999807,0.9994388180484433
1113,11.129999999999807,0.9994412462914205
1114,11.139999999999807,0.9994436562184147
1115,11.149999999999807,0.9994460479722369
1116,11.159999999999807,0.9994484216945746
1117,11.169999999999806,0.9994507775260013
1118,11.179999999999806,0.9994531156059852
1119,11.189999999999806,0.9994554360728973
1120,11.199999999999806,0.999457739064021
1121,11.209999999999805,0.9994600247155602
1122,11.219999999999805,0.9994622931626478
1123,11.229999999999805,0.9994645445393546
1124,11.239999999999805,0.9994667789786972
1125,11.249999999999805,0.9994689966126468
1126,11.259999999999804,0.9994711975721369
1127,11.269999999999804,0.9994733819870724
1128,11.279999999999804,0.9994755499863367
1129,11.289999999999804,0.9994777016978008
1130,11.299999999999804,0.9994798372483304
1131,11.309999999999803,0.9994819567637947
1132,11.319999999999803,0.9994840603690734
1133,11.329999999999803,0.9994861481880655
1134,11.339999999999803,0.999488220343696
1135,11.349999999999802,0.9994902769579247
1136,11.359999999999802,0.9994923181517531
1137,11.369999999999802,0.9994943440452323
1138,11.379999999999802,0.99949635475747
1139,11.389999999999802,0.999498350406639
1140,11.399999999999801,0.9995003311099836
1141,11.409999999999801,0.9995022969838273
1142,11.419999999999801,0.9995042481435804
1143,11.4299999999998,0.9995061847037467
1144,11.4399999999998,0.9995081067779309
1145,11.4499999999998,0.9995100144788459
1146,11.4599999999998,0.9995119079183195
1147,11.4699999999998,0.9995137872073016
1148,11.4799999999998,0.9995156524558712
1149,11.4899999999998,0.9995175037732432
1150,11.4999999999998,0.9995193412677752
1151,11.509999999999799,0.9995211650469743
1152,11.519999999999799,0.999522975217504
1153,11.529999999999799,0.9995247718851904
1154,11.539999999999798,0.9995265551550296
1155,11.549999999999798,0.9995283251311934
1156,11.559999999999798,0.9995300819170363
1157,11.569999999999798,0.999531825615102
1158,11.579999999999798,0.9995335563271297
1159,11.589999999999797,0.9995352741540604
1160,11.599999999999797,0.9995369791960432
1161,11.609999999999797,0.9995386715524416
1162,11.619999999999797,0.9995403513218399
1163,11.629999999999797,0.9995420186020492
1164,11.639999999999796,0.9995436734901131
1165,11.649999999999796,0.9995453160823147
1166,11.659999999999796,0.9995469464741816
1167,11.669999999999796,0.9995485647604929
1168,11.679999999999795,0.9995501710352839
1169,11.689999999999795,0.9995517653918532
1170,11.699999999999795,0.9995533479227675
1171,11.709999999999795,0.9995549187198682
1172,11.719999999999795,0.9995564778742767
1173,11.729999999999794,0.9995580254763998
1174,11.739999999999794,0.9995595616159363
1175,11.749999999999794,0.9995610863818815
1176,11.759999999999794,0.9995625998625334
1177,11.769999999999794,0.9995641021454982
1178,11.779999999999793,0.9995655933176953
1179,11.789999999999793,0.9995670734653633
1180,11.799999999999793,0.9995685426740653
1181,11.809999999999793,0.9995700010286934
1182,11.819999999999792,0.9995714486134754
1183,11.829999999999792,0.9995728855119788
1184,11.839999999999792,0.9995743118071165
1185,11.849999999999792,0.9995757275811524
1186,11.859999999999792,0.9995771329157057
1187,11.869999999999791,0.9995785278917565
1188,11.879999999999791,0.9995799125896508
1189,11.889999999999791,0.9995812870891054
1190,11.89999999999979,0.9995826514692129
1191,11.90999999999979,0.9995840058084465
1192,11.91999999999979,0.9995853501846652
1193,11.92999999999979,0.9995866846751185
1194,11.93999999999979,0.9995880093564509
1195,11.94999999999979,0.999589324304707
1196,11.95999999999979,0.9995906295953367
1197,11.96999999999979,0.9995919253031986
1198,11.979999999999789,0.999593211502566
1199,11.989999999999789,0.9995944882671306
1200,11.999999999999789,0.9995957556700076
1201,12.009999999999788,0.9995970137837401
1202,12.019999999999788,0.9995982626803036
1203,12.029999999999788,0.9995995024311104
1204,12.039999999999788,0.9996007331070142
1205,12.049999999999788,0.9996019547783144
1206,12.059999999999787,0.9996031675147603
1207,12.069999999999787,0.999604371385556
1208,12.079999999999787,0.9996055664593639
1209,12.089999999999787,0.9996067528043099
1210,12.099999999999786,0.9996079304879867
1211,12.109999999999786,0.9996090995774585
1212,12.119999999999786,0.9996102601392652
1213,12.129999999999786,0.9996114122394265
1214,12.139999999999786,0.9996125559434459
1215,12.149999999999785,0.9996136913163145
1216,12.159999999999785,0.9996148184225156
1217,12.169999999999785,0.9996159373260286
1218,12.179999999999785,0.9996170480903324
1219,12.189999999999785,0.9996181507784101
1220,12.199999999999784,0.9996192454527522
1221,12.209999999999784,0.9996203321753613
1222,12.219999999999784,0.999621411007755
1223,12.229999999999784,0.9996224820109706
1224,12.239999999999783,0.9996235452455682
1225,12.249999999999783,0.999624600771635
1226,12.259999999999783,0.9996256486487883
1227,12.269999999999783,0.9996266889361805
1228,12.279999999999783,0.9996277216925009
1229,12.289999999999782,0.9996287469759813
1230,12.299999999999782,0.9996297648443979
1231,12.309999999999782,0.9996307753550764
1232,12.319999999999782,0.9996317785648943
1233,12.329999999999782,0.999632774530285
1234,12.339999999999781,0.9996337633072415
1235,12.349999999999781,0.9996347449513193
1236,12.359999999999781,0.9996357195176404
1237,12.36999999999978,0.9996366870608961
1238,12.37999999999978,0.9996376476353513
1239,12.38999999999978,0.9996386012948469
1240,12.39999999999978,0.9996395480928035
1241,12.40999999999978,0.999640488082225
1242,12.41999999999978,0.9996414213157017
1243,12.42999999999978,0.9996423478454128
1244,12.43999999999978,0.9996432677231312
1245,12.449999999999779,0.9996441810002252
1246,12.459999999999779,0.9996450877276628
1247,12.469999999999779,0.9996459879560138
1248,12.479999999999778,0.9996468817354538
1249,12.489999999999778,0.999647769115767
1250,12.499999999999778,0.9996486501463491
1251,12.509999999999778,0.9996495248762105
1252,12.519999999999778,0.9996503933539795
1253,12.529999999999777,0.9996512556279051
1254,12.539999999999777,0.99965211174586
1255,12.549999999999777,0.9996529617553435
1256,12.559999999999777,0.9996538057034845
1257,12.569999999999776,0.9996546436370447
1258,12.579999999999776,0.999655475602421
1259,12.589999999999776,0.9996563016456486
1260,12.599999999999776,0.9996571218124037
1261,12.609999999999776,0.9996579361480069
1262,12.619999999999775,0.9996587446974251
1263,12.629999999999775,0.999659547505275
1264,12.639999999999775,0.9996603446158252
1265,12.649999999999775,0.9996611360729998
1266,12.659999999999775,0.9996619219203802
1267,12.669999999999774,0.9996627022012086
1268,12.679999999999774,0.9996634769583899
1269,12.689999999999774,0.999664246234495
1270,12.699999999999774,0.999665010071763
1271,12.709999999999773,0.9996657685121041
1272,12.719999999999773,0.9996665215971017
1273,12.729999999999773,0.9996672693680158
1274,12.739999999999773,0.9996680118657846
1275,12.749999999999773,0.9996687491310278
1276,12.759999999999772,0.9996694812040485
1277,12.769999999999772,0.9996702081248362
1278,12.779999999999772,0.9996709299330688
1279,12.789999999999772,0.9996716466681155
1280,12.799999999999772,0.9996723583690387
1281,12.809999999999771,0.999673065074597
1282,12.819999999999771,0.9996737668232469
1283,12.829999999999771,0.9996744636531462
1284,12.83999999999977,0.999675155602155
1285,12.84999999999977,0.999675842707839
1286,12.85999999999977,0.9996765250074718
1287,12.86999999999977,0.9996772025380365
1288,12.87999999999977,0.9996778753362286
1289,12.88999999999977,0.9996785434384583
1290,12.89999999999977,0.9996792068808521
1291,12.90999999999977,0.9996798656992557
1292,12.919999999999769,0.9996805199292359
1293,12.929999999999769,0.9996811696060828
1294,12.939999999999769,0.999681814764812
1295,12.949999999999768,0.9996824554401665
1296,12.959999999999768,0.9996830916666197
1297,12.969999999999768,0.9996837234783764
1298,12.979999999999768,0.9996843509093755
1299,12.989999999999768,0.9996849739932919
1300,12.999999999999767,0.9996855927635391
1301,13.009999999999767,0.9996862072532701
1302,13.019999999999767,0.9996868174953809
1303,13.029999999999767,0.9996874235225112
1304,13.039999999999766,0.9996880253670473
1305,13.049999999999766,0.9996886230611236
1306,13.059999999999766,0.9996892166366248
1307,13.069999999999766,0.9996898061251878
1308,13.079999999999766,0.9996903915582036
1309,13.089999999999765,0.9996909729668192
1310,13.099999999999765,0.9996915503819398
1311,13.109999999999765,0.9996921238342303
1312,13.119999999999765,0.9996926933541174
1313,13.129999999999765,0.9996932589717912
1314,13.139999999999764,0.9996938207172075
1315,13.149999999999764,0.9996943786200895
1316,13.159999999999764,0.9996949327099293
1317,13.169999999999764,0.9996954830159901
1318,13.179999999999763,0.9996960295673076
1319,13.189999999999763,0.9996965723926923
1320,13.199999999999763,0.9996971115207307
1321,13.209999999999763,0.9996976469797877
1322,13.219999999999763,0.9996981787980075
1323,13.229999999999762,0.999698707003316
1324,13.239999999999762,0.9996992316234226
1325,13.249999999999762,0.9996997526858209
1326,13.259999999999762,0.9997002702177918
1327,13.269999999999762,0.9997007842464041
1328,13.279999999999761,0.9997012947985164
1329,13.289999999999761,0.9997018019007792
1330,13.299999999999761,0.9997023055796359
1331,13.30999999999976,0.9997028058613247
1332,13.31999999999976,0.9997033027718804
1333,13.32999999999976,0.9997037963371356
1334,13.33999999999976,0.9997042865827226
1335,13.34999999999976,0.9997047735340748
1336,13.35999999999976,0.9997052572164284
1337,13.36999999999976,0.9997057376548237
1338,13.37999999999976,0.9997062148741068
1339,13.389999999999759,0.9997066888989313
1340,13.399999999999759,0.9997071597537592
1341,13.409999999999759,0.9997076274628633
1342,13.419999999999758,0.9997080920503277
1343,13.429999999999758,0.9997085535400502
1344,13.439999999999758,0.9997090119557428
1345,13.449999999999758,0.9997094673209341
1346,13.459999999999757,0.9997099196589703
1347,13.469999999999757,0.9997103689930161
1348,13.479999999999757,0.9997108153460574
1349,13.489999999999757,0.9997112587409013
1350,13.499999999999757,0.9997116992001784
1351,13.509999999999756,0.9997121367463441
1352,13.519999999999756,0.9997125714016792
1353,13.529999999999756,0.9997130031882927
1354,13.539999999999756,0.9997134321281216
1355,13.549999999999756,0.999713858242933
1356,13.559999999999755,0.9997142815543258
1357,13.569999999999755,0.9997147020837313
1358,13.579999999999755,0.9997151198524145
1359,13.589999999999755,0.9997155348814762
1360,13.599999999999755,0.9997159471918535
1361,13.609999999999754,0.9997163568043214
1362,13.619999999999754,0.9997167637394939
1363,13.629999999999754,0.9997171680178255
1364,13.639999999999754,0.9997175696596123
1365,13.649999999999753,0.9997179686849933
1366,13.659999999999753,0.9997183651139513
1367,13.669999999999753,0.9997187589663148
1368,13.679999999999753,0.9997191502617585
1369,13.689999999999753,0.9997195390198049
1370,13.699999999999752,0.9997199252598253
1371,13.709999999999752,0.9997203090010414
1372,13.719999999999752,0.9997206902625256
1373,13.729999999999752,0.9997210690632032
1374,13.739999999999752,0.9997214454218529
1375,13.749999999999751,0.9997218193571078
1376,13.759999999999751,0.9997221908874572
1377,13.76999999999975,0.9997225600312472
1378,13.77999999999975,0.999722926806682
1379,13.78999999999975,0.9997232912318249
1380,13.79999999999975,0.9997236533245996
1381,13.80999999999975,0.999724013102791
1382,13.81999999999975,0.9997243705840467
1383,13.82999999999975,0.9997247257858776
1384,13.83999999999975,0.9997250787256592
1385,13.84999999999975,0.9997254294206326
1386,13.859999999999749,0.9997257778879058
1387,13.869999999999749,0.9997261241444544
1388,13.879999999999749,0.9997264682071226
1389,13.889999999999748,0.9997268100926247
1390,13.899999999999748,0.9997271498175454
1391,13.909999999999748,0.9997274873983415
1392,13.919999999999748,0.9997278228513427
1393,13.929999999999747,0.999728156192752
1394,13.939999999999747,0.9997284874386477
1395,13.949999999999747,0.9997288166049836
1396,13.959999999999747,0.9997291437075901
1397,13.969999999999747,0.9997294687621757
1398,13.979999999999746,0.9997297917843271
1399,13.989999999999746,0.9997301127895106
1400,13.999999999999746,0.9997304317930734
1401,14.009999999999746,0.9997307488102439
1402,14.019999999999746,0.9997310638561328
1403,14.029999999999745,0.999731376945734
1404,14.039999999999745,0.9997316880939259
1405,14.049999999999745,0.9997319973154719
1406,14.059999999999745,0.9997323046250214
1407,14.069999999999744,0.9997326100371104
1408,14.079999999999744,0.999732913566163
1409,14.089999999999744,0.999733215226492
1410,14.099999999999744,0.9997335150322991
1411,14.109999999999744,0.9997338129976772
1412,14.119999999999743,0.9997341091366096
1413,14.129999999999743,0.9997344034629725
1414,14.139999999999743,0.9997346959905342
1415,14.149999999999743,0.9997349867329572
1416,14.159999999999743,0.9997352757037986
1417,14.169999999999742,0.9997355629165106
1418,14.179999999999742,0.9997358483844415
1419,14.189999999999742,0.9997361321208373
1420,14.199999999999742,0.9997364141388411
1421,14.209999999999742,0.9997366944514947
1422,14.219999999999741,0.9997369730717397
1423,14.229999999999741,0.9997372500124174
1424,14.23999999999974,0.9997375252862705
1425,14.24999999999974,0.9997377989059428
1426,14.25999999999974,0.9997380708839813
1427,14.26999999999974,0.9997383412328357
1428,14.27999999999974,0.9997386099648599
1429,14.28999999999974,0.9997388770923125
1430,14.29999999999974,0.9997391426273576
1431,14.30999999999974,0.9997394065820657
1432,14.31999999999974,0.9997396689684139
1433,14.329999999999739,0.9997399297982872
1434,14.339999999999739,0.9997401890834788
1435,14.349999999999739,0.9997404468356913
1436,14.359999999999738,0.9997407030665367
1437,14.369999999999738,0.9997409577875379
1438,14.379999999999738,0.9997412110101288
1439,14.389999999999738,0.9997414627456551
1440,14.399999999999737,0.9997417130053754
1441,14.409999999999737,0.999741961800461
1442,14.419999999999737,0.9997422091419979
1443,14.429999999999737,0.9997424550409859
1444,14.439999999999737,0.9997426995083407
1445,14.449999999999736,0.9997429425548935
1446,14.459999999999736,0.9997431841913922
1447,14.469999999999736,0.9997434244285021
1448,14.479999999999736,0.9997436632768059
1449,14.489999999999736,0.9997439007468054
1450,14.499999999999735,0.999744136848921
1451,14.509999999999735,0.9997443715934934
1452,14.519999999999735,0.9997446049907831
1453,14.529999999999735,0.999744837050972
1454,14.539999999999734,0.9997450677841634
1455,14.549999999999734,0.999745297200383
1456,14.559999999999734,0.9997455253095792
1457,14.569999999999734,0.999745752121624
1458,14.579999999999734,0.999745977646313
1459,14.589999999999733,0.999746201893367
1460,14.599999999999733,0.9997464248724317
1461,14.609999999999733,0.9997466465930783
1462,14.619999999999733,0.9997468670648049
1463,14.629999999999733,0.9997470862970361
1464,14.639999999999732,0.9997473042991242
1465,14.649999999999732,0.9997475210803494
1466,14.659999999999732,0.9997477366499207
1467,14.669999999999732,0.9997479510169761
1468,14.679999999999731,0.9997481641905834
1469,14.689999999999731,0.9997483761797407
1470,14.699999999999731,0.9997485869933768
1471,14.70999999999973,0.9997487966403518
1472,14.71999999999973,0.9997490051294577
1473,14.72999999999973,0.9997492124694192
1474,14.73999999999973,0.9997494186688934
1475,14.74999999999973,0.9997496237364712
1476,14.75999999999973,0.9997498276806773
1477,14.76999999999973,0.9997500305099711
1478,14.77999999999973,0.9997502322327466
1479,14.78999999999973,0.9997504328573337
1480,14.799999999999729,0.9997506323919977
1481,14.809999999999729,0.9997508308449411
1482,14.819999999999729,0.9997510282243028
1483,14.829999999999728,0.9997512245381596
1484,14.839999999999728,0.9997514197945258
1485,14.849999999999728,0.9997516140013544
1486,14.859999999999728,0.9997518071665371
1487,14.869999999999727,0.9997519992979054
1488,14.879999999999727,0.9997521904032302
1489,14.889999999999727,0.9997523804902227
1490,14.899999999999727,0.9997525695665352
1491,14.909999999999727,0.9997527576397612
1492,14.919999999999726,0.9997529447174355
1493,14.929999999999726,0.9997531308070353
1494,14.939999999999726,0.9997533159159806
1495,14.949999999999726,0.9997535000516339
1496,14.959999999999726,0.9997536832213016
1497,14.969999999999725,0.999753865432234
1498,14.979999999999725,0.9997540466916255
1499,14.989999999999725,0.9997542270066153
1500,14.999999999999725,0.999754406384288
1501,15.009999999999724,0.9997545848316738
1502,15.019999999999724,0.9997547623557487
1503,15.029999999999724,0.9997549389634354
1504,15.039999999999724,0.9997551146616034
1505,15.049999999999724,0.9997552894570695
1506,15.059999999999723,0.9997554633565982
1507,15.069999999999723,0.9997556363669019
1508,15.079999999999723,0.9997558084946421
1509,15.089999999999723,0.9997559797464284
1510,15.099999999999723,0.9997561501288202
1511,15.109999999999722,0.9997563196483267
1512,15.119999999999722,0.9997564883114067
1513,15.129999999999722,0.9997566561244698
1514,15.139999999999722,0.9997568230938764
1515,15.149999999999721,0.999756989225938
1516,15.159999999999721,0.9997571545269179
1517,15.169999999999721,0.9997573190030312
1518,15.17999999999972,0.9997574826604455
1519,15.18999999999972,0.999757645505281
1520,15.19999999999972,0.9997578075436111
1521,15.20999999999972,0.9997579687814624
1522,15.21999999999972,0.9997581292248157
1523,15.22999999999972,0.9997582888796055
1524,15.23999999999972,0.9997584477517212
1525,15.24999999999972,0.9997586058470069
1526,15.25999999999972,0.999758763171262
1527,15.269999999999719,0.9997589197302414
1528,15.279999999999719,0.9997590755296558
1529,15.289999999999718,0.9997592305751725
1530,15.299999999999718,0.9997593848724149
1531,15.309999999999718,0.9997595384269637
1532,15.319999999999718,0.9997596912443567
1533,15.329999999999718,0.9997598433300894
1534,15.339999999999717,0.9997599946896149
1535,15.349999999999717,0.9997601453283449
1536,15.359999999999717,0.9997602952516497
1537,15.369999999999717,0.9997604444648579
1538,15.379999999999717,0.9997605929732579
1539,15.389999999999716,0.9997607407820975
1540,15.399999999999716,0.9997608878965841
1541,15.409999999999716,0.9997610343218856
1542,15.419999999999716,0.9997611800631296
1543,15.429999999999715,0.9997613251254055
1544,15.439999999999715,0.9997614695137629
1545,15.449999999999715,0.9997616132332132
1546,15.459999999999715,0.9997617562887292
1547,15.469999999999715,0.9997618986852458
1548,15.479999999999714,0.9997620404276601
1549,15.489999999999714,0.9997621815208317
1550,15.499999999999714,0.9997623219695833
1551,15.509999999999714,0.9997624617787
1552,15.519999999999714,0.999762600952931
1553,15.529999999999713,0.9997627394969889
1554,15.539999999999713,0.9997628774155503
1555,15.549999999999713,0.999763014713256
1556,15.559999999999713,0.9997631513947112
1557,15.569999999999713,0.9997632874644862
1558,15.579999999999712,0.999763422927116
1559,15.589999999999712,0.999763557787101
1560,15.599999999999712,0.9997636920489075
1561,15.609999999999712,0.9997638257169672
1562,15.619999999999711,0.9997639587956783
1563,15.629999999999711,0.9997640912894051
1564,15.639999999999711,0.9997642232024787
1565,15.64999999999971,0.9997643545391971
1566,15.65999999999971,0.9997644853038254
1567,15.66999999999971,0.999764615500596
1568,15.67999999999971,0.9997647451337093
1569,15.68999999999971,0.9997648742073332
1570,15.69999999999971,0.999765002725604
1571,15.70999999999971,0.9997651306926262
1572,15.71999999999971,0.9997652581124732
1573,15.729999999999709,0.9997653849891872
1574,15.739999999999709,0.9997655113267793
1575,15.749999999999709,0.9997656371292303
1576,15.759999999999708,0.9997657624004903
1577,15.769999999999708,0.9997658871444796
1578,15.779999999999708,0.9997660113650881
1579,15.789999999999708,0.9997661350661763
1580,15.799999999999708,0.9997662582515752
1581,15.809999999999707,0.9997663809250864
1582,15.819999999999707,0.9997665030904826
1583,15.829999999999707,0.9997666247515079
1584,15.839999999999707,0.9997667459118773
1585,15.849999999999707,0.9997668665752779
1586,15.859999999999706,0.9997669867453685
1587,15.869999999999706,0.9997671064257798
1588,15.879999999999706,0.9997672256201152
1589,15.889999999999706,0.9997673443319504
1590,15.899999999999705,0.9997674625648335
1591,15.909999999999705,0.999767580322286
1592,15.919999999999705,0.9997676976078023
1593,15.929999999999705,0.9997678144248503
1594,15.939999999999705,0.9997679307768712
1595,15.949999999999704,0.9997680466672801
1596,15.959999999999704,0.9997681620994662
1597,15.969999999999704,0.9997682770767925
1598,15.979999999999704,0.9997683916025967
1599,15.989999999999704,0.9997685056801907
1600,15.999999999999703,0.9997686193128614
1601,16.009999999999703,0.9997687325038708
1602,16.019999999999705,0.9997688452564556
1603,16.029999999999706,0.999768957573828
1604,16.039999999999708,0.9997690694591758
1605,16.04999999999971,0.9997691809156625
1606,16.05999999999971,0.9997692919464273
1607,16.069999999999713,0.9997694025545857
1608,16.079999999999714,0.9997695127432294
1609,16.089999999999716,0.9997696225154264
1610,16.099999999999717,0.9997697318742216
1611,16.10999999999972,0.9997698408226363
1612,16.11999999999972,0.9997699493636691
1613,16.129999999999722,0.9997700575002958
1614,16.139999999999723,0.9997701652354691
1615,16.149999999999725,0.9997702725721198
1616,16.159999999999727,0.999770379513156
1617,16.169999999999728,0.9997704860614635
1618,16.17999999999973,0.9997705922199065
1619,16.18999999999973,0.9997706979913273
1620,16.199999999999733,0.9997708033785465
1621,16.209999999999734,0.9997709083843632
1622,16.219999999999736,0.9997710130115551
1623,16.229999999999738,0.9997711172628789
1624,16.23999999999974,0.9997712211410704
1625,16.24999999999974,0.9997713246488444
1626,16.259999999999742,0.999771427788895
1627,16.269999999999744,0.999771530563896
1628,16.279999999999745,0.9997716329765005
1629,16.289999999999747,0.999771735029342
1630,16.29999999999975,0.9997718367250333
1631,16.30999999999975,0.9997719380661678
1632,16.31999999999975,0.9997720390553189
1633,16.329999999999753,0.9997721396950405
1634,16.339999999999755,0.9997722399878672
1635,16.349999999999756,0.9997723399363141
1636,16.359999999999758,0.9997724395428773
1637,16.36999999999976,0.999772538810034
1638,16.37999999999976,0.9997726377402423
1639,16.389999999999763,0.9997727363359419
1640,16.399999999999764,0.9997728345995536
1641,16.409999999999766,0.9997729325334802
1642,16.419999999999767,0.999773030140106
1643,16.42999999999977,0.9997731274217971
1644,16.43999999999977,0.9997732243809019
1645,16.449999999999772,0.9997733210197507
1646,16.459999999999773,0.9997734173406561
1647,16.469999999999775,0.9997735133459131
1648,16.479999999999777,0.9997736090377995
1649,16.489999999999778,0.9997737044185757
1650,16.49999999999978,0.9997737994904847
1651,16.50999999999978,0.9997738942557527
1652,16.519999999999783,0.9997739887165888
1653,16.529999999999784,0.9997740828751855
1654,16.539999999999786,0.9997741767337187
1655,16.549999999999788,0.9997742702943474
1656,16.55999999999979,0.9997743635592145
1657,16.56999999999979,0.9997744565304466
1658,16.579999999999792,0.9997745492101542
1659,16.589999999999794,0.9997746416004316
1660,16.599999999999795,0.9997747337033572
1661,16.609999999999797,0.999774825520994
1662,16.6199999999998,0.9997749170553887
1663,16.6299999999998,0.999775008308573
1664,16.6399999999998,0.999775099282563
1665,16.649999999999803,0.9997751899793594
1666,16.659999999999805,0.9997752804009479
1667,16.669999999999806,0.999775370549299
1668,16.679999999999808,0.9997754604263681
1669,16.68999999999981,0.9997755500340962
1670,16.69999999999981,0.9997756393744093
1671,16.709999999999813,0.9997757284492186
1672,16.719999999999814,0.9997758172604212
1673,16.729999999999816,0.9997759058098994
1674,16.739999999999817,0.9997759940995217
1675,16.74999999999982,0.999776082131142
1676,16.75999999999982,0.9997761699066003
1677,16.769999999999822,0.9997762574277228
1678,16.779999999999824,0.9997763446963216
1679,16.789999999999825,0.9997764317141951
1680,16.799999999999827,0.9997765184831282
1681,16.809999999999828,0.9997766050048922
1682,16.81999999999983,0.999776691281245
1683,16.82999999999983,0.9997767773139311
1684,16.839999999999833,0.999776863104682
1685,16.849999999999834,0.9997769486552155
1686,16.859999999999836,0.9997770339672372
1687,16.869999999999838,0.9997771190424392
1688,16.87999999999984,0.9997772038825009
1689,16.88999999999984,0.999777288489089
1690,16.899999999999842,0.9997773728638577
1691,16.909999999999844,0.9997774570084486
1692,16.919999999999845,0.9997775409244907
1693,16.929999999999847,0.9997776246136008
1694,16.93999999999985,0.9997777080773835
1695,16.94999999999985,0.9997777913174312
1696,16.95999999999985,0.9997778743353242
1697,16.969999999999853,0.9997779571326308
1698,16.979999999999855,0.9997780397109076
1699,16.989999999999856,0.9997781220716994
1700,16.999999999999858,0.999778204216539
1701,17.00999999999986,0.999778286146948
1702,17.01999999999986,0.9997783678644362
1703,17.029999999999863,0.9997784493705021
1704,17.039999999999864,0.9997785306666328
1705,17.049999999999866,0.9997786117543043
1706,17.059999999999867,0.9997786926349812
1707,17.06999999999987,0.9997787733101171
1708,17.07999999999987,0.9997788537811548
1709,17.089999999999872,0.999778934049526
1710,17.099999999999874,0.9997790141166515
1711,17.109999999999875,0.9997790939839415
1712,17.119999999999877,0.9997791736527954
1713,17.129999999999878,0.9997792531246023
1714,17.13999999999988,0.9997793324007405
1715,17.14999999999988,0.9997794114825779
1716,17.159999999999883,0.9997794903714722
1717,17.169999999999884,0.9997795690687707
1718,17.179999999999886,0.9997796475758108
1719,17.189999999999888,0.9997797258939195
1720,17.19999999999989,0.9997798040244138
1721,17.20999999999989,0.9997798819686008
1722,17.219999999999892,0.9997799597277778
1723,17.229999999999894,0.9997800373032322
1724,17.239999999999895,0.9997801146962416
1725,17.249999999999897,0.9997801919080742
1726,17.2599999999999,0.9997802689399884
1727,17.2699999999999,0.9997803457932332
1728,17.2799999999999,0.9997804224690481
1729,17.289999999999903,0.9997804989686633
1730,17.299999999999905,0.9997805752932996
1731,17.309999999999906,0.9997806514441687
1732,17.319999999999908,0.9997807274224731
1733,17.32999999999991,0.9997808032294064
1734,17.33999999999991,0.999780878866153
1735,17.349999999999913,0.9997809543338881
1736,17.359999999999914,0.9997810296337787
1737,17.369999999999916,0.9997811047669825
1738,17.379999999999917,0.9997811797346483
1739,17.38999999999992,0.9997812545379169
1740,17.39999999999992,0.9997813291779198
1741,17.409999999999922,0.9997814036557806
1742,17.419999999999924,0.9997814779726139
1743,17.429999999999925,0.9997815521295259
1744,17.439999999999927,0.999781626127615
1745,17.44999999999993,0.9997816999679707
1746,17.45999999999993,0.9997817736516748
1747,17.46999999999993,0.9997818471798003
1748,17.479999999999933,0.9997819205534129
1749,17.489999999999934,0.9997819937735697
1750,17.499999999999936,0.99978206684132
1751,17.509999999999938,0.9997821397577051
1752,17.51999999999994,0.9997822125237588
1753,17.52999999999994,0.9997822851405065
1754,17.539999999999942,0.9997823576089665
1755,17.549999999999944,0.9997824299301491
1756,17.559999999999945,0.999782502105057
1757,17.569999999999947,0.9997825741346854
1758,17.57999999999995,0.999782646020022
1759,17.58999999999995,0.999782717762047
1760,17.59999999999995,0.9997827893617333
1761,17.609999999999953,0.9997828608200465
1762,17.619999999999955,0.9997829321379449
1763,17.629999999999956,0.9997830033163795
1764,17.639999999999958,0.9997830743562941
1765,17.64999999999996,0.9997831452586257
1766,17.65999999999996,0.999783216024304
1767,17.669999999999963,0.9997832866542516
1768,17.679999999999964,0.9997833571493845
1769,17.689999999999966,0.9997834275106114
1770,17.699999999999967,0.9997834977388347
1771,17.70999999999997,0.9997835678349494
1772,17.71999999999997,0.9997836377998441
1773,17.729999999999972,0.9997837076344007
1774,17.739999999999974,0.9997837773394946
1775,17.749999999999975,0.9997838469159943
1776,17.759999999999977,0.9997839163647619
1777,17.76999999999998,0.9997839856866532
1778,17.77999999999998,0.9997840548825172
1779,17.78999999999998,0.9997841239531968
1780,17.799999999999983,0.9997841928995287
1781,17.809999999999985,0.9997842617223428
1782,17.819999999999986,0.9997843304224633
1783,17.829999999999988,0.9997843990007078
1784,17.83999999999999,0.9997844674578882
1785,17.84999999999999,0.9997845357948097
1786,17.859999999999992,0.999784604012272
1787,17.869999999999994,0.9997846721110686
1788,17.879999999999995,0.9997847400919868
1789,17.889999999999997,0.9997848079558085
1790,17.9,0.9997848757033092
1791,17.91,0.9997849433352589
1792,17.92,0.9997850108524218
1793,17.930000000000003,0.9997850782555563
1794,17.940000000000005,0.999785145545415
1795,17.950000000000006,0.9997852127227449
1796,17.960000000000008,0.9997852797882877
1797,17.97000000000001,0.9997853467427791
1798,17.98000000000001,0.9997854135869495
1799,17.990000000000013,0.9997854803215238
1800,18.000000000000014,0.9997855469472214
1801,18.010000000000016,0.9997856134647566
1802,18.020000000000017,0.9997856798748378
1803,18.03000000000002,0.9997857461781684
1804,18.04000000000002,0.9997858123754467
1805,18.050000000000022,0.9997858784673656
1806,18.060000000000024,0.9997859444546126
1807,18.070000000000025,0.9997860103378702
1808,18.080000000000027,0.999786076117816
1809,18.09000000000003,0.9997861417951223
1810,18.10000000000003,0.9997862073704563
1811,18.11000000000003,0.9997862728444804
1812,18.120000000000033,0.9997863382178519
1813,18.130000000000035,0.9997864034912233
1814,18.140000000000036,0.999786468665242
1815,18.150000000000038,0.9997865337405507
1816,18.16000000000004,0.9997865987177874
1817,18.17000000000004,0.9997866635975851
1818,18.180000000000042,0.9997867283805721
1819,18.190000000000044,0.9997867930673722
1820,18.200000000000045,0.9997868576586042
1821,18.210000000000047,0.9997869221548826
1822,18.22000000000005,0.9997869865568172
1823,18.23000000000005,0.9997870508650131
1824,18.24000000000005,0.9997871150800709
1825,18.250000000000053,0.9997871792025869
1826,18.260000000000055,0.9997872432331526
1827,18.270000000000056,0.9997873071723556
1828,18.280000000000058,0.9997873710207786
1829,18.29000000000006,0.9997874347790002
1830,18.30000000000006,0.9997874984475947
1831,18.310000000000063,0.9997875620271318
1832,18.320000000000064,0.9997876255181775
1833,18.330000000000066,0.9997876889212928
1834,18.340000000000067,0.9997877522370353
1835,18.35000000000007,0.999787815465958
1836,18.36000000000007,0.9997878786086096
1837,18.370000000000072,0.9997879416655353
1838,18.380000000000074,0.9997880046372758
1839,18.390000000000075,0.9997880675243677
1840,18.400000000000077,0.9997881303273438
1841,18.41000000000008,0.9997881930467328
1842,18.42000000000008,0.9997882556830596
1843,18.43000000000008,0.9997883182368452
1844,18.440000000000083,0.9997883807086063
1845,18.450000000000085,0.9997884430988564
1846,18.460000000000086,0.9997885054081045
1847,18.470000000000088,0.9997885676368563
1848,18.48000000000009,0.9997886297856134
1849,18.49000000000009,0.9997886918548741
1850,18.500000000000092,0.9997887538451323
1851,18.510000000000094,0.999788815756879
1852,18.520000000000095,0.9997888775906009
1853,18.530000000000097,0.9997889393467814
1854,18.5400000000001,0.9997890010259002
1855,18.5500000000001,0.9997890626284334
1856,18.5600000000001,0.9997891241548537
1857,18.570000000000103,0.99978918560563
1858,18.580000000000105,0.9997892469812282
1859,18.590000000000106,0.9997893082821101
1860,18.600000000000108,0.9997893695087345
1861,18.61000000000011,0.9997894306615567
1862,18.62000000000011,0.9997894917410285
1863,18.630000000000113,0.9997895527475983
1864,18.640000000000114,0.9997896136817115
1865,18.650000000000116,0.9997896745438098
1866,18.660000000000117,0.9997897353343319
1867,18.67000000000012,0.9997897960537129
1868,18.68000000000012,0.999789856702385
1869,18.690000000000122,0.999789917280777
1870,18.700000000000124,0.9997899777893147
1871,18.710000000000125,0.9997900382284204
1872,18.720000000000127,0.9997900985985134
1873,18.73000000000013,0.9997901589000103
1874,18.74000000000013,0.9997902191333239
1875,18.75000000000013,0.9997902792988644
1876,18.760000000000133,0.9997903393970389
1877,18.770000000000135,0.9997903994282513
1878,18.780000000000136,0.9997904593929026
1879,18.790000000000138,0.9997905192913908
1880,18.80000000000014,0.9997905791241112
1881,18.81000000000014,0.9997906388914556
1882,18.820000000000142,0.9997906985938134
1883,18.830000000000144,0.9997907582315709
1884,18.840000000000146,0.9997908178051117
1885,18.850000000000147,0.9997908773148163
1886,18.86000000000015,0.9997909367610625
1887,18.87000000000015,0.9997909961442252
1888,18.88000000000015,0.9997910554646768
1889,18.890000000000153,0.9997911147227867
1890,18.900000000000155,0.9997911739189216
1891,18.910000000000156,0.9997912330534454
1892,18.920000000000158,0.9997912921267196
1893,18.93000000000016,0.9997913511391026
1894,18.94000000000016,0.9997914100909505
1895,18.950000000000163,0.9997914689826167
1896,18.960000000000164,0.9997915278144517
1897,18.970000000000166,0.9997915865868038
1898,18.980000000000167,0.9997916453000184
1899,18.99000000000017,0.9997917039544386
1900,19.00000000000017,0.9997917625504047
1901,19.010000000000172,0.9997918210882548
1902,19.020000000000174,0.9997918795683242
1903,19.030000000000175,0.9997919379909457
1904,19.040000000000177,0.99979199635645
1905,19.05000000000018,0.999792054665165
1906,19.06000000000018,0.9997921129174163
1907,19.07000000000018,0.9997921711135273
1908,19.080000000000183,0.9997922292538185
1909,19.090000000000185,0.9997922873386085
1910,19.100000000000186,0.9997923453682134
1911,19.110000000000188,0.9997924033429468
1912,19.12000000000019,0.9997924612631203
1913,19.13000000000019,0.9997925191290429
1914,19.140000000000192,0.9997925769410215
1915,19.150000000000194,0.9997926346993607
1916,19.160000000000196,0.9997926924043627
1917,19.170000000000197,0.9997927500563278
1918,19.1800000000002,0.9997928076555538
1919,19.1900000000002,0.9997928652023363
1920,19.200000000000202,0.9997929226969688
1921,19.210000000000203,0.9997929801397428
1922,19.220000000000205,0.9997930375309474
1923,19.230000000000206,0.9997930948708696
1924,19.240000000000208,0.9997931521597944
1925,19.25000000000021,0.9997932093980046
1926,19.26000000000021,0.999793266585781
1927,19.270000000000213,0.9997933237234022
1928,19.280000000000214,0.9997933808111451
1929,19.290000000000216,0.999793437849284
1930,19.300000000000217,0.9997934948380915
1931,19.31000000000022,0.9997935517778384
1932,19.32000000000022,0.999793608668793
1933,19.330000000000222,0.999793665511222
1934,19.340000000000224,0.9997937223053901
1935,19.350000000000225,0.99979377905156
1936,19.360000000000227,0.9997938357499923
1937,19.37000000000023,0.9997938924009461
1938,19.38000000000023,0.999793949004678
1939,19.39000000000023,0.9997940055614434
1940,19.400000000000233,0.9997940620714952
1941,19.410000000000235,0.9997941185350849
1942,19.420000000000236,0.9997941749524619
1943,19.430000000000238,0.9997942313238738
1944,19.44000000000024,0.9997942876495665
1945,19.45000000000024,0.9997943439297838
1946,19.460000000000242,0.9997944001647683
1947,19.470000000000244,0.99979445635476
1948,19.480000000000246,0.999794512499998
1949,19.490000000000247,0.9997945686007189
1950,19.50000000000025,0.9997946246571582
1951,19.51000000000025,0.999794680669549
1952,19.520000000000252,0.9997947366381233
1953,19.530000000000253,0.9997947925631111
1954,19.540000000000255,0.9997948484447408
1955,19.550000000000257,0.999794904283239
1956,19.560000000000258,0.9997949600788308
1957,19.57000000000026,0.9997950158317397
1958,19.58000000000026,0.9997950715421872
1959,19.590000000000263,0.9997951272103935
1960,19.600000000000264,0.9997951828365773
1961,19.610000000000266,0.9997952384209554
1962,19.620000000000267,0.9997952939637431
1963,19.63000000000027,0.9997953494651542
1964,19.64000000000027,0.999795404925401
1965,19.650000000000272,0.9997954603446938
1966,19.660000000000274,0.999795515723242
1967,19.670000000000275,0.9997955710612532
1968,19.680000000000277,0.9997956263589332
1969,19.69000000000028,0.9997956816164868
1970,19.70000000000028,0.9997957368341169
1971,19.71000000000028,0.9997957920120252
1972,19.720000000000283,0.9997958471504117
1973,19.730000000000285,0.9997959022494751
1974,19.740000000000286,0.9997959573094126
1975,19.750000000000288,0.99979601233042
1976,19.76000000000029,0.9997960673126915
1977,19.77000000000029,0.9997961222564201
1978,19.780000000000292,0.9997961771617974
1979,19.790000000000294,0.9997962320290132
1980,19.800000000000296,0.9997962868582566
1981,19.810000000000297,0.9997963416497148
1982,19.8200000000003,0.9997963964035737
1983,19.8300000000003,0.9997964511200179
1984,19.840000000000302,0.999796505799231
1985,19.850000000000303,0.9997965604413946
1986,19.860000000000305,0.9997966150466896
1987,19.870000000000307,0.9997966696152951
1988,19.880000000000308,0.9997967241473894
1989,19.89000000000031,0.9997967786431489
1990,19.90000000000031,0.9997968331027492
1991,19.910000000000313,0.9997968875263645
1992,19.920000000000314,0.9997969419141676
1993,19.930000000000316,0.9997969962663302
1994,19.940000000000317,0.9997970505830227
1995,19.95000000000032,0.9997971048644142
1996,19.96000000000032,0.9997971591106727
1997,19.970000000000322,0.9997972133219649
1998,19.980000000000324,0.9997972674984563
1999,19.990000000000325,0.9997973216403112
2000,20.000000000000327,0.9997973757476928
2001,20.01000000000033,0.9997974298207628
2002,20.02000000000033,0.9997974838596823
2003,20.03000000000033,0.9997975378646106
2004,20.040000000000333,0.9997975918357063
2005,20.050000000000335,0.9997976457731266
2006,20.060000000000336,0.9997976996770277
2007,20.070000000000338,0.9997977535475646
2008,20.08000000000034,0.9997978073848913
2009,20.09000000000034,0.9997978611891605
2010,20.100000000000342,0.999797914960524
2011,20.110000000000344,0.9997979686991322
2012,20.120000000000346,0.9997980224051348
2013,20.130000000000347,0.9997980760786801
2014,20.14000000000035,0.9997981297199156
2015,20.15000000000035,0.9997981833289873
2016,20.160000000000352,0.9997982369060407
2017,20.170000000000353,0.99979829045122
2018,20.180000000000355,0.9997983439646682
2019,20.190000000000357,0.9997983974465275
2020,20.200000000000358,0.999798450896939
2021,20.21000000000036,0.9997985043160427
2022,20.22000000000036,0.9997985577039777
2023,20.230000000000363,0.9997986110608821
2024,20.240000000000364,0.999798664386893
2025,20.250000000000366,0.9997987176821465
2026,20.260000000000367,0.9997987709467775
2027,20.27000000000037,0.9997988241809204
2028,20.28000000000037,0.9997988773847082
2029,20.290000000000372,0.9997989305582732
2030,20.300000000000374,0.9997989837017466
2031,20.310000000000375,0.9997990368152588
2032,20.320000000000377,0.9997990898989392
2033,20.33000000000038,0.9997991429529162
2034,20.34000000000038,0.9997991959773173
2035,20.35000000000038,0.9997992489722691
2036,20.360000000000383,0.9997993019378976
2037,20.370000000000385,0.9997993548743273
2038,20.380000000000386,0.9997994077816822
2039,20.390000000000388,0.9997994606600853
2040,20.40000000000039,0.9997995135096589
2041,20.41000000000039,0.9997995663305242
2042,20.420000000000393,0.9997996191228016
2043,20.430000000000394,0.9997996718866106
2044,20.440000000000396,0.99979972462207
2045,20.450000000000397,0.9997997773292976
2046,20.4600000000004,0.9997998300084103
2047,20.4700000000004,0.9997998826595245
2048,20.480000000000402,0.9997999352827552
2049,20.490000000000403,0.9997999878782172
2050,20.500000000000405,0.9998000404460242
2051,20.510000000000407,0.9998000929862889
2052,20.520000000000408,0.9998001454991235
2053,20.53000000000041,0.9998001979846394
2054,20.54000000000041,0.9998002504429468
2055,20.550000000000413,0.9998003028741557
2056,20.560000000000414,0.9998003552783749
2057,20.570000000000416,0.9998004076557124
2058,20.580000000000418,0.9998004600062759
2059,20.59000000000042,0.9998005123301716
2060,20.60000000000042,0.9998005646275058
2061,20.610000000000422,0.9998006168983834
2062,20.620000000000424,0.9998006691429087
2063,20.630000000000425,0.9998007213611854
2064,20.640000000000427,0.9998007735533163
2065,20.65000000000043,0.9998008257194037
2066,20.66000000000043,0.9998008778595489
2067,20.67000000000043,0.9998009299738527
2068,20.680000000000433,0.999800982062415
2069,20.690000000000435,0.9998010341253352
2070,20.700000000000436,0.9998010861627118
2071,20.710000000000438,0.9998011381746428
2072,20.72000000000044,0.9998011901612252
2073,20.73000000000044,0.9998012421225557
2074,20.740000000000443,0.99980129405873
2075,20.750000000000444,0.9998013459698433
2076,20.760000000000446,0.9998013978559901
2077,20.770000000000447,0.9998014497172641
2078,20.78000000000045,0.9998015015537587
2079,20.79000000000045,0.9998015533655661
2080,20.800000000000452,0.9998016051527784
2081,20.810000000000453,0.9998016569154865
2082,20.820000000000455,0.9998017086537812
2083,20.830000000000457,0.9998017603677523
2084,20.840000000000458,0.999801812057489
2085,20.85000000000046,0.9998018637230801
2086,20.86000000000046,0.9998019153646136
2087,20.870000000000463,0.9998019669821768
2088,20.880000000000464,0.9998020185758567
2089,20.890000000000466,0.9998020701457393
2090,20.900000000000468,0.9998021216919103
2091,20.91000000000047,0.9998021732144545
2092,20.92000000000047,0.9998022247134565
2093,20.930000000000472,0.999802276189
2094,20.940000000000474,0.9998023276411682
2095,20.950000000000475,0.9998023790700437
2096,20.960000000000477,0.9998024304757086
2097,20.97000000000048,0.9998024818582443
2098,20.98000000000048,0.9998025332177317
2099,20.99000000000048,0.9998025845542512
2100,21.000000000000483,0.9998026358678825
2101,21.010000000000485,0.999802687158705
2102,21.020000000000486,0.9998027384267971
2103,21.030000000000488,0.9998027896722371
2104,21.04000000000049,0.9998028408951025
2105,21.05000000000049,0.9998028920954704
2106,21.060000000000493,0.9998029432734171
2107,21.070000000000494,0.9998029944290189
2108,21.080000000000496,0.9998030455623508
2109,21.090000000000497,0.999803096673488
2110,21.1000000000005,0.9998031477625049
2111,21.1100000000005,0.9998031988294751
2112,21.120000000000502,0.9998032498744723
2113,21.130000000000503,0.9998033008975691
2114,21.140000000000505,0.999803351898838
2115,21.150000000000507,0.9998034028783507
2116,21.160000000000508,0.9998034538361786
2117,21.17000000000051,0.9998035047723927
2118,21.18000000000051,0.999803555687063
2119,21.190000000000513,0.9998036065802597
2120,21.200000000000514,0.999803657452052
2121,21.210000000000516,0.9998037083025089
2122,21.220000000000518,0.9998037591316988
2123,21.23000000000052,0.9998038099396896
2124,21.24000000000052,0.999803860726549
2125,21.250000000000522,0.9998039114923438
2126,21.260000000000524,0.9998039622371406
2127,21.270000000000525,0.9998040129610056
2128,21.280000000000527,0.9998040636640044
2129,21.29000000000053,0.9998041143462021
2130,21.30000000000053,0.9998041650076637
2131,21.31000000000053,0.9998042156484531
2132,21.320000000000533,0.9998042662686345
2133,21.330000000000535,0.9998043168682712
2134,21.340000000000536,0.9998043674474263
2135,21.350000000000538,0.9998044180061622
2136,21.36000000000054,0.999804468544541
2137,21.37000000000054,0.9998045190626246
2138,21.380000000000543,0.999804569560474
2139,21.390000000000544,0.9998046200381504
2140,21.400000000000546,0.999804670495714
2141,21.410000000000547,0.9998047209332249
2142,21.42000000000055,0.9998047713507427
2143,21.43000000000055,0.9998048217483266
2144,21.440000000000552,0.9998048721260355
2145,21.450000000000554,0.9998049224839277
2146,21.460000000000555,0.9998049728220613
2147,21.470000000000557,0.9998050231404938
2148,21.480000000000558,0.9998050734392825
2149,21.49000000000056,0.9998051237184842
2150,21.50000000000056,0.9998051739781554
2151,21.510000000000563,0.9998052242183522
2152,21.520000000000564,0.9998052744391301
2153,21.530000000000566,0.9998053246405446
2154,21.540000000000568,0.9998053748226505
2155,21.55000000000057,0.9998054249855024
2156,21.56000000000057,0.9998054751291546
2157,21.570000000000572,0.9998055252536607
2158,21.580000000000574,0.9998055753590744
2159,21.590000000000575,0.9998056254454486
2160,21.600000000000577,0.9998056755128362
2161,21.61000000000058,0.9998057255612894
2162,21.62000000000058,0.9998057755908604
2163,21.63000000000058,0.9998058256016008
2164,21.640000000000583,0.9998058755935619
2165,21.650000000000585,0.9998059255667947
2166,21.660000000000586,0.99980597552135
2167,21.670000000000588,0.9998060254572778
2168,21.68000000000059,0.9998060753746284
2169,21.69000000000059,0.9998061252734513
2170,21.700000000000593,0.9998061751537956
2171,21.710000000000594,0.9998062250157105
2172,21.720000000000596,0.9998062748592446
2173,21.730000000000597,0.9998063246844461
2174,21.7400000000006,0.9998063744913631
2175,21.7500000000006,0.9998064242800433
2176,21.760000000000602,0.9998064740505339
2177,21.770000000000604,0.9998065238028822
2178,21.780000000000605,0.9998065735371345
2179,21.790000000000607,0.9998066232533377
2180,21.80000000000061,0.9998066729515376
2181,21.81000000000061,0.9998067226317799
2182,21.82000000000061,0.9998067722941104
2183,21.830000000000613,0.9998068219385741
2184,21.840000000000614,0.999806871565216
2185,21.850000000000616,0.9998069211740804
2186,21.860000000000618,0.9998069707652121
2187,21.87000000000062,0.9998070203386545
2188,21.88000000000062,0.9998070698944519
2189,21.890000000000622,0.9998071194326473
2190,21.900000000000624,0.999807168953284
2191,21.910000000000625,0.9998072184564049
2192,21.920000000000627,0.9998072679420524
2193,21.93000000000063,0.999807317410269
2194,21.94000000000063,0.9998073668610964
2195,21.95000000000063,0.9998074162945767
2196,21.960000000000633,0.9998074657107511
2197,21.970000000000635,0.9998075151096608
2198,21.980000000000636,0.999807564491347
2199,21.990000000000638,0.9998076138558499
2200,22.00000000000064,0.9998076632032102
2201,22.01000000000064,0.999807712533468
2202,22.020000000000643,0.9998077618466631
2203,22.030000000000644,0.999807811142835
2204,22.040000000000646,0.9998078604220231
2205,22.050000000000647,0.9998079096842665
2206,22.06000000000065,0.9998079589296041
2207,22.07000000000065,0.9998080081580742
2208,22.080000000000652,0.9998080573697155
2209,22.090000000000654,0.9998081065645656
2210,22.100000000000655,0.9998081557426629
2211,22.110000000000657,0.9998082049040445
2212,22.12000000000066,0.999808254048748
2213,22.13000000000066,0.9998083031768104
2214,22.14000000000066,0.9998083522882685
2215,22.150000000000663,0.999808401383159
2216,22.160000000000664,0.9998084504615181
2217,22.170000000000666,0.9998084995233822
2218,22.180000000000668,0.9998085485687872
2219,22.19000000000067,0.9998085975977685
2220,22.20000000000067,0.9998086466103618
2221,22.210000000000672,0.9998086956066022
2222,22.220000000000674,0.9998087445865249
2223,22.230000000000675,0.9998087935501644
2224,22.240000000000677,0.9998088424975553
2225,22.25000000000068,0.999808891428732
2226,22.26000000000068,0.9998089403437286
2227,22.27000000000068,0.9998089892425789
2228,22.280000000000683,0.9998090381253167
2229,22.290000000000685,0.9998090869919755
2230,22.300000000000686,0.9998091358425882
2231,22.310000000000688,0.9998091846771883
2232,22.32000000000069,0.9998092334958082
2233,22.33000000000069,0.9998092822984809
2234,22.340000000000693,0.9998093310852384
2235,22.350000000000694,0.9998093798561132
2236,22.360000000000696,0.9998094286111372
2237,22.370000000000697,0.9998094773503422
2238,22.3800000000007,0.9998095260737597
2239,22.3900000000007,0.9998095747814213
2240,22.400000000000702,0.999809623473358
2241,22.410000000000704,0.9998096721496009
2242,22.420000000000705,0.9998097208101808
2243,22.430000000000707,0.9998097694551282
2244,22.44000000000071,0.9998098180844737
2245,22.45000000000071,0.9998098666982472
2246,22.46000000000071,0.9998099152964791
2247,22.470000000000713,0.9998099638791992
2248,22.480000000000715,0.9998100124464369
2249,22.490000000000716,0.9998100609982219
2250,22.500000000000718,0.9998101095345834
2251,22.51000000000072,0.9998101580555505
2252,22.52000000000072,0.9998102065611522
2253,22.530000000000722,0.9998102550514172
2254,22.540000000000724,0.999810303526374
2255,22.550000000000725,0.9998103519860512
2256,22.560000000000727,0.9998104004304768
2257,22.57000000000073,0.9998104488596788
2258,22.58000000000073,0.9998104972736853
2259,22.59000000000073,0.9998105456725239
2260,22.600000000000733,0.9998105940562221
2261,22.610000000000735,0.9998106424248071
2262,22.620000000000736,0.9998106907783064
2263,22.630000000000738,0.9998107391167468
2264,22.64000000000074,0.9998107874401552
2265,22.65000000000074,0.9998108357485582
2266,22.660000000000743,0.9998108840419825
2267,22.670000000000744,0.9998109323204544
2268,22.680000000000746,0.999810980584
2269,22.690000000000747,0.9998110288326454
2270,22.70000000000075,0.9998110770664165
2271,22.71000000000075,0.999811125285339
2272,22.720000000000752,0.9998111734894384
2273,22.730000000000754,0.9998112216787403
2274,22.740000000000755,0.9998112698532697
2275,22.750000000000757,0.999811318013052
2276,22.76000000000076,0.9998113661581118
2277,22.77000000000076,0.9998114142884743
2278,22.78000000000076,0.9998114624041639
2279,22.790000000000763,0.999811510505205
2280,22.800000000000765,0.9998115585916221
2281,22.810000000000766,0.9998116066634395
2282,22.820000000000768,0.999811654720681
2283,22.83000000000077,0.9998117027633708
2284,22.84000000000077,0.9998117507915325
2285,22.850000000000772,0.9998117988051898
2286,22.860000000000774,0.9998118468043661
2287,22.870000000000775,0.9998118947890848
2288,22.880000000000777,0.9998119427593692
2289,22.89000000000078,0.9998119907152423
2290,22.90000000000078,0.999812038656727
2291,22.91000000000078,0.9998120865838461
2292,22.920000000000783,0.9998121344966223
2293,22.930000000000785,0.9998121823950781
2294,22.940000000000786,0.9998122302792358
2295,22.950000000000788,0.999812278149118
2296,22.96000000000079,0.9998123260047465
2297,22.97000000000079,0.9998123738461433
2298,22.980000000000793,0.9998124216733304
2299,22.990000000000794,0.9998124694863295
2300,23.000000000000796,0.9998125172851623
2301,23.010000000000797,0.9998125650698502
2302,23.0200000000008,0.9998126128404146
2303,23.0300000000008,0.9998126605968767
2304,23.040000000000802,0.9998127083392576
2305,23.050000000000804,0.9998127560675782
2306,23.060000000000805,0.9998128037818597
2307,23.070000000000807,0.9998128514821225
2308,23.08000000000081,0.9998128991683874
2309,23.09000000000081,0.9998129468406749
2310,23.10000000000081,0.9998129944990053
2311,23.110000000000813,0.999813042143399
2312,23.120000000000815,0.999813089773876
2313,23.130000000000816,0.9998131373904564
2314,23.140000000000818,0.9998131849931602
2315,23.15000000000082,0.9998132325820072
2316,23.16000000000082,0.9998132801570169
2317,23.170000000000822,0.9998133277182091
2318,23.180000000000824,0.9998133752656031
2319,23.190000000000826,0.9998134227992185
2320,23.200000000000827,0.9998134703190743
2321,23.21000000000083,0.9998135178251898
2322,23.22000000000083,0.9998135653175839
2323,23.23000000000083,0.9998136127962756
2324,23.240000000000833,0.9998136602612837
2325,23.250000000000835,0.9998137077126269
2326,23.260000000000836,0.9998137551503239
2327,23.270000000000838,0.999813802574393
2328,23.28000000000084,0.9998138499848528
2329,23.29000000000084,0.9998138973817214
2330,23.300000000000843,0.9998139447650173
2331,23.310000000000844,0.9998139921347582
2332,23.320000000000846,0.9998140394909623
2333,23.330000000000847,0.9998140868336474
2334,23.34000000000085,0.9998141341628313
2335,23.35000000000085,0.9998141814785317
2336,23.360000000000852,0.9998142287807663
2337,23.370000000000854,0.9998142760695524
2338,23.380000000000855,0.9998143233449075
2339,23.390000000000857,0.9998143706068489
2340,23.40000000000086,0.9998144178553937
2341,23.41000000000086,0.9998144650905592
2342,23.42000000000086,0.9998145123123623
2343,23.430000000000863,0.9998145595208198
2344,23.440000000000865,0.9998146067159487
2345,23.450000000000866,0.9998146538977657
2346,23.460000000000868,0.9998147010662874
2347,23.47000000000087,0.9998147482215304
2348,23.48000000000087,0.9998147953635111
2349,23.490000000000872,0.999814842492246
2350,23.500000000000874,0.9998148896077511
2351,23.510000000000876,0.999814936710043
2352,23.520000000000877,0.9998149837991375
2353,23.53000000000088,0.9998150308750506
2354,23.54000000000088,0.9998150779377984
2355,23.550000000000882,0.9998151249873969
2356,23.560000000000883,0.9998151720238615
2357,23.570000000000885,0.999815219047208
2358,23.580000000000886,0.9998152660574522
2359,23.590000000000888,0.9998153130546094
2360,23.60000000000089,0.999815360038695
2361,23.61000000000089,0.9998154070097245
2362,23.620000000000893,0.999815453967713
2363,23.630000000000894,0.9998155009126759
2364,23.640000000000896,0.9998155478446281
2365,23.650000000000897,0.9998155947635847
2366,23.6600000000009,0.9998156416695607
2367,23.6700000000009,0.999815688562571
2368,23.680000000000902,0.9998157354426302
2369,23.690000000000904,0.9998157823097533
2370,23.700000000000905,0.9998158291639546
2371,23.710000000000907,0.9998158760052489
2372,23.72000000000091,0.9998159228336506
2373,23.73000000000091,0.9998159696491741
2374,23.74000000000091,0.9998160164518337
2375,23.750000000000913,0.9998160632416438
2376,23.760000000000915,0.9998161100186185
2377,23.770000000000916,0.9998161567827718
2378,23.780000000000918,0.9998162035341179
2379,23.79000000000092,0.9998162502726707
2380,23.80000000000092,0.9998162969984441
2381,23.810000000000922,0.999816343711452
2382,23.820000000000924,0.999816390411708
2383,23.830000000000926,0.9998164370992259
2384,23.840000000000927,0.9998164837740193
2385,23.85000000000093,0.9998165304361017
2386,23.86000000000093,0.9998165770854867
2387,23.870000000000932,0.9998166237221874
2388,23.880000000000933,0.9998166703462175
2389,23.890000000000935,0.9998167169575901
2390,23.900000000000936,0.9998167635563184
2391,23.910000000000938,0.9998168101424156
2392,23.92000000000094,0.9998168567158948
2393,23.93000000000094,0.999816903276769
2394,23.940000000000943,0.999816949825051
2395,23.950000000000944,0.9998169963607538
2396,23.960000000000946,0.9998170428838903
2397,23.970000000000947,0.999817089394473
2398,23.98000000000095,0.9998171358925149
2399,23.99000000000095,0.9998171823780283
2400,24.000000000000952,0.999817228851026
2401,24.010000000000954,0.9998172753115205
2402,24.020000000000955,0.9998173217595241
2403,24.030000000000957,0.9998173681950493
2404,24.04000000000096,0.9998174146181085
2405,24.05000000000096,0.9998174610287137
2406,24.06000000000096,0.9998175074268772
2407,24.070000000000963,0.9998175538126114
2408,24.080000000000965,0.999817600185928
2409,24.090000000000966,0.9998176465468392
2410,24.100000000000968,0.9998176928953572
2411,24.11000000000097,0.9998177392314934
2412,24.12000000000097,0.99981778555526
2413,24.130000000000972,0.9998178318666688
2414,24.140000000000974,0.9998178781657314
2415,24.150000000000976,0.9998179244524596
2416,24.160000000000977,0.9998179707268651
2417,24.17000000000098,0.9998180169889592
2418,24.18000000000098,0.9998180632387537
2419,24.190000000000982,0.9998181094762598
2420,24.200000000000983,0.9998181557014891
2421,24.210000000000985,0.9998182019144529
2422,24.220000000000987,0.9998182481151625
2423,24.230000000000988,0.9998182943036292
2424,24.24000000000099,0.9998183404798642
2425,24.25000000000099,0.9998183866438786
2426,24.260000000000993,0.9998184327956835
2427,24.270000000000994,0.99981847893529
2428,24.280000000000996,0.9998185250627089
2429,24.290000000000997,0.9998185711779514
2430,24.300000000001,0.9998186172810283
2431,24.310000000001,0.9998186633719502
2432,24.320000000001002,0.9998187094507284
2433,24.330000000001004,0.9998187555173732
2434,24.340000000001005,0.9998188015718955
2435,24.350000000001007,0.999818847614306
2436,24.36000000000101,0.999818893644615
2437,24.37000000000101,0.9998189396628333
2438,24.38000000000101,0.9998189856689714
2439,24.390000000001013,0.9998190316630396
2440,24.400000000001015,0.9998190776450485
2441,24.410000000001016,0.9998191236150085
2442,24.420000000001018,0.9998191695729296
2443,24.43000000000102,0.9998192155188222
2444,24.44000000000102,0.9998192614526967
2445,24.450000000001022,0.9998193073745633
2446,24.460000000001024,0.9998193532844317
2447,24.470000000001026,0.9998193991823124
2448,24.480000000001027,0.9998194450682154
2449,24.49000000000103,0.9998194909421506
2450,24.50000000000103,0.9998195368041279
2451,24.510000000001032,0.9998195826541575
2452,24.520000000001033,0.9998196284922489
2453,24.530000000001035,0.9998196743184121
2454,24.540000000001037,0.999819720132657
2455,24.550000000001038,0.999819765934993
2456,24.56000000000104,0.9998198117254302
2457,24.57000000000104,0.9998198575039781
2458,24.580000000001043,0.9998199032706462
2459,24.590000000001044,0.9998199490254442
2460,24.600000000001046,0.9998199947683817
2461,24.610000000001047,0.999820040499468
2462,24.62000000000105,0.9998200862187128
2463,24.63000000000105,0.9998201319261252
2464,24.640000000001052,0.9998201776217148
2465,24.650000000001054,0.999820223305491
2466,24.660000000001055,0.9998202689774629
2467,24.670000000001057,0.9998203146376399
2468,24.68000000000106,0.9998203602860312
2469,24.69000000000106,0.9998204059226459
2470,24.70000000000106,0.9998204515474932
2471,24.710000000001063,0.9998204971605822
2472,24.720000000001065,0.9998205427619219
2473,24.730000000001066,0.9998205883515214
2474,24.740000000001068,0.9998206339293898
2475,24.75000000000107,0.9998206794955359
2476,24.76000000000107,0.9998207250499687
2477,24.770000000001072,0.9998207705926969
2478,24.780000000001074,0.9998208161237296
2479,24.790000000001076,0.9998208616430755
2480,24.800000000001077,0.9998209071507435
2481,24.81000000000108,0.9998209526467421
2482,24.82000000000108,0.99982099813108
2483,24.830000000001082,0.9998210436037662
2484,24.840000000001083,0.9998210890648092
2485,24.850000000001085,0.9998211345142174
2486,24.860000000001087,0.9998211799519995
2487,24.870000000001088,0.9998212253781641
2488,24.88000000000109,0.9998212707927197
2489,24.89000000000109,0.9998213161956746
2490,24.900000000001093,0.9998213615870374
2491,24.910000000001094,0.9998214069668164
2492,24.920000000001096,0.9998214523350201
2493,24.930000000001098,0.9998214976916566
2494,24.9400000000011,0.9998215430367345
2495,24.9500000000011,0.9998215883702619
2496,24.960000000001102,0.9998216336922471
2497,24.970000000001104,0.9998216790026981
2498,24.980000000001105,0.9998217243016234
2499,24.990000000001107,0.999821769589031
2500,25.00000000000111,0.9998218148649289
2501,25.01000000000111,0.9998218601293254
2502,25.02000000000111,0.9998219053822284
2503,25.030000000001113,0.999821950623646
2504,25.040000000001115,0.999821995853586
2505,25.050000000001116,0.9998220410720566
2506,25.060000000001118,0.9998220862790658
2507,25.07000000000112,0.9998221314746212
2508,25.08000000000112,0.9998221766587309
2509,25.090000000001123,0.9998222218314026
2510,25.100000000001124,0.9998222669926442
2511,25.110000000001126,0.9998223121424634
2512,25.120000000001127,0.9998223572808681
2513,25.13000000000113,0.999822402407866
2514,25.14000000000113,0.9998224475234647
2515,25.150000000001132,0.999822492627672
2516,25.160000000001133,0.9998225377204953
2517,25.170000000001135,0.9998225828019426
2518,25.180000000001137,0.9998226278720211
2519,25.190000000001138,0.9998226729307387
2520,25.20000000000114,0.9998227179781026
2521,25.21000000000114,0.9998227630141207
2522,25.220000000001143,0.9998228080388001
2523,25.230000000001144,0.9998228530521485
2524,25.240000000001146,0.9998228980541731
2525,25.250000000001148,0.9998229430448816
2526,25.26000000000115,0.9998229880242813
2527,25.27000000000115,0.9998230329923793
2528,25.280000000001152,0.9998230779491832
2529,25.290000000001154,0.9998231228947002
2530,25.300000000001155,0.9998231678289375
2531,25.310000000001157,0.9998232127519024
2532,25.32000000000116,0.9998232576636022
2533,25.33000000000116,0.9998233025640442
2534,25.34000000000116,0.9998233474532352
2535,25.350000000001163,0.9998233923311827
2536,25.360000000001165,0.9998234371978936
2537,25.370000000001166,0.9998234820533751
2538,25.380000000001168,0.9998235268976343
2539,25.39000000000117,0.9998235717306783
2540,25.40000000000117,0.999823616552514
2541,25.410000000001173,0.9998236613631483
2542,25.420000000001174,0.9998237061625884
2543,25.430000000001176,0.9998237509508413
2544,25.440000000001177,0.9998237957279138
2545,25.45000000000118,0.9998238404938128
2546,25.46000000000118,0.9998238852485452
2547,25.470000000001182,0.9998239299921179
2548,25.480000000001183,0.9998239747245378
2549,25.490000000001185,0.9998240194458117
2550,25.500000000001187,0.9998240641559463
2551,25.510000000001188,0.9998241088549483
2552,25.52000000000119,0.9998241535428247
2553,25.53000000000119,0.9998241982195822
2554,25.540000000001193,0.9998242428852274
2555,25.550000000001194,0.999824287539767
2556,25.560000000001196,0.9998243321832078
2557,25.570000000001198,0.9998243768155561
2558,25.5800000000012,0.9998244214368189
2559,25.5900000000012,0.9998244660470028
2560,25.600000000001202,0.9998245106461141
2561,25.610000000001204,0.9998245552341596
2562,25.620000000001205,0.9998245998111458
2563,25.630000000001207,0.9998246443770791
2564,25.64000000000121,0.9998246889319661
2565,25.65000000000121,0.9998247334758134
2566,25.66000000000121,0.9998247780086271
2567,25.670000000001213,0.999824822530414
2568,25.680000000001215,0.9998248670411805
2569,25.690000000001216,0.9998249115409328
2570,25.700000000001218,0.9998249560296774
2571,25.71000000000122,0.9998250005074206
2572,25.72000000000122,0.9998250449741689
2573,25.730000000001223,0.9998250894299284
2574,25.740000000001224,0.9998251338747056
2575,25.750000000001226,0.9998251783085067
2576,25.760000000001227,0.999825222731338
2577,25.77000000000123,0.9998252671432057
2578,25.78000000000123,0.9998253115441161
2579,25.790000000001232,0.9998253559340754
2580,25.800000000001234,0.9998254003130896
2581,25.810000000001235,0.9998254446811653
2582,25.820000000001237,0.9998254890383083
2583,25.830000000001238,0.9998255333845247
2584,25.84000000000124,0.999825577719821
2585,25.85000000000124,0.9998256220442029
2586,25.860000000001243,0.9998256663576767
2587,25.870000000001244,0.9998257106602484
2588,25.880000000001246,0.999825754951924
2589,25.890000000001248,0.9998257992327098
2590,25.90000000000125,0.9998258435026115
2591,25.91000000000125,0.9998258877616353
2592,25.920000000001252,0.999825932009787
2593,25.930000000001254,0.9998259762470727
2594,25.940000000001255,0.9998260204734984
2595,25.950000000001257,0.9998260646890699
2596,25.96000000000126,0.9998261088937932
2597,25.97000000000126,0.9998261530876742
2598,25.98000000000126,0.9998261972707188
2599,25.990000000001263,0.9998262414429326
2600,26.000000000001265,0.9998262856043219
2601,26.010000000001266,0.9998263297548922
2602,26.020000000001268,0.9998263738946495
2603,26.03000000000127,0.9998264180235994
2604,26.04000000000127,0.9998264621417479
2605,26.050000000001273,0.9998265062491007
2606,26.060000000001274,0.9998265503456635
2607,26.070000000001276,0.9998265944314422
2608,26.080000000001277,0.9998266385064423
2609,26.09000000000128,0.9998266825706695
2610,26.10000000000128,0.9998267266241297
2611,26.110000000001282,0.9998267706668286
2612,26.120000000001284,0.9998268146987717
2613,26.130000000001285,0.9998268587199647
2614,26.140000000001287,0.9998269027304132
2615,26.150000000001288,0.9998269467301228
2616,26.16000000000129,0.9998269907190993
2617,26.17000000000129,0.9998270346973481
2618,26.180000000001293,0.9998270786648749
2619,26.190000000001294,0.999827122621685
2620,26.200000000001296,0.9998271665677843
2621,26.210000000001298,0.9998272105031781
2622,26.2200000000013,0.999827254427872
2623,26.2300000000013,0.9998272983418715
2624,26.240000000001302,0.9998273422451821
2625,26.250000000001304,0.9998273861378092
2626,26.260000000001305,0.9998274300197584
2627,26.270000000001307,0.999827473891035
2628,26.28000000000131,0.9998275177516446
2629,26.29000000000131,0.9998275616015924
2630,26.30000000000131,0.999827605440884
2631,26.310000000001313,0.9998276492695247
2632,26.320000000001315,0.9998276930875201
2633,26.330000000001316,0.9998277368948751
2634,26.340000000001318,0.9998277806915956
2635,26.35000000000132,0.9998278244776866
2636,26.36000000000132,0.9998278682531535
2637,26.370000000001323,0.9998279120180016
2638,26.380000000001324,0.9998279557722363
2639,26.390000000001326,0.9998279995158628
2640,26.400000000001327,0.9998280432488863
2641,26.41000000000133,0.9998280869713123
2642,26.42000000000133,0.9998281306831459
2643,26.430000000001332,0.9998281743843924
2644,26.440000000001334,0.999828218075057
2645,26.450000000001335,0.9998282617551448
2646,26.460000000001337,0.9998283054246612
2647,26.47000000000134,0.9998283490836113
2648,26.48000000000134,0.9998283927320002
2649,26.49000000000134,0.9998284363698333
2650,26.500000000001343,0.9998284799971155
2651,26.510000000001344,0.9998285236138521
2652,26.520000000001346,0.9998285672200482
2653,26.530000000001348,0.9998286108157088
2654,26.54000000000135,0.9998286544008392
2655,26.55000000000135,0.9998286979754445
2656,26.560000000001352,0.9998287415395296
2657,26.570000000001354,0.9998287850930997
2658,26.580000000001355,0.9998288286361598
2659,26.590000000001357,0.999828872168715
2660,26.60000000000136,0.9998289156907704
2661,26.61000000000136,0.9998289592023308
2662,26.62000000000136,0.9998290027034015
2663,26.630000000001363,0.9998290461939874
2664,26.640000000001365,0.9998290896740933
2665,26.650000000001366,0.9998291331437246
2666,26.660000000001368,0.9998291766028858
2667,26.67000000000137,0.9998292200515823
2668,26.68000000000137,0.9998292634898187
2669,26.690000000001373,0.9998293069176002
2670,26.700000000001374,0.9998293503349315
2671,26.710000000001376,0.9998293937418178
2672,26.720000000001377,0.9998294371382637
2673,26.73000000000138,0.9998294805242743
2674,26.74000000000138,0.9998295238998545
2675,26.750000000001382,0.999829567265009
2676,26.760000000001384,0.999829610619743
2677,26.770000000001385,0.999829653964061
2678,26.780000000001387,0.9998296972979679
2679,26.79000000000139,0.9998297406214688
2680,26.80000000000139,0.9998297839345682
2681,26.81000000000139,0.9998298272372712
2682,26.820000000001393,0.9998298705295825
2683,26.830000000001395,0.9998299138115068
2684,26.840000000001396,0.999829957083049
2685,26.850000000001398,0.9998300003442139
2686,26.8600000000014,0.9998300435950062
2687,26.8700000000014,0.9998300868354306
2688,26.880000000001402,0.9998301300654919
2689,26.890000000001404,0.999830173285195
2690,26.900000000001405,0.9998302164945444
2691,26.910000000001407,0.999830259693545
2692,26.92000000000141,0.9998303028822013
2693,26.93000000000141,0.9998303460605182
2694,26.94000000000141,0.9998303892285004
2695,26.950000000001413,0.9998304323861524
2696,26.960000000001415,0.999830475533479
2697,26.970000000001416,0.9998305186704849
2698,26.980000000001418,0.9998305617971747
2699,26.99000000000142,0.9998306049135529
2700,27.00000000000142,0.9998306480196245
2701,27.010000000001423,0.9998306911153938
2702,27.020000000001424,0.9998307342008655
2703,27.030000000001426,0.9998307772760443
2704,27.040000000001427,0.9998308203409347
2705,27.05000000000143,0.9998308633955414
2706,27.06000000000143,0.9998309064398689
2707,27.070000000001432,0.9998309494739219
2708,27.080000000001434,0.9998309924977048
2709,27.090000000001435,0.9998310355112222
2710,27.100000000001437,0.9998310785144787
2711,27.11000000000144,0.9998311215074788
2712,27.12000000000144,0.9998311644902271
2713,27.13000000000144,0.9998312074627281
2714,27.140000000001443,0.9998312504249862
2715,27.150000000001445,0.9998312933770062
2716,27.160000000001446,0.9998313363187922
2717,27.170000000001448,0.999831379250349
2718,27.18000000000145,0.999831422171681
2719,27.19000000000145,0.9998314650827926
2720,27.200000000001452,0.9998315079836884
2721,27.210000000001454,0.9998315508743727
2722,27.220000000001455,0.9998315937548502
2723,27.230000000001457,0.9998316366251251
2724,27.24000000000146,0.9998316794852018
2725,27.25000000000146,0.999831722335085
2726,27.26000000000146,0.9998317651747789
2727,27.270000000001463,0.9998318080042881
2728,27.280000000001465,0.9998318508236167
2729,27.290000000001466,0.9998318936327694
2730,27.300000000001468,0.9998319364317505
2731,27.31000000000147,0.9998319792205642
2732,27.32000000000147,0.9998320219992152
2733,27.330000000001473,0.9998320647677076
2734,27.340000000001474,0.9998321075260459
2735,27.350000000001476,0.9998321502742344
2736,27.360000000001477,0.9998321930122774
2737,27.37000000000148,0.9998322357401794
2738,27.38000000000148,0.9998322784579445
2739,27.390000000001482,0.9998323211655772
2740,27.400000000001484,0.9998323638630817
2741,27.410000000001485,0.9998324065504625
2742,27.420000000001487,0.9998324492277236
2743,27.43000000000149,0.9998324918948696
2744,27.44000000000149,0.9998325345519046
2745,27.45000000000149,0.9998325771988328
2746,27.460000000001493,0.9998326198356586
2747,27.470000000001495,0.9998326624623864
2748,27.480000000001496,0.9998327050790202
2749,27.490000000001498,0.9998327476855644
2750,27.5000000000015,0.9998327902820232
2751,27.5100000000015,0.999832832868401
2752,27.520000000001502,0.9998328754447017
2753,27.530000000001504,0.9998329180109297
2754,27.540000000001505,0.9998329605670893
2755,27.550000000001507,0.9998330031131846
2756,27.56000000000151,0.9998330456492197
2757,27.57000000000151,0.9998330881751991
2758,27.58000000000151,0.9998331306911268
2759,27.590000000001513,0.9998331731970069
2760,27.600000000001515,0.9998332156928437
2761,27.610000000001516,0.9998332581786413
2762,27.620000000001518,0.999833300654404
2763,27.63000000000152,0.9998333431201358
2764,27.64000000000152,0.999833385575841
2765,27.650000000001523,0.9998334280215236
2766,27.660000000001524,0.9998334704571878
2767,27.670000000001526,0.9998335128828378
2768,27.680000000001527,0.9998335552984776
2769,27.69000000000153,0.9998335977041114
2770,27.70000000000153,0.9998336400997432
2771,27.710000000001532,0.9998336824853773
2772,27.720000000001534,0.9998337248610176
2773,27.730000000001535,0.9998337672266683
2774,27.740000000001537,0.9998338095823335
2775,27.75000000000154,0.9998338519280172
2776,27.76000000000154,0.9998338942637236
2777,27.77000000000154,0.9998339365894567
2778,27.780000000001543,0.9998339789052205
2779,27.790000000001545,0.9998340212110192
2780,27.800000000001546,0.9998340635068567
2781,27.810000000001548,0.9998341057927371
2782,27.82000000000155,0.9998341480686646
2783,27.83000000000155,0.9998341903346429
2784,27.840000000001552,0.9998342325906763
2785,27.850000000001554,0.9998342748367687
2786,27.860000000001556,0.9998343170729241
2787,27.870000000001557,0.9998343592991467
2788,27.88000000000156,0.9998344015154403
2789,27.89000000000156,0.999834443721809
2790,27.90000000000156,0.9998344859182566
2791,27.910000000001563,0.9998345281047875
2792,27.920000000001565,0.9998345702814052
2793,27.930000000001566,0.999834612448114
2794,27.940000000001568,0.9998346546049178
2795,27.95000000000157,0.9998346967518205
2796,27.96000000000157,0.9998347388888261
2797,27.970000000001573,0.9998347810159385
2798,27.980000000001574,0.9998348231331617
2799,27.990000000001576,0.9998348652404997
2800,28.000000000001577,0.9998349073379563
2801,28.01000000000158,0.9998349494255356
2802,28.02000000000158,0.9998349915032414
2803,28.030000000001582,0.9998350335710777
2804,28.040000000001584,0.9998350756290483
2805,28.050000000001585,0.9998351176771572
2806,28.060000000001587,0.9998351597154083
2807,28.07000000000159,0.9998352017438055
2808,28.08000000000159,0.9998352437623526
2809,28.09000000000159,0.9998352857710535
2810,28.100000000001593,0.9998353277699124
2811,28.110000000001595,0.9998353697589327
2812,28.120000000001596,0.9998354117381186
2813,28.130000000001598,0.9998354537074738
2814,28.1400000000016,0.9998354956670024
2815,28.1500000000016,0.999835537616708
2816,28.160000000001602,0.9998355795565944
2817,28.170000000001604,0.9998356214866657
2818,28.180000000001606,0.9998356634069258
2819,28.190000000001607,0.9998357053173781
2820,28.20000000000161,0.9998357472180268
2821,28.21000000000161,0.9998357891088757
2822,28.220000000001612,0.9998358309899286
2823,28.230000000001613,0.9998358728611891
2824,28.240000000001615,0.9998359147226613
2825,28.250000000001616,0.9998359565743489
2826,28.260000000001618,0.9998359984162556
2827,28.27000000000162,0.9998360402483853
2828,28.28000000000162,0.9998360820707419
2829,28.290000000001623,0.999836123883329
2830,28.300000000001624,0.9998361656861505
2831,28.310000000001626,0.9998362074792101
2832,28.320000000001627,0.9998362492625116
2833,28.33000000000163,0.9998362910360589
2834,28.34000000000163,0.9998363327998555
2835,28.350000000001632,0.9998363745539054
2836,28.360000000001634,0.9998364162982122
2837,28.370000000001635,0.9998364580327797
2838,28.380000000001637,0.9998364997576117
2839,28.39000000000164,0.999836541472712
2840,28.40000000000164,0.999836583178084
2841,28.41000000000164,0.9998366248737318
2842,28.420000000001643,0.9998366665596591
2843,28.430000000001645,0.9998367082358693
2844,28.440000000001646,0.9998367499023665
2845,28.450000000001648,0.9998367915591543
2846,28.46000000000165,0.9998368332062362
2847,28.47000000000165,0.9998368748436162
2848,28.480000000001652,0.9998369164712978
2849,28.490000000001654,0.9998369580892847
2850,28.500000000001656,0.9998369996975808
2851,28.510000000001657,0.9998370412961896
2852,28.52000000000166,0.9998370828851147
2853,28.53000000000166,0.99983712446436
2854,28.540000000001662,0.9998371660339291
2855,28.550000000001663,0.9998372075938257
2856,28.560000000001665,0.9998372491440534
2857,28.570000000001667,0.9998372906846157
2858,28.580000000001668,0.9998373322155166
2859,28.59000000000167,0.9998373737367595
2860,28.60000000000167,0.9998374152483482
2861,28.610000000001673,0.9998374567502862
2862,28.620000000001674,0.9998374982425774
2863,28.630000000001676,0.999837539725225
2864,28.640000000001677,0.9998375811982331
2865,28.65000000000168,0.999837622661605
2866,28.66000000000168,0.9998376641153445
2867,28.670000000001682,0.9998377055594552
2868,28.680000000001684,0.9998377469939406
2869,28.690000000001685,0.9998377884188043
2870,28.700000000001687,0.9998378298340501
2871,28.71000000000169,0.9998378712396814
2872,28.72000000000169,0.999837912635702
2873,28.73000000000169,0.9998379540221153
2874,28.740000000001693,0.999837995398925
2875,28.750000000001695,0.9998380367661347
2876,28.760000000001696,0.9998380781237479
2877,28.770000000001698,0.9998381194717683
2878,28.7800000000017,0.9998381608101993
2879,28.7900000000017,0.9998382021390446
2880,28.800000000001702,0.9998382434583077
2881,28.810000000001704,0.9998382847679923
2882,28.820000000001706,0.9998383260681017
2883,28.830000000001707,0.9998383673586398
2884,28.84000000000171,0.9998384086396098
2885,28.85000000000171,0.9998384499110156
2886,28.860000000001712,0.9998384911728604
2887,28.870000000001713,0.999838532425148
2888,28.880000000001715,0.9998385736678816
2889,28.890000000001717,0.9998386149010652
2890,28.900000000001718,0.999838656124702
2891,28.91000000000172,0.9998386973387957
2892,28.92000000000172,0.9998387385433496
2893,28.930000000001723,0.9998387797383674
2894,28.940000000001724,0.9998388209238526
2895,28.950000000001726,0.9998388620998087
2896,28.960000000001727,0.9998389032662391
2897,28.97000000000173,0.9998389444231474
2898,28.98000000000173,0.9998389855705371
2899,28.990000000001732,0.9998390267084116
2900,29.000000000001734,0.9998390678367746
2901,29.010000000001735,0.9998391089556293
2902,29.020000000001737,0.9998391500649795
2903,29.03000000000174,0.9998391911648283
2904,29.04000000000174,0.9998392322551796
2905,29.05000000000174,0.9998392733360366
2906,29.060000000001743,0.9998393144074028
2907,29.070000000001745,0.9998393554692817
2908,29.080000000001746,0.9998393965216767
2909,29.090000000001748,0.9998394375645914
2910,29.10000000000175,0.9998394785980291
2911,29.11000000000175,0.9998395196219935
2912,29.120000000001752,0.9998395606364877
2913,29.130000000001754,0.9998396016415154
2914,29.140000000001756,0.9998396426370799
2915,29.150000000001757,0.9998396836231846
2916,29.16000000000176,0.9998397245998333
2917,29.17000000000176,0.9998397655670289
2918,29.180000000001762,0.9998398065247752
2919,29.190000000001763,0.9998398474730755
2920,29.200000000001765,0.9998398884119332
2921,29.210000000001767,0.9998399293413518
2922,29.220000000001768,0.9998399702613345
2923,29.23000000000177,0.999840011171885
2924,29.24000000000177,0.9998400520730066
2925,29.250000000001773,0.9998400929647027
2926,29.260000000001774,0.9998401338469766
2927,29.270000000001776,0.9998401747198317
2928,29.280000000001777,0.9998402155832715
2929,29.29000000000178,0.9998402564372993
2930,29.30000000000178,0.9998402972819187
2931,29.310000000001782,0.9998403381171329
2932,29.320000000001784,0.9998403789429452
2933,29.330000000001785,0.9998404197593591
2934,29.340000000001787,0.999840460566378
2935,29.35000000000179,0.9998405013640052
2936,29.36000000000179,0.999840542152244
2937,29.37000000000179,0.999840582931098
2938,29.380000000001793,0.9998406237005704
2939,29.390000000001795,0.9998406644606644
2940,29.400000000001796,0.9998407052113837
2941,29.410000000001798,0.9998407459527313
2942,29.4200000000018,0.9998407866847109
2943,29.4300000000018,0.9998408274073255
2944,29.440000000001803,0.9998408681205787
2945,29.450000000001804,0.9998409088244737
2946,29.460000000001806,0.9998409495190139
2947,29.470000000001807,0.9998409902042026
2948,29.48000000000181,0.9998410308800431
2949,29.49000000000181,0.9998410715465388
2950,29.500000000001812,0.999841112203693
2951,29.510000000001813,0.9998411528515089
2952,29.520000000001815,0.99984119348999
2953,29.530000000001817,0.9998412341191394
2954,29.540000000001818,0.9998412747389607
2955,29.55000000000182,0.999841315349457
2956,29.56000000000182,0.9998413559506315
2957,29.570000000001823,0.9998413965424878
2958,29.580000000001824,0.9998414371250289
2959,29.590000000001826,0.9998414776982584
2960,29.600000000001828,0.9998415182621794
2961,29.61000000000183,0.9998415588167952
2962,29.62000000000183,0.999841599362109
2963,29.630000000001832,0.9998416398981242
2964,29.640000000001834,0.9998416804248441
2965,29.650000000001835,0.999841720942272
2966,29.660000000001837,0.999841761450411
2967,29.67000000000184,0.9998418019492646
2968,29.68000000000184,0.9998418424388359
2969,29.69000000000184,0.9998418829191281
2970,29.700000000001843,0.9998419233901448
2971,29.710000000001845,0.9998419638518888
2972,29.720000000001846,0.9998420043043637
2973,29.730000000001848,0.9998420447475725
2974,29.74000000000185,0.9998420851815187
2975,29.75000000000185,0.9998421256062056
2976,29.760000000001853,0.999842166021636
2977,29.770000000001854,0.9998422064278135
2978,29.780000000001856,0.9998422468247413
2979,29.790000000001857,0.9998422872124226
2980,29.80000000000186,0.9998423275908606
2981,29.81000000000186,0.9998423679600585
2982,29.820000000001862,0.9998424083200196
2983,29.830000000001863,0.9998424486707471
2984,29.840000000001865,0.9998424890122443
2985,29.850000000001867,0.9998425293445142
2986,29.860000000001868,0.9998425696675602
2987,29.87000000000187,0.9998426099813855
2988,29.88000000000187,0.9998426502859933
2989,29.890000000001873,0.9998426905813868
2990,29.900000000001874,0.9998427308675691
2991,29.910000000001876,0.9998427711445436
2992,29.920000000001878,0.9998428114123132
2993,29.93000000000188,0.9998428516708814
2994,29.94000000000188,0.9998428919202513
2995,29.950000000001882,0.999842932160426
2996,29.960000000001884,0.9998429723914087
2997,29.970000000001885,0.9998430126132027
2998,29.980000000001887,0.9998430528258112
2999,29.99000000000189,0.9998430930292372
3000,30.00000000000189,0.9998431332234841
3001,30.01000000000189,0.9998431734085548
3002,30.020000000001893,0.9998432135844526
3003,30.030000000001895,0.9998432537511808
3004,30.040000000001896,0.9998432939087423
3005,30.050000000001898,0.9998433340571405
3006,30.0600000000019,0.9998433741963785
3007,30.0700000000019,0.9998434143264594
3008,30.080000000001903,0.9998434544473863
3009,30.090000000001904,0.9998434945591625
3010,30.100000000001906,0.9998435346617912
3011,30.110000000001907,0.9998435747552753
3012,30.12000000000191,0.9998436148396181
3013,30.13000000000191,0.9998436549148227
3014,30.140000000001912,0.9998436949808923
3015,30.150000000001913,0.99984373503783
3016,30.160000000001915,0.9998437750856389
3017,30.170000000001917,0.9998438151243222
3018,30.180000000001918,0.9998438551538829
3019,30.19000000000192,0.9998438951743243
3020,30.20000000000192,0.9998439351856493
3021,30.210000000001923,0.9998439751878613
3022,30.220000000001924,0.9998440151809632
3023,30.230000000001926,0.9998440551649582
3024,30.240000000001928,0.9998440951398494
3025,30.25000000000193,0.99984413510564
3026,30.26000000000193,0.9998441750623329
3027,30.270000000001932,0.9998442150099314
3028,30.280000000001934,0.9998442549484384
3029,30.290000000001935,0.9998442948778573
3030,30.300000000001937,0.9998443347981909
3031,30.31000000000194,0.9998443747094424
3032,30.32000000000194,0.9998444146116151
3033,30.33000000000194,0.9998444545047117
3034,30.340000000001943,0.9998444943887356
3035,30.350000000001945,0.9998445342636898
3036,30.360000000001946,0.9998445741295773
3037,30.370000000001948,0.9998446139864012
3038,30.38000000000195,0.9998446538341647
3039,30.39000000000195,0.9998446936728708
3040,30.400000000001953,0.9998447335025225
3041,30.410000000001954,0.9998447733231229
3042,30.420000000001956,0.9998448131346752
3043,30.430000000001957,0.9998448529371823
3044,30.44000000000196,0.9998448927306474
3045,30.45000000000196,0.9998449325150734
3046,30.460000000001962,0.9998449722904635
3047,30.470000000001964,0.9998450120568207
3048,30.480000000001965,0.9998450518141481
3049,30.490000000001967,0.9998450915624486
3050,30.500000000001968,0.9998451313017255
3051,30.51000000000197,0.9998451710319816
3052,30.52000000000197,0.99984521075322
3053,30.530000000001973,0.9998452504654438
3054,30.540000000001974,0.9998452901686562
3055,30.550000000001976,0.9998453298628599
3056,30.560000000001978,0.9998453695480581
3057,30.57000000000198,0.9998454092242539
3058,30.58000000000198,0.9998454488914502
3059,30.590000000001982,0.99984548854965
3060,30.600000000001984,0.9998455281988566
3061,30.610000000001985,0.9998455678390727
3062,30.620000000001987,0.9998456074703015
3063,30.63000000000199,0.999845647092546
3064,30.64000000000199,0.9998456867058091
3065,30.65000000000199,0.9998457263100939
3066,30.660000000001993,0.9998457659054034
3067,30.670000000001995,0.9998458054917406
3068,30.680000000001996,0.9998458450691087
3069,30.690000000001998,0.9998458846375103
3070,30.700000000002,0.9998459241969487
3071,30.710000000002,0.9998459637474268
3072,30.720000000002003,0.9998460032889477
3073,30.730000000002004,0.9998460428215142
3074,30.740000000002006,0.9998460823451295
3075,30.750000000002007,0.9998461218597964
3076,30.76000000000201,0.9998461613655181
3077,30.77000000000201,0.9998462008622974
3078,30.780000000002012,0.9998462403501372
3079,30.790000000002014,0.9998462798290408
3080,30.800000000002015,0.999846319299011
3081,30.810000000002017,0.9998463587600507
3082,30.82000000000202,0.999846398212163
3083,30.83000000000202,0.9998464376553509
3084,30.84000000000202,0.9998464770896172
3085,30.850000000002023,0.9998465165149649
3086,30.860000000002024,0.9998465559313972
3087,30.870000000002026,0.9998465953389167
3088,30.880000000002028,0.9998466347375268
3089,30.89000000000203,0.99984667412723
3090,30.90000000000203,0.9998467135080296
3091,30.910000000002032,0.9998467528799283
3092,30.920000000002034,0.9998467922429292
3093,30.930000000002035,0.9998468315970352
3094,30.940000000002037,0.9998468709422493
3095,30.95000000000204,0.9998469102785744
3096,30.96000000000204,0.9998469496060134
3097,30.97000000000204,0.9998469889245694
3098,30.980000000002043,0.9998470282342451
3099,30.990000000002045,0.9998470675350436
3100,31.000000000002046,0.9998471068269679
3101,31.010000000002048,0.9998471461100208
3102,31.02000000000205,0.9998471853842051
3103,31.03000000000205,0.999847224649524
3104,31.040000000002053,0.9998472639059803
3105,31.050000000002054,0.9998473031535771
3106,31.060000000002056,0.9998473423923169
3107,31.070000000002057,0.999847381622203
3108,31.08000000000206,0.9998474208432382
3109,31.09000000000206,0.9998474600554254
3110,31.100000000002062,0.9998474992587675
3111,31.110000000002064,0.9998475384532673
3112,31.120000000002065,0.999847577638928
3113,31.130000000002067,0.9998476168157523
3114,31.14000000000207,0.9998476559837431
3115,31.15000000000207,0.9998476951429034
3116,31.16000000000207,0.999847734293236
3117,31.170000000002073,0.9998477734347438
3118,31.180000000002075,0.9998478125674298
3119,31.190000000002076,0.9998478516912969
3120,31.200000000002078,0.9998478908063478
3121,31.21000000000208,0.9998479299125855
3122,31.22000000000208,0.999847969010013
3123,31.230000000002082,0.9998480080986331
3124,31.240000000002084,0.9998480471784486
3125,31.250000000002085,0.9998480862494623
3126,31.260000000002087,0.9998481253116774
3127,31.27000000000209,0.9998481643650966
3128,31.28000000000209,0.9998482034097227
3129,31.29000000000209,0.9998482424455587
3130,31.300000000002093,0.9998482814726073
3131,31.310000000002095,0.9998483204908716
3132,31.320000000002096,0.9998483595003543
3133,31.330000000002098,0.9998483985010583
3134,31.3400000000021,0.9998484374929866
3135,31.3500000000021,0.9998484764761417
3136,31.360000000002103,0.9998485154505269
3137,31.370000000002104,0.9998485544161447
3138,31.380000000002106,0.9998485933729983
3139,31.390000000002107,0.9998486323210901
3140,31.40000000000211,0.9998486712604234
3141,31.41000000000211,0.9998487101910007
3142,31.420000000002112,0.9998487491128252
3143,31.430000000002114,0.9998487880258994
3144,31.440000000002115,0.9998488269302263
3145,31.450000000002117,0.9998488658258087
3146,31.46000000000212,0.9998489047126494
3147,31.47000000000212,0.9998489435907514
3148,31.48000000000212,0.9998489824601173
3149,31.490000000002123,0.9998490213207502
3150,31.500000000002125,0.9998490601726527
3151,31.510000000002126,0.9998490990158277
3152,31.520000000002128,0.9998491378502782
3153,31.53000000000213,0.9998491766760067
3154,31.54000000000213,0.9998492154930162
3155,31.550000000002132,0.9998492543013096
3156,31.560000000002134,0.9998492931008895
3157,31.570000000002135,0.999849331891759
3158,31.580000000002137,0.9998493706739205
3159,31.59000000000214,0.9998494094473773
3160,31.60000000000214,0.9998494482121318
3161,31.61000000000214,0.9998494869681871
3162,31.620000000002143,0.9998495257155459
3163,31.630000000002145,0.9998495644542109
3164,31.640000000002146,0.999849603184185
3165,31.650000000002148,0.9998496419054711
3166,31.66000000000215,0.9998496806180718
3167,31.67000000000215,0.9998497193219901
3168,31.680000000002153,0.9998497580172285
3169,31.690000000002154,0.99984979670379
3170,31.700000000002156,0.9998498353816775
3171,31.710000000002157,0.9998498740508935
3172,31.72000000000216,0.9998499127114411
3173,31.73000000000216,0.9998499513633229
3174,31.740000000002162,0.9998499900065416
3175,31.750000000002164,0.9998500286411001
3176,31.760000000002165,0.9998500672670012
3177,31.770000000002167,0.9998501058842476
3178,31.78000000000217,0.9998501444928422
3179,31.79000000000217,0.9998501830927876
3180,31.80000000000217,0.9998502216840868
3181,31.810000000002173,0.9998502602667423
3182,31.820000000002175,0.9998502988407569
3183,31.830000000002176,0.9998503374061336
3184,31.840000000002178,0.9998503759628751
3185,31.85000000000218,0.999850414510984
3186,31.86000000000218,0.9998504530504632
3187,31.870000000002182,0.9998504915813152
3188,31.880000000002184,0.9998505301035432
3189,31.890000000002185,0.9998505686171496
3190,31.900000000002187,0.9998506071221372
3191,31.91000000000219,0.999850645618509
3192,31.92000000000219,0.9998506841062675
3193,31.93000000000219,0.9998507225854155
3194,31.940000000002193,0.9998507610559557
3195,31.950000000002195,0.999850799517891
3196,31.960000000002196,0.999850837971224
3197,31.970000000002198,0.9998508764159574
3198,31.9800000000022,0.9998509148520941
3199,31.9900000000022,0.9998509532796368
3200,32.0000000000022,0.999850991698588
3201,32.0100000000022,0.9998510301089508
3202,32.0200000000022,0.9998510685107277
3203,32.0300000000022,0.9998511069039215
3204,32.040000000002195,0.9998511452885349
3205,32.05000000000219,0.9998511836645706
3206,32.06000000000219,0.9998512220320314
3207,32.07000000000219,0.9998512603909199
3208,32.08000000000219,0.9998512987412389
3209,32.090000000002185,0.9998513370829911
3210,32.10000000000218,0.9998513754161793
3211,32.11000000000218,0.999851413740806
3212,32.12000000000218,0.9998514520568742
3213,32.13000000000218,0.9998514903643864
3214,32.140000000002175,0.9998515286633453
3215,32.15000000000217,0.9998515669537538
3216,32.16000000000217,0.9998516052356143
3217,32.17000000000217,0.9998516435089299
3218,32.18000000000217,0.9998516817737029
3219,32.190000000002165,0.9998517200299362
3220,32.20000000000216,0.9998517582776325
3221,32.21000000000216,0.9998517965167945
3222,32.22000000000216,0.9998518347474249
3223,32.23000000000216,0.9998518729695263
3224,32.240000000002155,0.9998519111831015
3225,32.25000000000215,0.999851949388153
3226,32.26000000000215,0.9998519875846837
3227,32.27000000000215,0.9998520257726963
3228,32.28000000000215,0.9998520639521933
3229,32.290000000002145,0.9998521021231774
3230,32.30000000000214,0.9998521402856515
3231,32.31000000000214,0.999852178439618
3232,32.32000000000214,0.9998522165850798
3233,32.33000000000214,0.9998522547220395
3234,32.340000000002135,0.9998522928504997
3235,32.35000000000213,0.9998523309704631
3236,32.36000000000213,0.9998523690819324
3237,32.37000000000213,0.9998524071849103
3238,32.38000000000213,0.9998524452793994
3239,32.390000000002125,0.9998524833654023
3240,32.40000000000212,0.9998525214429219
3241,32.41000000000212,0.9998525595119606
3242,32.42000000000212,0.9998525975725212
3243,32.43000000000212,0.9998526356246064
3244,32.440000000002115,0.9998526736682187
3245,32.45000000000211,0.9998527117033609
3246,32.46000000000211,0.9998527497300355
3247,32.47000000000211,0.9998527877482453
3248,32.48000000000211,0.9998528257579927
3249,32.490000000002105,0.9998528637592807
3250,32.5000000000021,0.9998529017521117
3251,32.5100000000021,0.9998529397364885
3252,32.5200000000021,0.9998529777124137
3253,32.5300000000021,0.9998530156798897
3254,32.540000000002095,0.9998530536389195
3255,32.55000000000209,0.9998530915895055
3256,32.56000000000209,0.9998531295316504
3257,32.57000000000209,0.9998531674653569
3258,32.58000000000209,0.9998532053906275
3259,32.590000000002085,0.999853243307465
3260,32.60000000000208,0.9998532812158718
3261,32.61000000000208,0.9998533191158506
3262,32.62000000000208,0.9998533570074042
3263,32.63000000000208,0.999853394890535
3264,32.640000000002075,0.9998534327652459
3265,32.65000000000207,0.9998534706315392
3266,32.66000000000207,0.9998535084894177
3267,32.67000000000207,0.9998535463388839
3268,32.68000000000207,0.9998535841799405
3269,32.690000000002065,0.9998536220125901
3270,32.70000000000206,0.9998536598368354
3271,32.71000000000206,0.9998536976526787
3272,32.72000000000206,0.999853735460123
3273,32.73000000000206,0.9998537732591707
3274,32.740000000002055,0.9998538110498244
3275,32.75000000000205,0.9998538488320868
3276,32.76000000000205,0.9998538866059604
3277,32.77000000000205,0.9998539243714478
3278,32.78000000000205,0.9998539621285516
3279,32.790000000002046,0.9998539998772745
3280,32.80000000000204,0.999854037617619
3281,32.81000000000204,0.9998540753495877
3282,32.82000000000204,0.9998541130731833
3283,32.83000000000204,0.9998541507884081
3284,32.840000000002036,0.999854188495265
3285,32.850000000002034,0.9998542261937564
3286,32.86000000000203,0.9998542638838851
3287,32.87000000000203,0.9998543015656534
3288,32.88000000000203,0.999854339239064
3289,32.890000000002026,0.9998543769041196
3290,32.900000000002024,0.9998544145608226
3291,32.91000000000202,0.9998544522091756
3292,32.92000000000202,0.9998544898491812
3293,32.93000000000202,0.9998545274808421
3294,32.940000000002016,0.9998545651041607
3295,32.950000000002014,0.9998546027191396
3296,32.96000000000201,0.9998546403257815
3297,32.97000000000201,0.9998546779240888
3298,32.98000000000201,0.9998547155140641
3299,32.990000000002006,0.99985475309571
3300,33.000000000002004,0.9998547906690292
3301,33.010000000002,0.9998548282340239
3302,33.020000000002,0.999854865790697
3303,33.030000000002,0.9998549033390509
3304,33.040000000001996,0.9998549408790882
3305,33.050000000001994,0.9998549784108114
3306,33.06000000000199,0.9998550159342231
3307,33.07000000000199,0.9998550534493258
3308,33.08000000000199,0.9998550909561221
3309,33.090000000001986,0.9998551284546146
3310,33.100000000001984,0.9998551659448057
3311,33.11000000000198,0.9998552034266981
3312,33.12000000000198,0.9998552409002942
3313,33.13000000000198,0.9998552783655966
3314,33.140000000001976,0.9998553158226079
3315,33.150000000001974,0.9998553532713305
3316,33.16000000000197,0.999855390711767
3317,33.17000000000197,0.99985542814392
3318,33.18000000000197,0.999855465567792
3319,33.190000000001966,0.9998555029833854
3320,33.200000000001964,0.999855540390703
3321,33.21000000000196,0.9998555777897471
3322,33.22000000000196,0.9998556151805202
3323,33.23000000000196,0.9998556525630251
3324,33.240000000001956,0.999855689937264
3325,33.250000000001954,0.9998557273032397
3326,33.26000000000195,0.9998557646609545
3327,33.27000000000195,0.9998558020104109
3328,33.28000000000195,0.9998558393516117
3329,33.290000000001946,0.9998558766845591
3330,33.300000000001944,0.9998559140092558
3331,33.31000000000194,0.9998559513257043
3332,33.32000000000194,0.999855988633907
3333,33.33000000000194,0.9998560259338665
3334,33.340000000001936,0.9998560632255853
3335,33.350000000001934,0.9998561005090658
3336,33.36000000000193,0.9998561377843107
3337,33.37000000000193,0.9998561750513224
3338,33.38000000000193,0.9998562123101034
3339,33.390000000001926,0.9998562495606561
3340,33.400000000001924,0.9998562868029831
3341,33.41000000000192,0.999856324037087
3342,33.42000000000192,0.9998563612629702
3343,33.43000000000192,0.999856398480635
3344,33.440000000001916,0.9998564356900842
3345,33.450000000001914,0.9998564728913202
3346,33.46000000000191,0.9998565100843454
3347,33.47000000000191,0.9998565472691623
3348,33.48000000000191,0.9998565844457735
3349,33.490000000001906,0.9998566216141814
3350,33.500000000001904,0.9998566587743885
3351,33.5100000000019,0.9998566959263973
3352,33.5200000000019,0.9998567330702101
3353,33.5300000000019,0.9998567702058296
3354,33.540000000001896,0.9998568073332582
3355,33.550000000001894,0.9998568444524984
3356,33.56000000000189,0.9998568815635528
3357,33.57000000000189,0.9998569186664236
3358,33.58000000000189,0.9998569557611133
3359,33.590000000001886,0.9998569928476246
3360,33.600000000001884,0.9998570299259598
3361,33.61000000000188,0.9998570669961214
3362,33.62000000000188,0.9998571040581119
3363,33.63000000000188,0.9998571411119337
3364,33.640000000001876,0.9998571781575892
3365,33.650000000001874,0.9998572151950811
3366,33.66000000000187,0.9998572522244116
3367,33.67000000000187,0.9998572892455834
3368,33.68000000000187,0.9998573262585987
3369,33.69000000000187,0.9998573632634601
3370,33.700000000001864,0.99985740026017
3371,33.71000000000186,0.9998574372487309
3372,33.72000000000186,0.9998574742291452
3373,33.73000000000186,0.9998575112014154
3374,33.74000000000186,0.999857548165544
3375,33.750000000001855,0.9998575851215332
3376,33.76000000000185,0.9998576220693858
3377,33.77000000000185,0.999857659009104
3378,33.78000000000185,0.9998576959406902
3379,33.79000000000185,0.9998577328641469
3380,33.800000000001845,0.9998577697794767
3381,33.81000000000184,0.9998578066866819
3382,33.82000000000184,0.9998578435857649
3383,33.83000000000184,0.9998578804767281
3384,33.84000000000184,0.9998579173595741
3385,33.850000000001835,0.9998579542343052
3386,33.86000000000183,0.9998579911009239
3387,33.87000000000183,0.9998580279594326
3388,33.88000000000183,0.9998580648098336
3389,33.89000000000183,0.9998581016521296
3390,33.900000000001825,0.9998581384863228
3391,33.91000000000182,0.9998581753124156
3392,33.92000000000182,0.9998582121304106
3393,33.93000000000182,0.9998582489403102
3394,33.94000000000182,0.9998582857421167
3395,33.950000000001815,0.9998583225358324
3396,33.96000000000181,0.9998583593214599
3397,33.97000000000181,0.9998583960990017
3398,33.98000000000181,0.9998584328684601
3399,33.99000000000181,0.9998584696298375
3400,34.000000000001805,0.9998585063831362
3401,34.0100000000018,0.9998585431283589
3402,34.0200000000018,0.9998585798655077
3403,34.0300000000018,0.9998586165945852
3404,34.0400000000018,0.9998586533155936
3405,34.050000000001795,0.9998586900285356
3406,34.06000000000179,0.9998587267334134
3407,34.07000000000179,0.9998587634302293
3408,34.08000000000179,0.999858800118986
3409,34.09000000000179,0.9998588367996856
3410,34.100000000001785,0.9998588734723307
3411,34.11000000000178,0.9998589101369235
3412,34.12000000000178,0.9998589467934667
3413,34.13000000000178,0.9998589834419622
3414,34.14000000000178,0.9998590200824129
3415,34.150000000001775,0.9998590567148209
3416,34.16000000000177,0.9998590933391887
3417,34.17000000000177,0.9998591299555186
3418,34.18000000000177,0.999859166563813
3419,34.19000000000177,0.9998592031640743
3420,34.200000000001765,0.999859239756305
3421,34.21000000000176,0.9998592763405072
3422,34.22000000000176,0.9998593129166835
3423,34.23000000000176,0.9998593494848362
3424,34.24000000000176,0.9998593860449677
3425,34.250000000001755,0.9998594225970803
3426,34.26000000000175,0.9998594591411765
3427,34.27000000000175,0.9998594956772585
3428,34.28000000000175,0.9998595322053289
3429,34.29000000000175,0.9998595687253898
3430,34.300000000001745,0.9998596052374439
3431,34.31000000000174,0.9998596417414931
3432,34.32000000000174,0.9998596782375402
3433,34.33000000000174,0.9998597147255873
3434,34.34000000000174,0.999859751205637
3435,34.350000000001735,0.9998597876776913
3436,34.36000000000173,0.9998598241417529
3437,34.37000000000173,0.9998598605978241
3438,34.38000000000173,0.9998598970459069
3439,34.39000000000173,0.9998599334860041
3440,34.400000000001725,0.9998599699181179
3441,34.41000000000172,0.9998600063422506
3442,34.42000000000172,0.9998600427584046
3443,34.43000000000172,0.9998600791665821
3444,34.44000000000172,0.9998601155667857
3445,34.450000000001715,0.9998601519590176
3446,34.46000000000171,0.9998601883432802
3447,34.47000000000171,0.9998602247195757
3448,34.48000000000171,0.9998602610879066
3449,34.49000000000171,0.9998602974482751
3450,34.500000000001705,0.9998603338006837
3451,34.5100000000017,0.9998603701451346
3452,34.5200000000017,0.9998604064816303
3453,34.5300000000017,0.999860442810173
3454,34.5400000000017,0.9998604791307649
3455,34.550000000001695,0.9998605154434086
3456,34.56000000000169,0.9998605517481064
3457,34.57000000000169,0.9998605880448604
3458,34.58000000000169,0.9998606243336732
3459,34.59000000000169,0.9998606606145469
3460,34.600000000001685,0.9998606968874839
3461,34.61000000000168,0.9998607331524866
3462,34.62000000000168,0.9998607694095573
3463,34.63000000000168,0.9998608056586983
3464,34.64000000000168,0.9998608418999118
3465,34.650000000001675,0.9998608781332002
3466,34.66000000000167,0.9998609143585659
3467,34.67000000000167,0.9998609505760112
3468,34.68000000000167,0.9998609867855384
3469,34.69000000000167,0.9998610229871497
3470,34.700000000001666,0.9998610591808474
3471,34.71000000000166,0.9998610953666341
3472,34.72000000000166,0.9998611315445118
3473,34.73000000000166,0.999861167714483
3474,34.74000000000166,0.9998612038765498
3475,34.750000000001656,0.9998612400307146
3476,34.760000000001654,0.9998612761769798
3477,34.77000000000165,0.9998613123153476
3478,34.78000000000165,0.9998613484458203
3479,34.79000000000165,0.9998613845684002
3480,34.800000000001646,0.9998614206830898
3481,34.810000000001644,0.999861456789891
3482,34.82000000000164,0.9998614928888064
3483,34.83000000000164,0.9998615289798383
3484,34.84000000000164,0.9998615650629887
3485,34.850000000001636,0.9998616011382603
3486,34.860000000001634,0.999861637205655
3487,34.87000000000163,0.9998616732651754
3488,34.88000000000163,0.9998617093168235
3489,34.89000000000163,0.9998617453606018
3490,34.900000000001626,0.9998617813965126
3491,34.910000000001624,0.999861817424558
3492,34.92000000000162,0.9998618534447404
3493,34.93000000000162,0.9998618894570621
3494,34.94000000000162,0.9998619254615253
3495,34.950000000001616,0.9998619614581323
3496,34.960000000001614,0.9998619974468855
3497,34.97000000000161,0.999862033427787
3498,34.98000000000161,0.9998620694008392
3499,34.99000000000161,0.9998621053660443
3500,35.000000000001606,0.9998621413234045
3501,35.010000000001604,0.9998621772729221
3502,35.0200000000016,0.9998622132145996
3503,35.0300000000016,0.999862249148439
3504,35.0400000000016,0.9998622850744427
3505,35.050000000001596,0.9998623209926129
3506,35.060000000001594,0.9998623569029519
3507,35.07000000000159,0.9998623928054619
3508,35.08000000000159,0.9998624287001452
3509,35.09000000000159,0.9998624645870041
3510,35.100000000001586,0.9998625004660407
3511,35.110000000001584,0.9998625363372575
3512,35.12000000000158,0.9998625722006567
3513,35.13000000000158,0.9998626080562404
3514,35.14000000000158,0.9998626439040109
3515,35.150000000001576,0.9998626797439705
3516,35.160000000001574,0.9998627155761215
3517,35.17000000000157,0.999862751400466
3518,35.18000000000157,0.9998627872170064
3519,35.19000000000157,0.9998628230257449
3520,35.200000000001566,0.9998628588266837
3521,35.210000000001564,0.999862894619825
3522,35.22000000000156,0.9998629304051712
3523,35.23000000000156,0.9998629661827244
3524,35.24000000000156,0.9998630019524869
3525,35.250000000001556,0.999863037714461
3526,35.260000000001554,0.9998630734686488
3527,35.27000000000155,0.9998631092150526
3528,35.28000000000155,0.9998631449536747
3529,35.29000000000155,0.9998631806845172
3530,35.300000000001546,0.9998632164075824
3531,35.310000000001544,0.9998632521228725
3532,35.32000000000154,0.9998632878303899
3533,35.33000000000154,0.9998633235301366
3534,35.34000000000154,0.9998633592221149
3535,35.350000000001536,0.999863394906327
3536,35.360000000001534,0.9998634305827753
3537,35.37000000000153,0.9998634662514618
3538,35.38000000000153,0.9998635019123888
3539,35.39000000000153,0.9998635375655587
3540,35.400000000001526,0.9998635732109733
3541,35.410000000001524,0.9998636088486352
3542,35.42000000000152,0.9998636444785465
3543,35.43000000000152,0.9998636801007094
3544,35.44000000000152,0.9998637157151261
3545,35.450000000001516,0.9998637513217988
3546,35.460000000001514,0.9998637869207297
3547,35.47000000000151,0.9998638225119212
3548,35.48000000000151,0.9998638580953753
3549,35.49000000000151,0.9998638936710942
3550,35.500000000001506,0.9998639292390802
3551,35.510000000001504,0.9998639647993355
3552,35.5200000000015,0.9998640003518623
3553,35.5300000000015,0.9998640358966627
3554,35.5400000000015,0.999864071433739
3555,35.550000000001496,0.9998641069630935
3556,35.560000000001494,0.9998641424847282
3557,35.57000000000149,0.9998641779986455
3558,35.58000000000149,0.9998642135048473
3559,35.59000000000149,0.9998642490033361
3560,35.60000000000149,0.9998642844941139
3561,35.610000000001484,0.9998643199771831
3562,35.62000000000148,0.9998643554525456
3563,35.63000000000148,0.9998643909202038
3564,35.64000000000148,0.9998644263801599
3565,35.65000000000148,0.999864461832416
3566,35.660000000001475,0.9998644972769742
3567,35.67000000000147,0.9998645327138369
3568,35.68000000000147,0.9998645681430062
3569,35.69000000000147,0.9998646035644841
3570,35.70000000000147,0.9998646389782732
3571,35.710000000001465,0.9998646743843752
3572,35.72000000000146,0.9998647097827926
3573,35.73000000000146,0.9998647451735275
3574,35.74000000000146,0.9998647805565821
3575,35.75000000000146,0.9998648159319584
3576,35.760000000001455,0.9998648512996589
3577,35.77000000000145,0.9998648866596854
3578,35.78000000000145,0.9998649220120404
3579,35.79000000000145,0.9998649573567258
3580,35.80000000000145,0.999864992693744
3581,35.810000000001445,0.999865028023097
3582,35.82000000000144,0.999865063344787
3583,35.83000000000144,0.9998650986588162
3584,35.84000000000144,0.9998651339651868
3585,35.85000000000144,0.999865169263901
3586,35.860000000001435,0.9998652045549609
3587,35.87000000000143,0.9998652398383685
3588,35.88000000000143,0.9998652751141262
3589,35.89000000000143,0.999865310382236
3590,35.90000000000143,0.9998653456427002
3591,35.910000000001425,0.9998653808955209
3592,35.92000000000142,0.9998654161407001
3593,35.93000000000142,0.9998654513782402
3594,35.94000000000142,0.9998654866081432
3595,35.95000000000142,0.9998655218304113
3596,35.960000000001415,0.9998655570450468
3597,35.97000000000141,0.9998655922520515
3598,35.98000000000141,0.9998656274514278
3599,35.99000000000141,0.9998656626431778
3600,36.00000000000141,0.9998656978273036
3601,36.010000000001405,0.9998657330038074
3602,36.0200000000014,0.9998657681726913
3603,36.0300000000014,0.9998658033339575
3604,36.0400000000014,0.999865838487608
3605,36.0500000000014,0.9998658736336452
3606,36.060000000001395,0.999865908772071
3607,36.07000000000139,0.9998659439028876
3608,36.08000000000139,0.9998659790260972
3609,36.09000000000139,0.9998660141417018
3610,36.10000000000139,0.9998660492497037
3611,36.110000000001385,0.9998660843501049
3612,36.12000000000138,0.9998661194429077
3613,36.13000000000138,0.999866154528114
3614,36.14000000000138,0.9998661896057262
3615,36.15000000000138,0.999866224675746
3616,36.160000000001375,0.999866259738176
3617,36.17000000000137,0.9998662947930181
3618,36.18000000000137,0.9998663298402745
3619,36.19000000000137,0.9998663648799471
3620,36.20000000000137,0.9998663999120383
3621,36.210000000001365,0.99986643493655
3622,36.22000000000136,0.9998664699534846
3623,36.23000000000136,0.999866504962844
3624,36.24000000000136,0.9998665399646303
3625,36.25000000000136,0.9998665749588458
3626,36.260000000001355,0.9998666099454924
3627,36.27000000000135,0.9998666449245723
3628,36.28000000000135,0.9998666798960877
3629,36.29000000000135,0.9998667148600405
3630,36.30000000000135,0.9998667498164331
3631,36.310000000001345,0.9998667847652674
3632,36.32000000000134,0.9998668197065455
3633,36.33000000000134,0.9998668546402696
3634,36.34000000000134,0.9998668895664418
3635,36.35000000000134,0.9998669244850641
3636,36.360000000001335,0.9998669593961388
3637,36.37000000000133,0.9998669942996677
3638,36.38000000000133,0.9998670291956533
3639,36.39000000000133,0.9998670640840973
3640,36.40000000000133,0.9998670989650021
3641,36.410000000001325,0.9998671338383697
3642,36.42000000000132,0.999867168704202
3643,36.43000000000132,0.9998672035625014
3644,36.44000000000132,0.9998672384132699
3645,36.45000000000132,0.9998672732565094
3646,36.460000000001315,0.9998673080922222
3647,36.47000000000131,0.9998673429204105
3648,36.48000000000131,0.999867377741076
3649,36.49000000000131,0.9998674125542211
3650,36.50000000000131,0.9998674473598478
3651,36.510000000001305,0.9998674821579582
3652,36.5200000000013,0.9998675169485544
3653,36.5300000000013,0.9998675517316383
3654,36.5400000000013,0.9998675865072123
3655,36.5500000000013,0.9998676212752783
3656,36.560000000001295,0.9998676560358383
3657,36.57000000000129,0.9998676907888945
3658,36.58000000000129,0.999867725534449
3659,36.59000000000129,0.9998677602725038
3660,36.60000000000129,0.999867795003061
3661,36.610000000001286,0.9998678297261228
3662,36.62000000000128,0.999867864441691
3663,36.63000000000128,0.9998678991497678
3664,36.64000000000128,0.9998679338503553
3665,36.65000000000128,0.9998679685434557
3666,36.660000000001276,0.9998680032290709
3667,36.670000000001274,0.9998680379072029
3668,36.68000000000127,0.9998680725778539
3669,36.69000000000127,0.999868107241026
3670,36.70000000000127,0.9998681418967211
3671,36.710000000001266,0.9998681765449414
3672,36.720000000001264,0.999868211185689
3673,36.73000000000126,0.9998682458189658
3674,36.74000000000126,0.9998682804447739
3675,36.75000000000126,0.9998683150631155
3676,36.760000000001256,0.9998683496739925
3677,36.770000000001254,0.999868384277407
3678,36.78000000000125,0.9998684188733611
3679,36.79000000000125,0.9998684534618568
3680,36.80000000000125,0.9998684880428962
3681,36.810000000001246,0.9998685226164813
3682,36.820000000001244,0.9998685571826142
3683,36.83000000000124,0.9998685917412969
3684,36.84000000000124,0.9998686262925315
3685,36.85000000000124,0.99986866083632
3686,36.860000000001236,0.9998686953726645
3687,36.870000000001234,0.9998687299015669
3688,36.88000000000123,0.9998687644230295
3689,36.89000000000123,0.9998687989370542
3690,36.90000000000123,0.999868833443643
3691,36.910000000001226,0.999868867942798
3692,36.920000000001224,0.9998689024345211
3693,36.93000000000122,0.9998689369188146
3694,36.94000000000122,0.9998689713956803
3695,36.95000000000122,0.9998690058651204
3696,36.960000000001216,0.9998690403271369
3697,36.970000000001214,0.9998690747817317
3698,36.98000000000121,0.999869109228907
3699,36.99000000000121,0.9998691436686648
3700,37.00000000000121,0.9998691781010071
3701,37.010000000001206,0.9998692125259359
3702,37.020000000001204,0.9998692469434532
3703,37.0300000000012,0.9998692813535611
3704,37.0400000000012,0.9998693157562617
3705,37.0500000000012,0.9998693501515569
3706,37.060000000001196,0.9998693845394486
3707,37.070000000001194,0.9998694189199392
3708,37.08000000000119,0.9998694532930303
3709,37.09000000000119,0.9998694876587243
3710,37.10000000000119,0.9998695220170231
3711,37.110000000001186,0.9998695563679285
3712,37.120000000001184,0.9998695907114427
3713,37.13000000000118,0.9998696250475677
3714,37.14000000000118,0.9998696593763056
3715,37.15000000000118,0.9998696936976582
3716,37.160000000001176,0.9998697280116278
3717,37.170000000001174,0.9998697623182161
3718,37.18000000000117,0.9998697966174253
3719,37.19000000000117,0.9998698309092574
3720,37.20000000000117,0.9998698651937143
3721,37.210000000001166,0.9998698994707982
3722,37.220000000001164,0.999869933740511
3723,37.23000000000116,0.9998699680028547
3724,37.24000000000116,0.9998700022578312
3725,37.25000000000116,0.9998700365054427
3726,37.260000000001156,0.9998700707456911
3727,37.270000000001154,0.9998701049785784
3728,37.28000000000115,0.9998701392041066
3729,37.29000000000115,0.9998701734222778
3730,37.30000000000115,0.9998702076330938
3731,37.310000000001146,0.9998702418365567
3732,37.320000000001144,0.9998702760326686
3733,37.33000000000114,0.9998703102214314
3734,37.34000000000114,0.999870344402847
3735,37.35000000000114,0.9998703785769175
3736,37.360000000001136,0.999870412743645
3737,37.370000000001134,0.9998704469030312
3738,37.38000000000113,0.9998704810550784
3739,37.39000000000113,0.9998705151997883
3740,37.40000000000113,0.9998705493371631
3741,37.410000000001126,0.9998705834672048
3742,37.420000000001124,0.9998706175899152
3743,37.43000000000112,0.9998706517052964
3744,37.44000000000112,0.9998706858133505
3745,37.45000000000112,0.9998707199140792
3746,37.460000000001116,0.9998707540074847
3747,37.470000000001114,0.9998707880935689
3748,37.48000000000111,0.9998708221723338
3749,37.49000000000111,0.9998708562437814
3750,37.50000000000111,0.9998708903079137
3751,37.51000000000111,0.9998709243647325
3752,37.520000000001104,0.9998709584142399
3753,37.5300000000011,0.999870992456438
3754,37.5400000000011,0.9998710264913284
3755,37.5500000000011,0.9998710605189135
3756,37.5600000000011,0.9998710945391951
3757,37.570000000001095,0.9998711285521752
3758,37.58000000000109,0.9998711625578556
3759,37.59000000000109,0.9998711965562385
3760,37.60000000000109,0.9998712305473256
3761,37.61000000000109,0.9998712645311192
3762,37.620000000001085,0.999871298507621
3763,37.63000000000108,0.999871332476833
3764,37.64000000000108,0.9998713664387574
3765,37.65000000000108,0.9998714003933958
3766,37.66000000000108,0.9998714343407504
3767,37.670000000001075,0.9998714682808231
3768,37.68000000000107,0.9998715022136159
3769,37.69000000000107,0.9998715361391306
3770,37.70000000000107,0.9998715700573693
3771,37.71000000000107,0.999871603968334
3772,37.720000000001065,0.9998716378720265
3773,37.73000000000106,0.9998716717684488
3774,37.74000000000106,0.9998717056576029
3775,37.75000000000106,0.9998717395394907
3776,37.76000000000106,0.9998717734141143
3777,37.770000000001055,0.9998718072814754
3778,37.78000000000105,0.9998718411415761
3779,37.79000000000105,0.9998718749944184
3780,37.80000000000105,0.9998719088400041
3781,37.81000000000105,0.9998719426783352
3782,37.820000000001045,0.9998719765094137
3783,37.83000000000104,0.9998720103332415
3784,37.84000000000104,0.9998720441498204
3785,37.85000000000104,0.9998720779591527
3786,37.86000000000104,0.99987211176124
3787,37.870000000001035,0.9998721455560844
3788,37.88000000000103,0.9998721793436878
3789,37.89000000000103,0.9998722131240521
3790,37.90000000000103,0.9998722468971792
3791,37.91000000000103,0.9998722806630712
3792,37.920000000001025,0.9998723144217299
3793,37.93000000000102,0.9998723481731573
3794,37.94000000000102,0.9998723819173552
3795,37.95000000000102,0.9998724156543257
3796,37.96000000000102,0.9998724493840706
3797,37.970000000001015,0.9998724831065919
3798,37.98000000000101,0.9998725168218916
3799,37.99000000000101,0.9998725505299715
3800,38.00000000000101,0.9998725842308335
3801,38.01000000000101,0.9998726179244797
3802,38.020000000001005,0.9998726516109118
3803,38.030000000001,0.9998726852901318
3804,38.040000000001,0.9998727189621418
3805,38.050000000001,0.9998727526269435
3806,38.060000000001,0.9998727862845389
3807,38.070000000000995,0.9998728199349298
3808,38.08000000000099,0.9998728535781184
3809,38.09000000000099,0.9998728872141064
3810,38.10000000000099,0.9998729208428957
3811,38.11000000000099,0.9998729544644883
3812,38.120000000000985,0.9998729880788861
3813,38.13000000000098,0.999873021686091
3814,38.14000000000098,0.9998730552861049
3815,38.15000000000098,0.9998730888789297
3816,38.16000000000098,0.9998731224645674
3817,38.170000000000975,0.9998731560430197
3818,38.18000000000097,0.9998731896142887
3819,38.19000000000097,0.9998732231783763
3820,38.20000000000097,0.9998732567352844
3821,38.21000000000097,0.9998732902850147
3822,38.220000000000965,0.9998733238275694
3823,38.23000000000096,0.9998733573629502
3824,38.24000000000096,0.9998733908911591
3825,38.25000000000096,0.999873424412198
3826,38.26000000000096,0.9998734579260686
3827,38.270000000000955,0.999873491432773
3828,38.28000000000095,0.9998735249323132
3829,38.29000000000095,0.9998735584246908
3830,38.30000000000095,0.999873591909908
3831,38.31000000000095,0.9998736253879664
3832,38.320000000000945,0.9998736588588681
3833,38.33000000000094,0.999873692322615
3834,38.34000000000094,0.9998737257792089
3835,38.35000000000094,0.9998737592286516
3836,38.36000000000094,0.9998737926709451
3837,38.370000000000935,0.9998738261060914
3838,38.38000000000093,0.9998738595340922
3839,38.39000000000093,0.9998738929549496
3840,38.40000000000093,0.9998739263686651
3841,38.41000000000093,0.9998739597752411
3842,38.420000000000925,0.999873993174679
3843,38.43000000000092,0.999874026566981
3844,38.44000000000092,0.9998740599521488
3845,38.45000000000092,0.9998740933301844
3846,38.46000000000092,0.9998741267010897
3847,38.470000000000915,0.9998741600648664
3848,38.48000000000091,0.9998741934215166
3849,38.49000000000091,0.999874226771042
3850,38.50000000000091,0.9998742601134446
3851,38.51000000000091,0.9998742934487261
3852,38.520000000000906,0.9998743267768887
3853,38.5300000000009,0.9998743600979338
3854,38.5400000000009,0.9998743934118638
3855,38.5500000000009,0.9998744267186802
3856,38.5600000000009,0.999874460018385
3857,38.570000000000896,0.99987449331098
3858,38.580000000000894,0.999874526596467
3859,38.59000000000089,0.9998745598748482
3860,38.60000000000089,0.9998745931461251
3861,38.61000000000089,0.9998746264102998
3862,38.620000000000886,0.999874659667374
3863,38.630000000000884,0.9998746929173497
3864,38.64000000000088,0.9998747261602287
3865,38.65000000000088,0.9998747593960128
3866,38.66000000000088,0.999874792624704
3867,38.670000000000876,0.999874825846304
3868,38.680000000000874,0.9998748590608147
3869,38.69000000000087,0.9998748922682381
3870,38.70000000000087,0.9998749254685759
3871,38.71000000000087,0.9998749586618301
3872,38.720000000000866,0.9998749918480023
3873,38.730000000000864,0.9998750250270947
3874,38.74000000000086,0.9998750581991088
3875,38.75000000000086,0.9998750913640467
3876,38.76000000000086,0.9998751245219102
3877,38.770000000000856,0.9998751576727011
3878,38.780000000000854,0.9998751908164212
3879,38.79000000000085,0.9998752239530724
3880,38.80000000000085,0.9998752570826566
3881,38.81000000000085,0.9998752902051756
3882,38.820000000000846,0.9998753233206312
3883,38.830000000000844,0.9998753564290255
3884,38.84000000000084,0.9998753895303599
3885,38.85000000000084,0.9998754226246366
3886,38.86000000000084,0.9998754557118573
3887,38.870000000000836,0.9998754887920238
3888,38.880000000000834,0.9998755218651381
3889,38.89000000000083,0.9998755549312018
3890,38.90000000000083,0.999875587990217
3891,38.91000000000083,0.9998756210421853
3892,38.920000000000826,0.9998756540871088
3893,38.930000000000824,0.9998756871249891
3894,38.94000000000082,0.999875720155828
3895,38.95000000000082,0.9998757531796276
3896,38.96000000000082,0.9998757861963895
3897,38.970000000000816,0.9998758192061157
3898,38.980000000000814,0.9998758522088078
3899,38.99000000000081,0.9998758852044678
3900,39.00000000000081,0.9998759181930975
3901,39.01000000000081,0.9998759511746989
3902,39.020000000000806,0.9998759841492734
3903,39.030000000000804,0.9998760171168232
3904,39.0400000000008,0.9998760500773499
3905,39.0500000000008,0.9998760830308555
3906,39.0600000000008,0.9998761159773417
3907,39.070000000000796,0.9998761489168103
3908,39.080000000000794,0.9998761818492633
3909,39.09000000000079,0.9998762147747023
3910,39.10000000000079,0.9998762476931293
3911,39.11000000000079,0.999876280604546
3912,39.120000000000786,0.9998763135089543
3913,39.130000000000784,0.9998763464063559
3914,39.14000000000078,0.9998763792967528
3915,39.15000000000078,0.9998764121801466
3916,39.16000000000078,0.9998764450565392
3917,39.170000000000776,0.9998764779259324
3918,39.180000000000774,0.9998765107883281
3919,39.19000000000077,0.999876543643728
3920,39.20000000000077,0.9998765764921339
3921,39.21000000000077,0.9998766093335478
3922,39.220000000000766,0.9998766421679712
3923,39.230000000000764,0.9998766749954062
3924,39.24000000000076,0.9998767078158545
3925,39.25000000000076,0.9998767406293179
3926,39.26000000000076,0.9998767734357981
3927,39.270000000000756,0.999876806235297
3928,39.280000000000754,0.9998768390278163
3929,39.29000000000075,0.999876871813358
3930,39.30000000000075,0.9998769045919238
3931,39.31000000000075,0.9998769373635155
3932,39.320000000000746,0.9998769701281349
3933,39.330000000000744,0.9998770028857837
3934,39.34000000000074,0.9998770356364639
3935,39.35000000000074,0.9998770683801771
3936,39.36000000000074,0.9998771011169252
3937,39.370000000000736,0.99987713384671
3938,39.380000000000734,0.9998771665695332
3939,39.39000000000073,0.9998771992853966
3940,39.40000000000073,0.9998772319943021
3941,39.41000000000073,0.9998772646962515
3942,39.42000000000073,0.9998772973912464
3943,39.430000000000724,0.9998773300792888
3944,39.44000000000072,0.9998773627603804
3945,39.45000000000072,0.9998773954345229
3946,39.46000000000072,0.9998774281017183
3947,39.47000000000072,0.9998774607619682
3948,39.480000000000715,0.9998774934152743
3949,39.49000000000071,0.9998775260616387
3950,39.50000000000071,0.9998775587010629
3951,39.51000000000071,0.9998775913335488
3952,39.52000000000071,0.9998776239590982
3953,39.530000000000705,0.9998776565777128
3954,39.5400000000007,0.9998776891893945
3955,39.5500000000007,0.9998777217941449
3956,39.5600000000007,0.9998777543919659
3957,39.5700000000007,0.9998777869828592
3958,39.580000000000695,0.9998778195668268
3959,39.59000000000069,0.99987785214387
3960,39.60000000000069,0.9998778847139911
3961,39.61000000000069,0.9998779172771916
3962,39.62000000000069,0.9998779498334733
3963,39.630000000000685,0.999877982382838
3964,39.64000000000068,0.9998780149252874
3965,39.65000000000068,0.9998780474608233
3966,39.66000000000068,0.9998780799894476
3967,39.67000000000068,0.9998781125111619
3968,39.680000000000675,0.999878145025968
3969,39.69000000000067,0.9998781775338677
3970,39.70000000000067,0.9998782100348628
3971,39.71000000000067,0.9998782425289549
3972,39.72000000000067,0.9998782750161459
3973,39.730000000000665,0.9998783074964376
3974,39.74000000000066,0.9998783399698317
3975,39.75000000000066,0.9998783724363298
3976,39.76000000000066,0.9998784048959339
3977,39.77000000000066,0.9998784373486458
3978,39.780000000000655,0.999878469794467
3979,39.79000000000065,0.9998785022333995
3980,39.80000000000065,0.9998785346654447
3981,39.81000000000065,0.9998785670906049
3982,39.82000000000065,0.9998785995088814
3983,39.830000000000645,0.999878631920276
3984,39.84000000000064,0.9998786643247907
3985,39.85000000000064,0.999878696722427
3986,39.86000000000064,0.9998787291131868
3987,39.87000000000064,0.9998787614970718
3988,39.880000000000635,0.9998787938740837
3989,39.89000000000063,0.9998788262442244
3990,39.90000000000063,0.9998788586074955
3991,39.91000000000063,0.9998788909638987
3992,39.92000000000063,0.999878923313436
3993,39.930000000000625,0.9998789556561088
3994,39.94000000000062,0.9998789879919191
3995,39.95000000000062,0.9998790203208685
3996,39.96000000000062,0.999879052642959
3997,39.97000000000062,0.9998790849581919
3998,39.980000000000615,0.9998791172665693
3999,39.99000000000061,0.9998791495680928
4000,40.00000000000061,0.9998791818627641
4001,40.01000000000061,0.9998792141505851
4002,40.02000000000061,0.9998792464315573
4003,40.030000000000605,0.9998792787056827
4004,40.0400000000006,0.9998793109729629
4005,40.0500000000006,0.9998793432333996
4006,40.0600000000006,0.9998793754869945
4007,40.0700000000006,0.9998794077337494
4008,40.080000000000595,0.9998794399736661
4009,40.09000000000059,0.9998794722067462
4010,40.10000000000059,0.9998795044329915
4011,40.11000000000059,0.9998795366524037
4012,40.12000000000059,0.9998795688649845
4013,40.130000000000585,0.9998796010707358
4014,40.14000000000058,0.9998796332696591
4015,40.15000000000058,0.9998796654617562
4016,40.16000000000058,0.9998796976470289
4017,40.17000000000058,0.9998797298254789
4018,40.180000000000575,0.9998797619971078
4019,40.19000000000057,0.9998797941619174
4020,40.20000000000057,0.9998798263199095
4021,40.21000000000057,0.9998798584710857
4022,40.22000000000057,0.9998798906154478
4023,40.230000000000565,0.9998799227529974
4024,40.24000000000056,0.9998799548837364
4025,40.25000000000056,0.9998799870076664
4026,40.26000000000056,0.9998800191247891
4027,40.27000000000056,0.9998800512351063
4028,40.280000000000555,0.9998800833386196
4029,40.29000000000055,0.9998801154353307
4030,40.30000000000055,0.9998801475252416
4031,40.31000000000055,0.9998801796083536
4032,40.32000000000055,0.9998802116846687
4033,40.330000000000545,0.9998802437541885
4034,40.34000000000054,0.9998802758169147
4035,40.35000000000054,0.9998803078728491
4036,40.36000000000054,0.9998803399219932
4037,40.37000000000054,0.999880371964349
4038,40.380000000000535,0.999880403999918
4039,40.39000000000053,0.9998804360287019
4040,40.40000000000053,0.9998804680507025
4041,40.41000000000053,0.9998805000659214
4042,40.42000000000053,0.9998805320743605
4043,40.430000000000526,0.9998805640760212
4044,40.44000000000052,0.9998805960709055
4045,40.45000000000052,0.9998806280590149
4046,40.46000000000052,0.9998806600403511
4047,40.47000000000052,0.999880692014916
4048,40.480000000000516,0.9998807239827111
4049,40.490000000000514,0.999880755943738
4050,40.50000000000051,0.9998807878979987
4051,40.51000000000051,0.9998808198454947
4052,40.52000000000051,0.9998808517862278
4053,40.530000000000506,0.9998808837201996
4054,40.540000000000504,0.9998809156474118
4055,40.5500000000005,0.999880947567866
4056,40.5600000000005,0.9998809794815642
4057,40.5700000000005,0.9998810113885077
4058,40.580000000000496,0.9998810432886985
4059,40.590000000000494,0.9998810751821381
4060,40.60000000000049,0.9998811070688283
4061,40.61000000000049,0.9998811389487706
4062,40.62000000000049,0.999881170821967
4063,40.630000000000486,0.999881202688419
4064,40.640000000000484,0.9998812345481282
4065,40.65000000000048,0.9998812664010963
4066,40.66000000000048,0.9998812982473252
4067,40.67000000000048,0.9998813300868163
4068,40.680000000000476,0.9998813619195716
4069,40.690000000000474,0.9998813937455925
4070,40.70000000000047,0.9998814255648807
4071,40.71000000000047,0.9998814573774379
4072,40.72000000000047,0.999881489183266
4073,40.730000000000466,0.9998815209823665
4074,40.740000000000464,0.999881552774741
4075,40.75000000000046,0.9998815845603912
4076,40.76000000000046,0.9998816163393189
4077,40.77000000000046,0.9998816481115257
4078,40.780000000000456,0.9998816798770133
4079,40.790000000000454,0.9998817116357832
4080,40.80000000000045,0.9998817433878374
4081,40.81000000000045,0.9998817751331772
4082,40.82000000000045,0.9998818068718046
4083,40.830000000000446,0.999881838603721
4084,40.840000000000444,0.9998818703289283
4085,40.85000000000044,0.999881902047428
4086,40.86000000000044,0.9998819337592217
4087,40.87000000000044,0.9998819654643114
4088,40.880000000000436,0.9998819971626984
4089,40.890000000000434,0.9998820288543845
4090,40.90000000000043,0.9998820605393715
4091,40.91000000000043,0.9998820922176608
4092,40.92000000000043,0.9998821238892542
4093,40.930000000000426,0.9998821555541534
4094,40.940000000000424,0.99988218721236
4095,40.95000000000042,0.9998822188638756
4096,40.96000000000042,0.9998822505087019
4097,40.97000000000042,0.9998822821468407
4098,40.980000000000416,0.9998823137782935
4099,40.990000000000414,0.9998823454030621
4100,41.00000000000041,0.9998823770211479
4101,41.01000000000041,0.9998824086325527
4102,41.02000000000041,0.9998824402372782
4103,41.030000000000406,0.999882471835326
4104,41.040000000000404,0.9998825034266977
4105,41.0500000000004,0.999882535011395
4106,41.0600000000004,0.9998825665894197
4107,41.0700000000004,0.9998825981607732
4108,41.080000000000396,0.9998826297254572
4109,41.090000000000394,0.9998826612834735
4110,41.10000000000039,0.9998826928348236
4111,41.11000000000039,0.9998827243795091
4112,41.12000000000039,0.9998827559175318
4113,41.130000000000386,0.9998827874488933
4114,41.140000000000384,0.9998828189735952
4115,41.15000000000038,0.9998828504916392
4116,41.16000000000038,0.9998828820030268
4117,41.17000000000038,0.9998829135077598
4118,41.180000000000376,0.9998829450058397
4119,41.190000000000374,0.9998829764972683
4120,41.20000000000037,0.9998830079820472
4121,41.21000000000037,0.999883039460178
4122,41.22000000000037,0.9998830709316623
4123,41.230000000000366,0.9998831023965017
4124,41.240000000000364,0.999883133854698
4125,41.25000000000036,0.9998831653062527
4126,41.26000000000036,0.9998831967511674
4127,41.27000000000036,0.9998832281894439
4128,41.280000000000356,0.9998832596210837
4129,41.290000000000354,0.9998832910460884
4130,41.30000000000035,0.9998833224644598
4131,41.31000000000035,0.9998833538761994
4132,41.32000000000035,0.9998833852813088
4133,41.33000000000035,0.9998834166797897
4134,41.340000000000344,0.9998834480716438
4135,41.35000000000034,0.9998834794568725
4136,41.36000000000034,0.9998835108354777
4137,41.37000000000034,0.9998835422074608
4138,41.38000000000034,0.9998835735728234
4139,41.390000000000335,0.9998836049315674
4140,41.40000000000033,0.9998836362836941
4141,41.41000000000033,0.9998836676292054
4142,41.42000000000033,0.9998836989681028
4143,41.43000000000033,0.9998837303003879
4144,41.440000000000325,0.9998837616260623
4145,41.45000000000032,0.9998837929451277
4146,41.46000000000032,0.9998838242575856
4147,41.47000000000032,0.9998838555634377
4148,41.48000000000032,0.9998838868626857
4149,41.490000000000315,0.9998839181553311
4150,41.50000000000031,0.9998839494413755
4151,41.51000000000031,0.9998839807208205
4152,41.52000000000031,0.9998840119936677
4153,41.53000000000031,0.999884043259919
4154,41.540000000000305,0.9998840745195756
4155,41.5500000000003,0.9998841057726393
4156,41.5600000000003,0.9998841370191117
4157,41.5700000000003,0.9998841682589945
4158,41.5800000000003,0.9998841994922892
4159,41.590000000000295,0.9998842307189975
4160,41.60000000000029,0.9998842619391207
4161,41.61000000000029,0.9998842931526608
4162,41.62000000000029,0.9998843243596193
4163,41.63000000000029,0.9998843555599977
4164,41.640000000000285,0.9998843867537976
4165,41.65000000000028,0.9998844179410207
4166,41.66000000000028,0.9998844491216686
4167,41.67000000000028,0.9998844802957428
4168,41.68000000000028,0.999884511463245
4169,41.690000000000275,0.9998845426241768
4170,41.70000000000027,0.9998845737785397
4171,41.71000000000027,0.9998846049263354
4172,41.72000000000027,0.9998846360675654
4173,41.73000000000027,0.9998846672022313
4174,41.740000000000265,0.9998846983303349
4175,41.75000000000026,0.9998847294518776
4176,41.76000000000026,0.9998847605668609
4177,41.77000000000026,0.9998847916752868
4178,41.78000000000026,0.9998848227771564
4179,41.790000000000255,0.9998848538724716
4180,41.80000000000025,0.999884884961234
4181,41.81000000000025,0.999884916043445
4182,41.82000000000025,0.9998849471191062
4183,41.83000000000025,0.9998849781882194
4184,41.840000000000245,0.999885009250786
4185,41.85000000000024,0.9998850403068078
4186,41.86000000000024,0.9998850713562861
4187,41.87000000000024,0.9998851023992227
4188,41.88000000000024,0.9998851334356191
4189,41.890000000000235,0.9998851644654769
4190,41.90000000000023,0.9998851954887977
4191,41.91000000000023,0.999885226505583
4192,41.92000000000023,0.9998852575158346
4193,41.93000000000023,0.9998852885195537
4194,41.940000000000225,0.9998853195167423
4195,41.95000000000022,0.9998853505074017
4196,41.96000000000022,0.9998853814915336
4197,41.97000000000022,0.9998854124691395
4198,41.98000000000022,0.9998854434402211
4199,41.990000000000215,0.9998854744047799
4200,42.00000000000021,0.9998855053628175
4201,42.01000000000021,0.9998855363143354
4202,42.02000000000021,0.9998855672593353
4203,42.03000000000021,0.9998855981978186
4204,42.040000000000205,0.9998856291297871
4205,42.0500000000002,0.9998856600552422
4206,42.0600000000002,0.9998856909741854
4207,42.0700000000002,0.9998857218866185
4208,42.0800000000002,0.999885752792543
4209,42.090000000000195,0.9998857836919605
4210,42.10000000000019,0.9998858145848724
4211,42.11000000000019,0.9998858454712803
4212,42.12000000000019,0.999885876351186
4213,42.13000000000019,0.9998859072245908
4214,42.140000000000185,0.9998859380914964
4215,42.15000000000018,0.9998859689519043
4216,42.16000000000018,0.9998859998058162
4217,42.17000000000018,0.9998860306532334
4218,42.18000000000018,0.9998860614941578
4219,42.190000000000175,0.9998860923285907
4220,42.20000000000017,0.9998861231565338
4221,42.21000000000017,0.9998861539779886
4222,42.22000000000017,0.9998861847929567
4223,42.23000000000017,0.9998862156014396
4224,42.240000000000165,0.9998862464034389
4225,42.25000000000016,0.9998862771989562
4226,42.26000000000016,0.9998863079879929
4227,42.27000000000016,0.9998863387705507
4228,42.28000000000016,0.9998863695466311
4229,42.290000000000155,0.9998864003162358
4230,42.30000000000015,0.999886431079366
4231,42.31000000000015,0.9998864618360237
4232,42.32000000000015,0.9998864925862101
4233,42.33000000000015,0.9998865233299269
4234,42.340000000000146,0.9998865540671757
4235,42.35000000000014,0.9998865847979579
4236,42.36000000000014,0.9998866155222752
4237,42.37000000000014,0.9998866462401291
4238,42.38000000000014,0.9998866769515211
4239,42.390000000000136,0.9998867076564528
4240,42.400000000000134,0.9998867383549257
4241,42.41000000000013,0.9998867690469414
4242,42.42000000000013,0.9998867997325014
4243,42.43000000000013,0.9998868304116073
4244,42.440000000000126,0.9998868610842606
4245,42.450000000000124,0.9998868917504629
4246,42.46000000000012,0.9998869224102156
4247,42.47000000000012,0.9998869530635204
4248,42.48000000000012,0.9998869837103787
4249,42.490000000000116,0.9998870143507922
4250,42.500000000000114,0.9998870449847623
4251,42.51000000000011,0.9998870756122906
4252,42.52000000000011,0.9998871062333786
4253,42.53000000000011,0.999887136848028
4254,42.540000000000106,0.9998871674562401
4255,42.550000000000104,0.9998871980580166
4256,42.5600000000001,0.999887228653359
4257,42.5700000000001,0.9998872592422687
4258,42.5800000000001,0.9998872898247474
4259,42.590000000000096,0.9998873204007966
4260,42.600000000000094,0.9998873509704179
4261,42.61000000000009,0.9998873815336127
4262,42.62000000000009,0.9998874120903825
4263,42.63000000000009,0.9998874426407289
4264,42.640000000000086,0.9998874731846535
4265,42.650000000000084,0.9998875037221577
4266,42.66000000000008,0.9998875342532432
4267,42.67000000000008,0.9998875647779113
4268,42.68000000000008,0.9998875952961638
4269,42.690000000000076,0.999887625808002
4270,42.700000000000074,0.9998876563134275
4271,42.71000000000007,0.9998876868124417
4272,42.72000000000007,0.9998877173050463
4273,42.73000000000007,0.9998877477912429
4274,42.740000000000066,0.9998877782710328
4275,42.750000000000064,0.9998878087444176
4276,42.76000000000006,0.9998878392113989
4277,42.77000000000006,0.9998878696719781
4278,42.78000000000006,0.9998879001261568
4279,42.790000000000056,0.9998879305739364
4280,42.800000000000054,0.9998879610153187
4281,42.81000000000005,0.9998879914503049
4282,42.82000000000005,0.9998880218788967
4283,42.83000000000005,0.9998880523010956
4284,42.840000000000046,0.999888082716903
4285,42.850000000000044,0.9998881131263204
4286,42.86000000000004,0.9998881435293495
4287,42.87000000000004,0.9998881739259918
4288,42.88000000000004,0.9998882043162487
4289,42.890000000000036,0.9998882347001217
4290,42.900000000000034,0.9998882650776123
4291,42.91000000000003,0.9998882954487222
4292,42.92000000000003,0.9998883258134527
4293,42.93000000000003,0.9998883561718054
4294,42.940000000000026,0.9998883865237818
4295,42.950000000000024,0.9998884168693833
4296,42.96000000000002,0.9998884472086116
4297,42.97000000000002,0.9998884775414681
4298,42.98000000000002,0.9998885078679544
4299,42.990000000000016,0.9998885381880718
4300,43.000000000000014,0.999888568501822
4301,43.01000000000001,0.9998885988092063
4302,43.02000000000001,0.9998886291102265
4303,43.03000000000001,0.9998886594048838
4304,43.040000000000006,0.9998886896931799
4305,43.050000000000004,0.9998887199751163
4306,43.06,0.9998887502506943
4307,43.07,0.9998887805199157
4308,43.08,0.9998888107827817
4309,43.089999999999996,0.999888841039294
4310,43.099999999999994,0.999888871289454
4311,43.10999999999999,0.9998889015332633
4312,43.11999999999999,0.9998889317707232
4313,43.12999999999999,0.9998889620018354
4314,43.139999999999986,0.9998889922266013
4315,43.149999999999984,0.9998890224450224
4316,43.15999999999998,0.9998890526571003
4317,43.16999999999998,0.9998890828628362
4318,43.17999999999998,0.9998891130622318
4319,43.189999999999976,0.9998891432552888
4320,43.199999999999974,0.9998891734420082
4321,43.20999999999997,0.9998892036223919
4322,43.21999999999997,0.9998892337964412
4323,43.22999999999997,0.9998892639641577
4324,43.23999999999997,0.9998892941255427
4325,43.249999999999964,0.9998893242805978
4326,43.25999999999996,0.9998893544293246
4327,43.26999999999996,0.9998893845717244
4328,43.27999999999996,0.9998894147077988
4329,43.28999999999996,0.9998894448375493
4330,43.299999999999955,0.9998894749609772
4331,43.30999999999995,0.9998895050780842
4332,43.31999999999995,0.9998895351888717
4333,43.32999999999995,0.999889565293341
4334,43.33999999999995,0.999889595391494
4335,43.349999999999945,0.9998896254833318
4336,43.35999999999994,0.9998896555688561
4337,43.36999999999994,0.9998896856480682
4338,43.37999999999994,0.9998897157209697
4339,43.38999999999994,0.9998897457875621
4340,43.399999999999935,0.9998897758478468
4341,43.40999999999993,0.9998898059018253
4342,43.41999999999993,0.999889835949499
4343,43.42999999999993,0.9998898659908695
4344,43.43999999999993,0.9998898960259383
4345,43.449999999999925,0.9998899260547067
4346,43.45999999999992,0.9998899560771763
4347,43.46999999999992,0.9998899860933486
4348,43.47999999999992,0.9998900161032249
4349,43.48999999999992,0.9998900461068069
4350,43.499999999999915,0.9998900761040959
4351,43.50999999999991,0.9998901060950934
4352,43.51999999999991,0.9998901360798009
4353,43.52999999999991,0.9998901660582199
4354,43.53999999999991,0.9998901960303518
4355,43.549999999999905,0.999890225996198
4356,43.5599999999999,0.9998902559557602
4357,43.5699999999999,0.9998902859090397
4358,43.5799999999999,0.9998903158560379
4359,43.5899999999999,0.9998903457967565
4360,43.599999999999895,0.9998903757311967
4361,43.60999999999989,0.9998904056593602
4362,43.61999999999989,0.9998904355812481
4363,43.62999999999989,0.9998904654968623
4364,43.63999999999989,0.999890495406204
4365,43.649999999999885,0.9998905253092747
4366,43.65999999999988,0.999890555206076
4367,43.66999999999988,0.9998905850966091
4368,43.67999999999988,0.9998906149808756
4369,43.68999999999988,0.999890644858877
4370,43.699999999999875,0.9998906747306148
4371,43.70999999999987,0.9998907045960902
4372,43.71999999999987,0.999890734455305
4373,43.72999999999987,0.9998907643082603
4374,43.73999999999987,0.9998907941549577
4375,43.749999999999865,0.9998908239953989
4376,43.75999999999986,0.999890853829585
4377,43.76999999999986,0.9998908836575175
4378,43.77999999999986,0.9998909134791981
4379,43.78999999999986,0.999890943294628
4380,43.799999999999855,0.9998909731038088
4381,43.80999999999985,0.9998910029067418
4382,43.81999999999985,0.9998910327034286
4383,43.82999999999985,0.9998910624938706
4384,43.83999999999985,0.9998910922780692
4385,43.849999999999845,0.9998911220560258
4386,43.85999999999984,0.999891151827742
4387,43.86999999999984,0.9998911815932192
4388,43.87999999999984,0.9998912113524588
4389,43.88999999999984,0.9998912411054622
4390,43.899999999999835,0.999891270852231
4391,43.90999999999983,0.9998913005927664
4392,43.91999999999983,0.9998913303270701
4393,43.92999999999983,0.9998913600551433
4394,43.93999999999983,0.9998913897769878
4395,43.949999999999825,0.9998914194926046
4396,43.95999999999982,0.9998914492019954
4397,43.96999999999982,0.9998914789051616
4398,43.97999999999982,0.9998915086021046
4399,43.98999999999982,0.9998915382928258
4400,43.999999999999815,0.9998915679773268
4401,44.00999999999981,0.9998915976556089
4402,44.01999999999981,0.9998916273276736
4403,44.02999999999981,0.9998916569935222
4404,44.03999999999981,0.9998916866531563
4405,44.049999999999805,0.9998917163065774
4406,44.0599999999998,0.9998917459537866
4407,44.0699999999998,0.9998917755947856
4408,44.0799999999998,0.9998918052295758
4409,44.0899999999998,0.9998918348581586
4410,44.099999999999795,0.9998918644805354
4411,44.10999999999979,0.9998918940967076
4412,44.11999999999979,0.9998919237066768
4413,44.12999999999979,0.9998919533104442
4414,44.13999999999979,0.9998919829080114
4415,44.149999999999785,0.9998920124993798
4416,44.15999999999978,0.9998920420845507
4417,44.16999999999978,0.9998920716635258
4418,44.17999999999978,0.9998921012363061
4419,44.18999999999978,0.9998921308028935
4420,44.199999999999775,0.9998921603632891
4421,44.20999999999977,0.9998921899174944
4422,44.21999999999977,0.9998922194655109
4423,44.22999999999977,0.9998922490073399
4424,44.23999999999977,0.9998922785429829
4425,44.249999999999766,0.9998923080724412
4426,44.25999999999976,0.9998923375957165
4427,44.26999999999976,0.9998923671128099
4428,44.27999999999976,0.9998923966237231
4429,44.28999999999976,0.9998924261284573
4430,44.299999999999756,0.999892455627014
4431,44.309999999999754,0.9998924851193947
4432,44.31999999999975,0.9998925146056006
4433,44.32999999999975,0.9998925440856332
4434,44.33999999999975,0.9998925735594941
4435,44.349999999999746,0.9998926030271845
4436,44.359999999999744,0.999892632488706
4437,44.36999999999974,0.9998926619440598
4438,44.37999999999974,0.9998926913932474
4439,44.38999999999974,0.9998927208362702
4440,44.399999999999736,0.9998927502731297
4441,44.409999999999734,0.9998927797038273
4442,44.41999999999973,0.9998928091283643
4443,44.42999999999973,0.9998928385467422
4444,44.43999999999973,0.9998928679589623
4445,44.449999999999726,0.9998928973650261
4446,44.459999999999724,0.999892926764935
4447,44.46999999999972,0.9998929561586904
4448,44.47999999999972,0.9998929855462937
4449,44.48999999999972,0.9998930149277463
4450,44.499999999999716,0.9998930443030496
4451,44.509999999999714,0.999893073672205
4452,44.51999999999971,0.9998931030352141
4453,44.52999999999971,0.9998931323920779
4454,44.53999999999971,0.9998931617427981
4455,44.549999999999706,0.9998931910873761
4456,44.559999999999704,0.9998932204258131
4457,44.5699999999997,0.9998932497581107
4458,44.5799999999997,0.9998932790842702
4459,44.5899999999997,0.999893308404293
4460,44.599999999999696,0.9998933377181806
4461,44.609999999999694,0.9998933670259342
4462,44.61999999999969,0.9998933963275554
4463,44.62999999999969,0.9998934256230455
4464,44.63999999999969,0.9998934549124059
4465,44.649999999999686,0.9998934841956381
4466,44.659999999999684,0.9998935134727432
4467,44.66999999999968,0.999893542743723
4468,44.67999999999968,0.9998935720085786
4469,44.68999999999968,0.9998936012673115
4470,44.699999999999676,0.9998936305199231
4471,44.709999999999674,0.9998936597664146
4472,44.71999999999967,0.9998936890067878
4473,44.72999999999967,0.9998937182410437
4474,44.73999999999967,0.9998937474691839
4475,44.749999999999666,0.9998937766912097
4476,44.759999999999664,0.9998938059071225
4477,44.76999999999966,0.9998938351169236
4478,44.77999999999966,0.9998938643206147
4479,44.78999999999966,0.9998938935181969
4480,44.799999999999656,0.9998939227096716
4481,44.809999999999654,0.9998939518950403
4482,44.81999999999965,0.9998939810743043
4483,44.82999999999965,0.999894010247465
4484,44.83999999999965,0.9998940394145239
4485,44.849999999999646,0.9998940685754822
4486,44.859999999999644,0.9998940977303414
4487,44.86999999999964,0.9998941268791028
4488,44.87999999999964,0.9998941560217679
4489,44.88999999999964,0.999894185158338
4490,44.899999999999636,0.9998942142888144
4491,44.909999999999634,0.9998942434131987
4492,44.91999999999963,0.999894272531492
4493,44.92999999999963,0.9998943016436959
4494,44.93999999999963,0.9998943307498117
4495,44.949999999999626,0.9998943598498408
4496,44.959999999999624,0.9998943889437845
4497,44.96999999999962,0.9998944180316442
4498,44.97999999999962,0.9998944471134215
4499,44.98999999999962,0.9998944761891173
4500,44.999999999999616,0.9998945052587335
4501,45.009999999999614,0.999894534322271
4502,45.01999999999961,0.9998945633797316
4503,45.02999999999961,0.9998945924311164
4504,45.03999999999961,0.9998946214764268
4505,45.049999999999606,0.9998946505156643
4506,45.059999999999604,0.9998946795488302
4507,45.0699999999996,0.9998947085759257
4508,45.0799999999996,0.9998947375969525
4509,45.0899999999996,0.9998947666119116
4510,45.099999999999596,0.9998947956208046
4511,45.109999999999594,0.999894824623633
4512,45.11999999999959,0.9998948536203979
4513,45.12999999999959,0.9998948826111006
4514,45.13999999999959,0.9998949115957428
4515,45.14999999999959,0.9998949405743256
4516,45.159999999999584,0.9998949695468505
4517,45.16999999999958,0.9998949985133189
4518,45.17999999999958,0.9998950274737319
4519,45.18999999999958,0.9998950564280912
4520,45.19999999999958,0.9998950853763978
4521,45.209999999999575,0.9998951143186534
4522,45.21999999999957,0.9998951432548593
4523,45.22999999999957,0.9998951721850167
4524,45.23999999999957,0.999895201109127
4525,45.24999999999957,0.9998952300271916
4526,45.259999999999565,0.9998952589392119
4527,45.26999999999956,0.9998952878451892
4528,45.27999999999956,0.9998953167451249
4529,45.28999999999956,0.9998953456390204
4530,45.29999999999956,0.9998953745268768
4531,45.309999999999555,0.9998954034086958
4532,45.31999999999955,0.9998954322844785
4533,45.32999999999955,0.9998954611542265
4534,45.33999999999955,0.9998954900179408
4535,45.34999999999955,0.999895518875623
4536,45.359999999999545,0.9998955477272745
4537,45.36999999999954,0.9998955765728965
4538,45.37999999999954,0.9998956054124905
4539,45.38999999999954,0.9998956342460577
4540,45.39999999999954,0.9998956630735994
4541,45.409999999999535,0.9998956918951172
4542,45.41999999999953,0.9998957207106122
4543,45.42999999999953,0.999895749520086
4544,45.43999999999953,0.9998957783235396
4545,45.44999999999953,0.9998958071209747
4546,45.459999999999525,0.9998958359123925
4547,45.46999999999952,0.9998958646977942
4548,45.47999999999952,0.9998958934771814
4549,45.48999999999952,0.9998959222505553
4550,45.49999999999952,0.9998959510179174
4551,45.509999999999515,0.9998959797792688
4552,45.51999999999951,0.9998960085346109
4553,45.52999999999951,0.9998960372839453
4554,45.53999999999951,0.999896066027273
4555,45.54999999999951,0.9998960947645955
4556,45.559999999999505,0.9998961234959141
4557,45.5699999999995,0.9998961522212302
4558,45.5799999999995,0.9998961809405451
4559,45.5899999999995,0.9998962096538602
4560,45.5999999999995,0.9998962383611767
4561,45.609999999999495,0.999896267062496
4562,45.61999999999949,0.9998962957578195
4563,45.62999999999949,0.9998963244471485
4564,45.63999999999949,0.9998963531304843
4565,45.64999999999949,0.9998963818078282
4566,45.659999999999485,0.9998964104791818
4567,45.66999999999948,0.9998964391445461
4568,45.67999999999948,0.9998964678039226
4569,45.68999999999948,0.9998964964573125
4570,45.69999999999948,0.9998965251047173
4571,45.709999999999475,0.9998965537461383
4572,45.71999999999947,0.9998965823815767
4573,45.72999999999947,0.999896611011034
4574,45.73999999999947,0.9998966396345114
4575,45.74999999999947,0.9998966682520103
4576,45.759999999999465,0.999896696863532
4577,45.76999999999946,0.9998967254690779
4578,45.77999999999946,0.9998967540686492
4579,45.78999999999946,0.9998967826622472
4580,45.79999999999946,0.9998968112498735
4581,45.809999999999455,0.9998968398315292
4582,45.81999999999945,0.9998968684072156
4583,45.82999999999945,0.9998968969769342
4584,45.83999999999945,0.9998969255406861
4585,45.84999999999945,0.9998969540984728
4586,45.859999999999445,0.9998969826502956
4587,45.86999999999944,0.9998970111961557
4588,45.87999999999944,0.9998970397360546
4589,45.88999999999944,0.9998970682699935
4590,45.89999999999944,0.9998970967979737
4591,45.909999999999435,0.9998971253199965
4592,45.91999999999943,0.9998971538360635
4593,45.92999999999943,0.9998971823461756
4594,45.93999999999943,0.9998972108503345
4595,45.94999999999943,0.9998972393485412
4596,45.959999999999425,0.9998972678407972
4597,45.96999999999942,0.9998972963271039
4598,45.97999999999942,0.9998973248074624
4599,45.98999999999942,0.9998973532818741
4600,45.99999999999942,0.9998973817503404
4601,46.009999999999415,0.9998974102128625
4602,46.01999999999941,0.9998974386694417
4603,46.02999999999941,0.9998974671200794
4604,46.03999999999941,0.9998974955647769
4605,46.04999999999941,0.9998975240035355
4606,46.059999999999405,0.9998975524363564
4607,46.0699999999994,0.9998975808632411
4608,46.0799999999994,0.9998976092841908
4609,46.0899999999994,0.9998976376992068
4610,46.0999999999994,0.9998976661082906
4611,46.109999999999395,0.9998976945114432
4612,46.11999999999939,0.9998977229086661
4613,46.12999999999939,0.9998977512999605
4614,46.13999999999939,0.9998977796853279
4615,46.14999999999939,0.9998978080647694
4616,46.159999999999386,0.9998978364382864
4617,46.16999999999938,0.9998978648058802
4618,46.17999999999938,0.9998978931675521
4619,46.18999999999938,0.9998979215233034
4620,46.19999999999938,0.9998979498731354
4621,46.209999999999376,0.9998979782170494
4622,46.219999999999374,0.9998980065550467
4623,46.22999999999937,0.9998980348871286
4624,46.23999999999937,0.9998980632132964
4625,46.24999999999937,0.9998980915335515
4626,46.259999999999366,0.999898119847895
4627,46.269999999999364,0.9998981481563284
4628,46.27999999999936,0.9998981764588529
4629,46.28999999999936,0.9998982047554699
4630,46.29999999999936,0.9998982330461804
4631,46.309999999999356,0.999898261330986
4632,46.319999999999354,0.9998982896098879
4633,46.32999999999935,0.9998983178828875
4634,46.33999999999935,0.9998983461499859
4635,46.34999999999935,0.9998983744111845
4636,46.359999999999346,0.9998984026664846
4637,46.369999999999344,0.9998984309158875
4638,46.37999999999934,0.9998984591593943
4639,46.38999999999934,0.9998984873970067
4640,46.39999999999934,0.9998985156287257
4641,46.409999999999336,0.9998985438545526
4642,46.419999999999334,0.9998985720744887
4643,46.42999999999933,0.9998986002885354
4644,46.43999999999933,0.9998986284966939
4645,46.44999999999933,0.9998986566989655
4646,46.459999999999326,0.9998986848953515
4647,46.469999999999324,0.9998987130858532
4648,46.47999999999932,0.999898741270472
4649,46.48999999999932,0.9998987694492089
4650,46.49999999999932,0.9998987976220653
4651,46.509999999999316,0.9998988257890427
4652,46.519999999999314,0.9998988539501422
4653,46.52999999999931,0.999898882105365
4654,46.53999999999931,0.9998989102547126
4655,46.54999999999931,0.9998989383981861
4656,46.559999999999306,0.9998989665357869
4657,46.569999999999304,0.9998989946675163
4658,46.5799999999993,0.9998990227933755
4659,46.5899999999993,0.9998990509133657
4660,46.5999999999993,0.9998990790274884
4661,46.609999999999296,0.9998991071357448
4662,46.619999999999294,0.9998991352381361
4663,46.62999999999929,0.9998991633346636
4664,46.63999999999929,0.9998991914253286
4665,46.64999999999929,0.9998992195101325
4666,46.659999999999286,0.9998992475890763
4667,46.669999999999284,0.9998992756621615
4668,46.67999999999928,0.9998993037293894
4669,46.68999999999928,0.9998993317907612
4670,46.69999999999928,0.9998993598462781
4671,46.709999999999276,0.9998993878959415
4672,46.719999999999274,0.9998994159397526
4673,46.72999999999927,0.9998994439777127
4674,46.73999999999927,0.9998994720098231
4675,46.74999999999927,0.999899500036085
4676,46.759999999999266,0.9998995280564997
4677,46.769999999999264,0.9998995560710685
4678,46.77999999999926,0.9998995840797927
4679,46.78999999999926,0.9998996120826735
4680,46.79999999999926,0.9998996400797122
4681,46.809999999999256,0.9998996680709101
4682,46.819999999999254,0.9998996960562685
4683,46.82999999999925,0.9998997240357885
4684,46.83999999999925,0.9998997520094716
4685,46.84999999999925,0.9998997799773188
4686,46.859999999999246,0.9998998079393316
4687,46.869999999999244,0.9998998358955112
4688,46.87999999999924,0.9998998638458588
4689,46.88999999999924,0.9998998917903757
4690,46.89999999999924,0.9998999197290632
4691,46.909999999999236,0.9998999476619226
4692,46.919999999999234,0.999899975588955
4693,46.92999999999923,0.999900003510162
4694,46.93999999999923,0.9999000314255444
4695,46.94999999999923,0.9999000593351037
4696,46.959999999999226,0.9999000872388413
4697,46.969999999999224,0.9999001151367582
4698,46.97999999999922,0.9999001430288558
4699,46.98999999999922,0.9999001709151354
4700,46.99999999999922,0.9999001987955981
4701,47.009999999999216,0.9999002266702454
4702,47.019999999999214,0.9999002545390783
4703,47.02999999999921,0.9999002824020982
4704,47.03999999999921,0.9999003102593064
4705,47.04999999999921,0.999900338110704
4706,47.05999999999921,0.9999003659562924
4707,47.069999999999204,0.9999003937960728
4708,47.0799999999992,0.9999004216300463
4709,47.0899999999992,0.9999004494582145
4710,47.0999999999992,0.9999004772805784
4711,47.1099999999992,0.9999005050971393
4712,47.119999999999195,0.9999005329078986
4713,47.12999999999919,0.9999005607128574
4714,47.13999999999919,0.9999005885120169
4715,47.14999999999919,0.9999006163053784
4716,47.15999999999919,0.9999006440929433
4717,47.169999999999185,0.9999006718747127
4718,47.17999999999918,0.9999006996506878
4719,47.18999999999918,0.9999007274208701
4720,47.19999999999918,0.9999007551852606
4721,47.20999999999918,0.9999007829438605
4722,47.219999999999175,0.9999008106966714
4723,47.22999999999917,0.9999008384436942
4724,47.23999999999917,0.9999008661849302
4725,47.24999999999917,0.9999008939203808
4726,47.25999999999917,0.9999009216500473
4727,47.269999999999165,0.9999009493739307
4728,47.27999999999916,0.9999009770920323
4729,47.28999999999916,0.9999010048043535
4730,47.29999999999916,0.9999010325108953
4731,47.30999999999916,0.9999010602116593
4732,47.319999999999155,0.9999010879066463
4733,47.32999999999915,0.9999011155958579
4734,47.33999999999915,0.9999011432792952
4735,47.34999999999915,0.9999011709569595
4736,47.35999999999915,0.9999011986288521
4737,47.369999999999145,0.9999012262949739
4738,47.37999999999914,0.9999012539553265
4739,47.38999999999914,0.999901281609911
4740,47.39999999999914,0.9999013092587287
4741,47.40999999999914,0.9999013369017807
4742,47.419999999999135,0.9999013645390684
4743,47.42999999999913,0.9999013921705929
4744,47.43999999999913,0.9999014197963556
4745,47.44999999999913,0.9999014474163576
4746,47.45999999999913,0.9999014750306001
4747,47.469999999999125,0.9999015026390845
4748,47.47999999999912,0.9999015302418119
4749,47.48999999999912,0.9999015578387837
4750,47.49999999999912,0.999901585430001
4751,47.50999999999912,0.9999016130154649
4752,47.519999999999115,0.9999016405951768
4753,47.52999999999911,0.9999016681691381
4754,47.53999999999911,0.9999016957373497
4755,47.54999999999911,0.9999017232998129
4756,47.55999999999911,0.9999017508565291
4757,47.569999999999105,0.9999017784074994
4758,47.5799999999991,0.999901805952725
4759,47.5899999999991,0.9999018334922073
4760,47.5999999999991,0.9999018610259475
4761,47.6099999999991,0.9999018885539466
4762,47.619999999999095,0.9999019160762059
4763,47.62999999999909,0.9999019435927269
4764,47.63999999999909,0.9999019711035105
4765,47.64999999999909,0.9999019986085581
4766,47.65999999999909,0.9999020261078709
4767,47.669999999999085,0.9999020536014501
4768,47.67999999999908,0.9999020810892969
4769,47.68999999999908,0.9999021085714126
4770,47.69999999999908,0.9999021360477983
4771,47.70999999999908,0.9999021635184553
4772,47.719999999999075,0.9999021909833848
4773,47.72999999999907,0.9999022184425882
4774,47.73999999999907,0.9999022458960665
4775,47.74999999999907,0.9999022733438209
4776,47.75999999999907,0.9999023007858527
4777,47.769999999999065,0.9999023282221632
4778,47.77999999999906,0.9999023556527535
4779,47.78999999999906,0.9999023830776249
4780,47.79999999999906,0.9999024104967785
4781,47.80999999999906,0.9999024379102157
4782,47.819999999999055,0.9999024653179376
4783,47.82999999999905,0.9999024927199454
4784,47.83999999999905,0.9999025201162403
4785,47.84999999999905,0.9999025475068236
4786,47.85999999999905,0.9999025748916964
4787,47.869999999999045,0.9999026022708601
4788,47.87999999999904,0.9999026296443158
4789,47.88999999999904,0.9999026570120647
4790,47.89999999999904,0.999902684374108
4791,47.90999999999904,0.999902711730447
4792,47.919999999999035,0.9999027390810828
4793,47.92999999999903,0.9999027664260167
4794,47.93999999999903,0.9999027937652498
4795,47.94999999999903,0.9999028210987836
4796,47.95999999999903,0.9999028484266189
4797,47.969999999999025,0.9999028757487571
4798,47.97999999999902,0.9999029030651996
4799,47.98999999999902,0.9999029303759472
4800,47.99999999999902,0.9999029576810016
4801,48.00999999999902,0.9999029849803636
4802,48.019999999999015,0.9999030122740344
4803,48.02999999999901,0.9999030395620155
4804,48.03999999999901,0.9999030668443081
4805,48.04999999999901,0.999903094120913
4806,48.05999999999901,0.9999031213918319
4807,48.069999999999006,0.9999031486570656
4808,48.079999999999,0.9999031759166156
4809,48.089999999999,0.999903203170483
4810,48.099999999999,0.9999032304186689
4811,48.109999999999,0.9999032576611746
4812,48.119999999998996,0.9999032848980014
4813,48.129999999998994,0.9999033121291503
4814,48.13999999999899,0.9999033393546226
4815,48.14999999999899,0.9999033665744195
4816,48.15999999999899,0.9999033937885422
4817,48.169999999998986,0.9999034209969918
4818,48.179999999998984,0.9999034481997697
4819,48.18999999999898,0.999903475396877
4820,48.19999999999898,0.9999035025883148
4821,48.20999999999898,0.9999035297740846
4822,48.219999999998976,0.9999035569541872
4823,48.229999999998974,0.999903584128624
4824,48.23999999999897,0.9999036112973962
4825,48.24999999999897,0.999903638460505
4826,48.25999999999897,0.9999036656179515
4827,48.269999999998966,0.999903692769737
4828,48.279999999998964,0.9999037199158627
4829,48.28999999999896,0.9999037470563297
4830,48.29999999999896,0.9999037741911393
4831,48.30999999999896,0.9999038013202926
4832,48.319999999998956,0.9999038284437908
4833,48.329999999998954,0.9999038555616351
4834,48.33999999999895,0.9999038826738268
4835,48.34999999999895,0.9999039097803669
4836,48.35999999999895,0.9999039368812568
4837,48.369999999998946,0.9999039639764975
4838,48.379999999998944,0.9999039910660903
4839,48.38999999999894,0.9999040181500364
4840,48.39999999999894,0.9999040452283369
4841,48.40999999999894,0.999904072300993
4842,48.419999999998936,0.999904099368006
4843,48.429999999998934,0.999904126429377
4844,48.43999999999893,0.9999041534851072
4845,48.44999999999893,0.9999041805351977
4846,48.45999999999893,0.9999042075796498
4847,48.469999999998926,0.9999042346184647
4848,48.479999999998924,0.9999042616516435
4849,48.48999999999892,0.9999042886791875
4850,48.49999999999892,0.9999043157010977
4851,48.50999999999892,0.9999043427173754
4852,48.519999999998916,0.9999043697280218
4853,48.529999999998914,0.999904396733038
4854,48.53999999999891,0.9999044237324253
4855,48.54999999999891,0.9999044507261848
4856,48.55999999999891,0.9999044777143177
4857,48.569999999998906,0.9999045046968251
4858,48.579999999998904,0.9999045316737083
4859,48.5899999999989,0.9999045586449685
4860,48.5999999999989,0.9999045856106067
4861,48.6099999999989,0.9999046125706242
4862,48.619999999998896,0.9999046395250223
4863,48.629999999998894,0.9999046664738019
4864,48.63999999999889,0.9999046934169644
4865,48.64999999999889,0.9999047203545108
4866,48.65999999999889,0.9999047472864425
4867,48.669999999998886,0.9999047742127605
4868,48.679999999998884,0.9999048011334659
4869,48.68999999999888,0.9999048280485602
4870,48.69999999999888,0.9999048549580442
4871,48.70999999999888,0.9999048818619193
4872,48.719999999998876,0.9999049087601867
4873,48.729999999998874,0.9999049356528473
4874,48.73999999999887,0.9999049625399026
4875,48.74999999999887,0.9999049894213536
4876,48.75999999999887,0.9999050162972015
4877,48.769999999998866,0.9999050431674474
4878,48.779999999998864,0.9999050700320927
4879,48.78999999999886,0.9999050968911383
4880,48.79999999999886,0.9999051237445855
4881,48.80999999999886,0.9999051505924355
4882,48.819999999998856,0.9999051774346893
4883,48.829999999998854,0.9999052042713482
4884,48.83999999999885,0.9999052311024135
4885,48.84999999999885,0.9999052579278861
4886,48.85999999999885,0.9999052847477673
4887,48.869999999998846,0.9999053115620582
4888,48.879999999998844,0.9999053383707601
4889,48.88999999999884,0.999905365173874
4890,48.89999999999884,0.9999053919714012
4891,48.90999999999884,0.9999054187633428
4892,48.919999999998836,0.9999054455497
4893,48.929999999998834,0.9999054723304738
4894,48.93999999999883,0.9999054991056656
4895,48.94999999999883,0.9999055258752765
4896,48.95999999999883,0.9999055526393075
4897,48.96999999999883,0.9999055793977599
4898,48.979999999998824,0.9999056061506348
4899,48.98999999999882,0.9999056328979335
4900,48.99999999999882,0.999905659639657
4901,49.00999999999882,0.9999056863758067
4902,49.01999999999882,0.9999057131063833
4903,49.029999999998815,0.9999057398313884
4904,49.03999999999881,0.999905766550823
4905,49.04999999999881,0.9999057932646881
4906,49.05999999999881,0.9999058199729851
4907,49.06999999999881,0.9999058466757151
4908,49.079999999998805,0.9999058733728792
4909,49.0899999999988,0.9999059000644785
4910,49.0999999999988,0.9999059267505143
4911,49.1099999999988,0.9999059534309876
4912,49.1199999999988,0.9999059801058997
4913,49.129999999998795,0.9999060067752517
4914,49.13999999999879,0.9999060334390447
4915,49.14999999999879,0.9999060600972799
4916,49.15999999999879,0.9999060867499585
4917,49.16999999999879,0.9999061133970815
4918,49.179999999998785,0.9999061400386502
4919,49.18999999999878,0.9999061666746657
4920,49.19999999999878,0.9999061933051292
4921,49.20999999999878,0.9999062199300417
4922,49.21999999999878,0.9999062465494045
4923,49.229999999998775,0.9999062731632187
4924,49.23999999999877,0.9999062997714854
4925,49.24999999999877,0.9999063263742058
4926,49.25999999999877,0.9999063529713811
4927,49.26999999999877,0.9999063795630123
4928,49.279999999998765,0.9999064061491006
4929,49.28999999999876,0.9999064327296473
4930,49.29999999999876,0.9999064593046534
4931,49.30999999999876,0.99990648587412
4932,49.31999999999876,0.9999065124380484
4933,49.329999999998755,0.9999065389964396
4934,49.33999999999875,0.9999065655492948
4935,49.34999999999875,0.9999065920966151
4936,49.35999999999875,0.9999066186384018
4937,49.36999999999875,0.9999066451746559
4938,49.379999999998745,0.9999066717053785
4939,49.38999999999874,0.9999066982305709
4940,49.39999999999874,0.999906724750234
4941,49.40999999999874,0.9999067512643692
4942,49.41999999999874,0.9999067777729775
4943,49.429999999998735,0.9999068042760602
4944,49.43999999999873,0.9999068307736182
4945,49.44999999999873,0.9999068572656528
4946,49.45999999999873,0.999906883752165
4947,49.46999999999873,0.999906910233156
4948,49.479999999998725,0.9999069367086271
4949,49.48999999999872,0.9999069631785792
4950,49.49999999999872,0.9999069896430135
4951,49.50999999999872,0.9999070161019313
4952,49.51999999999872,0.9999070425553336
4953,49.529999999998715,0.9999070690032215
4954,49.53999999999871,0.9999070954455961
4955,49.54999999999871,0.9999071218824587
4956,49.55999999999871,0.9999071483138102
4957,49.56999999999871,0.9999071747396521
4958,49.579999999998705,0.9999072011599851
4959,49.5899999999987,0.9999072275748107
4960,49.5999999999987,0.9999072539841297
4961,49.6099999999987,0.9999072803879435
4962,49.6199999999987,0.9999073067862532
4963,49.629999999998695,0.9999073331790598
4964,49.63999999999869,0.9999073595663646
4965,49.64999999999869,0.9999073859481684
4966,49.65999999999869,0.9999074123244727
4967,49.66999999999869,0.9999074386952784
4968,49.679999999998685,0.9999074650605868
4969,49.68999999999868,0.9999074914203989
4970,49.69999999999868,0.9999075177747159
4971,49.70999999999868,0.9999075441235389
4972,49.71999999999868,0.999907570466869
4973,49.729999999998675,0.9999075968047073
4974,49.73999999999867,0.999907623137055
4975,49.74999999999867,0.9999076494639132
4976,49.75999999999867,0.999907675785283
4977,49.76999999999867,0.9999077021011655
4978,49.779999999998665,0.999907728411562
4979,49.78999999999866,0.9999077547164733
4980,49.79999999999866,0.9999077810159008
4981,49.80999999999866,0.9999078073098455
4982,49.81999999999866,0.9999078335983086
4983,49.829999999998655,0.9999078598812912
4984,49.83999999999865,0.9999078861587943
4985,49.84999999999865,0.9999079124308192
4986,49.85999999999865,0.9999079386973669
4987,49.86999999999865,0.9999079649584386
4988,49.879999999998645,0.9999079912140354
4989,49.88999999999864,0.9999080174641584
4990,49.89999999999864,0.9999080437088086
4991,49.90999999999864,0.9999080699479873
4992,49.91999999999864,0.9999080961816955
4993,49.929999999998635,0.9999081224099344
4994,49.93999999999863,0.9999081486327052
4995,49.94999999999863,0.9999081748500087
4996,49.95999999999863,0.9999082010618463
4997,49.96999999999863,0.999908227268219
4998,49.979999999998626,0.9999082534691279
4999,49.98999999999862,0.9999082796645743
5000,49.99999999999862,0.999908305854559
5001,50.00999999999862,0.9999083320390835
5002,50.01999999999862,0.9999083582181485
5003,50.029999999998616,0.9999083843917554
5004,50.039999999998614,0.9999084105599052
5005,50.04999999999861,0.999908436722599
5006,50.05999999999861,0.999908462879838
5007,50.06999999999861,0.9999084890316232
5008,50.079999999998606,0.9999085151779558
5009,50.089999999998604,0.9999085413188369
5010,50.0999999999986,0.9999085674542675
5011,50.1099999999986,0.9999085935842489
5012,50.1199999999986,0.999908619708782
5013,50.129999999998596,0.9999086458278681
5014,50.139999999998594,0.9999086719415081
5015,50.14999999999859,0.9999086980497033
5016,50.15999999999859,0.9999087241524547
5017,50.16999999999859,0.9999087502497634
5018,50.179999999998586,0.9999087763416307
5019,50.189999999998584,0.9999088024280574
5020,50.19999999999858,0.9999088285090448
5021,50.20999999999858,0.999908854584594
5022,50.21999999999858,0.999908880654706
5023,50.229999999998576,0.9999089067193819
5024,50.239999999998574,0.999908932778623
5025,50.24999999999857,0.9999089588324301
5026,50.25999999999857,0.9999089848808047
5027,50.26999999999857,0.9999090109237475
5028,50.279999999998566,0.9999090369612599
5029,50.289999999998564,0.9999090629933428
5030,50.29999999999856,0.9999090890199973
5031,50.30999999999856,0.9999091150412247
5032,50.31999999999856,0.999909141057026
5033,50.329999999998556,0.9999091670674022
5034,50.339999999998554,0.9999091930723545
5035,50.34999999999855,0.9999092190718839
5036,50.35999999999855,0.9999092450659917
5037,50.36999999999855,0.9999092710546787
5038,50.379999999998546,0.9999092970379464
5039,50.389999999998544,0.9999093230157955
5040,50.39999999999854,0.9999093489882273
5041,50.40999999999854,0.9999093749552428
5042,50.41999999999854,0.9999094009168432
5043,50.429999999998536,0.9999094268730296
5044,50.439999999998534,0.999909452823803
5045,50.44999999999853,0.9999094787691645
5046,50.45999999999853,0.9999095047091152
5047,50.46999999999853,0.9999095306436563
5048,50.479999999998526,0.9999095565727888
5049,50.489999999998524,0.9999095824965137
5050,50.49999999999852,0.9999096084148323
5051,50.50999999999852,0.9999096343277456
5052,50.51999999999852,0.9999096602352546
5053,50.529999999998516,0.9999096861373605
5054,50.539999999998514,0.9999097120340644
5055,50.54999999999851,0.9999097379253674
5056,50.55999999999851,0.9999097638112704
5057,50.56999999999851,0.9999097896917748
5058,50.579999999998506,0.9999098155668814
5059,50.589999999998504,0.9999098414365913
5060,50.5999999999985,0.9999098673009059
5061,50.6099999999985,0.999909893159826
5062,50.6199999999985,0.9999099190133527
5063,50.629999999998496,0.9999099448614872
5064,50.639999999998494,0.9999099707042306
5065,50.64999999999849,0.9999099965415839
5066,50.65999999999849,0.9999100223735482
5067,50.66999999999849,0.9999100482001245
5068,50.679999999998486,0.999910074021314
5069,50.689999999998484,0.9999100998371179
5070,50.69999999999848,0.9999101256475371
5071,50.70999999999848,0.9999101514525727
5072,50.71999999999848,0.9999101772522258
5073,50.729999999998476,0.9999102030464975
5074,50.739999999998474,0.9999102288353888
5075,50.74999999999847,0.9999102546189009
5076,50.75999999999847,0.9999102803970349
5077,50.76999999999847,0.9999103061697918
5078,50.779999999998466,0.9999103319371727
5079,50.789999999998464,0.9999103576991786
5080,50.79999999999846,0.9999103834558107
5081,50.80999999999846,0.9999104092070701
5082,50.81999999999846,0.9999104349529577
5083,50.829999999998456,0.9999104606934748
5084,50.839999999998454,0.9999104864286222
5085,50.84999999999845,0.9999105121584013
5086,50.85999999999845,0.999910537882813
5087,50.86999999999845,0.9999105636018584
5088,50.87999999999845,0.9999105893155386
5089,50.889999999998444,0.9999106150238546
5090,50.89999999999844,0.9999106407268075
5091,50.90999999999844,0.9999106664243984
5092,50.91999999999844,0.9999106921166284
5093,50.92999999999844,0.9999107178034985
5094,50.939999999998435,0.9999107434850099
5095,50.94999999999843,0.9999107691611635
5096,50.95999999999843,0.9999107948319605
5097,50.96999999999843,0.999910820497402
5098,50.97999999999843,0.9999108461574889
5099,50.989999999998425,0.9999108718122225
5100,50.99999999999842,0.9999108974616037
5101,51.00999999999842,0.9999109231056336
5102,51.01999999999842,0.9999109487443132
5103,51.02999999999842,0.9999109743776438
5104,51.039999999998415,0.9999110000056263
5105,51.04999999999841,0.9999110256282617
5106,51.05999999999841,0.9999110512455512
5107,51.06999999999841,0.9999110768574959
5108,51.07999999999841,0.9999111024640968
5109,51.089999999998405,0.9999111280653549
5110,51.0999999999984,0.9999111536612714
5111,51.1099999999984,0.9999111792518472
5112,51.1199999999984,0.9999112048370836
5113,51.1299999999984,0.9999112304169815
5114,51.139999999998395,0.999911255991542
5115,51.14999999999839,0.999911281560766
5116,51.15999999999839,0.9999113071246549
5117,51.16999999999839,0.9999113326832095
5118,51.17999999999839,0.999911358236431
5119,51.189999999998385,0.9999113837843204
5120,51.19999999999838,0.9999114093268787
5121,51.20999999999838,0.9999114348641072
5122,51.21999999999838,0.9999114603960066
5123,51.22999999999838,0.9999114859225784
5124,51.239999999998375,0.9999115114438233
5125,51.24999999999837,0.9999115369597424
5126,51.25999999999837,0.999911562470337
5127,51.26999999999837,0.9999115879756079
5128,51.27999999999837,0.9999116134755562
5129,51.289999999998365,0.9999116389701831
5130,51.29999999999836,0.9999116644594896
5131,51.30999999999836,0.9999116899434767
5132,51.31999999999836,0.9999117154221455
5133,51.32999999999836,0.9999117408954971
5134,51.339999999998355,0.9999117663635324
5135,51.34999999999835,0.9999117918262527
5136,51.35999999999835,0.9999118172836587
5137,51.36999999999835,0.999911842735752
5138,51.37999999999835,0.9999118681825331
5139,51.389999999998345,0.9999118936240032
5140,51.39999999999834,0.9999119190601636
5141,51.40999999999834,0.9999119444910152
5142,51.41999999999834,0.999911969916559
5143,51.42999999999834,0.9999119953367961
5144,51.439999999998335,0.9999120207517276
5145,51.44999999999833,0.9999120461613544
5146,51.45999999999833,0.9999120715656777
5147,51.46999999999833,0.9999120969646985
5148,51.47999999999833,0.9999121223584179
5149,51.489999999998325,0.9999121477468369
5150,51.49999999999832,0.9999121731299565
5151,51.50999999999832,0.9999121985077778
5152,51.51999999999832,0.999912223880302
5153,51.52999999999832,0.9999122492475299
5154,51.539999999998315,0.9999122746094626
5155,51.54999999999831,0.9999122999661012
5156,51.55999999999831,0.9999123253174469
5157,51.56999999999831,0.9999123506635005
5158,51.57999999999831,0.9999123760042631
5159,51.589999999998305,0.9999124013397359
5160,51.5999999999983,0.9999124266699198
5161,51.6099999999983,0.9999124519948158
5162,51.6199999999983,0.9999124773144251
5163,51.6299999999983,0.9999125026287486
5164,51.639999999998295,0.9999125279377875
5165,51.64999999999829,0.9999125532415427
5166,51.65999999999829,0.9999125785400154
5167,51.66999999999829,0.9999126038332065
5168,51.67999999999829,0.999912629121117
5169,51.689999999998285,0.9999126544037482
5170,51.69999999999828,0.9999126796811009
5171,51.70999999999828,0.9999127049531762
5172,51.71999999999828,0.9999127302199752
5173,51.72999999999828,0.9999127554814988
5174,51.739999999998275,0.9999127807377481
5175,51.74999999999827,0.9999128059887243
5176,51.75999999999827,0.9999128312344283
5177,51.76999999999827,0.9999128564748612
5178,51.77999999999827,0.999912881710024
5179,51.789999999998265,0.9999129069399176
5180,51.79999999999826,0.9999129321645434
5181,51.80999999999826,0.999912957383902
5182,51.81999999999826,0.9999129825979948
5183,51.82999999999826,0.9999130078068226
5184,51.839999999998255,0.9999130330103865
5185,51.84999999999825,0.9999130582086876
5186,51.85999999999825,0.9999130834017269
5187,51.86999999999825,0.9999131085895053
5188,51.87999999999825,0.9999131337720242
5189,51.889999999998246,0.9999131589492842
5190,51.89999999999824,0.9999131841212866
5191,51.90999999999824,0.9999132092880324
5192,51.91999999999824,0.9999132344495226
5193,51.92999999999824,0.9999132596057582
5194,51.939999999998236,0.9999132847567402
5195,51.949999999998234,0.9999133099024698
5196,51.95999999999823,0.999913335042948
5197,51.96999999999823,0.9999133601781756
5198,51.97999999999823,0.9999133853081539
5199,51.989999999998226,0.9999134104328837
5200,51.999999999998224,0.9999134355523662
5201,52.00999999999822,0.9999134606666025
5202,52.01999999999822,0.9999134857755934
5203,52.02999999999822,0.99991351087934
5204,52.039999999998216,0.9999135359778435
5205,52.049999999998214,0.9999135610711047
5206,52.05999999999821,0.9999135861591247
5207,52.06999999999821,0.9999136112419047
5208,52.07999999999821,0.9999136363194454
5209,52.089999999998206,0.9999136613917481
5210,52.099999999998204,0.9999136864588137
5211,52.1099999999982,0.9999137115206433
5212,52.1199999999982,0.9999137365772378
5213,52.1299999999982,0.9999137616285985
5214,52.139999999998196,0.999913786674726
5215,52.149999999998194,0.9999138117156217
5216,52.15999999999819,0.9999138367512864
5217,52.16999999999819,0.9999138617817213
5218,52.17999999999819,0.9999138868069273
5219,52.189999999998186,0.9999139118269054
5220,52.199999999998184,0.9999139368416566
5221,52.20999999999818,0.9999139618511821
5222,52.21999999999818,0.9999139868554828
5223,52.22999999999818,0.9999140118545597
5224,52.239999999998176,0.999914036848414
5225,52.249999999998174,0.9999140618370465
5226,52.25999999999817,0.9999140868204582
5227,52.26999999999817,0.9999141117986503
5228,52.27999999999817,0.9999141367716237
5229,52.289999999998166,0.9999141617393795
5230,52.299999999998164,0.9999141867019187
5231,52.30999999999816,0.9999142116592422
5232,52.31999999999816,0.9999142366113511
5233,52.32999999999816,0.9999142615582466
5234,52.339999999998156,0.9999142864999294
5235,52.349999999998154,0.9999143114364006
5236,52.35999999999815,0.9999143363676615
5237,52.36999999999815,0.9999143612937127
5238,52.37999999999815,0.9999143862145555
5239,52.389999999998146,0.9999144111301908
5240,52.399999999998144,0.9999144360406196
5241,52.40999999999814,0.999914460945843
5242,52.41999999999814,0.999914485845862
5243,52.42999999999814,0.9999145107406775
5244,52.439999999998136,0.9999145356302905
5245,52.449999999998134,0.9999145605147023
5246,52.45999999999813,0.9999145853939136
5247,52.46999999999813,0.9999146102679256
5248,52.47999999999813,0.9999146351367392
5249,52.489999999998126,0.9999146600003554
5250,52.499999999998124,0.9999146848587753
5251,52.50999999999812,0.9999147097119999
5252,52.51999999999812,0.9999147345600302
5253,52.52999999999812,0.9999147594028672
5254,52.539999999998116,0.9999147842405118
5255,52.549999999998114,0.9999148090729653
5256,52.55999999999811,0.9999148339002283
5257,52.56999999999811,0.9999148587223021
5258,52.57999999999811,0.9999148835391877
5259,52.589999999998106,0.999914908350886
5260,52.599999999998104,0.9999149331573981
5261,52.6099999999981,0.9999149579587249
5262,52.6199999999981,0.9999149827548675
5263,52.6299999999981,0.9999150075458267
5264,52.639999999998096,0.9999150323316038
5265,52.649999999998094,0.9999150571121997
5266,52.65999999999809,0.9999150818876154
5267,52.66999999999809,0.9999151066578518
5268,52.67999999999809,0.99991513142291
5269,52.689999999998086,0.999915156182791
5270,52.699999999998084,0.9999151809374959
5271,52.70999999999808,0.9999152056870255
5272,52.71999999999808,0.999915230431381
5273,52.72999999999808,0.9999152551705631
5274,52.739999999998076,0.9999152799045732
5275,52.749999999998074,0.999915304633412
5276,52.75999999999807,0.9999153293570807
5277,52.76999999999807,0.9999153540755802
5278,52.77999999999807,0.9999153787889115
5279,52.78999999999807,0.9999154034970755
5280,52.799999999998064,0.9999154282000734
5281,52.80999999999806,0.9999154528979061
5282,52.81999999999806,0.9999154775905745
5283,52.82999999999806,0.9999155022780798
5284,52.83999999999806,0.9999155269604229
5285,52.849999999998055,0.9999155516376048
5286,52.85999999999805,0.9999155763096265
5287,52.86999999999805,0.9999156009764889
5288,52.87999999999805,0.9999156256381933
5289,52.88999999999805,0.9999156502947403
5290,52.899999999998045,0.9999156749461311
5291,52.90999999999804,0.9999156995923667
5292,52.91999999999804,0.9999157242334481
5293,52.92999999999804,0.9999157488693762
5294,52.93999999999804,0.9999157735001521
5295,52.949999999998035,0.9999157981257768
5296,52.95999999999803,0.9999158227462511
5297,52.96999999999803,0.9999158473615762
5298,52.97999999999803,0.9999158719717531
5299,52.98999999999803,0.9999158965767827
5300,52.999999999998025,0.9999159211766661
5301,53.00999999999802,0.9999159457714041
5302,53.01999999999802,0.9999159703609978
5303,53.02999999999802,0.9999159949454481
5304,53.03999999999802,0.9999160195247562
5305,53.049999999998015,0.999916044098923
5306,53.05999999999801,0.9999160686679494
5307,53.06999999999801,0.9999160932318364
5308,53.07999999999801,0.9999161177905851
5309,53.08999999999801,0.9999161423441965
5310,53.099999999998005,0.9999161668926714
5311,53.109999999998,0.9999161914360108
5312,53.119999999998,0.999916215974216
5313,53.129999999998,0.9999162405072877
5314,53.139999999998,0.9999162650352269
5315,53.149999999997995,0.9999162895580347
5316,53.15999999999799,0.999916314075712
5317,53.16999999999799,0.9999163385882599
5318,53.17999999999799,0.9999163630956793
5319,53.18999999999799,0.9999163875979712
5320,53.199999999997985,0.9999164120951365
5321,53.20999999999798,0.9999164365871762
5322,53.21999999999798,0.9999164610740915
5323,53.22999999999798,0.9999164855558831
5324,53.23999999999798,0.9999165100325522
5325,53.249999999997975,0.9999165345040997
5326,53.25999999999797,0.9999165589705264
5327,53.26999999999797,0.9999165834318336
5328,53.27999999999797,0.9999166078880222
5329,53.28999999999797,0.999916632339093
5330,53.299999999997965,0.9999166567850472
5331,53.30999999999796,0.9999166812258856
5332,53.31999999999796,0.9999167056616093
5333,53.32999999999796,0.9999167300922192
5334,53.33999999999796,0.9999167545177163
5335,53.349999999997955,0.9999167789381017
5336,53.35999999999795,0.9999168033533762
5337,53.36999999999795,0.9999168277635408
5338,53.37999999999795,0.9999168521685966
5339,53.38999999999795,0.9999168765685446
5340,53.399999999997945,0.9999169009633856
5341,53.40999999999794,0.9999169253531206
5342,53.41999999999794,0.9999169497377507
5343,53.42999999999794,0.9999169741172769
5344,53.43999999999794,0.9999169984917
5345,53.449999999997935,0.999917022861021
5346,53.45999999999793,0.9999170472252411
5347,53.46999999999793,0.999917071584361
5348,53.47999999999793,0.9999170959383819
5349,53.48999999999793,0.9999171202873045
5350,53.499999999997925,0.99991714463113
5351,53.50999999999792,0.9999171689698594
5352,53.51999999999792,0.9999171933034935
5353,53.52999999999792,0.9999172176320335
5354,53.53999999999792,0.99991724195548
5355,53.549999999997915,0.9999172662738344
5356,53.55999999999791,0.9999172905870973
5357,53.56999999999791,0.99991731489527
5358,53.57999999999791,0.9999173391983532
5359,53.58999999999791,0.9999173634963481
5360,53.599999999997905,0.9999173877892554
5361,53.6099999999979,0.9999174120770764
5362,53.6199999999979,0.9999174363598118
5363,53.6299999999979,0.9999174606374627
5364,53.6399999999979,0.99991748491003
5365,53.649999999997895,0.9999175091775147
5366,53.65999999999789,0.9999175334399177
5367,53.66999999999789,0.9999175576972401
5368,53.67999999999789,0.9999175819494828
5369,53.68999999999789,0.9999176061966467
5370,53.699999999997885,0.9999176304387329
5371,53.70999999999788,0.9999176546757423
5372,53.71999999999788,0.9999176789076759
5373,53.72999999999788,0.9999177031345347
5374,53.73999999999788,0.9999177273563193
5375,53.749999999997875,0.9999177515730312
5376,53.75999999999787,0.9999177757846711
5377,53.76999999999787,0.99991779999124
5378,53.77999999999787,0.9999178241927388
5379,53.78999999999787,0.9999178483891685
5380,53.799999999997866,0.9999178725805301
5381,53.80999999999786,0.9999178967668245
5382,53.81999999999786,0.9999179209480528
5383,53.82999999999786,0.9999179451242158
5384,53.83999999999786,0.9999179692953145
5385,53.849999999997856,0.99991799346135
5386,53.859999999997854,0.999918017622323
5387,53.86999999999785,0.9999180417782347
5388,53.87999999999785,0.9999180659290859
5389,53.88999999999785,0.9999180900748778
5390,53.899999999997846,0.999918114215611
5391,53.909999999997844,0.9999181383512867
5392,53.91999999999784,0.9999181624819058
5393,53.92999999999784,0.9999181866074692
5394,53.93999999999784,0.999918210727978
5395,53.949999999997836,0.9999182348434331
5396,53.959999999997834,0.9999182589538355
5397,53.96999999999783,0.999918283059186
5398,53.97999999999783,0.9999183071594855
5399,53.98999999999783,0.9999183312547353
5400,53.999999999997826,0.9999183553449361
5401,54.009999999997824,0.9999183794300889
5402,54.01999999999782,0.9999184035101947
5403,54.02999999999782,0.9999184275852544
5404,54.03999999999782,0.9999184516552689
5405,54.049999999997816,0.9999184757202394
5406,54.059999999997814,0.9999184997801666
5407,54.06999999999781,0.9999185238350515
5408,54.07999999999781,0.9999185478848951
5409,54.08999999999781,0.9999185719296984
5410,54.099999999997806,0.9999185959694622
5411,54.109999999997804,0.9999186200041876
5412,54.1199999999978,0.9999186440338755
5413,54.1299999999978,0.9999186680585269
5414,54.1399999999978,0.9999186920781427
5415,54.149999999997796,0.9999187160927239
5416,54.159999999997794,0.9999187401022712
5417,54.16999999999779,0.9999187641067859
5418,54.17999999999779,0.9999187881062688
5419,54.18999999999779,0.9999188121007209
5420,54.199999999997786,0.999918836090143
5421,54.209999999997784,0.9999188600745361
5422,54.21999999999778,0.9999188840539013
5423,54.22999999999778,0.9999189080282395
5424,54.23999999999778,0.9999189319975514
5425,54.249999999997776,0.9999189559618382
5426,54.259999999997774,0.9999189799211009
5427,54.26999999999777,0.9999190038753403
5428,54.27999999999777,0.9999190278245572
5429,54.28999999999777,0.999919051768753
5430,54.299999999997766,0.9999190757079282
5431,54.309999999997764,0.9999190996420838
5432,54.31999999999776,0.999919123571221
5433,54.32999999999776,0.9999191474953406
5434,54.33999999999776,0.9999191714144435
5435,54.349999999997756,0.9999191953285308
5436,54.359999999997754,0.9999192192376033
5437,54.36999999999775,0.9999192431416619
5438,54.37999999999775,0.9999192670407077
5439,54.38999999999775,0.9999192909347414
5440,54.399999999997746,0.9999193148237643
5441,54.409999999997744,0.9999193387077769
5442,54.41999999999774,0.9999193625867806
5443,54.42999999999774,0.999919386460776
5444,54.43999999999774,0.9999194103297643
5445,54.449999999997736,0.9999194341937462
5446,54.459999999997734,0.9999194580527228
5447,54.46999999999773,0.9999194819066949
5448,54.47999999999773,0.9999195057556636
5449,54.48999999999773,0.9999195295996297
5450,54.499999999997726,0.9999195534385943
5451,54.509999999997724,0.9999195772725581
5452,54.51999999999772,0.9999196011015222
5453,54.52999999999772,0.9999196249254876
5454,54.53999999999772,0.9999196487444552
5455,54.549999999997716,0.9999196725584257
5456,54.559999999997714,0.9999196963674003
5457,54.56999999999771,0.99991972017138
5458,54.57999999999771,0.9999197439703654
5459,54.58999999999771,0.9999197677643576
5460,54.599999999997706,0.9999197915533578
5461,54.609999999997704,0.9999198153373665
5462,54.6199999999977,0.9999198391163849
5463,54.6299999999977,0.9999198628904139
5464,54.6399999999977,0.9999198866594543
5465,54.649999999997696,0.9999199104235073
5466,54.659999999997694,0.9999199341825735
5467,54.66999999999769,0.9999199579366541
5468,54.67999999999769,0.9999199816857499
5469,54.68999999999769,0.9999200054298618
5470,54.69999999999769,0.9999200291689909
5471,54.709999999997684,0.999920052903138
5472,54.71999999999768,0.999920076632304
5473,54.72999999999768,0.9999201003564899
5474,54.73999999999768,0.9999201240756967
5475,54.74999999999768,0.9999201477899252
5476,54.759999999997675,0.9999201714991763
5477,54.76999999999767,0.9999201952034511
5478,54.77999999999767,0.9999202189027505
5479,54.78999999999767,0.9999202425970752
5480,54.79999999999767,0.9999202662864264
5481,54.809999999997665,0.999920289970805
5482,54.81999999999766,0.9999203136502116
5483,54.82999999999766,0.9999203373246476
5484,54.83999999999766,0.9999203609941136
5485,54.84999999999766,0.9999203846586107
5486,54.859999999997655,0.9999204083181397
5487,54.86999999999765,0.9999204319727015
5488,54.87999999999765,0.9999204556222973
5489,54.88999999999765,0.9999204792669276
5490,54.89999999999765,0.9999205029065937
5491,54.909999999997645,0.9999205265412964
5492,54.91999999999764,0.9999205501710365
5493,54.92999999999764,0.9999205737958151
5494,54.93999999999764,0.999920597415633
5495,54.94999999999764,0.9999206210304913
5496,54.959999999997635,0.9999206446403907
5497,54.96999999999763,0.9999206682453322
5498,54.97999999999763,0.9999206918453167
5499,54.98999999999763,0.9999207154403453
5500,54.99999999999763,0.9999207390304188
5501,55.009999999997625,0.999920762615538
5502,55.01999999999762,0.9999207861957039
5503,55.02999999999762,0.9999208097709176
5504,55.03999999999762,0.9999208333411798
5505,55.04999999999762,0.9999208569064914
5506,55.059999999997615,0.9999208804668535
5507,55.06999999999761,0.9999209040222669
5508,55.07999999999761,0.9999209275727325
5509,55.08999999999761,0.9999209511182513
5510,55.09999999999761,0.9999209746588242
5511,55.109999999997605,0.9999209981944521
5512,55.1199999999976,0.9999210217251359
5513,55.1299999999976,0.9999210452508766
5514,55.1399999999976,0.999921068771675
5515,55.1499999999976,0.999921092287532
5516,55.159999999997595,0.9999211157984487
5517,55.16999999999759,0.9999211393044258
5518,55.17999999999759,0.9999211628054644
5519,55.18999999999759,0.9999211863015653
5520,55.19999999999759,0.9999212097927295
5521,55.209999999997585,0.9999212332789578
5522,55.21999999999758,0.9999212567602511
5523,55.22999999999758,0.9999212802366105
5524,55.23999999999758,0.9999213037080368
5525,55.24999999999758,0.9999213271745309
5526,55.259999999997575,0.9999213506360937
5527,55.26999999999757,0.9999213740927262
5528,55.27999999999757,0.9999213975444291
5529,55.28999999999757,0.9999214209912036
5530,55.29999999999757,0.9999214444330505
5531,55.309999999997565,0.9999214678699706
5532,55.31999999999756,0.999921491301965
5533,55.32999999999756,0.9999215147290345
5534,55.33999999999756,0.9999215381511799
5535,55.34999999999756,0.9999215615684023
5536,55.359999999997555,0.9999215849807025
5537,55.36999999999755,0.9999216083880815
5538,55.37999999999755,0.9999216317905402
5539,55.38999999999755,0.9999216551880794
5540,55.39999999999755,0.9999216785807001
5541,55.409999999997545,0.9999217019684031
5542,55.41999999999754,0.9999217253511895
5543,55.42999999999754,0.99992174872906
5544,55.43999999999754,0.9999217721020157
5545,55.44999999999754,0.9999217954700574
5546,55.459999999997535,0.999921818833186
5547,55.46999999999753,0.9999218421914025
5548,55.47999999999753,0.9999218655447076
5549,55.48999999999753,0.9999218888931024
5550,55.49999999999753,0.9999219122365877
5551,55.509999999997525,0.9999219355751645
5552,55.51999999999752,0.9999219589088336
5553,55.52999999999752,0.999921982237596
5554,55.53999999999752,0.9999220055614525
5555,55.54999999999752,0.9999220288804042
5556,55.559999999997515,0.9999220521944516
5557,55.56999999999751,0.9999220755035961
5558,55.57999999999751,0.9999220988078383
5559,55.58999999999751,0.9999221221071791
5560,55.59999999999751,0.9999221454016196
5561,55.609999999997505,0.9999221686911605
5562,55.6199999999975,0.9999221919758028
5563,55.6299999999975,0.9999222152555474
5564,55.6399999999975,0.9999222385303951
5565,55.6499999999975,0.9999222618003469
5566,55.659999999997495,0.9999222850654037
5567,55.66999999999749,0.9999223083255664
5568,55.67999999999749,0.9999223315808359
5569,55.68999999999749,0.9999223548312131
5570,55.69999999999749,0.9999223780766987
5571,55.709999999997486,0.9999224013172939
5572,55.71999999999748,0.9999224245529995
5573,55.72999999999748,0.9999224477838162
5574,55.73999999999748,0.9999224710097453
5575,55.74999999999748,0.9999224942307873
5576,55.759999999997476,0.9999225174469433
5577,55.769999999997474,0.9999225406582142
5578,55.77999999999747,0.9999225638646008
5579,55.78999999999747,0.999922587066104
5580,55.79999999999747,0.9999226102627249
5581,55.809999999997466,0.9999226334544641
5582,55.819999999997464,0.9999226566413227
5583,55.82999999999746,0.9999226798233015
5584,55.83999999999746,0.9999227030004014
5585,55.84999999999746,0.9999227261726233
5586,55.859999999997456,0.9999227493399683
5587,55.869999999997454,0.9999227725024369
5588,55.87999999999745,0.9999227956600303
5589,55.88999999999745,0.9999228188127492
5590,55.89999999999745,0.9999228419605947
5591,55.909999999997446,0.9999228651035674
5592,55.919999999997444,0.9999228882416684
5593,55.92999999999744,0.9999229113748986
5594,55.93999999999744,0.999922934503259
5595,55.94999999999744,0.9999229576267501
5596,55.959999999997436,0.9999229807453731
5597,55.969999999997434,0.9999230038591289
5598,55.97999999999743,0.9999230269680183
5599,55.98999999999743,0.9999230500720421
5600,55.99999999999743,0.9999230731712013
5601,56.009999999997426,0.9999230962654968
5602,56.019999999997424,0.9999231193549295
5603,56.02999999999742,0.9999231424395002
5604,56.03999999999742,0.9999231655192099
5605,56.04999999999742,0.9999231885940594
5606,56.059999999997416,0.9999232116640496
5607,56.069999999997414,0.9999232347291814
5608,56.07999999999741,0.9999232577894557
5609,56.08999999999741,0.9999232808448734
5610,56.09999999999741,0.9999233038954353
5611,56.109999999997406,0.9999233269411423
5612,56.119999999997404,0.9999233499819954
5613,56.1299999999974,0.9999233730179955
5614,56.1399999999974,0.9999233960491433
5615,56.1499999999974,0.9999234190754398
5616,56.159999999997396,0.9999234420968859
5617,56.169999999997394,0.9999234651134824
5618,56.17999999999739,0.9999234881252302
5619,56.18999999999739,0.9999235111321303
5620,56.19999999999739,0.9999235341341834
5621,56.209999999997386,0.9999235571313906
5622,56.219999999997384,0.9999235801237527
5623,56.22999999999738,0.9999236031112705
5624,56.23999999999738,0.9999236260939448
5625,56.24999999999738,0.9999236490717768
5626,56.259999999997376,0.9999236720447671
5627,56.269999999997374,0.9999236950129167
5628,56.27999999999737,0.9999237179762265
5629,56.28999999999737,0.9999237409346972
5630,56.29999999999737,0.9999237638883299
5631,56.309999999997366,0.9999237868371254
5632,56.319999999997364,0.9999238097810845
5633,56.32999999999736,0.9999238327202082
5634,56.33999999999736,0.9999238556544974
5635,56.34999999999736,0.9999238785839528
5636,56.359999999997356,0.9999239015085755
5637,56.369999999997354,0.9999239244283662
5638,56.37999999999735,0.9999239473433258
5639,56.38999999999735,0.9999239702534553
5640,56.39999999999735,0.9999239931587554
5641,56.409999999997346,0.9999240160592271
5642,56.419999999997344,0.9999240389548713
5643,56.42999999999734,0.9999240618456887
5644,56.43999999999734,0.9999240847316804
5645,56.44999999999734,0.9999241076128472
5646,56.459999999997336,0.9999241304891899
5647,56.469999999997334,0.9999241533607094
5648,56.47999999999733,0.9999241762274066
5649,56.48999999999733,0.9999241990892824
5650,56.49999999999733,0.9999242219463377
5651,56.509999999997326,0.9999242447985732
5652,56.519999999997324,0.99992426764599
5653,56.52999999999732,0.9999242904885888
5654,56.53999999999732,0.9999243133263704
5655,56.54999999999732,0.9999243361593361
5656,56.559999999997316,0.9999243589874862
5657,56.569999999997314,0.999924381810822
5658,56.57999999999731,0.9999244046293442
5659,56.58999999999731,0.9999244274430537
5660,56.59999999999731,0.9999244502519513
5661,56.60999999999731,0.999924473056038
5662,56.619999999997304,0.9999244958553146
5663,56.6299999999973,0.9999245186497819
5664,56.6399999999973,0.999924541439441
5665,56.6499999999973,0.9999245642242924
5666,56.6599999999973,0.9999245870043374
5667,56.669999999997295,0.9999246097795765
5668,56.67999999999729,0.9999246325500107
5669,56.68999999999729,0.999924655315641
5670,56.69999999999729,0.999924678076468
5671,56.70999999999729,0.9999247008324929
5672,56.719999999997285,0.9999247235837162
5673,56.72999999999728,0.9999247463301391
5674,56.73999999999728,0.9999247690717622
5675,56.74999999999728,0.9999247918085866
5676,56.75999999999728,0.999924814540613
5677,56.769999999997275,0.9999248372678423
5678,56.77999999999727,0.9999248599902754
5679,56.78999999999727,0.9999248827079131
5680,56.79999999999727,0.9999249054207563
5681,56.80999999999727,0.999924928128806
5682,56.819999999997265,0.9999249508320628
5683,56.82999999999726,0.9999249735305277
5684,56.83999999999726,0.9999249962242016
5685,56.84999999999726,0.9999250189130854
5686,56.85999999999726,0.9999250415971798
5687,56.869999999997255,0.9999250642764858
5688,56.87999999999725,0.9999250869510041
5689,56.88999999999725,0.9999251096207358
5690,56.89999999999725,0.9999251322856816
5691,56.90999999999725,0.9999251549458424
5692,56.919999999997245,0.9999251776012191
5693,56.92999999999724,0.9999252002518124
5694,56.93999999999724,0.9999252228976234
5695,56.94999999999724,0.9999252455386528
5696,56.95999999999724,0.9999252681749015
5697,56.969999999997235,0.9999252908063704
5698,56.97999999999723,0.9999253134330602
5699,56.98999999999723,0.999925336054972
5700,56.99999999999723,0.9999253586721064
5701,57.00999999999723,0.9999253812844645
5702,57.019999999997225,0.9999254038920471
5703,57.02999999999722,0.9999254264948549
5704,57.03999999999722,0.9999254490928889
5705,57.04999999999722,0.9999254716861499
5706,57.05999999999722,0.9999254942746388
5707,57.069999999997215,0.9999255168583564
5708,57.07999999999721,0.9999255394373037
5709,57.08999999999721,0.9999255620114813
5710,57.09999999999721,0.9999255845808903
5711,57.10999999999721,0.9999256071455315
5712,57.119999999997205,0.9999256297054055
5713,57.1299999999972,0.9999256522605136
5714,57.1399999999972,0.9999256748108564
5715,57.1499999999972,0.9999256973564347
5716,57.1599999999972,0.9999257198972494
5717,57.169999999997195,0.9999257424333013
5718,57.17999999999719,0.9999257649645915
5719,57.18999999999719,0.9999257874911207
5720,57.19999999999719,0.9999258100128897
5721,57.20999999999719,0.9999258325298993
5722,57.219999999997185,0.9999258550421506
5723,57.22999999999718,0.9999258775496442
5724,57.23999999999718,0.999925900052381
5725,57.24999999999718,0.9999259225503621
5726,57.25999999999718,0.9999259450435879
5727,57.269999999997175,0.9999259675320596
5728,57.27999999999717,0.999925990015778
5729,57.28999999999717,0.9999260124947439
5730,57.29999999999717,0.999926034968958
5731,57.30999999999717,0.9999260574384214
5732,57.319999999997165,0.999926079903135
5733,57.32999999999716,0.9999261023630993
5734,57.33999999999716,0.9999261248183154
5735,57.34999999999716,0.9999261472687841
5736,57.35999999999716,0.9999261697145062
5737,57.369999999997155,0.9999261921554826
5738,57.37999999999715,0.9999262145917142
5739,57.38999999999715,0.9999262370232017
5740,57.39999999999715,0.9999262594499461
5741,57.40999999999715,0.9999262818719481
5742,57.419999999997145,0.9999263042892087
5743,57.42999999999714,0.9999263267017287
5744,57.43999999999714,0.9999263491095087
5745,57.44999999999714,0.9999263715125499
5746,57.45999999999714,0.999926393910853
5747,57.469999999997135,0.9999264163044189
5748,57.47999999999713,0.9999264386932484
5749,57.48999999999713,0.9999264610773422
5750,57.49999999999713,0.9999264834567013
5751,57.50999999999713,0.9999265058313267
5752,57.519999999997125,0.9999265282012189
5753,57.52999999999712,0.9999265505663789
5754,57.53999999999712,0.9999265729268076
5755,57.54999999999712,0.9999265952825058
5756,57.55999999999712,0.9999266176334743
5757,57.569999999997115,0.999926639979714
5758,57.57999999999711,0.9999266623212257
5759,57.58999999999711,0.9999266846580104
5760,57.59999999999711,0.9999267069900686
5761,57.60999999999711,0.9999267293174015
5762,57.619999999997106,0.9999267516400097
5763,57.6299999999971,0.999926773957894
5764,57.6399999999971,0.9999267962710555
5765,57.6499999999971,0.9999268185794948
5766,57.6599999999971,0.999926840883213
5767,57.669999999997096,0.9999268631822107
5768,57.679999999997094,0.9999268854764888
5769,57.68999999999709,0.9999269077660482
5770,57.69999999999709,0.9999269300508896
5771,57.70999999999709,0.999926952331014
5772,57.719999999997086,0.9999269746064221
5773,57.729999999997084,0.9999269968771148
5774,57.73999999999708,0.9999270191430931
5775,57.74999999999708,0.9999270414043575
5776,57.75999999999708,0.9999270636609091
5777,57.769999999997076,0.9999270859127487
5778,57.779999999997074,0.999927108159877
5779,57.78999999999707,0.9999271304022949
5780,57.79999999999707,0.9999271526400033
5781,57.80999999999707,0.999927174873003
5782,57.819999999997066,0.9999271971012947
5783,57.829999999997064,0.9999272193248795
5784,57.83999999999706,0.9999272415437581
5785,57.84999999999706,0.9999272637579313
5786,57.85999999999706,0.9999272859673999
5787,57.869999999997056,0.9999273081721648
5788,57.879999999997054,0.9999273303722269
5789,57.88999999999705,0.9999273525675869
5790,57.89999999999705,0.9999273747582457
5791,57.90999999999705,0.9999273969442041
5792,57.919999999997046,0.999927419125463
5793,57.929999999997044,0.9999274413020232
5794,57.93999999999704,0.9999274634738854
5795,57.94999999999704,0.9999274856410506
5796,57.95999999999704,0.9999275078035197
5797,57.969999999997036,0.9999275299612932
5798,57.979999999997034,0.9999275521143722
5799,57.98999999999703,0.9999275742627576
5800,57.99999999999703,0.99992759640645
5801,58.00999999999703,0.9999276185454503
5802,58.019999999997026,0.9999276406797594
5803,58.029999999997024,0.9999276628093781
5804,58.03999999999702,0.9999276849343072
5805,58.04999999999702,0.9999277070545475
5806,58.05999999999702,0.9999277291700998
5807,58.069999999997016,0.9999277512809651
5808,58.079999999997014,0.999927773387144
5809,58.08999999999701,0.9999277954886376
5810,58.09999999999701,0.9999278175854465
5811,58.10999999999701,0.9999278396775716
5812,58.119999999997006,0.9999278617650137
5813,58.129999999997004,0.9999278838477738
5814,58.139999999997,0.9999279059258523
5815,58.149999999997,0.9999279279992506
5816,58.159999999997,0.999927950067969
5817,58.169999999996996,0.9999279721320087
5818,58.179999999996994,0.9999279941913702
5819,58.18999999999699,0.9999280162460547
5820,58.19999999999699,0.9999280382960627
5821,58.20999999999699,0.9999280603413951
5822,58.219999999996986,0.999928082382053
5823,58.229999999996984,0.9999281044180368
5824,58.23999999999698,0.9999281264493476
5825,58.24999999999698,0.999928148475986
5826,58.25999999999698,0.9999281704979531
5827,58.269999999996976,0.9999281925152496
5828,58.279999999996974,0.9999282145278762
5829,58.28999999999697,0.9999282365358338
5830,58.29999999999697,0.9999282585391234
5831,58.30999999999697,0.9999282805377455
5832,58.319999999996966,0.9999283025317012
5833,58.329999999996964,0.9999283245209911
5834,58.33999999999696,0.9999283465056161
5835,58.34999999999696,0.9999283684855772
5836,58.35999999999696,0.999928390460875
5837,58.369999999996956,0.9999284124315104
5838,58.379999999996954,0.9999284343974841
5839,58.38999999999695,0.9999284563587971
5840,58.39999999999695,0.9999284783154502
5841,58.40999999999695,0.9999285002674441
5842,58.419999999996946,0.9999285222147797
5843,58.429999999996944,0.9999285441574577
5844,58.43999999999694,0.9999285660954791
5845,58.44999999999694,0.9999285880288445
5846,58.45999999999694,0.999928609957555
5847,58.469999999996936,0.9999286318816112
5848,58.479999999996934,0.9999286538010139
5849,58.48999999999693,0.999928675715764
5850,58.49999999999693,0.9999286976258623
5851,58.50999999999693,0.9999287195313098
5852,58.51999999999693,0.999928741432107
5853,58.529999999996924,0.9999287633282548
5854,58.53999999999692,0.9999287852197541
5855,58.54999999999692,0.9999288071066057
5856,58.55999999999692,0.9999288289888104
5857,58.56999999999692,0.999928850866369
5858,58.579999999996915,0.9999288727392822
5859,58.58999999999691,0.9999288946075511
5860,58.59999999999691,0.9999289164711762
5861,58.60999999999691,0.9999289383301585
5862,58.61999999999691,0.9999289601844988
5863,58.629999999996905,0.9999289820341979
5864,58.6399999999969,0.9999290038792565
5865,58.6499999999969,0.9999290257196756
5866,58.6599999999969,0.9999290475554559
5867,58.6699999999969,0.9999290693865982
5868,58.679999999996895,0.9999290912131032
5869,58.68999999999689,0.999929113034972
5870,58.69999999999689,0.9999291348522052
5871,58.70999999999689,0.9999291566648038
5872,58.71999999999689,0.9999291784727683
5873,58.729999999996885,0.9999292002760998
5874,58.73999999999688,0.9999292220747988
5875,58.74999999999688,0.9999292438688665
5876,58.75999999999688,0.9999292656583034
5877,58.76999999999688,0.9999292874431105
5878,58.779999999996875,0.9999293092232884
5879,58.78999999999687,0.9999293309988381
5880,58.79999999999687,0.9999293527697604
5881,58.80999999999687,0.9999293745360559
5882,58.81999999999687,0.9999293962977256
5883,58.829999999996865,0.9999294180547703
5884,58.83999999999686,0.9999294398071907
5885,58.84999999999686,0.9999294615549877
5886,58.85999999999686,0.9999294832981621
5887,58.86999999999686,0.9999295050367146
5888,58.879999999996855,0.9999295267706462
5889,58.88999999999685,0.9999295484999575
5890,58.89999999999685,0.9999295702246495
5891,58.90999999999685,0.9999295919447228
5892,58.91999999999685,0.9999296136601783
5893,58.929999999996845,0.9999296353710168
5894,58.93999999999684,0.9999296570772391
5895,58.94999999999684,0.9999296787788461
5896,58.95999999999684,0.9999297004758384
5897,58.96999999999684,0.999929722168217
5898,58.979999999996835,0.9999297438559825
5899,58.98999999999683,0.9999297655391359
5900,58.99999999999683,0.999929787217678
5901,59.00999999999683,0.9999298088916094
5902,59.01999999999683,0.9999298305609311
5903,59.029999999996825,0.9999298522256438
5904,59.03999999999682,0.9999298738857483
5905,59.04999999999682,0.9999298955412455
5906,59.05999999999682,0.999929917192136
5907,59.06999999999682,0.9999299388384209
5908,59.079999999996815,0.9999299604801006
5909,59.08999999999681,0.9999299821171763
5910,59.09999999999681,0.9999300037496486
5911,59.10999999999681,0.9999300253775183
5912,59.11999999999681,0.9999300470007861
5913,59.129999999996805,0.9999300686194531
5914,59.1399999999968,0.9999300902335199
5915,59.1499999999968,0.9999301118429872
5916,59.1599999999968,0.999930133447856
5917,59.1699999999968,0.999930155048127
5918,59.179999999996795,0.999930176643801
5919,59.18999999999679,0.9999301982348788
5920,59.19999999999679,0.9999302198213612
5921,59.20999999999679,0.9999302414032489
5922,59.21999999999679,0.999930262980543
5923,59.229999999996785,0.999930284553244
5924,59.23999999999678,0.9999303061213527
5925,59.24999999999678,0.99993032768487
5926,59.25999999999678,0.9999303492437968
5927,59.26999999999678,0.9999303707981336
5928,59.279999999996775,0.9999303923478814
5929,59.28999999999677,0.9999304138930409
5930,59.29999999999677,0.9999304354336132
5931,59.30999999999677,0.9999304569695986
5932,59.31999999999677,0.9999304785009981
5933,59.329999999996765,0.9999305000278127
5934,59.33999999999676,0.999930521550043
5935,59.34999999999676,0.9999305430676897
5936,59.35999999999676,0.9999305645807538
5937,59.36999999999676,0.999930586089236
5938,59.379999999996755,0.999930607593137
5939,59.38999999999675,0.9999306290924578
5940,59.39999999999675,0.999930650587199
5941,59.40999999999675,0.9999306720773614
5942,59.41999999999675,0.999930693562946
5943,59.429999999996745,0.9999307150439533
5944,59.43999999999674,0.9999307365203843
5945,59.44999999999674,0.9999307579922397
5946,59.45999999999674,0.9999307794595204
5947,59.46999999999674,0.999930800922227
5948,59.479999999996735,0.9999308223803604
5949,59.48999999999673,0.9999308438339214
5950,59.49999999999673,0.9999308652829108
5951,59.50999999999673,0.9999308867273292
5952,59.51999999999673,0.9999309081671777
5953,59.529999999996726,0.9999309296024569
5954,59.53999999999672,0.9999309510331675
5955,59.54999999999672,0.9999309724593105
5956,59.55999999999672,0.9999309938808867
5957,59.56999999999672,0.9999310152978966
5958,59.579999999996716,0.9999310367103412
5959,59.589999999996714,0.9999310581182214
5960,59.59999999999671,0.9999310795215377
5961,59.60999999999671,0.999931100920291
5962,59.61999999999671,0.9999311223144821
5963,59.629999999996706,0.9999311437041118
5964,59.639999999996704,0.999931165089181
5965,59.6499999999967,0.9999311864696903
5966,59.6599999999967,0.9999312078456405
5967,59.6699999999967,0.9999312292170325
5968,59.679999999996696,0.9999312505838669
5969,59.689999999996694,0.9999312719461447
5970,59.69999999999669,0.9999312933038665
5971,59.70999999999669,0.9999313146570332
5972,59.71999999999669,0.9999313360056457
5973,59.729999999996686,0.9999313573497044
5974,59.739999999996684,0.9999313786892103
5975,59.74999999999668,0.9999314000241644
5976,59.75999999999668,0.9999314213545671
5977,59.76999999999668,0.9999314426804194
5978,59.779999999996676,0.9999314640017221
5979,59.789999999996674,0.9999314853184759
5980,59.79999999999667,0.9999315066306814
5981,59.80999999999667,0.9999315279383398
5982,59.81999999999667,0.9999315492414516
5983,59.829999999996666,0.9999315705400176
5984,59.839999999996664,0.9999315918340387
5985,59.84999999999666,0.9999316131235155
5986,59.85999999999666,0.9999316344084489
5987,59.86999999999666,0.9999316556888397
5988,59.879999999996656,0.9999316769646887
5989,59.889999999996654,0.9999316982359964
5990,59.89999999999665,0.9999317195027639
5991,59.90999999999665,0.9999317407649919
5992,59.91999999999665,0.9999317620226811
5993,59.929999999996646,0.9999317832758323
5994,59.939999999996644,0.9999318045244464
5995,59.94999999999664,0.999931825768524
5996,59.95999999999664,0.9999318470080659
5997,59.96999999999664,0.999931868243073
5998,59.979999999996636,0.999931889473546
5999,59.989999999996634,0.9999319106994857
6000,59.99999999999663,0.9999319319208928
6001,60.00999999999663,0.9999319531377682
6002,60.01999999999663,0.9999319743501126
6003,60.029999999996626,0.9999319955579267
6004,60.039999999996624,0.9999320167612114
6005,60.04999999999662,0.9999320379599674
6006,60.05999999999662,0.9999320591541956
6007,60.06999999999662,0.9999320803438966
6008,60.079999999996616,0.9999321015290712
6009,60.089999999996614,0.9999321227097203
6010,60.09999999999661,0.9999321438858445
6011,60.10999999999661,0.9999321650574448
6012,60.11999999999661,0.9999321862245217
6013,60.129999999996606,0.9999322073870762
6014,60.139999999996604,0.999932228545109
6015,60.1499999999966,0.9999322496986208
6016,60.1599999999966,0.9999322708476125
6017,60.1699999999966,0.9999322919920848
6018,60.179999999996596,0.9999323131320385
6019,60.189999999996594,0.9999323342674742
6020,60.19999999999659,0.9999323553983929
6021,60.20999999999659,0.9999323765247952
6022,60.21999999999659,0.9999323976466821
6023,60.229999999996586,0.999932418764054
6024,60.239999999996584,0.999932439876912
6025,60.24999999999658,0.9999324609852569
6026,60.25999999999658,0.9999324820890891
6027,60.26999999999658,0.9999325031884098
6028,60.279999999996576,0.9999325242832194
6029,60.289999999996574,0.9999325453735189
6030,60.29999999999657,0.9999325664593091
6031,60.30999999999657,0.9999325875405904
6032,60.31999999999657,0.9999326086173641
6033,60.329999999996566,0.9999326296896306
6034,60.339999999996564,0.9999326507573907
6035,60.34999999999656,0.9999326718206454
6036,60.35999999999656,0.9999326928793951
6037,60.36999999999656,0.9999327139336409
6038,60.379999999996556,0.9999327349833834
6039,60.389999999996554,0.9999327560286234
6040,60.39999999999655,0.9999327770693617
6041,60.40999999999655,0.999932798105599
6042,60.41999999999655,0.9999328191373361
6043,60.42999999999655,0.9999328401645737
6044,60.439999999996544,0.9999328611873127
6045,60.44999999999654,0.9999328822055538
6046,60.45999999999654,0.9999329032192977
6047,60.46999999999654,0.9999329242285453
6048,60.47999999999654,0.9999329452332972
6049,60.489999999996535,0.9999329662335542
6050,60.49999999999653,0.9999329872293172
6051,60.50999999999653,0.9999330082205868
6052,60.51999999999653,0.9999330292073638
6053,60.52999999999653,0.9999330501896491
6054,60.539999999996525,0.9999330711674433
6055,60.54999999999652,0.9999330921407472
6056,60.55999999999652,0.9999331131095616
6057,60.56999999999652,0.9999331340738872
6058,60.57999999999652,0.9999331550337248
6059,60.589999999996515,0.9999331759890752
6060,60.59999999999651,0.9999331969399391
6061,60.60999999999651,0.9999332178863173
6062,60.61999999999651,0.9999332388282105
6063,60.62999999999651,0.9999332597656195
6064,60.639999999996505,0.999933280698545
6065,60.6499999999965,0.9999333016269879
6066,60.6599999999965,0.9999333225509489
6067,60.6699999999965,0.9999333434704287
6068,60.6799999999965,0.9999333643854281
6069,60.689999999996495,0.9999333852959478
6070,60.69999999999649,0.9999334062019887
6071,60.70999999999649,0.9999334271035514
6072,60.71999999999649,0.9999334480006367
6073,60.72999999999649,0.9999334688932454
6074,60.739999999996485,0.9999334897813783
6075,60.74999999999648,0.999933510665036
6076,60.75999999999648,0.9999335315442194
6077,60.76999999999648,0.9999335524189292
6078,60.77999999999648,0.9999335732891662
6079,60.789999999996475,0.999933594154931
6080,60.79999999999647,0.9999336150162246
6081,60.80999999999647,0.9999336358730475
6082,60.81999999999647,0.9999336567254007
6083,60.82999999999647,0.9999336775732848
6084,60.839999999996465,0.9999336984167007
6085,60.84999999999646,0.9999337192556489
6086,60.85999999999646,0.9999337400901303
6087,60.86999999999646,0.9999337609201456
6088,60.87999999999646,0.9999337817456958
6089,60.889999999996455,0.9999338025667813
6090,60.89999999999645,0.9999338233834031
6091,60.90999999999645,0.9999338441955619
6092,60.91999999999645,0.9999338650032583
6093,60.92999999999645,0.9999338858064932
6094,60.939999999996445,0.9999339066052674
6095,60.94999999999644,0.9999339273995815
6096,60.95999999999644,0.9999339481894364
6097,60.96999999999644,0.9999339689748327
6098,60.97999999999644,0.9999339897557712
6099,60.989999999996435,0.9999340105322527
6100,60.99999999999643,0.999934031304278
6101,61.00999999999643,0.9999340520718478
6102,61.01999999999643,0.9999340728349627
6103,61.02999999999643,0.9999340935936237
6104,61.039999999996425,0.9999341143478314
6105,61.04999999999642,0.9999341350975866
6106,61.05999999999642,0.9999341558428899
6107,61.06999999999642,0.9999341765837423
6108,61.07999999999642,0.9999341973201443
6109,61.089999999996415,0.9999342180520969
6110,61.09999999999641,0.9999342387796006
6111,61.10999999999641,0.9999342595026565
6112,61.11999999999641,0.9999342802212648
6113,61.12999999999641,0.9999343009354268
6114,61.139999999996405,0.999934321645143
6115,61.1499999999964,0.999934342350414
6116,61.1599999999964,0.9999343630512408
6117,61.1699999999964,0.9999343837476241
6118,61.1799999999964,0.9999344044395645
6119,61.189999999996395,0.9999344251270629
6120,61.19999999999639,0.99993444581012
6121,61.20999999999639,0.9999344664887365
6122,61.21999999999639,0.9999344871629132
6123,61.22999999999639,0.9999345078326508
6124,61.239999999996385,0.9999345284979501
6125,61.24999999999638,0.9999345491588117
6126,61.25999999999638,0.9999345698152365
6127,61.26999999999638,0.9999345904672253
6128,61.27999999999638,0.9999346111147788
6129,61.289999999996375,0.9999346317578975
6130,61.29999999999637,0.9999346523965824
6131,61.30999999999637,0.9999346730308342
6132,61.31999999999637,0.9999346936606536
6133,61.32999999999637,0.9999347142860414
6134,61.339999999996365,0.9999347349069982
6135,61.34999999999636,0.999934755523525
6136,61.35999999999636,0.9999347761356222
6137,61.36999999999636,0.9999347967432909
6138,61.37999999999636,0.9999348173465316
6139,61.389999999996355,0.999934837945345
6140,61.39999999999635,0.9999348585397321
6141,61.40999999999635,0.9999348791296934
6142,61.41999999999635,0.9999348997152298
6143,61.42999999999635,0.9999349202963419
6144,61.439999999996346,0.9999349408730306
6145,61.44999999999634,0.9999349614452965
6146,61.45999999999634,0.9999349820131403
6147,61.46999999999634,0.999935002576563
6148,61.47999999999634,0.999935023135565
6149,61.489999999996336,0.9999350436901474
6150,61.499999999996334,0.9999350642403106
6151,61.50999999999633,0.9999350847860555
6152,61.51999999999633,0.999935105327383
6153,61.52999999999633,0.9999351258642935
6154,61.539999999996326,0.9999351463967878
6155,61.549999999996324,0.9999351669248668
6156,61.55999999999632,0.9999351874485313
6157,61.56999999999632,0.9999352079677818
6158,61.57999999999632,0.9999352284826192
6159,61.589999999996316,0.9999352489930441
6160,61.599999999996314,0.9999352694990574
6161,61.60999999999631,0.9999352900006597
6162,61.61999999999631,0.9999353104978518
6163,61.62999999999631,0.9999353309906345
6164,61.639999999996306,0.9999353514790084
6165,61.649999999996304,0.9999353719629742
6166,61.6599999999963,0.9999353924425328
6167,61.6699999999963,0.999935412917685
6168,61.6799999999963,0.9999354333884312
6169,61.689999999996296,0.9999354538547723
6170,61.699999999996294,0.9999354743167093
6171,61.70999999999629,0.9999354947742425
6172,61.71999999999629,0.9999355152273729
6173,61.72999999999629,0.9999355356761012
6174,61.739999999996286,0.9999355561204281
6175,61.749999999996284,0.9999355765603543
6176,61.75999999999628,0.9999355969958805
6177,61.76999999999628,0.9999356174270075
6178,61.77999999999628,0.9999356378537362
6179,61.789999999996276,0.999935658276067
6180,61.799999999996274,0.9999356786940008
6181,61.80999999999627,0.9999356991075383
6182,61.81999999999627,0.9999357195166804
6183,61.82999999999627,0.9999357399214276
6184,61.839999999996266,0.9999357603217807
6185,61.849999999996264,0.9999357807177404
6186,61.85999999999626,0.9999358011093075
6187,61.86999999999626,0.9999358214964827
6188,61.87999999999626,0.9999358418792668
6189,61.889999999996256,0.9999358622576604
6190,61.899999999996254,0.9999358826316643
6191,61.90999999999625,0.9999359030012792
6192,61.91999999999625,0.9999359233665058
6193,61.92999999999625,0.9999359437273451
6194,61.939999999996246,0.9999359640837974
6195,61.949999999996244,0.9999359844358636
6196,61.95999999999624,0.9999360047835446
6197,61.96999999999624,0.999936025126841
6198,61.97999999999624,0.9999360454657534
6199,61.989999999996236,0.9999360658002827
6200,61.999999999996234,0.9999360861304295
6201,62.00999999999623,0.9999361064561947
6202,62.01999999999623,0.9999361267775788
6203,62.02999999999623,0.9999361470945828
6204,62.039999999996226,0.9999361674072071
6205,62.049999999996224,0.9999361877154528
6206,62.05999999999622,0.9999362080193203
6207,62.06999999999622,0.9999362283188105
6208,62.07999999999622,0.9999362486139239
6209,62.089999999996216,0.9999362689046616
6210,62.099999999996214,0.9999362891910241
6211,62.10999999999621,0.999936309473012
6212,62.11999999999621,0.9999363297506264
6213,62.12999999999621,0.9999363500238676
6214,62.139999999996206,0.9999363702927366
6215,62.149999999996204,0.999936390557234
6216,62.1599999999962,0.9999364108173607
6217,62.1699999999962,0.9999364310731171
6218,62.1799999999962,0.9999364513245043
6219,62.189999999996196,0.9999364715715227
6220,62.199999999996194,0.9999364918141732
6221,62.20999999999619,0.9999365120524565
6222,62.21999999999619,0.9999365322863732
6223,62.22999999999619,0.9999365525159242
6224,62.239999999996186,0.9999365727411101
6225,62.249999999996184,0.9999365929619317
6226,62.25999999999618,0.9999366131783897
6227,62.26999999999618,0.9999366333904848
6228,62.27999999999618,0.9999366535982176
6229,62.289999999996176,0.999936673801589
6230,62.299999999996174,0.9999366940005997
6231,62.30999999999617,0.9999367141952504
6232,62.31999999999617,0.9999367343855419
6233,62.32999999999617,0.9999367545714747
6234,62.33999999999617,0.9999367747530495
6235,62.349999999996164,0.9999367949302673
6236,62.35999999999616,0.9999368151031288
6237,62.36999999999616,0.9999368352716345
6238,62.37999999999616,0.9999368554357851
6239,62.38999999999616,0.9999368755955815
6240,62.399999999996155,0.9999368957510244
6241,62.40999999999615,0.9999369159021144
6242,62.41999999999615,0.9999369360488524
6243,62.42999999999615,0.9999369561912389
6244,62.43999999999615,0.9999369763292748
6245,62.449999999996145,0.9999369964629606
6246,62.45999999999614,0.9999370165922973
6247,62.46999999999614,0.9999370367172853
6248,62.47999999999614,0.9999370568379257
6249,62.48999999999614,0.9999370769542187
6250,62.499999999996135,0.9999370970661655
6251,62.50999999999613,0.9999371171737667
6252,62.51999999999613,0.9999371372770228
6253,62.52999999999613,0.9999371573759347
6254,62.53999999999613,0.9999371774705031
6255,62.549999999996125,0.9999371975607286
6256,62.55999999999612,0.9999372176466121
6257,62.56999999999612,0.9999372377281542
6258,62.57999999999612,0.9999372578053556
6259,62.58999999999612,0.9999372778782171
6260,62.599999999996115,0.9999372979467392
6261,62.60999999999611,0.9999373180109229
6262,62.61999999999611,0.9999373380707687
6263,62.62999999999611,0.9999373581262774
6264,62.63999999999611,0.9999373781774498
6265,62.649999999996105,0.9999373982242864
6266,62.6599999999961,0.9999374182667881
6267,62.6699999999961,0.9999374383049554
6268,62.6799999999961,0.9999374583387893
6269,62.6899999999961,0.9999374783682903
6270,62.699999999996095,0.9999374983934592
6271,62.70999999999609,0.9999375184142967
6272,62.71999999999609,0.9999375384308035
6273,62.72999999999609,0.9999375584429802
6274,62.73999999999609,0.9999375784508276
6275,62.749999999996085,0.9999375984543465
6276,62.75999999999608,0.9999376184535376
6277,62.76999999999608,0.9999376384484014
6278,62.77999999999608,0.9999376584389388
6279,62.78999999999608,0.9999376784251505
6280,62.799999999996075,0.9999376984070371
6281,62.80999999999607,0.9999377183845994
6282,62.81999999999607,0.9999377383578381
6283,62.82999999999607,0.9999377583267539
6284,62.83999999999607,0.9999377782913474
6285,62.849999999996065,0.9999377982516195
6286,62.85999999999606,0.9999378182075708
6287,62.86999999999606,0.999937838159202
6288,62.87999999999606,0.9999378581065139
6289,62.88999999999606,0.9999378780495071
6290,62.899999999996055,0.9999378979881822
6291,62.90999999999605,0.9999379179225402
6292,62.91999999999605,0.9999379378525816
6293,62.92999999999605,0.9999379577783072
6294,62.93999999999605,0.9999379776997176
6295,62.949999999996045,0.9999379976168136
6296,62.95999999999604,0.9999380175295959
6297,62.96999999999604,0.9999380374380651
6298,62.97999999999604,0.999938057342222
6299,62.98999999999604,0.9999380772420673
6300,62.999999999996035,0.9999380971376017
6301,63.00999999999603,0.999938117028826
6302,63.01999999999603,0.9999381369157406
6303,63.02999999999603,0.9999381567983465
6304,63.03999999999603,0.9999381766766443
6305,63.049999999996025,0.9999381965506347
6306,63.05999999999602,0.9999382164203184
6307,63.06999999999602,0.9999382362856961
6308,63.07999999999602,0.9999382561467686
6309,63.08999999999602,0.9999382760035365
6310,63.099999999996015,0.9999382958560004
6311,63.10999999999601,0.9999383157041613
6312,63.11999999999601,0.9999383355480195
6313,63.12999999999601,0.999938355387576
6314,63.13999999999601,0.9999383752228316
6315,63.149999999996005,0.9999383950537867
6316,63.159999999996,0.9999384148804421
6317,63.169999999996,0.9999384347027985
6318,63.179999999996,0.9999384545208566
6319,63.189999999996,0.9999384743346172
6320,63.199999999995995,0.999938494144081
6321,63.20999999999599,0.9999385139492485
6322,63.21999999999599,0.9999385337501207
6323,63.22999999999599,0.9999385535466979
6324,63.23999999999599,0.9999385733389812
6325,63.249999999995985,0.999938593126971
6326,63.25999999999598,0.9999386129106681
6327,63.26999999999598,0.9999386326900733
6328,63.27999999999598,0.9999386524651872
6329,63.28999999999598,0.9999386722360105
6330,63.299999999995975,0.9999386920025439
6331,63.30999999999597,0.9999387117647882
6332,63.31999999999597,0.9999387315227439
6333,63.32999999999597,0.9999387512764119
6334,63.33999999999597,0.9999387710257926
6335,63.349999999995966,0.9999387907708871
6336,63.35999999999596,0.9999388105116959
6337,63.36999999999596,0.9999388302482195
6338,63.37999999999596,0.9999388499804589
6339,63.38999999999596,0.9999388697084147
6340,63.399999999995956,0.9999388894320875
6341,63.409999999995954,0.9999389091514781
6342,63.41999999999595,0.9999389288665872
6343,63.42999999999595,0.9999389485774155
6344,63.43999999999595,0.9999389682839636
6345,63.449999999995946,0.9999389879862322
6346,63.459999999995944,0.9999390076842221
6347,63.46999999999594,0.9999390273779339
6348,63.47999999999594,0.9999390470673684
6349,63.48999999999594,0.9999390667525261
6350,63.499999999995936,0.9999390864334079
6351,63.509999999995934,0.9999391061100144
6352,63.51999999999593,0.9999391257823463
6353,63.52999999999593,0.9999391454504043
6354,63.53999999999593,0.9999391651141891
6355,63.549999999995926,0.9999391847737014
6356,63.559999999995924,0.9999392044289418
6357,63.56999999999592,0.9999392240799111
6358,63.57999999999592,0.9999392437266099
6359,63.58999999999592,0.9999392633690389
6360,63.599999999995916,0.999939283007199
6361,63.609999999995914,0.9999393026410907
6362,63.61999999999591,0.9999393222707146
6363,63.62999999999591,0.9999393418960716
6364,63.63999999999591,0.9999393615171623
6365,63.649999999995906,0.9999393811339874
6366,63.659999999995904,0.9999394007465475
6367,63.6699999999959,0.9999394203548434
6368,63.6799999999959,0.9999394399588758
6369,63.6899999999959,0.9999394595586453
6370,63.699999999995896,0.9999394791541526
6371,63.709999999995894,0.9999394987453986
6372,63.71999999999589,0.9999395183323836
6373,63.72999999999589,0.9999395379151086
6374,63.73999999999589,0.9999395574935741
6375,63.749999999995886,0.999939577067781
6376,63.759999999995884,0.9999395966377298
6377,63.76999999999588,0.9999396162034213
6378,63.77999999999588,0.9999396357648561
6379,63.78999999999588,0.9999396553220349
6380,63.799999999995876,0.9999396748749585
6381,63.809999999995874,0.9999396944236274
6382,63.81999999999587,0.9999397139680424
6383,63.82999999999587,0.9999397335082042
6384,63.83999999999587,0.9999397530441134
6385,63.849999999995866,0.9999397725757708
6386,63.859999999995864,0.9999397921031771
6387,63.86999999999586,0.9999398116263328
6388,63.87999999999586,0.9999398311452388
6389,63.88999999999586,0.9999398506598955
6390,63.899999999995856,0.999939870170304
6391,63.909999999995854,0.9999398896764645
6392,63.91999999999585,0.9999399091783782
6393,63.92999999999585,0.9999399286760453
6394,63.93999999999585,0.9999399481694669
6395,63.949999999995846,0.9999399676586433
6396,63.959999999995844,0.9999399871435755
6397,63.96999999999584,0.999940006624264
6398,63.97999999999584,0.9999400261007095
6399,63.98999999999584,0.9999400455729128
6400,63.999999999995836,0.9999400650408745
6401,64.00999999999584,0.9999400845045953
6402,64.01999999999585,0.9999401039640758
6403,64.02999999999585,0.9999401234193168
6404,64.03999999999586,0.9999401428703188
6405,64.04999999999586,0.9999401623170828
6406,64.05999999999587,0.9999401817596092
6407,64.06999999999587,0.9999402011978988
6408,64.07999999999588,0.9999402206319523
6409,64.08999999999588,0.9999402400617703
6410,64.09999999999589,0.9999402594873534
6411,64.10999999999589,0.9999402789087025
6412,64.1199999999959,0.9999402983258182
6413,64.1299999999959,0.9999403177387012
6414,64.13999999999591,0.9999403371473521
6415,64.14999999999591,0.9999403565517715
6416,64.15999999999592,0.9999403759519603
6417,64.16999999999592,0.999940395347919
6418,64.17999999999593,0.9999404147396485
6419,64.18999999999593,0.9999404341271492
6420,64.19999999999594,0.9999404535104219
6421,64.20999999999594,0.9999404728894674
6422,64.21999999999595,0.9999404922642862
6423,64.22999999999595,0.9999405116348791
6424,64.23999999999596,0.9999405310012466
6425,64.24999999999596,0.9999405503633896
6426,64.25999999999597,0.9999405697213086
6427,64.26999999999597,0.9999405890750044
6428,64.27999999999598,0.9999406084244776
6429,64.28999999999598,0.9999406277697289
6430,64.29999999999599,0.999940647110759
6431,64.309999999996,0.9999406664475686
6432,64.319999999996,0.9999406857801584
6433,64.329999999996,0.9999407051085288
6434,64.33999999999601,0.9999407244326809
6435,64.34999999999602,0.999940743752615
6436,64.35999999999602,0.999940763068332
6437,64.36999999999603,0.9999407823798325
6438,64.37999999999603,0.9999408016871172
6439,64.38999999999604,0.9999408209901867
6440,64.39999999999604,0.9999408402890418
6441,64.40999999999605,0.9999408595836831
6442,64.41999999999605,0.9999408788741112
6443,64.42999999999606,0.9999408981603269
6444,64.43999999999606,0.9999409174423309
6445,64.44999999999607,0.9999409367201237
6446,64.45999999999607,0.9999409559937061
6447,64.46999999999608,0.9999409752630789
6448,64.47999999999608,0.9999409945282425
6449,64.48999999999609,0.9999410137891976
6450,64.49999999999609,0.9999410330459451
6451,64.5099999999961,0.9999410522984854
6452,64.5199999999961,0.9999410715468194
6453,64.52999999999611,0.9999410907909477
6454,64.53999999999611,0.9999411100308709
6455,64.54999999999612,0.9999411292665897
6456,64.55999999999612,0.9999411484981049
6457,64.56999999999613,0.999941167725417
6458,64.57999999999613,0.9999411869485267
6459,64.58999999999614,0.9999412061674348
6460,64.59999999999614,0.9999412253821417
6461,64.60999999999615,0.9999412445926483
6462,64.61999999999615,0.9999412637989553
6463,64.62999999999616,0.9999412830010633
6464,64.63999999999616,0.9999413021989729
6465,64.64999999999617,0.9999413213926848
6466,64.65999999999617,0.9999413405821997
6467,64.66999999999618,0.9999413597675183
6468,64.67999999999618,0.9999413789486411
6469,64.68999999999619,0.999941398125569
6470,64.6999999999962,0.9999414172983025
6471,64.7099999999962,0.9999414364668425
6472,64.7199999999962,0.9999414556311893
6473,64.72999999999621,0.9999414747913439
6474,64.73999999999621,0.9999414939473068
6475,64.74999999999622,0.9999415130990786
6476,64.75999999999623,0.9999415322466602
6477,64.76999999999623,0.9999415513900521
6478,64.77999999999624,0.999941570529255
6479,64.78999999999624,0.9999415896642695
6480,64.79999999999625,0.9999416087950964
6481,64.80999999999625,0.9999416279217362
6482,64.81999999999626,0.9999416470441899
6483,64.82999999999626,0.9999416661624577
6484,64.83999999999627,0.9999416852765406
6485,64.84999999999627,0.9999417043864391
6486,64.85999999999628,0.9999417234921539
6487,64.86999999999628,0.9999417425936858
6488,64.87999999999629,0.9999417616910353
6489,64.88999999999629,0.9999417807842031
6490,64.8999999999963,0.9999417998731899
6491,64.9099999999963,0.9999418189579964
6492,64.9199999999963,0.9999418380386231
6493,64.92999999999631,0.9999418571150708
6494,64.93999999999632,0.9999418761873402
6495,64.94999999999632,0.9999418952554319
6496,64.95999999999633,0.9999419143193464
6497,64.96999999999633,0.9999419333790847
6498,64.97999999999634,0.9999419524346472
6499,64.98999999999634,0.9999419714860347
6500,64.99999999999635,0.9999419905332477
6501,65.00999999999635,0.9999420095762871
6502,65.01999999999636,0.9999420286151534
6503,65.02999999999636,0.9999420476498473
6504,65.03999999999637,0.9999420666803694
6505,65.04999999999637,0.9999420857067205
6506,65.05999999999638,0.9999421047289011
6507,65.06999999999638,0.999942123746912
6508,65.07999999999639,0.9999421427607538
6509,65.0899999999964,0.999942161770427
6510,65.0999999999964,0.9999421807759327
6511,65.1099999999964,0.9999421997772711
6512,65.11999999999641,0.999942218774443
6513,65.12999999999641,0.9999422377674492
6514,65.13999999999642,0.9999422567562902
6515,65.14999999999642,0.9999422757409668
6516,65.15999999999643,0.9999422947214794
6517,65.16999999999643,0.999942313697829
6518,65.17999999999644,0.9999423326700161
6519,65.18999999999645,0.9999423516380412
6520,65.19999999999645,0.9999423706019053
6521,65.20999999999646,0.9999423895616087
6522,65.21999999999646,0.9999424085171523
6523,65.22999999999647,0.9999424274685367
6524,65.23999999999647,0.9999424464157625
6525,65.24999999999648,0.9999424653588304
6526,65.25999999999648,0.999942484297741
6527,65.26999999999649,0.9999425032324951
6528,65.27999999999649,0.9999425221630932
6529,65.2899999999965,0.9999425410895361
6530,65.2999999999965,0.9999425600118242
6531,65.3099999999965,0.9999425789299585
6532,65.31999999999651,0.9999425978439395
6533,65.32999999999652,0.9999426167537677
6534,65.33999999999652,0.999942635659444
6535,65.34999999999653,0.999942654560969
6536,65.35999999999653,0.9999426734583432
6537,65.36999999999654,0.9999426923515674
6538,65.37999999999654,0.9999427112406422
6539,65.38999999999655,0.9999427301255683
6540,65.39999999999655,0.9999427490063463
6541,65.40999999999656,0.9999427678829769
6542,65.41999999999656,0.9999427867554608
6543,65.42999999999657,0.9999428056237984
6544,65.43999999999657,0.9999428244879907
6545,65.44999999999658,0.9999428433480382
6546,65.45999999999658,0.9999428622039415
6547,65.46999999999659,0.9999428810557013
6548,65.4799999999966,0.9999428999033182
6549,65.4899999999966,0.999942918746793
6550,65.4999999999966,0.9999429375861261
6551,65.50999999999661,0.9999429564213185
6552,65.51999999999661,0.9999429752523705
6553,65.52999999999662,0.999942994079283
6554,65.53999999999662,0.9999430129020564
6555,65.54999999999663,0.9999430317206918
6556,65.55999999999663,0.9999430505351894
6557,65.56999999999664,0.99994306934555
6558,65.57999999999664,0.9999430881517742
6559,65.58999999999665,0.9999431069538629
6560,65.59999999999665,0.9999431257518164
6561,65.60999999999666,0.9999431445456356
6562,65.61999999999666,0.9999431633353211
6563,65.62999999999667,0.9999431821208734
6564,65.63999999999668,0.9999432009022933
6565,65.64999999999668,0.9999432196795814
6566,65.65999999999669,0.9999432384527385
6567,65.66999999999669,0.9999432572217649
6568,65.6799999999967,0.9999432759866616
6569,65.6899999999967,0.999943294747429
6570,65.6999999999967,0.999943313504068
6571,65.70999999999671,0.999943332256579
6572,65.71999999999672,0.9999433510049628
6573,65.72999999999672,0.9999433697492199
6574,65.73999999999673,0.9999433884893512
6575,65.74999999999673,0.9999434072253571
6576,65.75999999999674,0.9999434259572383
6577,65.76999999999674,0.9999434446849955
6578,65.77999999999675,0.9999434634086294
6579,65.78999999999675,0.9999434821281405
6580,65.79999999999676,0.9999435008435297
6581,65.80999999999676,0.9999435195547973
6582,65.81999999999677,0.9999435382619442
6583,65.82999999999677,0.9999435569649708
6584,65.83999999999678,0.999943575663878
6585,65.84999999999678,0.9999435943586664
6586,65.85999999999679,0.9999436130493367
6587,65.86999999999679,0.9999436317358893
6588,65.8799999999968,0.999943650418325
6589,65.8899999999968,0.9999436690966444
6590,65.89999999999681,0.9999436877708482
6591,65.90999999999681,0.9999437064409371
6592,65.91999999999682,0.9999437251069115
6593,65.92999999999682,0.9999437437687724
6594,65.93999999999683,0.9999437624265202
6595,65.94999999999683,0.9999437810801555
6596,65.95999999999684,0.9999437997296791
6597,65.96999999999684,0.9999438183750915
6598,65.97999999999685,0.9999438370163936
6599,65.98999999999685,0.9999438556535857
6600,65.99999999999686,0.9999438742866686
6601,66.00999999999686,0.9999438929156431
6602,66.01999999999687,0.9999439115405097
6603,66.02999999999687,0.9999439301612689
6604,66.03999999999688,0.9999439487779215
6605,66.04999999999688,0.9999439673904681
6606,66.05999999999689,0.9999439859989094
6607,66.0699999999969,0.9999440046032461
6608,66.0799999999969,0.9999440232034786
6609,66.0899999999969,0.9999440417996077
6610,66.09999999999691,0.9999440603916341
6611,66.10999999999692,0.9999440789795583
6612,66.11999999999692,0.999944097563381
6613,66.12999999999693,0.9999441161431029
6614,66.13999999999693,0.9999441347187245
6615,66.14999999999694,0.9999441532902464
6616,66.15999999999694,0.9999441718576696
6617,66.16999999999695,0.9999441904209944
6618,66.17999999999695,0.9999442089802215
6619,66.18999999999696,0.9999442275353517
6620,66.19999999999696,0.9999442460863854
6621,66.20999999999697,0.9999442646333234
6622,66.21999999999697,0.9999442831761662
6623,66.22999999999698,0.9999443017149147
6624,66.23999999999698,0.9999443202495693
6625,66.24999999999699,0.9999443387801307
6626,66.25999999999699,0.9999443573065995
6627,66.269999999997,0.9999443758289764
6628,66.279999999997,0.999944394347262
6629,66.28999999999701,0.999944412861457
6630,66.29999999999701,0.999944431371562
6631,66.30999999999702,0.9999444498775776
6632,66.31999999999702,0.9999444683795043
6633,66.32999999999703,0.9999444868773432
6634,66.33999999999703,0.9999445053710945
6635,66.34999999999704,0.9999445238607588
6636,66.35999999999704,0.9999445423463371
6637,66.36999999999705,0.9999445608278298
6638,66.37999999999705,0.9999445793052376
6639,66.38999999999706,0.9999445977785612
6640,66.39999999999706,0.999944616247801
6641,66.40999999999707,0.9999446347129578
6642,66.41999999999707,0.9999446531740321
6643,66.42999999999708,0.9999446716310249
6644,66.43999999999708,0.9999446900839364
6645,66.44999999999709,0.9999447085327675
6646,66.4599999999971,0.9999447269775187
6647,66.4699999999971,0.9999447454181908
6648,66.4799999999971,0.9999447638547841
6649,66.48999999999711,0.9999447822872997
6650,66.49999999999712,0.9999448007157378
6651,66.50999999999712,0.9999448191400993
6652,66.51999999999713,0.9999448375603847
6653,66.52999999999713,0.9999448559765947
6654,66.53999999999714,0.9999448743887299
6655,66.54999999999714,0.999944892796791
6656,66.55999999999715,0.9999449112007784
6657,66.56999999999715,0.9999449296006931
6658,66.57999999999716,0.9999449479965355
6659,66.58999999999716,0.9999449663883062
6660,66.59999999999717,0.999944984776006
6661,66.60999999999717,0.9999450031596354
6662,66.61999999999718,0.9999450215391951
6663,66.62999999999718,0.9999450399146855
6664,66.63999999999719,0.9999450582861077
6665,66.64999999999719,0.9999450766534619
6666,66.6599999999972,0.9999450950167489
6667,66.6699999999972,0.9999451133759693
6668,66.67999999999721,0.9999451317311238
6669,66.68999999999721,0.9999451500822129
6670,66.69999999999722,0.9999451684292373
6671,66.70999999999722,0.9999451867721976
6672,66.71999999999723,0.9999452051110945
6673,66.72999999999723,0.9999452234459286
6674,66.73999999999724,0.9999452417767005
6675,66.74999999999724,0.9999452601034109
6676,66.75999999999725,0.9999452784260603
6677,66.76999999999725,0.9999452967446494
6678,66.77999999999726,0.9999453150591788
6679,66.78999999999726,0.9999453333696493
6680,66.79999999999727,0.9999453516760612
6681,66.80999999999727,0.9999453699784154
6682,66.81999999999728,0.9999453882767125
6683,66.82999999999728,0.999945406570953
6684,66.83999999999729,0.9999454248611376
6685,66.8499999999973,0.9999454431472669
6686,66.8599999999973,0.9999454614293415
6687,66.8699999999973,0.9999454797073621
6688,66.87999999999731,0.9999454979813294
6689,66.88999999999731,0.9999455162512437
6690,66.89999999999732,0.999945534517106
6691,66.90999999999732,0.9999455527789167
6692,66.91999999999733,0.9999455710366766
6693,66.92999999999734,0.9999455892903861
6694,66.93999999999734,0.999945607540046
6695,66.94999999999735,0.9999456257856568
6696,66.95999999999735,0.9999456440272193
6697,66.96999999999736,0.9999456622647339
6698,66.97999999999736,0.9999456804982014
6699,66.98999999999737,0.9999456987276224
6700,66.99999999999737,0.9999457169529975
6701,67.00999999999738,0.9999457351743273
6702,67.01999999999738,0.9999457533916124
6703,67.02999999999739,0.9999457716048534
6704,67.03999999999739,0.9999457898140511
6705,67.0499999999974,0.999945808019206
6706,67.0599999999974,0.9999458262203186
6707,67.0699999999974,0.9999458444173898
6708,67.07999999999741,0.99994586261042
6709,67.08999999999742,0.9999458807994098
6710,67.09999999999742,0.99994589898436
6711,67.10999999999743,0.9999459171652711
6712,67.11999999999743,0.9999459353421438
6713,67.12999999999744,0.9999459535149787
6714,67.13999999999744,0.9999459716837764
6715,67.14999999999745,0.9999459898485374
6716,67.15999999999745,0.9999460080092626
6717,67.16999999999746,0.9999460261659524
6718,67.17999999999746,0.9999460443186075
6719,67.18999999999747,0.9999460624672284
6720,67.19999999999747,0.9999460806118159
6721,67.20999999999748,0.9999460987523705
6722,67.21999999999748,0.9999461168888929
6723,67.22999999999749,0.9999461350213837
6724,67.2399999999975,0.9999461531498435
6725,67.2499999999975,0.9999461712742729
6726,67.2599999999975,0.9999461893946725
6727,67.26999999999751,0.999946207511043
6728,67.27999999999751,0.999946225623385
6729,67.28999999999752,0.999946243731699
6730,67.29999999999752,0.9999462618359858
6731,67.30999999999753,0.9999462799362459
6732,67.31999999999753,0.9999462980324799
6733,67.32999999999754,0.9999463161246885
6734,67.33999999999754,0.9999463342128724
6735,67.34999999999755,0.9999463522970319
6736,67.35999999999756,0.9999463703771679
6737,67.36999999999756,0.999946388453281
6738,67.37999999999757,0.9999464065253716
6739,67.38999999999757,0.9999464245934406
6740,67.39999999999758,0.9999464426574884
6741,67.40999999999758,0.9999464607175158
6742,67.41999999999759,0.9999464787735232
6743,67.42999999999759,0.9999464968255114
6744,67.4399999999976,0.9999465148734809
6745,67.4499999999976,0.9999465329174324
6746,67.4599999999976,0.9999465509573664
6747,67.46999999999761,0.9999465689932837
6748,67.47999999999762,0.9999465870251848
6749,67.48999999999762,0.9999466050530702
6750,67.49999999999763,0.9999466230769407
6751,67.50999999999763,0.9999466410967969
6752,67.51999999999764,0.9999466591126394
6753,67.52999999999764,0.9999466771244686
6754,67.53999999999765,0.9999466951322854
6755,67.54999999999765,0.9999467131360903
6756,67.55999999999766,0.999946731135884
6757,67.56999999999766,0.9999467491316669
6758,67.57999999999767,0.9999467671234398
6759,67.58999999999767,0.9999467851112033
6760,67.59999999999768,0.9999468030949579
6761,67.60999999999768,0.9999468210747043
6762,67.61999999999769,0.9999468390504431
6763,67.6299999999977,0.9999468570221749
6764,67.6399999999977,0.9999468749899004
6765,67.6499999999977,0.99994689295362
6766,67.65999999999771,0.9999469109133345
6767,67.66999999999771,0.9999469288690446
6768,67.67999999999772,0.9999469468207506
6769,67.68999999999772,0.9999469647684532
6770,67.69999999999773,0.9999469827121533
6771,67.70999999999773,0.9999470006518512
6772,67.71999999999774,0.9999470185875475
6773,67.72999999999774,0.9999470365192431
6774,67.73999999999775,0.9999470544469383
6775,67.74999999999775,0.999947072370634
6776,67.75999999999776,0.9999470902903306
6777,67.76999999999776,0.9999471082060286
6778,67.77999999999777,0.999947126117729
6779,67.78999999999778,0.9999471440254319
6780,67.79999999999778,0.9999471619291385
6781,67.80999999999779,0.9999471798288488
6782,67.81999999999779,0.999947197724564
6783,67.8299999999978,0.9999472156162842
6784,67.8399999999978,0.9999472335040103
6785,67.8499999999978,0.9999472513877429
6786,67.85999999999781,0.9999472692674823
6787,67.86999999999782,0.9999472871432296
6788,67.87999999999782,0.9999473050149851
6789,67.88999999999783,0.9999473228827493
6790,67.89999999999783,0.9999473407465231
6791,67.90999999999784,0.9999473586063071
6792,67.91999999999784,0.9999473764621016
6793,67.92999999999785,0.9999473943139074
6794,67.93999999999785,0.9999474121617252
6795,67.94999999999786,0.9999474300055555
6796,67.95999999999786,0.9999474478453989
6797,67.96999999999787,0.9999474656812559
6798,67.97999999999787,0.9999474835131273
6799,67.98999999999788,0.9999475013410137
6800,67.99999999999788,0.9999475191649156
6801,68.00999999999789,0.9999475369848336
6802,68.01999999999789,0.9999475548007684
6803,68.0299999999979,0.9999475726127205
6804,68.0399999999979,0.9999475904206906
6805,68.04999999999791,0.9999476082246792
6806,68.05999999999791,0.999947626024687
6807,68.06999999999792,0.9999476438207145
6808,68.07999999999792,0.9999476616127625
6809,68.08999999999793,0.9999476794008314
6810,68.09999999999793,0.9999476971849219
6811,68.10999999999794,0.9999477149650345
6812,68.11999999999794,0.9999477327411701
6813,68.12999999999795,0.999947750513329
6814,68.13999999999795,0.9999477682815118
6815,68.14999999999796,0.9999477860457192
6816,68.15999999999796,0.9999478038059519
6817,68.16999999999797,0.9999478215622104
6818,68.17999999999797,0.9999478393144953
6819,68.18999999999798,0.9999478570628072
6820,68.19999999999798,0.9999478748071466
6821,68.20999999999799,0.9999478925475144
6822,68.219999999998,0.999947910283911
6823,68.229999999998,0.9999479280163368
6824,68.239999999998,0.9999479457447928
6825,68.24999999999801,0.9999479634692794
6826,68.25999999999802,0.9999479811897972
6827,68.26999999999802,0.9999479989063469
6828,68.27999999999803,0.9999480166189288
6829,68.28999999999803,0.999948034327544
6830,68.29999999999804,0.9999480520321926
6831,68.30999999999804,0.9999480697328755
6832,68.31999999999805,0.9999480874295933
6833,68.32999999999805,0.9999481051223466
6834,68.33999999999806,0.9999481228111357
6835,68.34999999999806,0.9999481404959615
6836,68.35999999999807,0.9999481581768246
6837,68.36999999999807,0.9999481758537254
6838,68.37999999999808,0.9999481935266648
6839,68.38999999999808,0.999948211195643
6840,68.39999999999809,0.9999482288606609
6841,68.40999999999809,0.9999482465217191
6842,68.4199999999981,0.999948264178818
6843,68.4299999999981,0.9999482818319584
6844,68.43999999999811,0.9999482994811408
6845,68.44999999999811,0.9999483171263658
6846,68.45999999999812,0.999948334767634
6847,68.46999999999812,0.9999483524049461
6848,68.47999999999813,0.9999483700383024
6849,68.48999999999813,0.9999483876677038
6850,68.49999999999814,0.9999484052931509
6851,68.50999999999814,0.999948422914644
6852,68.51999999999815,0.999948440532184
6853,68.52999999999815,0.9999484581457714
6854,68.53999999999816,0.9999484757554068
6855,68.54999999999816,0.9999484933610907
6856,68.55999999999817,0.9999485109628238
6857,68.56999999999817,0.9999485285606067
6858,68.57999999999818,0.99994854615444
6859,68.58999999999818,0.9999485637443242
6860,68.59999999999819,0.99994858133026
6861,68.6099999999982,0.9999485989122479
6862,68.6199999999982,0.9999486164902885
6863,68.6299999999982,0.9999486340643825
6864,68.63999999999821,0.9999486516345305
6865,68.64999999999822,0.999948669200733
6866,68.65999999999822,0.9999486867629905
6867,68.66999999999823,0.9999487043213039
6868,68.67999999999823,0.9999487218756735
6869,68.68999999999824,0.9999487394261001
6870,68.69999999999824,0.9999487569725841
6871,68.70999999999825,0.9999487745151263
6872,68.71999999999825,0.9999487920537271
6873,68.72999999999826,0.9999488095883873
6874,68.73999999999826,0.9999488271191073
6875,68.74999999999827,0.9999488446458876
6876,68.75999999999827,0.9999488621687291
6877,68.76999999999828,0.9999488796876324
6878,68.77999999999828,0.9999488972025977
6879,68.78999999999829,0.999948914713626
6880,68.79999999999829,0.9999489322207177
6881,68.8099999999983,0.9999489497238734
6882,68.8199999999983,0.9999489672230937
6883,68.82999999999831,0.9999489847183791
6884,68.83999999999831,0.9999490022097304
6885,68.84999999999832,0.9999490196971481
6886,68.85999999999832,0.9999490371806328
6887,68.86999999999833,0.999949054660185
6888,68.87999999999833,0.9999490721358053
6889,68.88999999999834,0.9999490896074945
6890,68.89999999999834,0.999949107075253
6891,68.90999999999835,0.9999491245390814
6892,68.91999999999835,0.9999491419989802
6893,68.92999999999836,0.9999491594549502
6894,68.93999999999836,0.9999491769069919
6895,68.94999999999837,0.999949194355106
6896,68.95999999999837,0.9999492117992927
6897,68.96999999999838,0.9999492292395531
6898,68.97999999999838,0.9999492466758875
6899,68.98999999999839,0.9999492641082965
6900,68.9999999999984,0.9999492815367808
6901,69.0099999999984,0.9999492989613409
6902,69.0199999999984,0.9999493163819774
6903,69.02999999999841,0.9999493337986908
6904,69.03999999999841,0.9999493512114819
6905,69.04999999999842,0.9999493686203511
6906,69.05999999999842,0.999949386025299
6907,69.06999999999843,0.9999494034263264
6908,69.07999999999844,0.9999494208234336
6909,69.08999999999844,0.9999494382166214
6910,69.09999999999845,0.9999494556058903
6911,69.10999999999845,0.9999494729912409
6912,69.11999999999846,0.9999494903726738
6913,69.12999999999846,0.9999495077501895
6914,69.13999999999847,0.9999495251237887
6915,69.14999999999847,0.9999495424934719
6916,69.15999999999848,0.9999495598592397
6917,69.16999999999848,0.9999495772210928
6918,69.17999999999849,0.9999495945790317
6919,69.18999999999849,0.9999496119330569
6920,69.1999999999985,0.999949629283169
6921,69.2099999999985,0.9999496466293688
6922,69.2199999999985,0.9999496639716566
6923,69.22999999999851,0.9999496813100333
6924,69.23999999999852,0.9999496986444991
6925,69.24999999999852,0.9999497159750549
6926,69.25999999999853,0.9999497333017012
6927,69.26999999999853,0.9999497506244385
6928,69.27999999999854,0.9999497679432675
6929,69.28999999999854,0.9999497852581887
6930,69.29999999999855,0.9999498025692026
6931,69.30999999999855,0.99994981987631
6932,69.31999999999856,0.9999498371795114
6933,69.32999999999856,0.9999498544788072
6934,69.33999999999857,0.9999498717741984
6935,69.34999999999857,0.9999498890656852
6936,69.35999999999858,0.9999499063532682
6937,69.36999999999858,0.9999499236369482
6938,69.37999999999859,0.9999499409167256
6939,69.3899999999986,0.9999499581926011
6940,69.3999999999986,0.9999499754645753
6941,69.4099999999986,0.9999499927326486
6942,69.41999999999861,0.9999500099968217
6943,69.42999999999861,0.9999500272570953
6944,69.43999999999862,0.9999500445134698
6945,69.44999999999862,0.9999500617659458
6946,69.45999999999863,0.9999500790145239
6947,69.46999999999863,0.9999500962592048
6948,69.47999999999864,0.999950113499989
6949,69.48999999999864,0.9999501307368769
6950,69.49999999999865,0.9999501479698694
6951,69.50999999999866,0.9999501651989668
6952,69.51999999999866,0.9999501824241699
6953,69.52999999999867,0.9999501996454792
6954,69.53999999999867,0.9999502168628952
6955,69.54999999999868,0.9999502340764186
6956,69.55999999999868,0.9999502512860499
6957,69.56999999999869,0.9999502684917896
6958,69.57999999999869,0.9999502856936385
6959,69.5899999999987,0.999950302891597
6960,69.5999999999987,0.9999503200856658
6961,69.6099999999987,0.9999503372758454
6962,69.61999999999871,0.9999503544621363
6963,69.62999999999872,0.9999503716445393
6964,69.63999999999872,0.9999503888230548
6965,69.64999999999873,0.9999504059976834
6966,69.65999999999873,0.9999504231684258
6967,69.66999999999874,0.9999504403352824
6968,69.67999999999874,0.9999504574982538
6969,69.68999999999875,0.9999504746573408
6970,69.69999999999875,0.9999504918125437
6971,69.70999999999876,0.9999505089638632
6972,69.71999999999876,0.9999505261112999
6973,69.72999999999877,0.9999505432548543
6974,69.73999999999877,0.999950560394527
6975,69.74999999999878,0.9999505775303187
6976,69.75999999999878,0.9999505946622298
6977,69.76999999999879,0.999950611790261
6978,69.7799999999988,0.9999506289144128
6979,69.7899999999988,0.9999506460346858
6980,69.7999999999988,0.9999506631510806
6981,69.80999999999881,0.9999506802635977
6982,69.81999999999881,0.9999506973722377
6983,69.82999999999882,0.9999507144770013
6984,69.83999999999882,0.9999507315778889
6985,69.84999999999883,0.9999507486749012
6986,69.85999999999883,0.9999507657680387
6987,69.86999999999884,0.999950782857302
6988,69.87999999999884,0.9999507999426916
6989,69.88999999999885,0.9999508170242083
6990,69.89999999999885,0.9999508341018525
6991,69.90999999999886,0.9999508511756247
6992,69.91999999999886,0.9999508682455256
6993,69.92999999999887,0.9999508853115557
6994,69.93999999999888,0.9999509023737156
6995,69.94999999999888,0.999950919432006
6996,69.95999999999889,0.9999509364864273
6997,69.96999999999889,0.9999509535369802
6998,69.9799999999989,0.999950970583665
6999,69.9899999999989,0.9999509876264827
7000,69.9999999999989,0.9999510046654335
7001,70.00999999999891,0.9999510217005182
7002,70.01999999999892,0.9999510387317373
7003,70.02999999999892,0.9999510557590913
7004,70.03999999999893,0.9999510727825809
7005,70.04999999999893,0.9999510898022066
7006,70.05999999999894,0.999951106817969
7007,70.06999999999894,0.9999511238298685
7008,70.07999999999895,0.9999511408379059
7009,70.08999999999895,0.9999511578420818
7010,70.09999999999896,0.9999511748423966
7011,70.10999999999896,0.9999511918388508
7012,70.11999999999897,0.9999512088314453
7013,70.12999999999897,0.9999512258201804
7014,70.13999999999898,0.9999512428050567
7015,70.14999999999898,0.9999512597860748
7016,70.15999999999899,0.9999512767632354
7017,70.16999999999899,0.9999512937365388
7018,70.179999999999,0.9999513107059858
7019,70.189999999999,0.9999513276715769
7020,70.19999999999901,0.9999513446333126
7021,70.20999999999901,0.9999513615911936
7022,70.21999999999902,0.9999513785452203
7023,70.22999999999902,0.9999513954953935
7024,70.23999999999903,0.9999514124417135
7025,70.24999999999903,0.999951429384181
7026,70.25999999999904,0.9999514463227966
7027,70.26999999999904,0.9999514632575609
7028,70.27999999999905,0.9999514801884744
7029,70.28999999999905,0.9999514971155377
7030,70.29999999999906,0.9999515140387512
7031,70.30999999999906,0.9999515309581156
7032,70.31999999999907,0.9999515478736316
7033,70.32999999999907,0.9999515647852996
7034,70.33999999999908,0.9999515816931202
7035,70.34999999999908,0.9999515985970939
7036,70.35999999999909,0.9999516154972214
7037,70.3699999999991,0.9999516323935033
7038,70.3799999999991,0.9999516492859399
7039,70.3899999999991,0.9999516661745321
7040,70.39999999999911,0.9999516830592802
7041,70.40999999999912,0.9999516999401848
7042,70.41999999999912,0.9999517168172467
7043,70.42999999999913,0.9999517336904662
7044,70.43999999999913,0.999951750559844
7045,70.44999999999914,0.9999517674253806
7046,70.45999999999914,0.9999517842870767
7047,70.46999999999915,0.9999518011449327
7048,70.47999999999915,0.9999518179989492
7049,70.48999999999916,0.9999518348491268
7050,70.49999999999916,0.999951851695466
7051,70.50999999999917,0.9999518685379674
7052,70.51999999999917,0.9999518853766316
7053,70.52999999999918,0.9999519022114592
7054,70.53999999999918,0.9999519190424507
7055,70.54999999999919,0.9999519358696066
7056,70.55999999999919,0.9999519526929276
7057,70.5699999999992,0.9999519695124143
7058,70.5799999999992,0.9999519863280669
7059,70.58999999999921,0.9999520031398864
7060,70.59999999999921,0.9999520199478732
7061,70.60999999999922,0.9999520367520278
7062,70.61999999999922,0.9999520535523508
7063,70.62999999999923,0.9999520703488428
7064,70.63999999999923,0.9999520871415043
7065,70.64999999999924,0.999952103930336
7066,70.65999999999924,0.9999521207153382
7067,70.66999999999925,0.9999521374965117
7068,70.67999999999925,0.999952154273857
7069,70.68999999999926,0.9999521710473745
7070,70.69999999999926,0.9999521878170651
7071,70.70999999999927,0.9999522045829291
7072,70.71999999999927,0.9999522213449671
7073,70.72999999999928,0.9999522381031797
7074,70.73999999999928,0.9999522548575674
7075,70.74999999999929,0.9999522716081308
7076,70.7599999999993,0.9999522883548706
7077,70.7699999999993,0.9999523050977871
7078,70.7799999999993,0.9999523218368811
7079,70.78999999999931,0.9999523385721529
7080,70.79999999999932,0.9999523553036033
7081,70.80999999999932,0.9999523720312328
7082,70.81999999999933,0.9999523887550418
7083,70.82999999999933,0.9999524054750311
7084,70.83999999999934,0.9999524221912011
7085,70.84999999999934,0.9999524389035523
7086,70.85999999999935,0.9999524556120855
7087,70.86999999999935,0.9999524723168011
7088,70.87999999999936,0.9999524890176996
7089,70.88999999999936,0.9999525057147817
7090,70.89999999999937,0.9999525224080479
7091,70.90999999999937,0.9999525390974987
7092,70.91999999999938,0.9999525557831347
7093,70.92999999999938,0.9999525724649565
7094,70.93999999999939,0.9999525891429646
7095,70.94999999999939,0.9999526058171596
7096,70.9599999999994,0.999952622487542
7097,70.9699999999994,0.9999526391541125
7098,70.97999999999941,0.9999526558168714
7099,70.98999999999941,0.9999526724758195
7100,70.99999999999942,0.9999526891309573
7101,71.00999999999942,0.9999527057822852
7102,71.01999999999943,0.9999527224298039
7103,71.02999999999943,0.999952739073514
7104,71.03999999999944,0.999952755713416
7105,71.04999999999944,0.9999527723495104
7106,71.05999999999945,0.9999527889817977
7107,71.06999999999945,0.9999528056102788
7108,71.07999999999946,0.9999528222349537
7109,71.08999999999946,0.9999528388558235
7110,71.09999999999947,0.9999528554728885
7111,71.10999999999947,0.9999528720861491
7112,71.11999999999948,0.9999528886956063
7113,71.12999999999948,0.9999529053012601
7114,71.13999999999949,0.9999529219031116
7115,71.1499999999995,0.9999529385011608
7116,71.1599999999995,0.9999529550954088
7117,71.1699999999995,0.9999529716858558
7118,71.17999999999951,0.9999529882725025
7119,71.18999999999951,0.9999530048553493
7120,71.19999999999952,0.9999530214343969
7121,71.20999999999952,0.9999530380096459
7122,71.21999999999953,0.9999530545810967
7123,71.22999999999954,0.9999530711487499
7124,71.23999999999954,0.999953087712606
7125,71.24999999999955,0.9999531042726658
7126,71.25999999999955,0.9999531208289296
7127,71.26999999999956,0.999953137381398
7128,71.27999999999956,0.9999531539300717
7129,71.28999999999957,0.9999531704749509
7130,71.29999999999957,0.9999531870160366
7131,71.30999999999958,0.9999532035533291
7132,71.31999999999958,0.9999532200868289
7133,71.32999999999959,0.9999532366165367
7134,71.33999999999959,0.999953253142453
7135,71.3499999999996,0.9999532696645783
7136,71.3599999999996,0.9999532861829132
7137,71.3699999999996,0.9999533026974582
7138,71.37999999999961,0.999953319208214
7139,71.38999999999962,0.999953335715181
7140,71.39999999999962,0.9999533522183598
7141,71.40999999999963,0.9999533687177509
7142,71.41999999999963,0.999953385213355
7143,71.42999999999964,0.9999534017051724
7144,71.43999999999964,0.9999534181932039
7145,71.44999999999965,0.9999534346774499
7146,71.45999999999965,0.999953451157911
7147,71.46999999999966,0.9999534676345878
7148,71.47999999999966,0.9999534841074808
7149,71.48999999999967,0.9999535005765904
7150,71.49999999999967,0.9999535170419174
7151,71.50999999999968,0.9999535335034622
7152,71.51999999999968,0.9999535499612254
7153,71.52999999999969,0.9999535664152075
7154,71.5399999999997,0.9999535828654091
7155,71.5499999999997,0.9999535993118308
7156,71.5599999999997,0.9999536157544731
7157,71.56999999999971,0.9999536321933364
7158,71.57999999999971,0.9999536486284215
7159,71.58999999999972,0.9999536650597287
7160,71.59999999999972,0.9999536814872587
7161,71.60999999999973,0.9999536979110121
7162,71.61999999999973,0.9999537143309893
7163,71.62999999999974,0.999953730747191
7164,71.63999999999974,0.9999537471596175
7165,71.64999999999975,0.9999537635682696
7166,71.65999999999976,0.9999537799731477
7167,71.66999999999976,0.9999537963742525
7168,71.67999999999977,0.9999538127715843
7169,71.68999999999977,0.999953829165144
7170,71.69999999999978,0.9999538455549317
7171,71.70999999999978,0.9999538619409484
7172,71.71999999999979,0.9999538783231943
7173,71.72999999999979,0.9999538947016701
7174,71.7399999999998,0.9999539110763762
7175,71.7499999999998,0.9999539274473134
7176,71.7599999999998,0.9999539438144821
7177,71.76999999999981,0.9999539601778827
7178,71.77999999999982,0.9999539765375162
7179,71.78999999999982,0.9999539928933826
7180,71.79999999999983,0.9999540092454827
7181,71.80999999999983,0.9999540255938171
7182,71.81999999999984,0.9999540419383862
7183,71.82999999999984,0.9999540582791907
7184,71.83999999999985,0.9999540746162311
7185,71.84999999999985,0.9999540909495078
7186,71.85999999999986,0.9999541072790215
7187,71.86999999999986,0.9999541236047726
7188,71.87999999999987,0.9999541399267619
7189,71.88999999999987,0.9999541562449896
7190,71.89999999999988,0.9999541725594565
7191,71.90999999999988,0.9999541888701631
7192,71.91999999999989,0.9999542051771099
7193,71.9299999999999,0.9999542214802974
7194,71.9399999999999,0.9999542377797263
7195,71.9499999999999,0.999954254075397
7196,71.95999999999991,0.9999542703673099
7197,71.96999999999991,0.9999542866554658
7198,71.97999999999992,0.9999543029398653
7199,71.98999999999992,0.9999543192205087
7200,71.99999999999993,0.9999543354973967
7201,72.00999999999993,0.9999543517705296
7202,72.01999999999994,0.9999543680399083
7203,72.02999999999994,0.9999543843055331
7204,72.03999999999995,0.9999544005674046
7205,72.04999999999995,0.9999544168255234
7206,72.05999999999996,0.99995443307989
7207,72.06999999999996,0.9999544493305048
7208,72.07999999999997,0.9999544655773686
7209,72.08999999999997,0.9999544818204817
7210,72.09999999999998,0.9999544980598448
7211,72.10999999999999,0.9999545142954585
7212,72.11999999999999,0.999954530527323
7213,72.13,0.9999545467554392
7214,72.14,0.9999545629798074
7215,72.15,0.9999545792004284
7216,72.16000000000001,0.9999545954173026
7217,72.17000000000002,0.9999546116304303
7218,72.18000000000002,0.9999546278398125
7219,72.19000000000003,0.9999546440454493
7220,72.20000000000003,0.9999546602473416
7221,72.21000000000004,0.9999546764454897
7222,72.22000000000004,0.9999546926398942
7223,72.23000000000005,0.9999547088305557
7224,72.24000000000005,0.9999547250174747
7225,72.25000000000006,0.9999547412006516
7226,72.26000000000006,0.9999547573800872
7227,72.27000000000007,0.9999547735557819
7228,72.28000000000007,0.9999547897277362
7229,72.29000000000008,0.9999548058959508
7230,72.30000000000008,0.999954822060426
7231,72.31000000000009,0.9999548382211624
7232,72.32000000000009,0.9999548543781607
7233,72.3300000000001,0.9999548705314212
7234,72.3400000000001,0.9999548866809447
7235,72.35000000000011,0.9999549028267315
7236,72.36000000000011,0.9999549189687822
7237,72.37000000000012,0.9999549351070974
7238,72.38000000000012,0.9999549512416777
7239,72.39000000000013,0.9999549673725234
7240,72.40000000000013,0.9999549834996353
7241,72.41000000000014,0.9999549996230138
7242,72.42000000000014,0.9999550157426594
7243,72.43000000000015,0.9999550318585727
7244,72.44000000000015,0.9999550479707542
7245,72.45000000000016,0.9999550640792045
7246,72.46000000000016,0.999955080183924
7247,72.47000000000017,0.9999550962849134
7248,72.48000000000017,0.9999551123821732
7249,72.49000000000018,0.9999551284757038
7250,72.50000000000018,0.9999551445655058
7251,72.51000000000019,0.9999551606515799
7252,72.5200000000002,0.9999551767339263
7253,72.5300000000002,0.9999551928125459
7254,72.5400000000002,0.9999552088874389
7255,72.55000000000021,0.9999552249586061
7256,72.56000000000022,0.9999552410260479
7257,72.57000000000022,0.9999552570897648
7258,72.58000000000023,0.9999552731497575
7259,72.59000000000023,0.9999552892060264
7260,72.60000000000024,0.999955305258572
7261,72.61000000000024,0.999955321307395
7262,72.62000000000025,0.9999553373524958
7263,72.63000000000025,0.9999553533938749
7264,72.64000000000026,0.9999553694315328
7265,72.65000000000026,0.9999553854654702
7266,72.66000000000027,0.9999554014956876
7267,72.67000000000027,0.9999554175221854
7268,72.68000000000028,0.9999554335449643
7269,72.69000000000028,0.9999554495640247
7270,72.70000000000029,0.9999554655793672
7271,72.71000000000029,0.9999554815909922
7272,72.7200000000003,0.9999554975989005
7273,72.7300000000003,0.9999555136030924
7274,72.74000000000031,0.9999555296035685
7275,72.75000000000031,0.9999555456003293
7276,72.76000000000032,0.9999555615933754
7277,72.77000000000032,0.9999555775827073
7278,72.78000000000033,0.9999555935683255
7279,72.79000000000033,0.9999556095502306
7280,72.80000000000034,0.999955625528423
7281,72.81000000000034,0.9999556415029033
7282,72.82000000000035,0.9999556574736721
7283,72.83000000000035,0.9999556734407299
7284,72.84000000000036,0.9999556894040771
7285,72.85000000000036,0.9999557053637144
7286,72.86000000000037,0.9999557213196422
7287,72.87000000000037,0.9999557372718612
7288,72.88000000000038,0.9999557532203717
7289,72.89000000000038,0.9999557691651744
7290,72.90000000000039,0.9999557851062697
7291,72.9100000000004,0.9999558010436582
7292,72.9200000000004,0.9999558169773405
7293,72.9300000000004,0.999955832907317
7294,72.94000000000041,0.9999558488335883
7295,72.95000000000041,0.999955864756155
7296,72.96000000000042,0.9999558806750175
7297,72.97000000000043,0.9999558965901763
7298,72.98000000000043,0.9999559125016321
7299,72.99000000000044,0.9999559284093852
7300,73.00000000000044,0.9999559443134363
7301,73.01000000000045,0.9999559602137859
7302,73.02000000000045,0.9999559761104344
7303,73.03000000000046,0.9999559920033825
7304,73.04000000000046,0.9999560078926306
7305,73.05000000000047,0.9999560237781794
7306,73.06000000000047,0.9999560396600292
7307,73.07000000000048,0.9999560555381807
7308,73.08000000000048,0.9999560714126343
7309,73.09000000000049,0.9999560872833906
7310,73.10000000000049,0.9999561031504501
7311,73.1100000000005,0.9999561190138134
7312,73.1200000000005,0.9999561348734809
7313,73.1300000000005,0.9999561507294532
7314,73.14000000000051,0.9999561665817308
7315,73.15000000000052,0.9999561824303143
7316,73.16000000000052,0.9999561982752041
7317,73.17000000000053,0.9999562141164008
7318,73.18000000000053,0.9999562299539049
7319,73.19000000000054,0.9999562457877169
7320,73.20000000000054,0.9999562616178373
7321,73.21000000000055,0.9999562774442669
7322,73.22000000000055,0.9999562932670059
7323,73.23000000000056,0.9999563090860548
7324,73.24000000000056,0.9999563249014144
7325,73.25000000000057,0.999956340713085
7326,73.26000000000057,0.9999563565210673
7327,73.27000000000058,0.9999563723253616
7328,73.28000000000058,0.9999563881259687
7329,73.29000000000059,0.9999564039228888
7330,73.3000000000006,0.9999564197161227
7331,73.3100000000006,0.9999564355056707
7332,73.3200000000006,0.9999564512915335
7333,73.33000000000061,0.9999564670737116
7334,73.34000000000061,0.9999564828522055
7335,73.35000000000062,0.9999564986270156
7336,73.36000000000062,0.9999565143981426
7337,73.37000000000063,0.9999565301655869
7338,73.38000000000063,0.9999565459293491
7339,73.39000000000064,0.9999565616894297
7340,73.40000000000065,0.9999565774458292
7341,73.41000000000065,0.9999565931985481
7342,73.42000000000066,0.999956608947587
7343,73.43000000000066,0.9999566246929463
7344,73.44000000000067,0.9999566404346267
7345,73.45000000000067,0.9999566561726286
7346,73.46000000000068,0.9999566719069525
7347,73.47000000000068,0.9999566876375989
7348,73.48000000000069,0.9999567033645684
7349,73.49000000000069,0.9999567190878617
7350,73.5000000000007,0.9999567348074789
7351,73.5100000000007,0.9999567505234208
7352,73.5200000000007,0.9999567662356879
7353,73.53000000000071,0.9999567819442805
7354,73.54000000000072,0.9999567976491994
7355,73.55000000000072,0.9999568133504451
7356,73.56000000000073,0.999956829048018
7357,73.57000000000073,0.9999568447419186
7358,73.58000000000074,0.9999568604321475
7359,73.59000000000074,0.9999568761187052
7360,73.60000000000075,0.9999568918015922
7361,73.61000000000075,0.999956907480809
7362,73.62000000000076,0.9999569231563562
7363,73.63000000000076,0.9999569388282342
7364,73.64000000000077,0.9999569544964436
7365,73.65000000000077,0.999956970160985
7366,73.66000000000078,0.9999569858218587
7367,73.67000000000078,0.9999570014790654
7368,73.68000000000079,0.9999570171326055
7369,73.6900000000008,0.9999570327824796
7370,73.7000000000008,0.9999570484286883
7371,73.7100000000008,0.9999570640712319
7372,73.72000000000081,0.9999570797101109
7373,73.73000000000081,0.9999570953453261
7374,73.74000000000082,0.9999571109768778
7375,73.75000000000082,0.9999571266047665
7376,73.76000000000083,0.999957142228993
7377,73.77000000000083,0.9999571578495574
7378,73.78000000000084,0.9999571734664605
7379,73.79000000000084,0.9999571890797028
7380,73.80000000000085,0.9999572046892847
7381,73.81000000000085,0.9999572202952067
7382,73.82000000000086,0.9999572358974694
7383,73.83000000000087,0.9999572514960734
7384,73.84000000000087,0.9999572670910191
7385,73.85000000000088,0.999957282682307
7386,73.86000000000088,0.9999572982699376
7387,73.87000000000089,0.9999573138539115
7388,73.88000000000089,0.9999573294342292
7389,73.8900000000009,0.9999573450108912
7390,73.9000000000009,0.999957360583898
7391,73.9100000000009,0.99995737615325
7392,73.92000000000091,0.9999573917189479
7393,73.93000000000092,0.9999574072809922
7394,73.94000000000092,0.9999574228393834
7395,73.95000000000093,0.9999574383941219
7396,73.96000000000093,0.9999574539452082
7397,73.97000000000094,0.999957469492643
7398,73.98000000000094,0.9999574850364267
7399,73.99000000000095,0.9999575005765599
7400,74.00000000000095,0.999957516113043
7401,74.01000000000096,0.9999575316458765
7402,74.02000000000096,0.999957547175061
7403,74.03000000000097,0.999957562700597
7404,74.04000000000097,0.999957578222485
7405,74.05000000000098,0.9999575937407255
7406,74.06000000000098,0.999957609255319
7407,74.07000000000099,0.9999576247662659
7408,74.080000000001,0.999957640273567
7409,74.090000000001,0.9999576557772226
7410,74.100000000001,0.9999576712772333
7411,74.11000000000101,0.9999576867735996
7412,74.12000000000101,0.999957702266322
7413,74.13000000000102,0.999957717755401
7414,74.14000000000102,0.999957733240837
7415,74.15000000000103,0.9999577487226308
7416,74.16000000000103,0.9999577642007825
7417,74.17000000000104,0.9999577796752931
7418,74.18000000000104,0.9999577951461627
7419,74.19000000000105,0.999957810613392
7420,74.20000000000105,0.9999578260769815
7421,74.21000000000106,0.9999578415369317
7422,74.22000000000106,0.999957856993243
7423,74.23000000000107,0.999957872445916
7424,74.24000000000107,0.9999578878949513
7425,74.25000000000108,0.9999579033403494
7426,74.26000000000109,0.9999579187821106
7427,74.27000000000109,0.9999579342202356
7428,74.2800000000011,0.9999579496547248
7429,74.2900000000011,0.9999579650855789
7430,74.3000000000011,0.9999579805127982
7431,74.31000000000111,0.9999579959363832
7432,74.32000000000112,0.9999580113563346
7433,74.33000000000112,0.9999580267726528
7434,74.34000000000113,0.9999580421853382
7435,74.35000000000113,0.9999580575943915
7436,74.36000000000114,0.9999580729998132
7437,74.37000000000114,0.9999580884016036
7438,74.38000000000115,0.9999581037997634
7439,74.39000000000115,0.999958119194293
7440,74.40000000000116,0.999958134585193
7441,74.41000000000116,0.9999581499724639
7442,74.42000000000117,0.9999581653561062
7443,74.43000000000117,0.9999581807361203
7444,74.44000000000118,0.9999581961125068
7445,74.45000000000118,0.9999582114852662
7446,74.46000000000119,0.9999582268543991
7447,74.47000000000119,0.9999582422199057
7448,74.4800000000012,0.9999582575817868
7449,74.4900000000012,0.9999582729400429
7450,74.50000000000121,0.9999582882946744
7451,74.51000000000121,0.9999583036456818
7452,74.52000000000122,0.9999583189930656
7453,74.53000000000122,0.9999583343368265
7454,74.54000000000123,0.9999583496769647
7455,74.55000000000123,0.9999583650134809
7456,74.56000000000124,0.9999583803463756
7457,74.57000000000124,0.9999583956756493
7458,74.58000000000125,0.9999584110013023
7459,74.59000000000125,0.9999584263233354
7460,74.60000000000126,0.9999584416417491
7461,74.61000000000126,0.9999584569565436
7462,74.62000000000127,0.9999584722677197
7463,74.63000000000127,0.9999584875752778
7464,74.64000000000128,0.9999585028792184
7465,74.65000000000128,0.999958518179542
7466,74.66000000000129,0.9999585334762491
7467,74.6700000000013,0.9999585487693402
7468,74.6800000000013,0.9999585640588159
7469,74.6900000000013,0.9999585793446765
7470,74.70000000000131,0.9999585946269227
7471,74.71000000000132,0.999958609905555
7472,74.72000000000132,0.9999586251805737
7473,74.73000000000133,0.9999586404519795
7474,74.74000000000133,0.9999586557197728
7475,74.75000000000134,0.9999586709839543
7476,74.76000000000134,0.9999586862445242
7477,74.77000000000135,0.9999587015014832
7478,74.78000000000135,0.9999587167548317
7479,74.79000000000136,0.9999587320045704
7480,74.80000000000136,0.9999587472506996
7481,74.81000000000137,0.9999587624932198
7482,74.82000000000137,0.9999587777321316
7483,74.83000000000138,0.9999587929674355
7484,74.84000000000138,0.999958808199132
7485,74.85000000000139,0.9999588234272214
7486,74.86000000000139,0.9999588386517045
7487,74.8700000000014,0.9999588538725817
7488,74.8800000000014,0.9999588690898534
7489,74.89000000000141,0.9999588843035202
7490,74.90000000000141,0.9999588995135826
7491,74.91000000000142,0.9999589147200411
7492,74.92000000000142,0.9999589299228961
7493,74.93000000000143,0.9999589451221482
7494,74.94000000000143,0.999958960317798
7495,74.95000000000144,0.9999589755098458
7496,74.96000000000144,0.9999589906982922
7497,74.97000000000145,0.9999590058831376
7498,74.98000000000145,0.9999590210643826
7499,74.99000000000146,0.9999590362420278
7500,75.00000000000146,0.9999590514160734
7501,75.01000000000147,0.9999590665865202
7502,75.02000000000147,0.9999590817533687
7503,75.03000000000148,0.9999590969166191
7504,75.04000000000148,0.9999591120762722
7505,75.05000000000149,0.9999591272323283
7506,75.0600000000015,0.999959142384788
7507,75.0700000000015,0.9999591575336517
7508,75.0800000000015,0.9999591726789201
7509,75.09000000000151,0.9999591878205936
7510,75.10000000000151,0.9999592029586726
7511,75.11000000000152,0.9999592180931577
7512,75.12000000000153,0.9999592332240493
7513,75.13000000000153,0.999959248351348
7514,75.14000000000154,0.9999592634750543
7515,75.15000000000154,0.9999592785951686
7516,75.16000000000155,0.9999592937116916
7517,75.17000000000155,0.9999593088246236
7518,75.18000000000156,0.9999593239339651
7519,75.19000000000156,0.9999593390397167
7520,75.20000000000157,0.9999593541418789
7521,75.21000000000157,0.999959369240452
7522,75.22000000000158,0.9999593843354369
7523,75.23000000000158,0.9999593994268335
7524,75.24000000000159,0.9999594145146429
7525,75.25000000000159,0.9999594295988653
7526,75.2600000000016,0.9999594446795013
7527,75.2700000000016,0.9999594597565512
7528,75.2800000000016,0.9999594748300156
7529,75.29000000000161,0.9999594898998951
7530,75.30000000000162,0.9999595049661901
7531,75.31000000000162,0.9999595200289012
7532,75.32000000000163,0.9999595350880287
7533,75.33000000000163,0.9999595501435732
7534,75.34000000000164,0.9999595651955353
7535,75.35000000000164,0.9999595802439153
7536,75.36000000000165,0.9999595952887139
7537,75.37000000000165,0.9999596103299314
7538,75.38000000000166,0.9999596253675684
7539,75.39000000000166,0.9999596404016254
7540,75.40000000000167,0.9999596554321029
7541,75.41000000000167,0.9999596704590012
7542,75.42000000000168,0.9999596854823212
7543,75.43000000000168,0.9999597005020631
7544,75.44000000000169,0.9999597155182274
7545,75.4500000000017,0.9999597305308146
7546,75.4600000000017,0.9999597455398253
7547,75.4700000000017,0.9999597605452598
7548,75.48000000000171,0.9999597755471189
7549,75.49000000000171,0.9999597905454028
7550,75.50000000000172,0.9999598055401122
7551,75.51000000000172,0.9999598205312475
7552,75.52000000000173,0.9999598355188092
7553,75.53000000000173,0.9999598505027978
7554,75.54000000000174,0.9999598654832137
7555,75.55000000000175,0.9999598804600576
7556,75.56000000000175,0.9999598954333297
7557,75.57000000000176,0.9999599104030308
7558,75.58000000000176,0.9999599253691612
7559,75.59000000000177,0.9999599403317215
7560,75.60000000000177,0.9999599552907121
7561,75.61000000000178,0.9999599702461336
7562,75.62000000000178,0.9999599851979863
7563,75.63000000000179,0.999960000146271
7564,75.64000000000179,0.9999600150909879
7565,75.6500000000018,0.9999600300321376
7566,75.6600000000018,0.9999600449697206
7567,75.6700000000018,0.9999600599037374
7568,75.68000000000181,0.9999600748341884
7569,75.69000000000182,0.9999600897610742
7570,75.70000000000182,0.9999601046843952
7571,75.71000000000183,0.9999601196041521
7572,75.72000000000183,0.9999601345203452
7573,75.73000000000184,0.999960149432975
7574,75.74000000000184,0.9999601643420419
7575,75.75000000000185,0.9999601792475467
7576,75.76000000000185,0.9999601941494896
7577,75.77000000000186,0.9999602090478711
7578,75.78000000000186,0.9999602239426919
7579,75.79000000000187,0.9999602388339524
7580,75.80000000000187,0.999960253721653
7581,75.81000000000188,0.9999602686057942
7582,75.82000000000188,0.9999602834863766
7583,75.83000000000189,0.9999602983634006
7584,75.8400000000019,0.9999603132368667
7585,75.8500000000019,0.9999603281067755
7586,75.8600000000019,0.9999603429731273
7587,75.87000000000191,0.9999603578359226
7588,75.88000000000191,0.9999603726951621
7589,75.89000000000192,0.9999603875508462
7590,75.90000000000192,0.9999604024029752
7591,75.91000000000193,0.9999604172515499
7592,75.92000000000193,0.9999604320965705
7593,75.93000000000194,0.9999604469380377
7594,75.94000000000194,0.9999604617759519
7595,75.95000000000195,0.9999604766103135
7596,75.96000000000195,0.9999604914411231
7597,75.97000000000196,0.9999605062683812
7598,75.98000000000197,0.9999605210920882
7599,75.99000000000197,0.9999605359122448
7600,76.00000000000198,0.9999605507288511
7601,76.01000000000198,0.9999605655419079
7602,76.02000000000199,0.9999605803514157
7603,76.03000000000199,0.9999605951573747
7604,76.040000000002,0.9999606099597858
7605,76.050000000002,0.999960624758649
7606,76.060000000002,0.9999606395539652
7607,76.07000000000201,0.9999606543457347
7608,76.08000000000202,0.999960669133958
7609,76.09000000000202,0.9999606839186357
7610,76.10000000000203,0.9999606986997681
7611,76.11000000000203,0.9999607134773558
7612,76.12000000000204,0.9999607282513993
7613,76.13000000000204,0.999960743021899
7614,76.14000000000205,0.9999607577888554
7615,76.15000000000205,0.999960772552269
7616,76.16000000000206,0.9999607873121403
7617,76.17000000000206,0.9999608020684699
7618,76.18000000000207,0.9999608168212581
7619,76.19000000000207,0.9999608315705055
7620,76.20000000000208,0.9999608463162125
7621,76.21000000000208,0.9999608610583797
7622,76.22000000000209,0.9999608757970074
7623,76.2300000000021,0.9999608905320962
7624,76.2400000000021,0.9999609052636467
7625,76.2500000000021,0.9999609199916591
7626,76.26000000000211,0.9999609347161342
7627,76.27000000000211,0.9999609494370723
7628,76.28000000000212,0.9999609641544739
7629,76.29000000000212,0.9999609788683395
7630,76.30000000000213,0.9999609935786695
7631,76.31000000000213,0.9999610082854645
7632,76.32000000000214,0.999961022988725
7633,76.33000000000214,0.9999610376884515
7634,76.34000000000215,0.9999610523846443
7635,76.35000000000215,0.999961067077304
7636,76.36000000000216,0.9999610817664311
7637,76.37000000000216,0.9999610964520261
7638,76.38000000000217,0.9999611111340894
7639,76.39000000000217,0.9999611258126215
7640,76.40000000000218,0.999961140487623
7641,76.41000000000219,0.9999611551590942
7642,76.42000000000219,0.9999611698270358
7643,76.4300000000022,0.999961184491448
7644,76.4400000000022,0.9999611991523315
7645,76.4500000000022,0.9999612138096867
7646,76.46000000000221,0.9999612284635142
7647,76.47000000000222,0.9999612431138143
7648,76.48000000000222,0.9999612577605876
7649,76.49000000000223,0.9999612724038345
7650,76.50000000000223,0.9999612870435556
7651,76.51000000000224,0.9999613016797512
7652,76.52000000000224,0.9999613163124219
7653,76.53000000000225,0.9999613309415682
7654,76.54000000000225,0.9999613455671906
7655,76.55000000000226,0.9999613601892895
7656,76.56000000000226,0.9999613748078654
7657,76.57000000000227,0.9999613894229188
7658,76.58000000000227,0.9999614040344501
7659,76.59000000000228,0.9999614186424599
7660,76.60000000000228,0.9999614332469486
7661,76.61000000000229,0.9999614478479169
7662,76.62000000000229,0.9999614624453649
7663,76.6300000000023,0.9999614770392932
7664,76.6400000000023,0.9999614916297025
7665,76.65000000000231,0.999961506216593
7666,76.66000000000231,0.9999615207999654
7667,76.67000000000232,0.99996153537982
7668,76.68000000000232,0.9999615499561575
7669,76.69000000000233,0.9999615645289781
7670,76.70000000000233,0.9999615790982824
7671,76.71000000000234,0.999961593664071
7672,76.72000000000234,0.9999616082263443
7673,76.73000000000235,0.9999616227851027
7674,76.74000000000235,0.9999616373403467
7675,76.75000000000236,0.9999616518920769
7676,76.76000000000236,0.9999616664402936
7677,76.77000000000237,0.9999616809849974
7678,76.78000000000237,0.9999616955261887
7679,76.79000000000238,0.9999617100638681
7680,76.80000000000238,0.999961724598036
7681,76.81000000000239,0.9999617391286928
7682,76.8200000000024,0.9999617536558392
7683,76.8300000000024,0.9999617681794754
7684,76.8400000000024,0.999961782699602
7685,76.85000000000241,0.9999617972162195
7686,76.86000000000242,0.9999618117293284
7687,76.87000000000242,0.999961826238929
7688,76.88000000000243,0.999961840745022
7689,76.89000000000243,0.999961855247608
7690,76.90000000000244,0.999961869746687
7691,76.91000000000244,0.9999618842422597
7692,76.92000000000245,0.9999618987343268
7693,76.93000000000245,0.9999619132228885
7694,76.94000000000246,0.9999619277079455
7695,76.95000000000246,0.999961942189498
7696,76.96000000000247,0.9999619566675466
7697,76.97000000000247,0.999961971142092
7698,76.98000000000248,0.9999619856131342
7699,76.99000000000248,0.999962000080674
7700,77.00000000000249,0.999962014544712
7701,77.01000000000249,0.9999620290052483
7702,77.0200000000025,0.9999620434622837
7703,77.0300000000025,0.9999620579158185
7704,77.04000000000251,0.9999620723658532
7705,77.05000000000251,0.9999620868123883
7706,77.06000000000252,0.9999621012554243
7707,77.07000000000252,0.9999621156949616
7708,77.08000000000253,0.9999621301310008
7709,77.09000000000253,0.9999621445635422
7710,77.10000000000254,0.9999621589925863
7711,77.11000000000254,0.9999621734181338
7712,77.12000000000255,0.999962187840185
7713,77.13000000000255,0.9999622022587402
7714,77.14000000000256,0.9999622166738003
7715,77.15000000000256,0.9999622310853653
7716,77.16000000000257,0.999962245493436
7717,77.17000000000257,0.9999622598980128
7718,77.18000000000258,0.9999622742990961
7719,77.19000000000258,0.9999622886966865
7720,77.20000000000259,0.9999623030907844
7721,77.2100000000026,0.9999623174813902
7722,77.2200000000026,0.9999623318685044
7723,77.2300000000026,0.9999623462521275
7724,77.24000000000261,0.9999623606322601
7725,77.25000000000261,0.9999623750089025
7726,77.26000000000262,0.9999623893820552
7727,77.27000000000263,0.9999624037517187
7728,77.28000000000263,0.9999624181178935
7729,77.29000000000264,0.99996243248058
7730,77.30000000000264,0.9999624468397789
7731,77.31000000000265,0.9999624611954903
7732,77.32000000000265,0.9999624755477148
7733,77.33000000000266,0.9999624898964531
7734,77.34000000000266,0.9999625042417054
7735,77.35000000000267,0.9999625185834722
7736,77.36000000000267,0.9999625329217542
7737,77.37000000000268,0.9999625472565515
7738,77.38000000000268,0.999962561587865
7739,77.39000000000269,0.9999625759156948
7740,77.40000000000269,0.9999625902400416
7741,77.4100000000027,0.9999626045609058
7742,77.4200000000027,0.9999626188782877
7743,77.4300000000027,0.9999626331921881
7744,77.44000000000271,0.9999626475026073
7745,77.45000000000272,0.9999626618095457
7746,77.46000000000272,0.9999626761130038
7747,77.47000000000273,0.9999626904129822
7748,77.48000000000273,0.9999627047094813
7749,77.49000000000274,0.9999627190025014
7750,77.50000000000274,0.9999627332920433
7751,77.51000000000275,0.9999627475781072
7752,77.52000000000275,0.9999627618606937
7753,77.53000000000276,0.9999627761398031
7754,77.54000000000276,0.999962790415436
7755,77.55000000000277,0.999962804687593
7756,77.56000000000277,0.9999628189562744
7757,77.57000000000278,0.9999628332214805
7758,77.58000000000278,0.9999628474832122
7759,77.59000000000279,0.9999628617414695
7760,77.6000000000028,0.9999628759962533
7761,77.6100000000028,0.9999628902475638
7762,77.6200000000028,0.9999629044954016
7763,77.63000000000281,0.999962918739767
7764,77.64000000000281,0.9999629329806606
7765,77.65000000000282,0.9999629472180829
7766,77.66000000000282,0.9999629614520341
7767,77.67000000000283,0.9999629756825151
7768,77.68000000000283,0.999962989909526
7769,77.69000000000284,0.9999630041330675
7770,77.70000000000285,0.9999630183531399
7771,77.71000000000285,0.9999630325697438
7772,77.72000000000286,0.9999630467828795
7773,77.73000000000286,0.9999630609925477
7774,77.74000000000287,0.9999630751987487
7775,77.75000000000287,0.9999630894014829
7776,77.76000000000288,0.999963103600751
7777,77.77000000000288,0.9999631177965532
7778,77.78000000000289,0.9999631319888903
7779,77.79000000000289,0.9999631461777624
7780,77.8000000000029,0.9999631603631702
7781,77.8100000000029,0.9999631745451141
7782,77.8200000000029,0.9999631887235945
7783,77.83000000000291,0.999963202898612
7784,77.84000000000292,0.9999632170701669
7785,77.85000000000292,0.9999632312382598
7786,77.86000000000293,0.9999632454028912
7787,77.87000000000293,0.9999632595640614
7788,77.88000000000294,0.999963273721771
7789,77.89000000000294,0.9999632878760204
7790,77.90000000000295,0.99996330202681
7791,77.91000000000295,0.9999633161741405
7792,77.92000000000296,0.9999633303180121
7793,77.93000000000296,0.9999633444584254
7794,77.94000000000297,0.9999633585953808
7795,77.95000000000297,0.9999633727288788
7796,77.96000000000298,0.99996338685892
7797,77.97000000000298,0.9999634009855045
7798,77.98000000000299,0.9999634151086332
7799,77.990000000003,0.9999634292283062
7800,78.000000000003,0.9999634433445241
7801,78.010000000003,0.9999634574572875
7802,78.02000000000301,0.9999634715665967
7803,78.03000000000301,0.9999634856724523
7804,78.04000000000302,0.9999634997748545
7805,78.05000000000302,0.9999635138738041
7806,78.06000000000303,0.9999635279693013
7807,78.07000000000303,0.9999635420613466
7808,78.08000000000304,0.9999635561499406
7809,78.09000000000304,0.9999635702350836
7810,78.10000000000305,0.9999635843167763
7811,78.11000000000305,0.9999635983950189
7812,78.12000000000306,0.999963612469812
7813,78.13000000000306,0.999963626541156
7814,78.14000000000307,0.9999636406090514
7815,78.15000000000308,0.9999636546734987
7816,78.16000000000308,0.9999636687344982
7817,78.17000000000309,0.9999636827920505
7818,78.18000000000309,0.999963696846156
7819,78.1900000000031,0.9999637108968153
7820,78.2000000000031,0.9999637249440287
7821,78.2100000000031,0.9999637389877968
7822,78.22000000000311,0.9999637530281199
7823,78.23000000000312,0.9999637670649986
7824,78.24000000000312,0.9999637810984333
7825,78.25000000000313,0.9999637951284244
7826,78.26000000000313,0.9999638091549724
7827,78.27000000000314,0.9999638231780779
7828,78.28000000000314,0.9999638371977411
7829,78.29000000000315,0.9999638512139627
7830,78.30000000000315,0.999963865226743
7831,78.31000000000316,0.9999638792360825
7832,78.32000000000316,0.9999638932419818
7833,78.33000000000317,0.9999639072444411
7834,78.34000000000317,0.999963921243461
7835,78.35000000000318,0.999963935239042
7836,78.36000000000318,0.9999639492311846
7837,78.37000000000319,0.9999639632198891
7838,78.3800000000032,0.9999639772051561
7839,78.3900000000032,0.9999639911869859
7840,78.4000000000032,0.999964005165379
7841,78.41000000000321,0.9999640191403361
7842,78.42000000000321,0.9999640331118572
7843,78.43000000000322,0.9999640470799432
7844,78.44000000000322,0.9999640610445945
7845,78.45000000000323,0.9999640750058112
7846,78.46000000000323,0.9999640889635941
7847,78.47000000000324,0.9999641029179436
7848,78.48000000000324,0.9999641168688601
7849,78.49000000000325,0.999964130816344
7850,78.50000000000325,0.999964144760396
7851,78.51000000000326,0.9999641587010162
7852,78.52000000000326,0.9999641726382054
7853,78.53000000000327,0.9999641865719637
7854,78.54000000000327,0.999964200502292
7855,78.55000000000328,0.9999642144291904
7856,78.56000000000328,0.9999642283526594
7857,78.57000000000329,0.9999642422726996
7858,78.5800000000033,0.9999642561893115
7859,78.5900000000033,0.9999642701024953
7860,78.6000000000033,0.9999642840122517
7861,78.61000000000331,0.999964297918581
7862,78.62000000000332,0.9999643118214837
7863,78.63000000000332,0.9999643257209603
7864,78.64000000000333,0.9999643396170111
7865,78.65000000000333,0.9999643535096369
7866,78.66000000000334,0.9999643673988378
7867,78.67000000000334,0.9999643812846144
7868,78.68000000000335,0.9999643951669671
7869,78.69000000000335,0.9999644090458966
7870,78.70000000000336,0.999964422921403
7871,78.71000000000336,0.9999644367934869
7872,78.72000000000337,0.9999644506621488
7873,78.73000000000337,0.9999644645273891
7874,78.74000000000338,0.9999644783892083
7875,78.75000000000338,0.9999644922476069
7876,78.76000000000339,0.9999645061025851
7877,78.77000000000339,0.9999645199541437
7878,78.7800000000034,0.999964533802283
7879,78.7900000000034,0.9999645476470034
7880,78.80000000000341,0.9999645614883054
7881,78.81000000000341,0.9999645753261894
7882,78.82000000000342,0.999964589160656
7883,78.83000000000342,0.9999646029917056
7884,78.84000000000343,0.9999646168193386
7885,78.85000000000343,0.9999646306435555
7886,78.86000000000344,0.9999646444643566
7887,78.87000000000344,0.9999646582817425
7888,78.88000000000345,0.9999646720957137
7889,78.89000000000345,0.9999646859062706
7890,78.90000000000346,0.9999646997134136
7891,78.91000000000346,0.9999647135171432
7892,78.92000000000347,0.9999647273174599
7893,78.93000000000347,0.999964741114364
7894,78.94000000000348,0.9999647549078561
7895,78.95000000000348,0.9999647686979366
7896,78.96000000000349,0.999964782484606
7897,78.9700000000035,0.9999647962678646
7898,78.9800000000035,0.999964810047713
7899,78.9900000000035,0.9999648238241516
7900,79.00000000000351,0.9999648375971809
7901,79.01000000000352,0.9999648513668014
7902,79.02000000000352,0.9999648651330133
7903,79.03000000000353,0.9999648788958173
7904,79.04000000000353,0.9999648926552137
7905,79.05000000000354,0.9999649064112032
7906,79.06000000000354,0.9999649201637859
7907,79.07000000000355,0.9999649339129625
7908,79.08000000000355,0.9999649476587333
7909,79.09000000000356,0.9999649614010989
7910,79.10000000000356,0.9999649751400597
7911,79.11000000000357,0.999964988875616
7912,79.12000000000357,0.9999650026077685
7913,79.13000000000358,0.9999650163365176
7914,79.14000000000358,0.9999650300618635
7915,79.15000000000359,0.9999650437838069
7916,79.16000000000359,0.9999650575023482
7917,79.1700000000036,0.9999650712174878
7918,79.1800000000036,0.9999650849292262
7919,79.19000000000361,0.9999650986375638
7920,79.20000000000361,0.9999651123425011
7921,79.21000000000362,0.9999651260440385
7922,79.22000000000362,0.9999651397421765
7923,79.23000000000363,0.9999651534369155
7924,79.24000000000363,0.999965167128256
7925,79.25000000000364,0.9999651808161985
7926,79.26000000000364,0.9999651945007433
7927,79.27000000000365,0.9999652081818909
7928,79.28000000000365,0.9999652218596419
7929,79.29000000000366,0.9999652355339964
7930,79.30000000000366,0.9999652492049552
7931,79.31000000000367,0.9999652628725186
7932,79.32000000000367,0.9999652765366871
7933,79.33000000000368,0.9999652901974612
7934,79.34000000000368,0.9999653038548411
7935,79.35000000000369,0.9999653175088274
7936,79.3600000000037,0.9999653311594207
7937,79.3700000000037,0.9999653448066212
7938,79.3800000000037,0.9999653584504294
7939,79.39000000000371,0.999965372090846
7940,79.40000000000371,0.9999653857278711
7941,79.41000000000372,0.9999653993615053
7942,79.42000000000372,0.9999654129917491
7943,79.43000000000373,0.9999654266186029
7944,79.44000000000374,0.9999654402420671
7945,79.45000000000374,0.9999654538621422
7946,79.46000000000375,0.9999654674788286
7947,79.47000000000375,0.9999654810921269
7948,79.48000000000376,0.9999654947020373
7949,79.49000000000376,0.9999655083085605
7950,79.50000000000377,0.9999655219116966
7951,79.51000000000377,0.9999655355114464
7952,79.52000000000378,0.9999655491078102
7953,79.53000000000378,0.9999655627007885
7954,79.54000000000379,0.9999655762903816
7955,79.55000000000379,0.9999655898765902
7956,79.5600000000038,0.9999656034594145
7957,79.5700000000038,0.999965617038855
7958,79.5800000000038,0.9999656306149123
7959,79.59000000000381,0.9999656441875867
7960,79.60000000000382,0.9999656577568786
7961,79.61000000000382,0.9999656713227886
7962,79.62000000000383,0.999965684885317
7963,79.63000000000383,0.9999656984444644
7964,79.64000000000384,0.9999657120002311
7965,79.65000000000384,0.9999657255526176
7966,79.66000000000385,0.9999657391016243
7967,79.67000000000385,0.9999657526472518
7968,79.68000000000386,0.9999657661895004
7969,79.69000000000386,0.9999657797283705
7970,79.70000000000387,0.9999657932638628
7971,79.71000000000387,0.9999658067959775
7972,79.72000000000388,0.999965820324715
7973,79.73000000000388,0.999965833850076
7974,79.74000000000389,0.9999658473720607
7975,79.7500000000039,0.9999658608906696
7976,79.7600000000039,0.9999658744059033
7977,79.7700000000039,0.9999658879177622
7978,79.78000000000391,0.9999659014262465
7979,79.79000000000391,0.9999659149313569
7980,79.80000000000392,0.9999659284330938
7981,79.81000000000392,0.9999659419314576
7982,79.82000000000393,0.9999659554264486
7983,79.83000000000393,0.9999659689180675
7984,79.84000000000394,0.9999659824063147
7985,79.85000000000394,0.9999659958911905
7986,79.86000000000395,0.9999660093726954
7987,79.87000000000396,0.9999660228508299
7988,79.88000000000396,0.9999660363255944
7989,79.89000000000397,0.9999660497969894
7990,79.90000000000397,0.9999660632650152
7991,79.91000000000398,0.9999660767296724
7992,79.92000000000398,0.9999660901909613
7993,79.93000000000399,0.9999661036488825
7994,79.94000000000399,0.9999661171034363
7995,79.950000000004,0.9999661305546231
7996,79.960000000004,0.9999661440024437
7997,79.970000000004,0.9999661574468981
7998,79.98000000000401,0.9999661708879869
7999,79.99000000000402,0.9999661843257106
8000,80.00000000000402,0.9999661977600696
8001,80.01000000000403,0.9999662111910643
8002,80.02000000000403,0.9999662246186953
8003,80.03000000000404,0.9999662380429628
8004,80.04000000000404,0.9999662514638675
8005,80.05000000000405,0.9999662648814096
8006,80.06000000000405,0.9999662782955897
8007,80.07000000000406,0.9999662917064082
8008,80.08000000000406,0.9999663051138655
8009,80.09000000000407,0.999966318517962
8010,80.10000000000407,0.9999663319186983
8011,80.11000000000408,0.9999663453160748
8012,80.12000000000408,0.9999663587100918
8013,80.13000000000409,0.9999663721007498
8014,80.1400000000041,0.9999663854880494
8015,80.1500000000041,0.9999663988719908
8016,80.1600000000041,0.9999664122525745
8017,80.17000000000411,0.9999664256298011
8018,80.18000000000411,0.9999664390036709
8019,80.19000000000412,0.9999664523741842
8020,80.20000000000412,0.9999664657413418
8021,80.21000000000413,0.9999664791051439
8022,80.22000000000413,0.999966492465591
8023,80.23000000000414,0.9999665058226834
8024,80.24000000000414,0.9999665191764218
8025,80.25000000000415,0.9999665325268065
8026,80.26000000000415,0.9999665458738378
8027,80.27000000000416,0.9999665592175163
8028,80.28000000000416,0.9999665725578425
8029,80.29000000000417,0.9999665858948167
8030,80.30000000000418,0.9999665992284394
8031,80.31000000000418,0.999966612558711
8032,80.32000000000419,0.999966625885632
8033,80.33000000000419,0.9999666392092028
8034,80.3400000000042,0.9999666525294237
8035,80.3500000000042,0.9999666658462955
8036,80.3600000000042,0.9999666791598183
8037,80.37000000000421,0.9999666924699926
8038,80.38000000000422,0.9999667057768189
8039,80.39000000000422,0.9999667190802977
8040,80.40000000000423,0.9999667323804293
8041,80.41000000000423,0.9999667456772142
8042,80.42000000000424,0.9999667589706529
8043,80.43000000000424,0.9999667722607457
8044,80.44000000000425,0.9999667855474931
8045,80.45000000000425,0.9999667988308956
8046,80.46000000000426,0.9999668121109535
8047,80.47000000000426,0.9999668253876673
8048,80.48000000000427,0.9999668386610375
8049,80.49000000000427,0.9999668519310645
8050,80.50000000000428,0.9999668651977488
8051,80.51000000000428,0.9999668784610907
8052,80.52000000000429,0.9999668917210905
8053,80.53000000000429,0.9999669049777491
8054,80.5400000000043,0.9999669182310665
8055,80.5500000000043,0.9999669314810434
8056,80.56000000000431,0.9999669447276801
8057,80.57000000000431,0.999966957970977
8058,80.58000000000432,0.9999669712109347
8059,80.59000000000432,0.9999669844475535
8060,80.60000000000433,0.9999669976808339
8061,80.61000000000433,0.9999670109107763
8062,80.62000000000434,0.9999670241373811
8063,80.63000000000434,0.9999670373606488
8064,80.64000000000435,0.9999670505805799
8065,80.65000000000435,0.9999670637971746
8066,80.66000000000436,0.9999670770104336
8067,80.67000000000436,0.9999670902203571
8068,80.68000000000437,0.9999671034269458
8069,80.69000000000437,0.9999671166301999
8070,80.70000000000438,0.9999671298301199
8071,80.71000000000438,0.9999671430267063
8072,80.72000000000439,0.9999671562199595
8073,80.7300000000044,0.9999671694098798
8074,80.7400000000044,0.9999671825964678
8075,80.7500000000044,0.9999671957797239
8076,80.76000000000441,0.9999672089596485
8077,80.77000000000442,0.9999672221362421
8078,80.78000000000442,0.999967235309505
8079,80.79000000000443,0.9999672484794379
8080,80.80000000000443,0.9999672616460408
8081,80.81000000000444,0.9999672748093145
8082,80.82000000000444,0.9999672879692593
8083,80.83000000000445,0.9999673011258757
8084,80.84000000000445,0.999967314279164
8085,80.85000000000446,0.9999673274291248
8086,80.86000000000446,0.9999673405757583
8087,80.87000000000447,0.9999673537190652
8088,80.88000000000447,0.9999673668590457
8089,80.89000000000448,0.9999673799957004
8090,80.90000000000448,0.9999673931290297
8091,80.91000000000449,0.999967406259034
8092,80.92000000000449,0.9999674193857137
8093,80.9300000000045,0.9999674325090693
8094,80.9400000000045,0.9999674456291011
8095,80.95000000000451,0.9999674587458097
8096,80.96000000000451,0.9999674718591954
8097,80.97000000000452,0.9999674849692588
8098,80.98000000000452,0.9999674980760002
8099,80.99000000000453,0.99996751117942
8100,81.00000000000453,0.9999675242795186
8101,81.01000000000454,0.9999675373762966
8102,81.02000000000454,0.9999675504697543
8103,81.03000000000455,0.9999675635598922
8104,81.04000000000455,0.9999675766467108
8105,81.05000000000456,0.9999675897302103
8106,81.06000000000456,0.9999676028103912
8107,81.07000000000457,0.9999676158872541
8108,81.08000000000457,0.9999676289607994
8109,81.09000000000458,0.9999676420310273
8110,81.10000000000458,0.9999676550979385
8111,81.11000000000459,0.9999676681615333
8112,81.1200000000046,0.999967681221812
8113,81.1300000000046,0.9999676942787753
8114,81.1400000000046,0.9999677073324235
8115,81.15000000000461,0.9999677203827569
8116,81.16000000000462,0.9999677334297762
8117,81.17000000000462,0.9999677464734816
8118,81.18000000000463,0.9999677595138736
8119,81.19000000000463,0.9999677725509527
8120,81.20000000000464,0.9999677855847193
8121,81.21000000000464,0.9999677986151738
8122,81.22000000000465,0.9999678116423165
8123,81.23000000000465,0.9999678246661481
8124,81.24000000000466,0.9999678376866689
8125,81.25000000000466,0.9999678507038792
8126,81.26000000000467,0.9999678637177796
8127,81.27000000000467,0.9999678767283704
8128,81.28000000000468,0.9999678897356522
8129,81.29000000000468,0.9999679027396252
8130,81.30000000000469,0.9999679157402901
8131,81.31000000000469,0.9999679287376471
8132,81.3200000000047,0.9999679417316967
8133,81.3300000000047,0.9999679547224394
8134,81.34000000000471,0.9999679677098754
8135,81.35000000000471,0.9999679806940054
8136,81.36000000000472,0.9999679936748297
8137,81.37000000000472,0.9999680066523488
8138,81.38000000000473,0.999968019626563
8139,81.39000000000473,0.9999680325974728
8140,81.40000000000474,0.9999680455650787
8141,81.41000000000474,0.999968058529381
8142,81.42000000000475,0.9999680714903801
8143,81.43000000000475,0.9999680844480766
8144,81.44000000000476,0.9999680974024708
8145,81.45000000000476,0.9999681103535631
8146,81.46000000000477,0.9999681233013541
8147,81.47000000000477,0.999968136245844
8148,81.48000000000478,0.9999681491870334
8149,81.49000000000478,0.9999681621249226
8150,81.50000000000479,0.9999681750595121
8151,81.5100000000048,0.9999681879908023
8152,81.5200000000048,0.9999682009187937
8153,81.5300000000048,0.9999682138434866
8154,81.54000000000481,0.9999682267648814
8155,81.55000000000481,0.9999682396829787
8156,81.56000000000482,0.9999682525977789
8157,81.57000000000482,0.9999682655092822
8158,81.58000000000483,0.9999682784174893
8159,81.59000000000484,0.9999682913224005
8160,81.60000000000484,0.9999683042240162
8161,81.61000000000485,0.9999683171223368
8162,81.62000000000485,0.9999683300173628
8163,81.63000000000486,0.9999683429090948
8164,81.64000000000486,0.9999683557975328
8165,81.65000000000487,0.9999683686826776
8166,81.66000000000487,0.9999683815645294
8167,81.67000000000488,0.9999683944430887
8168,81.68000000000488,0.9999684073183559
8169,81.69000000000489,0.9999684201903315
8170,81.70000000000489,0.999968433059016
8171,81.7100000000049,0.9999684459244095
8172,81.7200000000049,0.9999684587865126
8173,81.7300000000049,0.9999684716453259
8174,81.74000000000491,0.9999684845008495
8175,81.75000000000492,0.9999684973530841
8176,81.76000000000492,0.99996851020203
8177,81.77000000000493,0.9999685230476877
8178,81.78000000000493,0.9999685358900574
8179,81.79000000000494,0.9999685487291398
8180,81.80000000000494,0.9999685615649352
8181,81.81000000000495,0.999968574397444
8182,81.82000000000495,0.9999685872266666
8183,81.83000000000496,0.9999686000526036
8184,81.84000000000496,0.9999686128752552
8185,81.85000000000497,0.9999686256946219
8186,81.86000000000497,0.999968638510704
8187,81.87000000000498,0.9999686513235023
8188,81.88000000000498,0.9999686641330169
8189,81.89000000000499,0.9999686769392483
8190,81.900000000005,0.9999686897421969
8191,81.910000000005,0.9999687025418632
8192,81.920000000005,0.9999687153382475
8193,81.93000000000501,0.9999687281313503
8194,81.94000000000501,0.999968740921172
8195,81.95000000000502,0.9999687537077131
8196,81.96000000000502,0.9999687664909739
8197,81.97000000000503,0.999968779270955
8198,81.98000000000503,0.9999687920476564
8199,81.99000000000504,0.9999688048210791
8200,82.00000000000504,0.999968817591223
8201,82.01000000000505,0.9999688303580889
8202,82.02000000000506,0.9999688431216771
8203,82.03000000000506,0.9999688558819879
8204,82.04000000000507,0.9999688686390219
8205,82.05000000000507,0.9999688813927794
8206,82.06000000000508,0.9999688941432608
8207,82.07000000000508,0.9999689068904667
8208,82.08000000000509,0.9999689196343973
8209,82.09000000000509,0.9999689323750531
8210,82.1000000000051,0.9999689451124346
8211,82.1100000000051,0.9999689578465422
8212,82.1200000000051,0.9999689705773761
8213,82.13000000000511,0.999968983304937
8214,82.14000000000512,0.9999689960292252
8215,82.15000000000512,0.9999690087502411
8216,82.16000000000513,0.9999690214679852
8217,82.17000000000513,0.9999690341824579
8218,82.18000000000514,0.9999690468936595
8219,82.19000000000514,0.9999690596015905
8220,82.20000000000515,0.9999690723062514
8221,82.21000000000515,0.9999690850076425
8222,82.22000000000516,0.9999690977057643
8223,82.23000000000516,0.9999691104006172
8224,82.24000000000517,0.9999691230922015
8225,82.25000000000517,0.9999691357805178
8226,82.26000000000518,0.9999691484655664
8227,82.27000000000518,0.9999691611473478
8228,82.28000000000519,0.9999691738258623
8229,82.2900000000052,0.9999691865011104
8230,82.3000000000052,0.9999691991730926
8231,82.3100000000052,0.9999692118418091
8232,82.32000000000521,0.9999692245072604
8233,82.33000000000521,0.9999692371694471
8234,82.34000000000522,0.9999692498283694
8235,82.35000000000522,0.9999692624840278
8236,82.36000000000523,0.9999692751364228
8237,82.37000000000523,0.9999692877855547
8238,82.38000000000524,0.9999693004314238
8239,82.39000000000524,0.9999693130740308
8240,82.40000000000525,0.9999693257133759
8241,82.41000000000525,0.9999693383494597
8242,82.42000000000526,0.9999693509822825
8243,82.43000000000526,0.9999693636118446
8244,82.44000000000527,0.9999693762381466
8245,82.45000000000528,0.9999693888611889
8246,82.46000000000528,0.9999694014809719
8247,82.47000000000529,0.999969414097496
8248,82.48000000000529,0.9999694267107615
8249,82.4900000000053,0.999969439320769
8250,82.5000000000053,0.9999694519275187
8251,82.5100000000053,0.9999694645310113
8252,82.52000000000531,0.9999694771312471
8253,82.53000000000532,0.9999694897282264
8254,82.54000000000532,0.9999695023219497
8255,82.55000000000533,0.9999695149124175
8256,82.56000000000533,0.99996952749963
8257,82.57000000000534,0.9999695400835878
8258,82.58000000000534,0.9999695526642913
8259,82.59000000000535,0.9999695652417409
8260,82.60000000000535,0.999969577815937
8261,82.61000000000536,0.9999695903868799
8262,82.62000000000536,0.9999696029545702
8263,82.63000000000537,0.9999696155190082
8264,82.64000000000537,0.9999696280801943
8265,82.65000000000538,0.9999696406381291
8266,82.66000000000538,0.9999696531928127
8267,82.67000000000539,0.9999696657442458
8268,82.68000000000539,0.9999696782924288
8269,82.6900000000054,0.9999696908373619
8270,82.7000000000054,0.9999697033790457
8271,82.71000000000541,0.9999697159174804
8272,82.72000000000541,0.9999697284526667
8273,82.73000000000542,0.9999697409846049
8274,82.74000000000542,0.9999697535132953
8275,82.75000000000543,0.9999697660387384
8276,82.76000000000543,0.9999697785609346
8277,82.77000000000544,0.9999697910798844
8278,82.78000000000544,0.9999698035955881
8279,82.79000000000545,0.9999698161080461
8280,82.80000000000545,0.999969828617259
8281,82.81000000000546,0.9999698411232271
8282,82.82000000000546,0.9999698536259506
8283,82.83000000000547,0.9999698661254303
8284,82.84000000000547,0.9999698786216662
8285,82.85000000000548,0.9999698911146591
8286,82.86000000000548,0.9999699036044092
8287,82.87000000000549,0.9999699160909169
8288,82.8800000000055,0.9999699285741828
8289,82.8900000000055,0.999969941054207
8290,82.9000000000055,0.9999699535309902
8291,82.91000000000551,0.9999699660045327
8292,82.92000000000552,0.9999699784748349
8293,82.93000000000552,0.9999699909418972
8294,82.94000000000553,0.9999700034057201
8295,82.95000000000553,0.9999700158663039
8296,82.96000000000554,0.999970028323649
8297,82.97000000000554,0.999970040777756
8298,82.98000000000555,0.9999700532286251
8299,82.99000000000555,0.9999700656762568
8300,83.00000000000556,0.9999700781206515
8301,83.01000000000556,0.9999700905618096
8302,83.02000000000557,0.9999701029997315
8303,83.03000000000557,0.9999701154344177
8304,83.04000000000558,0.9999701278658686
8305,83.05000000000558,0.9999701402940845
8306,83.06000000000559,0.9999701527190658
8307,83.07000000000559,0.999970165140813
8308,83.0800000000056,0.9999701775593266
8309,83.0900000000056,0.9999701899746067
8310,83.10000000000561,0.9999702023866541
8311,83.11000000000561,0.9999702147954689
8312,83.12000000000562,0.9999702272010517
8313,83.13000000000562,0.9999702396034028
8314,83.14000000000563,0.9999702520025227
8315,83.15000000000563,0.9999702643984116
8316,83.16000000000564,0.9999702767910702
8317,83.17000000000564,0.9999702891804988
8318,83.18000000000565,0.9999703015666978
8319,83.19000000000565,0.9999703139496675
8320,83.20000000000566,0.9999703263294084
8321,83.21000000000566,0.9999703387059209
8322,83.22000000000567,0.9999703510792055
8323,83.23000000000567,0.9999703634492625
8324,83.24000000000568,0.9999703758160923
8325,83.25000000000568,0.9999703881796954
8326,83.26000000000569,0.9999704005400721
8327,83.2700000000057,0.9999704128972229
8328,83.2800000000057,0.9999704252511482
8329,83.2900000000057,0.9999704376018483
8330,83.30000000000571,0.9999704499493238
8331,83.31000000000572,0.9999704622935749
8332,83.32000000000572,0.9999704746346021
8333,83.33000000000573,0.9999704869724059
8334,83.34000000000573,0.9999704993069866
8335,83.35000000000574,0.9999705116383445
8336,83.36000000000574,0.9999705239664802
8337,83.37000000000575,0.9999705362913941
8338,83.38000000000575,0.9999705486130865
8339,83.39000000000576,0.9999705609315579
8340,83.40000000000576,0.9999705732468087
8341,83.41000000000577,0.9999705855588392
8342,83.42000000000577,0.9999705978676499
8343,83.43000000000578,0.9999706101732412
8344,83.44000000000578,0.9999706224756134
8345,83.45000000000579,0.9999706347747671
8346,83.46000000000579,0.9999706470707026
8347,83.4700000000058,0.9999706593634202
8348,83.4800000000058,0.9999706716529205
8349,83.49000000000581,0.9999706839392039
8350,83.50000000000581,0.9999706962222706
8351,83.51000000000582,0.9999707085021212
8352,83.52000000000582,0.999970720778756
8353,83.53000000000583,0.9999707330521755
8354,83.54000000000583,0.9999707453223801
8355,83.55000000000584,0.99997075758937
8356,83.56000000000584,0.9999707698531459
8357,83.57000000000585,0.9999707821137082
8358,83.58000000000585,0.999970794371057
8359,83.59000000000586,0.9999708066251928
8360,83.60000000000586,0.9999708188761162
8361,83.61000000000587,0.9999708311238275
8362,83.62000000000587,0.9999708433683271
8363,83.63000000000588,0.9999708556096154
8364,83.64000000000588,0.9999708678476927
8365,83.65000000000589,0.9999708800825596
8366,83.6600000000059,0.9999708923142165
8367,83.6700000000059,0.9999709045426637
8368,83.6800000000059,0.9999709167679015
8369,83.69000000000591,0.9999709289899306
8370,83.70000000000591,0.9999709412087511
8371,83.71000000000592,0.9999709534243636
8372,83.72000000000592,0.9999709656367683
8373,83.73000000000593,0.999970977845966
8374,83.74000000000594,0.9999709900519567
8375,83.75000000000594,0.999971002254741
8376,83.76000000000595,0.9999710144543192
8377,83.77000000000595,0.9999710266506919
8378,83.78000000000596,0.9999710388438593
8379,83.79000000000596,0.9999710510338218
8380,83.80000000000597,0.9999710632205799
8381,83.81000000000597,0.9999710754041341
8382,83.82000000000598,0.9999710875844846
8383,83.83000000000598,0.9999710997616319
8384,83.84000000000599,0.9999711119355763
8385,83.85000000000599,0.9999711241063184
8386,83.860000000006,0.9999711362738585
8387,83.870000000006,0.9999711484381969
8388,83.880000000006,0.9999711605993341
8389,83.89000000000601,0.9999711727572707
8390,83.90000000000602,0.9999711849120066
8391,83.91000000000602,0.9999711970635428
8392,83.92000000000603,0.9999712092118792
8393,83.93000000000603,0.9999712213570165
8394,83.94000000000604,0.999971233498955
8395,83.95000000000604,0.9999712456376951
8396,83.96000000000605,0.9999712577732373
8397,83.97000000000605,0.9999712699055818
8398,83.98000000000606,0.9999712820347293
8399,83.99000000000606,0.9999712941606799
8400,84.00000000000607,0.9999713062834341
8401,84.01000000000607,0.9999713184029924
8402,84.02000000000608,0.999971330519355
8403,84.03000000000608,0.9999713426325226
8404,84.04000000000609,0.9999713547424953
8405,84.0500000000061,0.9999713668492738
8406,84.0600000000061,0.9999713789528581
8407,84.0700000000061,0.9999713910532491
8408,84.08000000000611,0.9999714031504467
8409,84.09000000000611,0.9999714152444517
8410,84.10000000000612,0.9999714273352642
8411,84.11000000000612,0.9999714394228848
8412,84.12000000000613,0.9999714515073139
8413,84.13000000000613,0.9999714635885518
8414,84.14000000000614,0.9999714756665989
8415,84.15000000000614,0.9999714877414557
8416,84.16000000000615,0.9999714998131225
8417,84.17000000000616,0.9999715118815997
8418,84.18000000000616,0.9999715239468878
8419,84.19000000000617,0.9999715360089871
8420,84.20000000000617,0.9999715480678981
8421,84.21000000000618,0.9999715601236211
8422,84.22000000000618,0.9999715721761566
8423,84.23000000000619,0.9999715842255049
8424,84.24000000000619,0.9999715962716664
8425,84.2500000000062,0.9999716083146416
8426,84.2600000000062,0.9999716203544308
8427,84.2700000000062,0.9999716323910344
8428,84.28000000000621,0.9999716444244529
8429,84.29000000000622,0.9999716564546867
8430,84.30000000000622,0.9999716684817359
8431,84.31000000000623,0.9999716805056014
8432,84.32000000000623,0.9999716925262832
8433,84.33000000000624,0.9999717045437818
8434,84.34000000000624,0.9999717165580977
8435,84.35000000000625,0.9999717285692311
8436,84.36000000000625,0.9999717405771826
8437,84.37000000000626,0.9999717525819526
8438,84.38000000000626,0.9999717645835414
8439,84.39000000000627,0.9999717765819494
8440,84.40000000000627,0.999971788577177
8441,84.41000000000628,0.9999718005692246
8442,84.42000000000628,0.9999718125580926
8443,84.43000000000629,0.9999718245437814
8444,84.4400000000063,0.9999718365262915
8445,84.4500000000063,0.9999718485056232
8446,84.4600000000063,0.9999718604817769
8447,84.47000000000631,0.9999718724547529
8448,84.48000000000631,0.9999718844245518
8449,84.49000000000632,0.9999718963911739
8450,84.50000000000632,0.9999719083546196
8451,84.51000000000633,0.9999719203148891
8452,84.52000000000633,0.9999719322719832
8453,84.53000000000634,0.9999719442259021
8454,84.54000000000634,0.999971956176646
8455,84.55000000000635,0.9999719681242156
8456,84.56000000000635,0.9999719800686112
8457,84.57000000000636,0.9999719920098331
8458,84.58000000000636,0.9999720039478818
8459,84.59000000000637,0.9999720158827576
8460,84.60000000000637,0.999972027814461
8461,84.61000000000638,0.9999720397429924
8462,84.62000000000639,0.9999720516683522
8463,84.63000000000639,0.9999720635905407
8464,84.6400000000064,0.9999720755095582
8465,84.6500000000064,0.9999720874254054
8466,84.6600000000064,0.9999720993380825
8467,84.67000000000641,0.99997211124759
8468,84.68000000000642,0.9999721231539281
8469,84.69000000000642,0.9999721350570974
8470,84.70000000000643,0.9999721469570982
8471,84.71000000000643,0.9999721588539309
8472,84.72000000000644,0.9999721707475959
8473,84.73000000000644,0.9999721826380936
8474,84.74000000000645,0.9999721945254245
8475,84.75000000000645,0.9999722064095888
8476,84.76000000000646,0.999972218290587
8477,84.77000000000646,0.9999722301684195
8478,84.78000000000647,0.9999722420430867
8479,84.79000000000647,0.9999722539145889
8480,84.80000000000648,0.9999722657829265
8481,84.81000000000648,0.9999722776481001
8482,84.82000000000649,0.99997228951011
8483,84.83000000000649,0.9999723013689564
8484,84.8400000000065,0.99997231322464
8485,84.8500000000065,0.9999723250771609
8486,84.86000000000651,0.9999723369265197
8487,84.87000000000651,0.9999723487727167
8488,84.88000000000652,0.9999723606157523
8489,84.89000000000652,0.999972372455627
8490,84.90000000000653,0.999972384292341
8491,84.91000000000653,0.9999723961258948
8492,84.92000000000654,0.9999724079562888
8493,84.93000000000654,0.9999724197835235
8494,84.94000000000655,0.9999724316075991
8495,84.95000000000655,0.9999724434285161
8496,84.96000000000656,0.9999724552462749
8497,84.97000000000656,0.9999724670608757
8498,84.98000000000657,0.9999724788723192
8499,84.99000000000657,0.9999724906806056
8500,85.00000000000658,0.9999725024857353
8501,85.01000000000658,0.9999725142877088
8502,85.02000000000659,0.9999725260865264
8503,85.0300000000066,0.9999725378821885
8504,85.0400000000066,0.9999725496746955
8505,85.0500000000066,0.9999725614640479
8506,85.06000000000661,0.9999725732502459
8507,85.07000000000662,0.99997258503329
8508,85.08000000000662,0.9999725968131805
8509,85.09000000000663,0.999972608589918
8510,85.10000000000663,0.9999726203635027
8511,85.11000000000664,0.9999726321339351
8512,85.12000000000664,0.9999726439012154
8513,85.13000000000665,0.9999726556653442
8514,85.14000000000665,0.999972667426322
8515,85.15000000000666,0.9999726791841488
8516,85.16000000000666,0.9999726909388252
8517,85.17000000000667,0.9999727026903518
8518,85.18000000000667,0.9999727144387286
8519,85.19000000000668,0.9999727261839563
8520,85.20000000000668,0.9999727379260351
8521,85.21000000000669,0.9999727496649655
8522,85.22000000000669,0.9999727614007479
8523,85.2300000000067,0.9999727731333826
8524,85.2400000000067,0.99997278486287
8525,85.25000000000671,0.9999727965892106
8526,85.26000000000671,0.9999728083124046
8527,85.27000000000672,0.9999728200324527
8528,85.28000000000672,0.9999728317493549
8529,85.29000000000673,0.999972843463112
8530,85.30000000000673,0.999972855173724
8531,85.31000000000674,0.9999728668811916
8532,85.32000000000674,0.9999728785855149
8533,85.33000000000675,0.9999728902866946
8534,85.34000000000675,0.9999729019847309
8535,85.35000000000676,0.9999729136796242
8536,85.36000000000676,0.9999729253713748
8537,85.37000000000677,0.9999729370599834
8538,85.38000000000677,0.9999729487454501
8539,85.39000000000678,0.9999729604277754
8540,85.40000000000678,0.9999729721069597
8541,85.41000000000679,0.9999729837830034
8542,85.4200000000068,0.9999729954559068
8543,85.4300000000068,0.9999730071256703
8544,85.4400000000068,0.9999730187922944
8545,85.45000000000681,0.9999730304557793
8546,85.46000000000681,0.9999730421161257
8547,85.47000000000682,0.9999730537733337
8548,85.48000000000683,0.9999730654274037
8549,85.49000000000683,0.9999730770783363
8550,85.50000000000684,0.9999730887261317
8551,85.51000000000684,0.9999731003707903
8552,85.52000000000685,0.9999731120123128
8553,85.53000000000685,0.999973123650699
8554,85.54000000000686,0.9999731352859498
8555,85.55000000000686,0.9999731469180654
8556,85.56000000000687,0.9999731585470462
8557,85.57000000000687,0.9999731701728924
8558,85.58000000000688,0.9999731817956048
8559,85.59000000000688,0.9999731934151834
8560,85.60000000000689,0.9999732050316288
8561,85.61000000000689,0.9999732166449413
8562,85.6200000000069,0.9999732282551214
8563,85.6300000000069,0.9999732398621693
8564,85.6400000000069,0.9999732514660855
8565,85.65000000000691,0.9999732630668704
8566,85.66000000000692,0.9999732746645245
8567,85.67000000000692,0.9999732862590478
8568,85.68000000000693,0.9999732978504411
8569,85.69000000000693,0.9999733094387047
8570,85.70000000000694,0.9999733210238387
8571,85.71000000000694,0.9999733326058439
8572,85.72000000000695,0.9999733441847203
8573,85.73000000000695,0.9999733557604686
8574,85.74000000000696,0.9999733673330891
8575,85.75000000000696,0.999973378902582
8576,85.76000000000697,0.9999733904689478
8577,85.77000000000697,0.9999734020321871
8578,85.78000000000698,0.9999734135923
8579,85.79000000000698,0.999973425149287
8580,85.80000000000699,0.9999734367031485
8581,85.810000000007,0.9999734482538848
8582,85.820000000007,0.9999734598014964
8583,85.830000000007,0.9999734713459836
8584,85.84000000000701,0.9999734828873469
8585,85.85000000000701,0.9999734944255865
8586,85.86000000000702,0.9999735059607029
8587,85.87000000000702,0.9999735174926965
8588,85.88000000000703,0.9999735290215677
8589,85.89000000000703,0.9999735405473168
8590,85.90000000000704,0.9999735520699442
8591,85.91000000000705,0.9999735635894503
8592,85.92000000000705,0.9999735751058355
8593,85.93000000000706,0.9999735866191003
8594,85.94000000000706,0.9999735981292448
8595,85.95000000000707,0.9999736096362697
8596,85.96000000000707,0.9999736211401752
8597,85.97000000000708,0.9999736326409616
8598,85.98000000000708,0.9999736441386295
8599,85.99000000000709,0.9999736556331792
8600,86.00000000000709,0.9999736671246111
8601,86.0100000000071,0.9999736786129255
8602,86.0200000000071,0.9999736900981229
8603,86.0300000000071,0.9999737015802035
8604,86.04000000000711,0.9999737130591679
8605,86.05000000000712,0.9999737245350163
8606,86.06000000000712,0.9999737360077493
8607,86.07000000000713,0.9999737474773671
8608,86.08000000000713,0.9999737589438702
8609,86.09000000000714,0.9999737704072589
8610,86.10000000000714,0.9999737818675336
8611,86.11000000000715,0.9999737933246946
8612,86.12000000000715,0.9999738047787425
8613,86.13000000000716,0.9999738162296775
8614,86.14000000000716,0.9999738276775001
8615,86.15000000000717,0.9999738391222106
8616,86.16000000000717,0.9999738505638094
8617,86.17000000000718,0.9999738620022969
8618,86.18000000000718,0.9999738734376734
8619,86.19000000000719,0.9999738848699394
8620,86.2000000000072,0.9999738962990953
8621,86.2100000000072,0.9999739077251413
8622,86.2200000000072,0.999973919148078
8623,86.23000000000721,0.9999739305679056
8624,86.24000000000721,0.9999739419846246
8625,86.25000000000722,0.9999739533982355
8626,86.26000000000722,0.9999739648087383
8627,86.27000000000723,0.9999739762161337
8628,86.28000000000723,0.9999739876204221
8629,86.29000000000724,0.9999739990216037
8630,86.30000000000724,0.9999740104196789
8631,86.31000000000725,0.9999740218146481
8632,86.32000000000725,0.9999740332065119
8633,86.33000000000726,0.9999740445952704
8634,86.34000000000727,0.999974055980924
8635,86.35000000000727,0.9999740673634733
8636,86.36000000000728,0.9999740787429184
8637,86.37000000000728,0.99997409011926
8638,86.38000000000729,0.9999741014924982
8639,86.39000000000729,0.9999741128626335
8640,86.4000000000073,0.9999741242296664
8641,86.4100000000073,0.9999741355935969
8642,86.4200000000073,0.9999741469544258
8643,86.43000000000731,0.9999741583121533
8644,86.44000000000732,0.9999741696667798
8645,86.45000000000732,0.9999741810183056
8646,86.46000000000733,0.9999741923667311
8647,86.47000000000733,0.9999742037120569
8648,86.48000000000734,0.9999742150542831
8649,86.49000000000734,0.9999742263934103
8650,86.50000000000735,0.9999742377294386
8651,86.51000000000735,0.9999742490623686
8652,86.52000000000736,0.9999742603922007
8653,86.53000000000736,0.9999742717189353
8654,86.54000000000737,0.9999742830425725
8655,86.55000000000737,0.9999742943631129
8656,86.56000000000738,0.999974305680557
8657,86.57000000000738,0.9999743169949049
8658,86.58000000000739,0.9999743283061572
8659,86.5900000000074,0.999974339614314
8660,86.6000000000074,0.999974350919376
8661,86.6100000000074,0.9999743622213435
8662,86.62000000000741,0.9999743735202168
8663,86.63000000000741,0.9999743848159962
8664,86.64000000000742,0.9999743961086823
8665,86.65000000000742,0.9999744073982753
8666,86.66000000000743,0.9999744186847757
8667,86.67000000000743,0.9999744299681838
8668,86.68000000000744,0.9999744412484999
8669,86.69000000000744,0.9999744525257245
8670,86.70000000000745,0.999974463799858
8671,86.71000000000745,0.9999744750709008
8672,86.72000000000746,0.9999744863388531
8673,86.73000000000746,0.9999744976037154
8674,86.74000000000747,0.9999745088654881
8675,86.75000000000747,0.9999745201241715
8676,86.76000000000748,0.9999745313797661
8677,86.77000000000749,0.9999745426322721
8678,86.78000000000749,0.9999745538816901
8679,86.7900000000075,0.9999745651280203
8680,86.8000000000075,0.9999745763712631
8681,86.8100000000075,0.9999745876114189
8682,86.82000000000751,0.9999745988484882
8683,86.83000000000752,0.9999746100824711
8684,86.84000000000752,0.9999746213133682
8685,86.85000000000753,0.9999746325411798
8686,86.86000000000753,0.9999746437659064
8687,86.87000000000754,0.9999746549875482
8688,86.88000000000754,0.9999746662061056
8689,86.89000000000755,0.9999746774215791
8690,86.90000000000755,0.999974688633969
8691,86.91000000000756,0.9999746998432757
8692,86.92000000000756,0.9999747110494995
8693,86.93000000000757,0.9999747222526408
8694,86.94000000000757,0.9999747334527
8695,86.95000000000758,0.9999747446496776
8696,86.96000000000758,0.9999747558435739
8697,86.97000000000759,0.999974767034389
8698,86.98000000000759,0.9999747782221237
8699,86.9900000000076,0.9999747894067782
8700,87.0000000000076,0.9999748005883528
8701,87.01000000000761,0.9999748117668479
8702,87.02000000000761,0.9999748229422639
8703,87.03000000000762,0.9999748341146013
8704,87.04000000000762,0.9999748452838603
8705,87.05000000000763,0.9999748564500414
8706,87.06000000000763,0.9999748676131449
8707,87.07000000000764,0.9999748787731711
8708,87.08000000000764,0.9999748899301205
8709,87.09000000000765,0.9999749010839936
8710,87.10000000000765,0.9999749122347904
8711,87.11000000000766,0.9999749233825116
8712,87.12000000000766,0.9999749345271575
8713,87.13000000000767,0.9999749456687285
8714,87.14000000000767,0.9999749568072247
8715,87.15000000000768,0.9999749679426468
8716,87.16000000000768,0.9999749790749951
8717,87.17000000000769,0.9999749902042699
8718,87.1800000000077,0.9999750013304717
8719,87.1900000000077,0.9999750124536008
8720,87.2000000000077,0.9999750235736574
8721,87.21000000000771,0.9999750346906422
8722,87.22000000000772,0.9999750458045553
8723,87.23000000000772,0.9999750569153972
8724,87.24000000000773,0.9999750680231684
8725,87.25000000000773,0.999975079127869
8726,87.26000000000774,0.9999750902294995
8727,87.27000000000774,0.9999751013280603
8728,87.28000000000775,0.9999751124235517
8729,87.29000000000775,0.9999751235159743
8730,87.30000000000776,0.9999751346053282
8731,87.31000000000776,0.9999751456916138
8732,87.32000000000777,0.9999751567748317
8733,87.33000000000777,0.9999751678549821
8734,87.34000000000778,0.9999751789320653
8735,87.35000000000778,0.9999751900060818
8736,87.36000000000779,0.999975201077032
8737,87.37000000000779,0.9999752121449161
8738,87.3800000000078,0.9999752232097346
8739,87.3900000000078,0.9999752342714879
8740,87.40000000000781,0.9999752453301765
8741,87.41000000000781,0.9999752563858004
8742,87.42000000000782,0.9999752674383602
8743,87.43000000000782,0.9999752784878563
8744,87.44000000000783,0.999975289534289
8745,87.45000000000783,0.9999753005776587
8746,87.46000000000784,0.9999753116179657
8747,87.47000000000784,0.9999753226552105
8748,87.48000000000785,0.9999753336893935
8749,87.49000000000785,0.9999753447205149
8750,87.50000000000786,0.9999753557485751
8751,87.51000000000786,0.9999753667735746
8752,87.52000000000787,0.9999753777955136
8753,87.53000000000787,0.9999753888143926
8754,87.54000000000788,0.999975399830212
8755,87.55000000000788,0.9999754108429721
8756,87.56000000000789,0.9999754218526733
8757,87.5700000000079,0.9999754328593159
8758,87.5800000000079,0.9999754438629004
8759,87.5900000000079,0.9999754548634271
8760,87.60000000000791,0.9999754658608963
8761,87.61000000000791,0.9999754768553084
8762,87.62000000000792,0.9999754878466639
8763,87.63000000000793,0.9999754988349631
8764,87.64000000000793,0.9999755098202062
8765,87.65000000000794,0.9999755208023938
8766,87.66000000000794,0.9999755317815263
8767,87.67000000000795,0.9999755427576039
8768,87.68000000000795,0.999975553730627
8769,87.69000000000796,0.999975564700596
8770,87.70000000000796,0.9999755756675113
8771,87.71000000000797,0.9999755866313732
8772,87.72000000000797,0.9999755975921821
8773,87.73000000000798,0.9999756085499385
8774,87.74000000000798,0.9999756195046425
8775,87.75000000000799,0.9999756304562948
8776,87.76000000000799,0.9999756414048955
8777,87.770000000008,0.999975652350445
8778,87.780000000008,0.9999756632929439
8779,87.790000000008,0.9999756742323923
8780,87.80000000000801,0.9999756851687907
8781,87.81000000000802,0.9999756961021393
8782,87.82000000000802,0.9999757070324388
8783,87.83000000000803,0.9999757179596893
8784,87.84000000000803,0.9999757288838913
8785,87.85000000000804,0.9999757398050451
8786,87.86000000000804,0.999975750723151
8787,87.87000000000805,0.9999757616382096
8788,87.88000000000805,0.999975772550221
8789,87.89000000000806,0.9999757834591857
8790,87.90000000000806,0.9999757943651041
8791,87.91000000000807,0.9999758052679766
8792,87.92000000000807,0.9999758161678034
8793,87.93000000000808,0.999975827064585
8794,87.94000000000808,0.9999758379583217
8795,87.95000000000809,0.9999758488490139
8796,87.9600000000081,0.999975859736662
8797,87.9700000000081,0.9999758706212665
8798,87.9800000000081,0.9999758815028275
8799,87.99000000000811,0.9999758923813453
8800,88.00000000000811,0.9999759032568206
8801,88.01000000000812,0.9999759141292537
8802,88.02000000000812,0.9999759249986447
8803,88.03000000000813,0.9999759358649942
8804,88.04000000000813,0.9999759467283026
8805,88.05000000000814,0.9999759575885702
8806,88.06000000000815,0.9999759684457972
8807,88.07000000000815,0.9999759792999842
8808,88.08000000000816,0.9999759901511315
8809,88.09000000000816,0.9999760009992394
8810,88.10000000000817,0.9999760118443084
8811,88.11000000000817,0.9999760226863387
8812,88.12000000000818,0.9999760335253308
8813,88.13000000000818,0.9999760443612851
8814,88.14000000000819,0.9999760551942017
8815,88.15000000000819,0.9999760660240813
8816,88.1600000000082,0.999976076850924
8817,88.1700000000082,0.9999760876747305
8818,88.1800000000082,0.9999760984955007
8819,88.19000000000821,0.9999761093132354
8820,88.20000000000822,0.9999761201279347
8821,88.21000000000822,0.9999761309395991
8822,88.22000000000823,0.9999761417482289
8823,88.23000000000823,0.9999761525538244
8824,88.24000000000824,0.9999761633563862
8825,88.25000000000824,0.9999761741559144
8826,88.26000000000825,0.9999761849524096
8827,88.27000000000825,0.9999761957458719
8828,88.28000000000826,0.9999762065363019
8829,88.29000000000826,0.9999762173236999
8830,88.30000000000827,0.9999762281080663
8831,88.31000000000827,0.9999762388894013
8832,88.32000000000828,0.9999762496677054
8833,88.33000000000828,0.9999762604429789
8834,88.34000000000829,0.9999762712152224
8835,88.3500000000083,0.9999762819844359
8836,88.3600000000083,0.9999762927506199
8837,88.3700000000083,0.9999763035137749
8838,88.38000000000831,0.9999763142739011
8839,88.39000000000831,0.999976325030999
8840,88.40000000000832,0.999976335785069
8841,88.41000000000832,0.9999763465361111
8842,88.42000000000833,0.9999763572841261
8843,88.43000000000833,0.9999763680291142
8844,88.44000000000834,0.9999763787710757
8845,88.45000000000834,0.999976389510011
8846,88.46000000000835,0.9999764002459205
8847,88.47000000000835,0.9999764109788045
8848,88.48000000000836,0.9999764217086635
8849,88.49000000000837,0.9999764324354978
8850,88.50000000000837,0.9999764431593077
8851,88.51000000000838,0.9999764538800936
8852,88.52000000000838,0.9999764645978558
8853,88.53000000000839,0.9999764753125948
8854,88.54000000000839,0.9999764860243109
8855,88.5500000000084,0.9999764967330045
8856,88.5600000000084,0.9999765074386758
8857,88.5700000000084,0.9999765181413254
8858,88.58000000000841,0.9999765288409536
8859,88.59000000000842,0.9999765395375606
8860,88.60000000000842,0.9999765502311468
8861,88.61000000000843,0.9999765609217128
8862,88.62000000000843,0.9999765716092588
8863,88.63000000000844,0.999976582293785
8864,88.64000000000844,0.9999765929752922
8865,88.65000000000845,0.9999766036537803
8866,88.66000000000845,0.9999766143292499
8867,88.67000000000846,0.9999766250017013
8868,88.68000000000846,0.9999766356711349
8869,88.69000000000847,0.999976646337551
8870,88.70000000000847,0.9999766570009501
8871,88.71000000000848,0.9999766676613324
8872,88.72000000000848,0.9999766783186983
8873,88.73000000000849,0.9999766889730483
8874,88.7400000000085,0.9999766996243825
8875,88.7500000000085,0.9999767102727015
8876,88.7600000000085,0.9999767209180057
8877,88.77000000000851,0.9999767315602952
8878,88.78000000000851,0.9999767421995706
8879,88.79000000000852,0.999976752835832
8880,88.80000000000852,0.99997676346908
8881,88.81000000000853,0.999976774099315
8882,88.82000000000853,0.9999767847265372
8883,88.83000000000854,0.9999767953507469
8884,88.84000000000854,0.9999768059719446
8885,88.85000000000855,0.9999768165901307
8886,88.86000000000855,0.9999768272053056
8887,88.87000000000856,0.9999768378174694
8888,88.88000000000856,0.9999768484266226
8889,88.89000000000857,0.9999768590327657
8890,88.90000000000857,0.9999768696358988
8891,88.91000000000858,0.9999768802360225
8892,88.92000000000859,0.999976890833137
8893,88.93000000000859,0.9999769014272428
8894,88.9400000000086,0.9999769120183402
8895,88.9500000000086,0.9999769226064295
8896,88.9600000000086,0.999976933191511
8897,88.97000000000861,0.9999769437735853
8898,88.98000000000862,0.9999769543526525
8899,88.99000000000862,0.9999769649287132
8900,89.00000000000863,0.9999769755017677
8901,89.01000000000863,0.9999769860718162
8902,89.02000000000864,0.9999769966388592
8903,89.03000000000864,0.999977007202897
8904,89.04000000000865,0.99997701776393
8905,89.05000000000865,0.9999770283219586
8906,89.06000000000866,0.999977038876983
8907,89.07000000000866,0.9999770494290037
8908,89.08000000000867,0.9999770599780211
8909,89.09000000000867,0.9999770705240354
8910,89.10000000000868,0.9999770810670471
8911,89.11000000000868,0.9999770916070565
8912,89.12000000000869,0.9999771021440639
8913,89.13000000000869,0.9999771126780698
8914,89.1400000000087,0.9999771232090744
8915,89.1500000000087,0.9999771337370782
8916,89.16000000000871,0.9999771442620815
8917,89.17000000000871,0.9999771547840847
8918,89.18000000000872,0.999977165303088
8919,89.19000000000872,0.999977175819092
8920,89.20000000000873,0.9999771863320969
8921,89.21000000000873,0.9999771968421031
8922,89.22000000000874,0.9999772073491109
8923,89.23000000000874,0.9999772178531208
8924,89.24000000000875,0.9999772283541329
8925,89.25000000000875,0.9999772388521478
8926,89.26000000000876,0.9999772493471659
8927,89.27000000000876,0.9999772598391874
8928,89.28000000000877,0.9999772703282127
8929,89.29000000000877,0.9999772808142421
8930,89.30000000000878,0.9999772912972761
8931,89.31000000000878,0.9999773017773149
8932,89.32000000000879,0.9999773122543589
8933,89.3300000000088,0.9999773227284087
8934,89.3400000000088,0.9999773331994642
8935,89.3500000000088,0.9999773436675261
8936,89.36000000000881,0.9999773541325948
8937,89.37000000000882,0.9999773645946703
8938,89.38000000000882,0.9999773750537534
8939,89.39000000000883,0.999977385509844
8940,89.40000000000883,0.9999773959629429
8941,89.41000000000884,0.9999774064130502
8942,89.42000000000884,0.9999774168601663
8943,89.43000000000885,0.9999774273042915
8944,89.44000000000885,0.9999774377454264
8945,89.45000000000886,0.999977448183571
8946,89.46000000000886,0.9999774586187259
8947,89.47000000000887,0.9999774690508914
8948,89.48000000000887,0.9999774794800679
8949,89.49000000000888,0.9999774899062556
8950,89.50000000000888,0.999977500329455
8951,89.51000000000889,0.9999775107496665
8952,89.52000000000889,0.9999775211668903
8953,89.5300000000089,0.9999775315811269
8954,89.5400000000089,0.9999775419923765
8955,89.55000000000891,0.9999775524006396
8956,89.56000000000891,0.9999775628059164
8957,89.57000000000892,0.9999775732082076
8958,89.58000000000892,0.9999775836075131
8959,89.59000000000893,0.9999775940038336
8960,89.60000000000893,0.9999776043971692
8961,89.61000000000894,0.9999776147875205
8962,89.62000000000894,0.9999776251748876
8963,89.63000000000895,0.9999776355592711
8964,89.64000000000895,0.9999776459406712
8965,89.65000000000896,0.9999776563190883
8966,89.66000000000896,0.9999776666945228
8967,89.67000000000897,0.999977677066975
8968,89.68000000000897,0.9999776874364453
8969,89.69000000000898,0.999977697802934
8970,89.70000000000898,0.9999777081664415
8971,89.71000000000899,0.999977718526968
8972,89.720000000009,0.9999777288845142
8973,89.730000000009,0.9999777392390802
8974,89.740000000009,0.9999777495906663
8975,89.75000000000901,0.999977759939273
8976,89.76000000000901,0.9999777702849006
8977,89.77000000000902,0.9999777806275495
8978,89.78000000000903,0.99997779096722
8979,89.79000000000903,0.9999778013039125
8980,89.80000000000904,0.9999778116376272
8981,89.81000000000904,0.9999778219683647
8982,89.82000000000905,0.9999778322961252
8983,89.83000000000905,0.9999778426209092
8984,89.84000000000906,0.9999778529427168
8985,89.85000000000906,0.9999778632615486
8986,89.86000000000907,0.9999778735774048
8987,89.87000000000907,0.9999778838902857
8988,89.88000000000908,0.9999778942001919
8989,89.89000000000908,0.9999779045071236
8990,89.90000000000909,0.9999779148110811
8991,89.91000000000909,0.999977925112065
8992,89.9200000000091,0.9999779354100753
8993,89.9300000000091,0.9999779457051126
8994,89.9400000000091,0.9999779559971771
8995,89.95000000000911,0.9999779662862692
8996,89.96000000000912,0.9999779765723894
8997,89.97000000000912,0.999977986855538
8998,89.98000000000913,0.9999779971357152
8999,89.99000000000913,0.9999780074129214
9000,90.00000000000914,0.9999780176871571
9001,90.01000000000914,0.9999780279584225
9002,90.02000000000915,0.999978038226718
9003,90.03000000000915,0.999978048492044
9004,90.04000000000916,0.9999780587544007
9005,90.05000000000916,0.9999780690137887
9006,90.06000000000917,0.9999780792702082
9007,90.07000000000917,0.9999780895236595
9008,90.08000000000918,0.9999780997741431
9009,90.09000000000918,0.9999781100216592
9010,90.10000000000919,0.9999781202662082
9011,90.1100000000092,0.9999781305077906
9012,90.1200000000092,0.9999781407464066
9013,90.1300000000092,0.9999781509820564
9014,90.14000000000921,0.9999781612147407
9015,90.15000000000921,0.9999781714444597
9016,90.16000000000922,0.9999781816712137
9017,90.17000000000922,0.999978191895003
9018,90.18000000000923,0.9999782021158282
9019,90.19000000000923,0.9999782123336894
9020,90.20000000000924,0.999978222548587
9021,90.21000000000925,0.9999782327605216
9022,90.22000000000925,0.9999782429694931
9023,90.23000000000926,0.9999782531755023
9024,90.24000000000926,0.9999782633785491
9025,90.25000000000927,0.9999782735786343
9026,90.26000000000927,0.999978283775758
9027,90.27000000000928,0.9999782939699206
9028,90.28000000000928,0.9999783041611224
9029,90.29000000000929,0.9999783143493639
9030,90.30000000000929,0.9999783245346453
9031,90.3100000000093,0.9999783347169671
9032,90.3200000000093,0.9999783448963294
9033,90.3300000000093,0.9999783550727328
9034,90.34000000000931,0.9999783652461776
9035,90.35000000000932,0.999978375416664
9036,90.36000000000932,0.9999783855841925
9037,90.37000000000933,0.9999783957487635
9038,90.38000000000933,0.9999784059103771
9039,90.39000000000934,0.9999784160690338
9040,90.40000000000934,0.9999784262247341
9041,90.41000000000935,0.9999784363774782
9042,90.42000000000935,0.9999784465272663
9043,90.43000000000936,0.999978456674099
9044,90.44000000000936,0.9999784668179766
9045,90.45000000000937,0.9999784769588994
9046,90.46000000000937,0.9999784870968678
9047,90.47000000000938,0.999978497231882
9048,90.48000000000938,0.9999785073639426
9049,90.49000000000939,0.9999785174930497
9050,90.5000000000094,0.9999785276192037
9051,90.5100000000094,0.9999785377424051
9052,90.5200000000094,0.999978547862654
9053,90.53000000000941,0.9999785579799512
9054,90.54000000000941,0.9999785680942965
9055,90.55000000000942,0.9999785782056906
9056,90.56000000000942,0.9999785883141338
9057,90.57000000000943,0.9999785984196263
9058,90.58000000000943,0.9999786085221686
9059,90.59000000000944,0.999978618621761
9060,90.60000000000944,0.9999786287184038
9061,90.61000000000945,0.9999786388120974
9062,90.62000000000945,0.9999786489028422
9063,90.63000000000946,0.9999786589906384
9064,90.64000000000946,0.9999786690754865
9065,90.65000000000947,0.9999786791573868
9066,90.66000000000948,0.9999786892363397
9067,90.67000000000948,0.9999786993123454
9068,90.68000000000949,0.9999787093854043
9069,90.69000000000949,0.9999787194555169
9070,90.7000000000095,0.9999787295226833
9071,90.7100000000095,0.999978739586904
9072,90.7200000000095,0.9999787496481793
9073,90.73000000000951,0.9999787597065097
9074,90.74000000000952,0.9999787697618954
9075,90.75000000000952,0.9999787798143367
9076,90.76000000000953,0.999978789863834
9077,90.77000000000953,0.9999787999103877
9078,90.78000000000954,0.9999788099539981
9079,90.79000000000954,0.9999788199946655
9080,90.80000000000955,0.9999788300323904
9081,90.81000000000955,0.9999788400671731
9082,90.82000000000956,0.9999788500990138
9083,90.83000000000956,0.9999788601279129
9084,90.84000000000957,0.9999788701538709
9085,90.85000000000957,0.9999788801768881
9086,90.86000000000958,0.9999788901969646
9087,90.87000000000958,0.9999789002141011
9088,90.88000000000959,0.9999789102282977
9089,90.8900000000096,0.9999789202395548
9090,90.9000000000096,0.9999789302478728
9091,90.9100000000096,0.9999789402532521
9092,90.92000000000961,0.9999789502556928
9093,90.93000000000961,0.9999789602551955
9094,90.94000000000962,0.9999789702517605
9095,90.95000000000962,0.9999789802453881
9096,90.96000000000963,0.9999789902360786
9097,90.97000000000963,0.9999790002238325
9098,90.98000000000964,0.99997901020865
9099,90.99000000000964,0.9999790201905314
9100,91.00000000000965,0.9999790301694772
9101,91.01000000000965,0.9999790401454878
9102,91.02000000000966,0.9999790501185633
9103,91.03000000000966,0.9999790600887042
9104,91.04000000000967,0.9999790700559108
9105,91.05000000000967,0.9999790800201834
9106,91.06000000000968,0.9999790899815225
9107,91.07000000000968,0.9999790999399284
9108,91.08000000000969,0.9999791098954013
9109,91.0900000000097,0.9999791198479417
9110,91.1000000000097,0.9999791297975499
9111,91.1100000000097,0.9999791397442263
9112,91.12000000000971,0.9999791496879711
9113,91.13000000000972,0.9999791596287847
9114,91.14000000000972,0.9999791695666675
9115,91.15000000000973,0.9999791795016199
9116,91.16000000000973,0.9999791894336421
9117,91.17000000000974,0.9999791993627344
9118,91.18000000000974,0.9999792092888974
9119,91.19000000000975,0.9999792192121312
9120,91.20000000000975,0.9999792291324363
9121,91.21000000000976,0.999979239049813
9122,91.22000000000976,0.9999792489642616
9123,91.23000000000977,0.9999792588757824
9124,91.24000000000977,0.9999792687843759
9125,91.25000000000978,0.9999792786900424
9126,91.26000000000978,0.9999792885927822
9127,91.27000000000979,0.9999792984925956
9128,91.28000000000979,0.999979308389483
9129,91.2900000000098,0.9999793182834448
9130,91.3000000000098,0.9999793281744812
9131,91.31000000000981,0.9999793380625926
9132,91.32000000000981,0.9999793479477795
9133,91.33000000000982,0.9999793578300421
9134,91.34000000000982,0.9999793677093807
9135,91.35000000000983,0.9999793775857957
9136,91.36000000000983,0.9999793874592875
9137,91.37000000000984,0.9999793973298563
9138,91.38000000000984,0.9999794071975026
9139,91.39000000000985,0.9999794170622266
9140,91.40000000000985,0.9999794269240289
9141,91.41000000000986,0.9999794367829095
9142,91.42000000000986,0.9999794466388688
9143,91.43000000000987,0.9999794564919074
9144,91.44000000000987,0.9999794663420255
9145,91.45000000000988,0.9999794761892234
9146,91.46000000000988,0.9999794860335015
9147,91.47000000000989,0.9999794958748601
9148,91.4800000000099,0.9999795057132996
9149,91.4900000000099,0.9999795155488203
9150,91.5000000000099,0.9999795253814225
9151,91.51000000000991,0.9999795352111066
9152,91.52000000000992,0.9999795450378729
9153,91.53000000000992,0.9999795548617219
9154,91.54000000000993,0.9999795646826537
9155,91.55000000000993,0.9999795745006688
9156,91.56000000000994,0.9999795843157675
9157,91.57000000000994,0.9999795941279501
9158,91.58000000000995,0.9999796039372171
9159,91.59000000000995,0.9999796137435686
9160,91.60000000000996,0.9999796235470051
9161,91.61000000000996,0.9999796333475269
9162,91.62000000000997,0.9999796431451344
9163,91.63000000000997,0.9999796529398278
9164,91.64000000000998,0.9999796627316077
9165,91.65000000000998,0.9999796725204741
9166,91.66000000000999,0.9999796823064276
9167,91.67000000000999,0.9999796920894686
9168,91.68000000001,0.9999797018695971
9169,91.69000000001,0.9999797116468137
9170,91.70000000001001,0.9999797214211187
9171,91.71000000001001,0.9999797311925124
9172,91.72000000001002,0.9999797409609952
9173,91.73000000001002,0.9999797507265674
9174,91.74000000001003,0.9999797604892293
9175,91.75000000001003,0.9999797702489813
9176,91.76000000001004,0.9999797800058238
9177,91.77000000001004,0.9999797897597571
9178,91.78000000001005,0.9999797995107814
9179,91.79000000001005,0.9999798092588972
9180,91.80000000001006,0.9999798190041047
9181,91.81000000001006,0.9999798287464045
9182,91.82000000001007,0.9999798384857966
9183,91.83000000001007,0.9999798482222817
9184,91.84000000001008,0.9999798579558599
9185,91.85000000001008,0.9999798676865315
9186,91.86000000001009,0.999979877414297
9187,91.8700000000101,0.9999798871391566
9188,91.8800000000101,0.9999798968611108
9189,91.8900000000101,0.9999799065801599
9190,91.90000000001011,0.9999799162963041
9191,91.91000000001011,0.9999799260095439
9192,91.92000000001012,0.9999799357198795
9193,91.93000000001012,0.9999799454273113
9194,91.94000000001013,0.9999799551318397
9195,91.95000000001014,0.9999799648334651
9196,91.96000000001014,0.9999799745321876
9197,91.97000000001015,0.9999799842280077
9198,91.98000000001015,0.9999799939209256
9199,91.99000000001016,0.999980003610942
9200,92.00000000001016,0.9999800132980567
9201,92.01000000001017,0.9999800229822706
9202,92.02000000001017,0.9999800326635836
9203,92.03000000001018,0.9999800423419963
9204,92.04000000001018,0.9999800520175088
9205,92.05000000001019,0.9999800616901218
9206,92.06000000001019,0.9999800713598352
9207,92.0700000000102,0.9999800810266498
9208,92.0800000000102,0.9999800906905656
9209,92.0900000000102,0.999980100351583
9210,92.10000000001021,0.9999801100097023
9211,92.11000000001022,0.9999801196649241
9212,92.12000000001022,0.9999801293172484
9213,92.13000000001023,0.9999801389666758
9214,92.14000000001023,0.9999801486132065
9215,92.15000000001024,0.999980158256841
9216,92.16000000001024,0.9999801678975793
9217,92.17000000001025,0.999980177535422
9218,92.18000000001025,0.9999801871703694
9219,92.19000000001026,0.9999801968024219
9220,92.20000000001026,0.9999802064315796
9221,92.21000000001027,0.9999802160578432
9222,92.22000000001027,0.9999802256812127
9223,92.23000000001028,0.9999802353016886
9224,92.24000000001028,0.9999802449192712
9225,92.25000000001029,0.9999802545339609
9226,92.2600000000103,0.9999802641457579
9227,92.2700000000103,0.9999802737546627
9228,92.2800000000103,0.9999802833606756
9229,92.29000000001031,0.9999802929637968
9230,92.30000000001031,0.9999803025640268
9231,92.31000000001032,0.9999803121613658
9232,92.32000000001032,0.9999803217558143
9233,92.33000000001033,0.9999803313473725
9234,92.34000000001033,0.9999803409360408
9235,92.35000000001034,0.9999803505218195
9236,92.36000000001034,0.999980360104709
9237,92.37000000001035,0.9999803696847096
9238,92.38000000001036,0.9999803792618217
9239,92.39000000001036,0.9999803888360455
9240,92.40000000001037,0.9999803984073813
9241,92.41000000001037,0.9999804079758297
9242,92.42000000001038,0.9999804175413908
9243,92.43000000001038,0.999980427104065
9244,92.44000000001039,0.9999804366638527
9245,92.45000000001039,0.9999804462207542
9246,92.4600000000104,0.9999804557747698
9247,92.4700000000104,0.9999804653258999
9248,92.4800000000104,0.9999804748741448
9249,92.49000000001041,0.9999804844195047
9250,92.50000000001042,0.9999804939619802
9251,92.51000000001042,0.9999805035015715
9252,92.52000000001043,0.9999805130382788
9253,92.53000000001043,0.9999805225721028
9254,92.54000000001044,0.9999805321030435
9255,92.55000000001044,0.9999805416311014
9256,92.56000000001045,0.9999805511562767
9257,92.57000000001045,0.9999805606785699
9258,92.58000000001046,0.9999805701979811
9259,92.59000000001046,0.999980579714511
9260,92.60000000001047,0.9999805892281596
9261,92.61000000001047,0.9999805987389274
9262,92.62000000001048,0.9999806082468148
9263,92.63000000001048,0.9999806177518219
9264,92.64000000001049,0.9999806272539492
9265,92.6500000000105,0.9999806367531969
9266,92.6600000000105,0.9999806462495656
9267,92.6700000000105,0.9999806557430554
9268,92.68000000001051,0.9999806652336667
9269,92.69000000001051,0.9999806747214
9270,92.70000000001052,0.9999806842062553
9271,92.71000000001052,0.9999806936882331
9272,92.72000000001053,0.9999807031673338
9273,92.73000000001053,0.9999807126435577
9274,92.74000000001054,0.9999807221169051
9275,92.75000000001054,0.9999807315873763
9276,92.76000000001055,0.9999807410549718
9277,92.77000000001055,0.9999807505196917
9278,92.78000000001056,0.9999807599815366
9279,92.79000000001056,0.9999807694405065
9280,92.80000000001057,0.9999807788966021
9281,92.81000000001058,0.9999807883498234
9282,92.82000000001058,0.999980797800171
9283,92.83000000001059,0.999980807247645
9284,92.84000000001059,0.999980816692246
9285,92.8500000000106,0.9999808261339742
9286,92.8600000000106,0.9999808355728298
9287,92.8700000000106,0.9999808450088133
9288,92.88000000001061,0.9999808544419251
9289,92.89000000001062,0.9999808638721653
9290,92.90000000001062,0.9999808732995344
9291,92.91000000001063,0.9999808827240327
9292,92.92000000001063,0.9999808921456605
9293,92.93000000001064,0.9999809015644182
9294,92.94000000001064,0.9999809109803061
9295,92.95000000001065,0.9999809203933245
9296,92.96000000001065,0.9999809298034738
9297,92.97000000001066,0.9999809392107543
9298,92.98000000001066,0.9999809486151662
9299,92.99000000001067,0.99998095801671
9300,93.00000000001067,0.9999809674153861
9301,93.01000000001068,0.9999809768111947
9302,93.02000000001068,0.999980986204136
9303,93.03000000001069,0.9999809955942106
9304,93.04000000001069,0.9999810049814187
9305,93.0500000000107,0.9999810143657608
9306,93.0600000000107,0.999981023747237
9307,93.07000000001071,0.9999810331258476
9308,93.08000000001071,0.9999810425015931
9309,93.09000000001072,0.999981051874474
9310,93.10000000001072,0.9999810612444902
9311,93.11000000001073,0.9999810706116422
9312,93.12000000001073,0.9999810799759306
9313,93.13000000001074,0.9999810893373553
9314,93.14000000001074,0.999981098695917
9315,93.15000000001075,0.9999811080516158
9316,93.16000000001075,0.9999811174044522
9317,93.17000000001076,0.9999811267544263
9318,93.18000000001076,0.9999811361015386
9319,93.19000000001077,0.9999811454457895
9320,93.20000000001077,0.9999811547871792
9321,93.21000000001078,0.999981164125708
9322,93.22000000001078,0.9999811734613764
9323,93.23000000001079,0.9999811827941846
9324,93.2400000000108,0.999981192124133
9325,93.2500000000108,0.9999812014512218
9326,93.2600000000108,0.9999812107754514
9327,93.27000000001081,0.9999812200968223
9328,93.28000000001082,0.9999812294153346
9329,93.29000000001082,0.9999812387309888
9330,93.30000000001083,0.9999812480437851
9331,93.31000000001083,0.9999812573537238
9332,93.32000000001084,0.9999812666608054
9333,93.33000000001084,0.9999812759650302
9334,93.34000000001085,0.9999812852663983
9335,93.35000000001085,0.9999812945649104
9336,93.36000000001086,0.9999813038605665
9337,93.37000000001086,0.9999813131533671
9338,93.38000000001087,0.9999813224433125
9339,93.39000000001087,0.999981331730403
9340,93.40000000001088,0.999981341014639
9341,93.41000000001088,0.9999813502960208
9342,93.42000000001089,0.9999813595745487
9343,93.43000000001089,0.999981368850223
9344,93.4400000000109,0.9999813781230442
9345,93.4500000000109,0.9999813873930125
9346,93.46000000001091,0.9999813966601281
9347,93.47000000001091,0.9999814059243916
9348,93.48000000001092,0.9999814151858031
9349,93.49000000001092,0.9999814244443631
9350,93.50000000001093,0.9999814337000719
9351,93.51000000001093,0.9999814429529297
9352,93.52000000001094,0.9999814522029369
9353,93.53000000001094,0.9999814614500939
9354,93.54000000001095,0.9999814706944009
9355,93.55000000001095,0.9999814799358584
9356,93.56000000001096,0.9999814891744666
9357,93.57000000001096,0.999981498410226
9358,93.58000000001097,0.9999815076431366
9359,93.59000000001097,0.999981516873199
9360,93.60000000001098,0.9999815261004135
9361,93.61000000001098,0.9999815353247804
9362,93.62000000001099,0.9999815445463
9363,93.630000000011,0.9999815537649726
9364,93.640000000011,0.9999815629807985
9365,93.650000000011,0.9999815721937781
9366,93.66000000001101,0.9999815814039119
9367,93.67000000001102,0.9999815906112
9368,93.68000000001102,0.9999815998156427
9369,93.69000000001103,0.9999816090172404
9370,93.70000000001103,0.9999816182159935
9371,93.71000000001104,0.9999816274119023
9372,93.72000000001104,0.9999816366049672
9373,93.73000000001105,0.9999816457951882
9374,93.74000000001105,0.9999816549825661
9375,93.75000000001106,0.9999816641671008
9376,93.76000000001106,0.9999816733487928
9377,93.77000000001107,0.9999816825276426
9378,93.78000000001107,0.9999816917036503
9379,93.79000000001108,0.9999817008768163
9380,93.80000000001108,0.9999817100471409
9381,93.81000000001109,0.9999817192146245
9382,93.82000000001109,0.9999817283792674
9383,93.8300000000111,0.9999817375410698
9384,93.8400000000111,0.9999817467000323
9385,93.85000000001111,0.9999817558561549
9386,93.86000000001111,0.9999817650094383
9387,93.87000000001112,0.9999817741598824
9388,93.88000000001112,0.9999817833074879
9389,93.89000000001113,0.9999817924522549
9390,93.90000000001113,0.9999818015941838
9391,93.91000000001114,0.999981810733275
9392,93.92000000001114,0.9999818198695287
9393,93.93000000001115,0.9999818290029453
9394,93.94000000001115,0.9999818381335251
9395,93.95000000001116,0.9999818472612686
9396,93.96000000001116,0.9999818563861758
9397,93.97000000001117,0.9999818655082472
9398,93.98000000001117,0.9999818746274832
9399,93.99000000001118,0.9999818837438841
9400,94.00000000001118,0.99998189285745
9401,94.01000000001119,0.9999819019681815
9402,94.0200000000112,0.9999819110760788
9403,94.0300000000112,0.9999819201811424
9404,94.0400000000112,0.9999819292833724
9405,94.05000000001121,0.9999819383827692
9406,94.06000000001121,0.999981947479333
9407,94.07000000001122,0.9999819565730644
9408,94.08000000001122,0.9999819656639636
9409,94.09000000001123,0.9999819747520309
9410,94.10000000001124,0.9999819838372667
9411,94.11000000001124,0.9999819929196712
9412,94.12000000001125,0.9999820019992448
9413,94.13000000001125,0.9999820110759878
9414,94.14000000001126,0.9999820201499006
9415,94.15000000001126,0.9999820292209834
9416,94.16000000001127,0.9999820382892367
9417,94.17000000001127,0.9999820473546607
9418,94.18000000001128,0.9999820564172558
9419,94.19000000001128,0.9999820654770222
9420,94.20000000001129,0.9999820745339603
9421,94.21000000001129,0.9999820835880704
9422,94.2200000000113,0.999982092639353
9423,94.2300000000113,0.9999821016878081
9424,94.2400000000113,0.9999821107334363
9425,94.25000000001131,0.9999821197762379
9426,94.26000000001132,0.9999821288162131
9427,94.27000000001132,0.9999821378533622
9428,94.28000000001133,0.9999821468876857
9429,94.29000000001133,0.9999821559191838
9430,94.30000000001134,0.9999821649478569
9431,94.31000000001134,0.9999821739737053
9432,94.32000000001135,0.9999821829967293
9433,94.33000000001135,0.9999821920169291
9434,94.34000000001136,0.9999822010343052
9435,94.35000000001136,0.999982210048858
9436,94.36000000001137,0.9999822190605877
9437,94.37000000001137,0.9999822280694945
9438,94.38000000001138,0.999982237075579
9439,94.39000000001138,0.9999822460788413
9440,94.40000000001139,0.9999822550792818
9441,94.4100000000114,0.9999822640769009
9442,94.4200000000114,0.9999822730716988
9443,94.4300000000114,0.999982282063676
9444,94.44000000001141,0.9999822910528325
9445,94.45000000001141,0.999982300039169
9446,94.46000000001142,0.9999823090226856
9447,94.47000000001142,0.9999823180033827
9448,94.48000000001143,0.9999823269812605
9449,94.49000000001143,0.9999823359563196
9450,94.50000000001144,0.9999823449285601
9451,94.51000000001144,0.9999823538979823
9452,94.52000000001145,0.9999823628645866
9453,94.53000000001146,0.9999823718283735
9454,94.54000000001146,0.9999823807893429
9455,94.55000000001147,0.9999823897474955
9456,94.56000000001147,0.9999823987028315
9457,94.57000000001148,0.9999824076553512
9458,94.58000000001148,0.9999824166050549
9459,94.59000000001149,0.999982425551943
9460,94.60000000001149,0.9999824344960158
9461,94.6100000000115,0.9999824434372736
9462,94.6200000000115,0.9999824523757167
9463,94.6300000000115,0.9999824613113455
9464,94.64000000001151,0.9999824702441603
9465,94.65000000001152,0.9999824791741614
9466,94.66000000001152,0.9999824881013492
9467,94.67000000001153,0.9999824970257238
9468,94.68000000001153,0.9999825059472858
9469,94.69000000001154,0.9999825148660353
9470,94.70000000001154,0.9999825237819727
9471,94.71000000001155,0.9999825326950985
9472,94.72000000001155,0.9999825416054128
9473,94.73000000001156,0.999982550512916
9474,94.74000000001156,0.9999825594176083
9475,94.75000000001157,0.9999825683194903
9476,94.76000000001157,0.999982577218562
9477,94.77000000001158,0.9999825861148239
9478,94.78000000001158,0.9999825950082765
9479,94.79000000001159,0.9999826038989197
9480,94.8000000000116,0.9999826127867542
9481,94.8100000000116,0.9999826216717801
9482,94.8200000000116,0.9999826305539978
9483,94.83000000001161,0.9999826394334076
9484,94.84000000001161,0.9999826483100098
9485,94.85000000001162,0.9999826571838049
9486,94.86000000001162,0.9999826660547929
9487,94.87000000001163,0.9999826749229744
9488,94.88000000001163,0.9999826837883496
9489,94.89000000001164,0.999982692650919
9490,94.90000000001164,0.9999827015106826
9491,94.91000000001165,0.999982710367641
9492,94.92000000001165,0.9999827192217943
9493,94.93000000001166,0.9999827280731429
9494,94.94000000001166,0.9999827369216873
9495,94.95000000001167,0.9999827457674276
9496,94.96000000001168,0.9999827546103642
9497,94.97000000001168,0.9999827634504975
9498,94.98000000001169,0.9999827722878277
9499,94.99000000001169,0.9999827811223552
9500,95.0000000000117,0.9999827899540802
9501,95.0100000000117,0.9999827987830031
9502,95.0200000000117,0.9999828076091243
9503,95.03000000001171,0.999982816432444
9504,95.04000000001172,0.9999828252529626
9505,95.05000000001172,0.9999828340706803
9506,95.06000000001173,0.9999828428855977
9507,95.07000000001173,0.9999828516977148
9508,95.08000000001174,0.9999828605070321
9509,95.09000000001174,0.9999828693135498
9510,95.10000000001175,0.9999828781172684
9511,95.11000000001175,0.999982886918188
9512,95.12000000001176,0.9999828957163092
9513,95.13000000001176,0.9999829045116321
9514,95.14000000001177,0.999982913304157
9515,95.15000000001177,0.9999829220938843
9516,95.16000000001178,0.9999829308808144
9517,95.17000000001178,0.9999829396649476
9518,95.18000000001179,0.999982948446284
9519,95.19000000001179,0.9999829572248241
9520,95.2000000000118,0.9999829660005682
9521,95.2100000000118,0.9999829747735167
9522,95.22000000001181,0.9999829835436699
9523,95.23000000001181,0.9999829923110279
9524,95.24000000001182,0.9999830010755913
9525,95.25000000001182,0.9999830098373602
9526,95.26000000001183,0.9999830185963351
9527,95.27000000001183,0.9999830273525163
9528,95.28000000001184,0.999983036105904
9529,95.29000000001184,0.9999830448564986
9530,95.30000000001185,0.9999830536043003
9531,95.31000000001185,0.9999830623493096
9532,95.32000000001186,0.9999830710915267
9533,95.33000000001186,0.999983079830952
9534,95.34000000001187,0.9999830885675858
9535,95.35000000001187,0.9999830973014284
9536,95.36000000001188,0.9999831060324801
9537,95.37000000001188,0.9999831147607412
9538,95.38000000001189,0.9999831234862121
9539,95.3900000000119,0.999983132208893
9540,95.4000000000119,0.9999831409287844
9541,95.4100000000119,0.9999831496458865
9542,95.42000000001191,0.9999831583601996
9543,95.43000000001192,0.9999831670717241
9544,95.44000000001192,0.9999831757804603
9545,95.45000000001193,0.9999831844864083
9546,95.46000000001193,0.9999831931895687
9547,95.47000000001194,0.9999832018899418
9548,95.48000000001194,0.9999832105875278
9549,95.49000000001195,0.9999832192823271
9550,95.50000000001195,0.99998322797434
9551,95.51000000001196,0.9999832366635668
9552,95.52000000001196,0.9999832453500078
9553,95.53000000001197,0.9999832540336633
9554,95.54000000001197,0.9999832627145337
9555,95.55000000001198,0.9999832713926193
9556,95.56000000001198,0.9999832800679204
9557,95.57000000001199,0.9999832887404373
9558,95.58000000001199,0.9999832974101703
9559,95.590000000012,0.9999833060771197
9560,95.600000000012,0.999983314741286
9561,95.61000000001201,0.9999833234026694
9562,95.62000000001201,0.9999833320612701
9563,95.63000000001202,0.9999833407170886
9564,95.64000000001202,0.9999833493701251
9565,95.65000000001203,0.99998335802038
9566,95.66000000001203,0.9999833666678535
9567,95.67000000001204,0.999983375312546
9568,95.68000000001204,0.9999833839544578
9569,95.69000000001205,0.9999833925935894
9570,95.70000000001205,0.9999834012299408
9571,95.71000000001206,0.9999834098635125
9572,95.72000000001206,0.9999834184943048
9573,95.73000000001207,0.999983427122318
9574,95.74000000001207,0.9999834357475524
9575,95.75000000001208,0.9999834443700083
9576,95.76000000001208,0.9999834529896862
9577,95.77000000001209,0.9999834616065861
9578,95.7800000000121,0.9999834702207085
9579,95.7900000000121,0.9999834788320539
9580,95.8000000000121,0.9999834874406223
9581,95.81000000001211,0.9999834960464141
9582,95.82000000001212,0.9999835046494296
9583,95.83000000001212,0.9999835132496694
9584,95.84000000001213,0.9999835218471335
9585,95.85000000001213,0.9999835304418222
9586,95.86000000001214,0.9999835390337359
9587,95.87000000001214,0.9999835476228751
9588,95.88000000001215,0.99998355620924
9589,95.89000000001215,0.9999835647928307
9590,95.90000000001216,0.9999835733736477
9591,95.91000000001216,0.9999835819516915
9592,95.92000000001217,0.9999835905269621
9593,95.93000000001217,0.9999835990994599
9594,95.94000000001218,0.9999836076691853
9595,95.95000000001218,0.9999836162361385
9596,95.96000000001219,0.99998362480032
9597,95.97000000001219,0.99998363336173
9598,95.9800000000122,0.9999836419203688
9599,95.9900000000122,0.9999836504762367
9600,96.00000000001221,0.9999836590293342
9601,96.01000000001221,0.9999836675796614
9602,96.02000000001222,0.9999836761272186
9603,96.03000000001222,0.9999836846720063
9604,96.04000000001223,0.9999836932140247
9605,96.05000000001223,0.9999837017532741
9606,96.06000000001224,0.9999837102897549
9607,96.07000000001224,0.9999837188234674
9608,96.08000000001225,0.9999837273544118
9609,96.09000000001225,0.9999837358825885
9610,96.10000000001226,0.9999837444079979
9611,96.11000000001226,0.9999837529306401
9612,96.12000000001227,0.9999837614505157
9613,96.13000000001227,0.9999837699676248
9614,96.14000000001228,0.9999837784819677
9615,96.15000000001228,0.999983786993545
9616,96.16000000001229,0.9999837955023566
9617,96.1700000000123,0.9999838040084031
9618,96.1800000000123,0.9999838125116848
9619,96.1900000000123,0.9999838210122018
9620,96.20000000001231,0.9999838295099548
9621,96.21000000001231,0.9999838380049437
9622,96.22000000001232,0.9999838464971691
9623,96.23000000001232,0.9999838549866311
9624,96.24000000001233,0.9999838634733302
9625,96.25000000001234,0.9999838719572667
9626,96.26000000001234,0.9999838804384409
9627,96.27000000001235,0.999983888916853
9628,96.28000000001235,0.9999838973925033
9629,96.29000000001236,0.9999839058653923
9630,96.30000000001236,0.9999839143355203
9631,96.31000000001237,0.9999839228028874
9632,96.32000000001237,0.9999839312674941
9633,96.33000000001238,0.9999839397293406
9634,96.34000000001238,0.9999839481884274
9635,96.35000000001239,0.9999839566447546
9636,96.36000000001239,0.9999839650983227
9637,96.3700000000124,0.9999839735491318
9638,96.3800000000124,0.9999839819971824
9639,96.3900000000124,0.9999839904424748
9640,96.40000000001241,0.9999839988850092
9641,96.41000000001242,0.999984007324786
9642,96.42000000001242,0.9999840157618055
9643,96.43000000001243,0.999984024196068
9644,96.44000000001243,0.9999840326275738
9645,96.45000000001244,0.9999840410563233
9646,96.46000000001244,0.9999840494823167
9647,96.47000000001245,0.9999840579055543
9648,96.48000000001245,0.9999840663260366
9649,96.49000000001246,0.9999840747437638
9650,96.50000000001246,0.9999840831587361
9651,96.51000000001247,0.999984091570954
9652,96.52000000001247,0.9999840999804177
9653,96.53000000001248,0.9999841083871276
9654,96.54000000001248,0.9999841167910839
9655,96.55000000001249,0.999984125192287
9656,96.5600000000125,0.9999841335907371
9657,96.5700000000125,0.9999841419864347
9658,96.5800000000125,0.99998415037938
9659,96.59000000001251,0.9999841587695734
9660,96.60000000001251,0.999984167157015
9661,96.61000000001252,0.9999841755417053
9662,96.62000000001252,0.9999841839236446
9663,96.63000000001253,0.9999841923028332
9664,96.64000000001253,0.9999842006792713
9665,96.65000000001254,0.9999842090529594
9666,96.66000000001254,0.9999842174238976
9667,96.67000000001255,0.9999842257920866
9668,96.68000000001256,0.9999842341575262
9669,96.69000000001256,0.999984242520217
9670,96.70000000001257,0.9999842508801593
9671,96.71000000001257,0.9999842592373535
9672,96.72000000001258,0.9999842675917996
9673,96.73000000001258,0.9999842759434981
9674,96.74000000001259,0.9999842842924496
9675,96.75000000001259,0.9999842926386538
9676,96.7600000000126,0.9999843009821116
9677,96.7700000000126,0.999984309322823
9678,96.7800000000126,0.9999843176607883
9679,96.79000000001261,0.999984325996008
9680,96.80000000001262,0.9999843343284821
9681,96.81000000001262,0.9999843426582113
9682,96.82000000001263,0.9999843509851957
9683,96.83000000001263,0.9999843593094355
9684,96.84000000001264,0.9999843676309313
9685,96.85000000001264,0.9999843759496833
9686,96.86000000001265,0.9999843842656916
9687,96.87000000001265,0.9999843925789568
9688,96.88000000001266,0.999984400889479
9689,96.89000000001266,0.9999844091972587
9690,96.90000000001267,0.999984417502296
9691,96.91000000001267,0.9999844258045916
9692,96.92000000001268,0.9999844341041453
9693,96.93000000001268,0.9999844424009577
9694,96.94000000001269,0.9999844506950292
9695,96.9500000000127,0.9999844589863598
9696,96.9600000000127,0.99998446727495
9697,96.9700000000127,0.9999844755608003
9698,96.98000000001271,0.9999844838439106
9699,96.99000000001271,0.9999844921242815
9700,97.00000000001272,0.9999845004019133
9701,97.01000000001272,0.9999845086768062
9702,97.02000000001273,0.9999845169489606
9703,97.03000000001273,0.9999845252183767
9704,97.04000000001274,0.9999845334850549
9705,97.05000000001274,0.9999845417489955
9706,97.06000000001275,0.9999845500101989
9707,97.07000000001275,0.9999845582686652
9708,97.08000000001276,0.9999845665243949
9709,97.09000000001276,0.9999845747773882
9710,97.10000000001277,0.9999845830276455
9711,97.11000000001277,0.999984591275167
9712,97.12000000001278,0.9999845995199531
9713,97.13000000001279,0.999984607762004
9714,97.14000000001279,0.9999846160013203
9715,97.1500000000128,0.999984624237902
9716,97.1600000000128,0.9999846324717495
9717,97.1700000000128,0.9999846407028631
9718,97.18000000001281,0.9999846489312432
9719,97.19000000001282,0.99998465715689
9720,97.20000000001282,0.9999846653798039
9721,97.21000000001283,0.9999846735999851
9722,97.22000000001283,0.999984681817434
9723,97.23000000001284,0.9999846900321511
9724,97.24000000001284,0.9999846982441363
9725,97.25000000001285,0.9999847064533901
9726,97.26000000001285,0.9999847146599129
9727,97.27000000001286,0.9999847228637049
9728,97.28000000001286,0.9999847310647665
9729,97.29000000001287,0.9999847392630978
9730,97.30000000001287,0.9999847474586994
9731,97.31000000001288,0.9999847556515714
9732,97.32000000001288,0.9999847638417143
9733,97.33000000001289,0.9999847720291282
9734,97.34000000001289,0.9999847802138135
9735,97.3500000000129,0.9999847883957707
9736,97.3600000000129,0.9999847965749997
9737,97.37000000001291,0.9999848047515011
9738,97.38000000001291,0.9999848129252752
9739,97.39000000001292,0.9999848210963221
9740,97.40000000001292,0.9999848292646424
9741,97.41000000001293,0.9999848374302363
9742,97.42000000001293,0.9999848455931041
9743,97.43000000001294,0.999984853753246
9744,97.44000000001294,0.9999848619106624
9745,97.45000000001295,0.9999848700653536
9746,97.46000000001295,0.9999848782173201
9747,97.47000000001296,0.9999848863665618
9748,97.48000000001296,0.9999848945130794
9749,97.49000000001297,0.999984902656873
9750,97.50000000001297,0.9999849107979429
9751,97.51000000001298,0.9999849189362896
9752,97.52000000001298,0.9999849270719132
9753,97.53000000001299,0.9999849352048141
9754,97.540000000013,0.9999849433349927
9755,97.550000000013,0.999984951462449
9756,97.560000000013,0.9999849595871837
9757,97.57000000001301,0.9999849677091969
9758,97.58000000001302,0.9999849758284888
9759,97.59000000001302,0.99998498394506
9760,97.60000000001303,0.9999849920589106
9761,97.61000000001303,0.9999850001700409
9762,97.62000000001304,0.9999850082784514
9763,97.63000000001304,0.9999850163841422
9764,97.64000000001305,0.9999850244871137
9765,97.65000000001305,0.9999850325873662
9766,97.66000000001306,0.9999850406848999
9767,97.67000000001306,0.9999850487797154
9768,97.68000000001307,0.9999850568718127
9769,97.69000000001307,0.9999850649611923
9770,97.70000000001308,0.9999850730478544
9771,97.71000000001308,0.9999850811317994
9772,97.72000000001309,0.9999850892130275
9773,97.73000000001309,0.9999850972915391
9774,97.7400000000131,0.9999851053673344
9775,97.7500000000131,0.999985113440414
9776,97.76000000001311,0.9999851215107778
9777,97.77000000001311,0.9999851295784263
9778,97.78000000001312,0.99998513764336
9779,97.79000000001312,0.9999851457055788
9780,97.80000000001313,0.9999851537650833
9781,97.81000000001313,0.9999851618218737
9782,97.82000000001314,0.9999851698759504
9783,97.83000000001314,0.9999851779273137
9784,97.84000000001315,0.9999851859759638
9785,97.85000000001315,0.999985194021901
9786,97.86000000001316,0.9999852020651258
9787,97.87000000001316,0.9999852101056382
9788,97.88000000001317,0.9999852181434389
9789,97.89000000001317,0.9999852261785279
9790,97.90000000001318,0.9999852342109056
9791,97.91000000001318,0.9999852422405723
9792,97.92000000001319,0.9999852502675284
9793,97.9300000000132,0.999985258291774
9794,97.9400000000132,0.9999852663133096
9795,97.9500000000132,0.9999852743321355
9796,97.96000000001321,0.9999852823482519
9797,97.97000000001321,0.9999852903616592
9798,97.98000000001322,0.9999852983723576
9799,97.99000000001323,0.9999853063803475
9800,98.00000000001323,0.9999853143856292
9801,98.01000000001324,0.999985322388203
9802,98.02000000001324,0.9999853303880692
9803,98.03000000001325,0.9999853383852281
9804,98.04000000001325,0.9999853463796801
9805,98.05000000001326,0.9999853543714252
9806,98.06000000001326,0.9999853623604641
9807,98.07000000001327,0.9999853703467969
9808,98.08000000001327,0.9999853783304239
9809,98.09000000001328,0.9999853863113455
9810,98.10000000001328,0.9999853942895619
9811,98.11000000001329,0.9999854022650735
9812,98.12000000001329,0.9999854102378806
9813,98.1300000000133,0.9999854182079834
9814,98.1400000000133,0.9999854261753823
9815,98.1500000000133,0.9999854341400777
9816,98.16000000001331,0.9999854421020696
9817,98.17000000001332,0.9999854500613586
9818,98.18000000001332,0.999985458017945
9819,98.19000000001333,0.9999854659718289
9820,98.20000000001333,0.9999854739230108
9821,98.21000000001334,0.9999854818714909
9822,98.22000000001334,0.9999854898172695
9823,98.23000000001335,0.9999854977603471
9824,98.24000000001335,0.9999855057007236
9825,98.25000000001336,0.9999855136383997
9826,98.26000000001336,0.9999855215733756
9827,98.27000000001337,0.9999855295056516
9828,98.28000000001337,0.9999855374352278
9829,98.29000000001338,0.9999855453621048
9830,98.30000000001338,0.9999855532862828
9831,98.31000000001339,0.999985561207762
9832,98.3200000000134,0.9999855691265429
9833,98.3300000000134,0.9999855770426257
9834,98.3400000000134,0.9999855849560106
9835,98.35000000001341,0.9999855928666982
9836,98.36000000001341,0.9999856007746886
9837,98.37000000001342,0.999985608679982
9838,98.38000000001342,0.9999856165825789
9839,98.39000000001343,0.9999856244824795
9840,98.40000000001343,0.9999856323796843
9841,98.41000000001344,0.9999856402741933
9842,98.42000000001345,0.9999856481660071
9843,98.43000000001345,0.9999856560551258
9844,98.44000000001346,0.9999856639415498
9845,98.45000000001346,0.9999856718252793
9846,98.46000000001347,0.9999856797063148
9847,98.47000000001347,0.9999856875846563
9848,98.48000000001348,0.9999856954603045
9849,98.49000000001348,0.9999857033332594
9850,98.50000000001349,0.9999857112035215
9851,98.51000000001349,0.999985719071091
9852,98.5200000000135,0.9999857269359681
9853,98.5300000000135,0.9999857347981533
9854,98.5400000000135,0.9999857426576468
9855,98.55000000001351,0.999985750514449
9856,98.56000000001352,0.9999857583685602
9857,98.57000000001352,0.9999857662199806
9858,98.58000000001353,0.9999857740687105
9859,98.59000000001353,0.9999857819147503
9860,98.60000000001354,0.9999857897581002
9861,98.61000000001354,0.9999857975987606
9862,98.62000000001355,0.9999858054367318
9863,98.63000000001355,0.9999858132720141
9864,98.64000000001356,0.9999858211046078
9865,98.65000000001356,0.999985828934513
9866,98.66000000001357,0.9999858367617304
9867,98.67000000001357,0.99998584458626
9868,98.68000000001358,0.9999858524081023
9869,98.69000000001358,0.9999858602272574
9870,98.70000000001359,0.9999858680437258
9871,98.7100000000136,0.9999858758575078
9872,98.7200000000136,0.9999858836686034
9873,98.7300000000136,0.9999858914770133
9874,98.74000000001361,0.9999858992827376
9875,98.75000000001361,0.9999859070857766
9876,98.76000000001362,0.9999859148861306
9877,98.77000000001362,0.9999859226838
9878,98.78000000001363,0.9999859304787851
9879,98.79000000001363,0.9999859382710862
9880,98.80000000001364,0.9999859460607035
9881,98.81000000001364,0.9999859538476373
9882,98.82000000001365,0.9999859616318881
9883,98.83000000001365,0.999985969413456
9884,98.84000000001366,0.9999859771923414
9885,98.85000000001367,0.9999859849685446
9886,98.86000000001367,0.9999859927420659
9887,98.87000000001368,0.9999860005129055
9888,98.88000000001368,0.9999860082810639
9889,98.89000000001369,0.9999860160465412
9890,98.90000000001369,0.999986023809338
9891,98.9100000000137,0.9999860315694542
9892,98.9200000000137,0.9999860393268905
9893,98.9300000000137,0.9999860470816468
9894,98.94000000001371,0.9999860548337238
9895,98.95000000001372,0.9999860625831216
9896,98.96000000001372,0.9999860703298405
9897,98.97000000001373,0.999986078073881
9898,98.98000000001373,0.9999860858152431
9899,98.99000000001374,0.9999860935539272
9900,99.00000000001374,0.9999861012899337
9901,99.01000000001375,0.9999861090232628
9902,99.02000000001375,0.9999861167539149
9903,99.03000000001376,0.9999861244818903
9904,99.04000000001376,0.9999861322071892
9905,99.05000000001377,0.9999861399298121
9906,99.06000000001377,0.999986147649759
9907,99.07000000001378,0.9999861553670305
9908,99.08000000001378,0.9999861630816267
9909,99.09000000001379,0.9999861707935481
9910,99.1000000000138,0.9999861785027948
9911,99.1100000000138,0.9999861862093672
9912,99.1200000000138,0.9999861939132656
9913,99.13000000001381,0.9999862016144903
9914,99.14000000001381,0.9999862093130416
9915,99.15000000001382,0.9999862170089199
9916,99.16000000001382,0.9999862247021253
9917,99.17000000001383,0.9999862323926582
9918,99.18000000001383,0.999986240080519
9919,99.19000000001384,0.9999862477657079
9920,99.20000000001384,0.9999862554482252
9921,99.21000000001385,0.9999862631280712
9922,99.22000000001385,0.9999862708052463
9923,99.23000000001386,0.9999862784797506
9924,99.24000000001386,0.9999862861515847
9925,99.25000000001387,0.9999862938207487
9926,99.26000000001387,0.9999863014872429
9927,99.27000000001388,0.9999863091510676
9928,99.28000000001389,0.9999863168122233
9929,99.29000000001389,0.99998632447071
9930,99.3000000000139,0.9999863321265282
9931,99.3100000000139,0.9999863397796782
9932,99.3200000000139,0.9999863474301602
9933,99.33000000001391,0.9999863550779747
9934,99.34000000001392,0.9999863627231218
9935,99.35000000001392,0.9999863703656019
9936,99.36000000001393,0.9999863780054152
9937,99.37000000001393,0.9999863856425621
9938,99.38000000001394,0.9999863932770429
9939,99.39000000001394,0.9999864009088579
9940,99.40000000001395,0.9999864085380074
9941,99.41000000001395,0.9999864161644916
9942,99.42000000001396,0.9999864237883109
9943,99.43000000001396,0.9999864314094657
9944,99.44000000001397,0.9999864390279561
9945,99.45000000001397,0.9999864466437826
9946,99.46000000001398,0.9999864542569453
9947,99.47000000001398,0.9999864618674447
9948,99.48000000001399,0.9999864694752809
9949,99.49000000001399,0.9999864770804544
9950,99.500000000014,0.9999864846829654
9951,99.510000000014,0.9999864922828142
9952,99.52000000001401,0.9999864998800011
9953,99.53000000001401,0.9999865074745264
9954,99.54000000001402,0.9999865150663906
9955,99.55000000001402,0.9999865226555936
9956,99.56000000001403,0.9999865302421361
9957,99.57000000001403,0.9999865378260181
9958,99.58000000001404,0.9999865454072401
9959,99.59000000001404,0.9999865529858023
9960,99.60000000001405,0.9999865605617051
9961,99.61000000001405,0.9999865681349487
9962,99.62000000001406,0.9999865757055335
9963,99.63000000001406,0.9999865832734597
9964,99.64000000001407,0.9999865908387275
9965,99.65000000001407,0.9999865984013376
9966,99.66000000001408,0.99998660596129
9967,99.67000000001408,0.999986613518585
9968,99.68000000001409,0.9999866210732229
9969,99.6900000000141,0.999986628625204
9970,99.7000000000141,0.9999866361745289
9971,99.7100000000141,0.9999866437211975
9972,99.72000000001411,0.9999866512652102
9973,99.73000000001412,0.9999866588065676
9974,99.74000000001412,0.9999866663452696
9975,99.75000000001413,0.9999866738813167
9976,99.76000000001413,0.9999866814147091
9977,99.77000000001414,0.9999866889454473
9978,99.78000000001414,0.9999866964735314
9979,99.79000000001415,0.9999867039989618
9980,99.80000000001415,0.9999867115217388
9981,99.81000000001416,0.9999867190418626
9982,99.82000000001416,0.9999867265593337
9983,99.83000000001417,0.9999867340741522
9984,99.84000000001417,0.9999867415863185
9985,99.85000000001418,0.999986749095833
9986,99.86000000001418,0.9999867566026958
9987,99.87000000001419,0.9999867641069072
9988,99.88000000001419,0.9999867716084677
9989,99.8900000000142,0.9999867791073774
9990,99.9000000000142,0.9999867866036368
9991,99.91000000001421,0.9999867940972461
9992,99.92000000001421,0.9999868015882055
9993,99.93000000001422,0.9999868090765155
9994,99.94000000001422,0.9999868165621763
9995,99.95000000001423,0.9999868240451881
9996,99.96000000001423,0.9999868315255515
9997,99.97000000001424,0.9999868390032665
9998,99.98000000001424,0.9999868464783334
9999,99.99000000001425,0.9999868539507527
10000,100.00000000001425,0.9999868614205246
10001,100.01000000001426,0.9999868688876494
10002,100.02000000001426,0.9999868763521275
10003,100.03000000001427,0.9999868838139591
10004,100.04000000001427,0.9999868912731443
10005,100.05000000001428,0.9999868987296838
10006,100.06000000001428,0.9999869061835778
10007,100.07000000001429,0.9999869136348264
10008,100.0800000000143,0.99998692108343
10009,100.0900000000143,0.999986928529389
10010,100.1000000000143,0.9999869359727036
10011,100.11000000001431,0.999986943413374
10012,100.12000000001431,0.9999869508514008
10013,100.13000000001432,0.9999869582867841
10014,100.14000000001433,0.9999869657195242
10015,100.15000000001433,0.9999869731496214
10016,100.16000000001434,0.999986980577076
10017,100.17000000001434,0.9999869880018883
10018,100.18000000001435,0.9999869954240588
10019,100.19000000001435,0.9999870028435874
10020,100.20000000001436,0.9999870102604749
10021,100.21000000001436,0.9999870176747212
10022,100.22000000001437,0.9999870250863266
10023,100.23000000001437,0.9999870324952917
10024,100.24000000001438,0.9999870399016166
10025,100.25000000001438,0.9999870473053017
10026,100.26000000001439,0.9999870547063472
10027,100.27000000001439,0.9999870621047534
10028,100.2800000000144,0.9999870695005206
10029,100.2900000000144,0.9999870768936493
10030,100.3000000000144,0.9999870842841395
10031,100.31000000001441,0.9999870916719916
10032,100.32000000001442,0.9999870990572061
10033,100.33000000001442,0.9999871064397831
10034,100.34000000001443,0.9999871138197228
10035,100.35000000001443,0.9999871211970258
10036,100.36000000001444,0.9999871285716923
10037,100.37000000001444,0.9999871359437223
10038,100.38000000001445,0.9999871433131166
10039,100.39000000001445,0.9999871506798751
10040,100.40000000001446,0.9999871580439982
10041,100.41000000001446,0.9999871654054864
10042,100.42000000001447,0.9999871727643397
10043,100.43000000001447,0.9999871801205586
10044,100.44000000001448,0.9999871874741434
10045,100.45000000001448,0.9999871948250943
10046,100.46000000001449,0.9999872021734116
10047,100.4700000000145,0.9999872095190958
10048,100.4800000000145,0.999987216862147
10049,100.4900000000145,0.9999872242025655
10050,100.50000000001451,0.9999872315403516
10051,100.51000000001451,0.9999872388755057
10052,100.52000000001452,0.999987246208028
10053,100.53000000001452,0.999987253537919
10054,100.54000000001453,0.9999872608651788
10055,100.55000000001453,0.9999872681898077
10056,100.56000000001454,0.999987275511806
10057,100.57000000001455,0.9999872828311742
10058,100.58000000001455,0.9999872901479123
10059,100.59000000001456,0.9999872974620209
10060,100.60000000001456,0.9999873047735001
10061,100.61000000001457,0.9999873120823501
10062,100.62000000001457,0.9999873193885715
10063,100.63000000001458,0.9999873266921645
10064,100.64000000001458,0.9999873339931292
10065,100.65000000001459,0.9999873412914662
10066,100.66000000001459,0.9999873485871756
10067,100.6700000000146,0.9999873558802578
10068,100.6800000000146,0.9999873631707129
10069,100.6900000000146,0.9999873704585415
10070,100.70000000001461,0.9999873777437437
10071,100.71000000001462,0.9999873850263198
10072,100.72000000001462,0.9999873923062702
10073,100.73000000001463,0.9999873995835952
10074,100.74000000001463,0.999987406858295
10075,100.75000000001464,0.99998741413037
10076,100.76000000001464,0.9999874213998203
10077,100.77000000001465,0.9999874286666466
10078,100.78000000001465,0.9999874359308488
10079,100.79000000001466,0.9999874431924274
10080,100.80000000001466,0.9999874504513826
10081,100.81000000001467,0.9999874577077147
10082,100.82000000001467,0.9999874649614242
10083,100.83000000001468,0.9999874722125112
10084,100.84000000001468,0.999987479460976
10085,100.85000000001469,0.9999874867068189
10086,100.8600000000147,0.9999874939500404
10087,100.8700000000147,0.9999875011906405
10088,100.8800000000147,0.9999875084286197
10089,100.89000000001471,0.9999875156639784
10090,100.90000000001471,0.9999875228967166
10091,100.91000000001472,0.9999875301268347
10092,100.92000000001472,0.9999875373543331
10093,100.93000000001473,0.9999875445792121
10094,100.94000000001473,0.9999875518014719
10095,100.95000000001474,0.9999875590211128
10096,100.96000000001474,0.9999875662381352
10097,100.97000000001475,0.9999875734525394
10098,100.98000000001475,0.9999875806643256
10099,100.99000000001476,0.9999875878734942
10100,101.00000000001477,0.9999875950800453
10101,101.01000000001477,0.9999876022839794
10102,101.02000000001478,0.9999876094852969
10103,101.03000000001478,0.9999876166839977
10104,101.04000000001479,0.9999876238800824
10105,101.05000000001479,0.9999876310735514
10106,101.0600000000148,0.9999876382644047
10107,101.0700000000148,0.9999876454526427
10108,101.0800000000148,0.999987652638266
10109,101.09000000001481,0.9999876598212744
10110,101.10000000001482,0.9999876670016684
10111,101.11000000001482,0.9999876741794484
10112,101.12000000001483,0.9999876813546147
10113,101.13000000001483,0.9999876885271676
10114,101.14000000001484,0.9999876956971072
10115,101.15000000001484,0.999987702864434
10116,101.16000000001485,0.9999877100291482
10117,101.17000000001485,0.9999877171912501
10118,101.18000000001486,0.9999877243507401
10119,101.19000000001486,0.9999877315076184
10120,101.20000000001487,0.9999877386618854
10121,101.21000000001487,0.9999877458135412
10122,101.22000000001488,0.9999877529625864
10123,101.23000000001488,0.9999877601090209
10124,101.24000000001489,0.9999877672528454
10125,101.2500000000149,0.99998777439406
10126,101.2600000000149,0.999987781532665
10127,101.2700000000149,0.9999877886686608
10128,101.28000000001491,0.9999877958020476
10129,101.29000000001491,0.9999878029328256
10130,101.30000000001492,0.9999878100609954
10131,101.31000000001492,0.9999878171865569
10132,101.32000000001493,0.9999878243095108
10133,101.33000000001493,0.9999878314298571
10134,101.34000000001494,0.9999878385475964
10135,101.35000000001494,0.9999878456627287
10136,101.36000000001495,0.9999878527752545
10137,101.37000000001495,0.9999878598851739
10138,101.38000000001496,0.9999878669924873
10139,101.39000000001496,0.9999878740971951
10140,101.40000000001497,0.9999878811992976
10141,101.41000000001497,0.9999878882987948
10142,101.42000000001498,0.9999878953956874
10143,101.43000000001499,0.9999879024899754
10144,101.44000000001499,0.9999879095816593
10145,101.450000000015,0.9999879166707393
10146,101.460000000015,0.9999879237572156
10147,101.470000000015,0.9999879308410887
10148,101.48000000001501,0.9999879379223587
10149,101.49000000001502,0.9999879450010262
10150,101.50000000001502,0.9999879520770911
10151,101.51000000001503,0.999987959150554
10152,101.52000000001503,0.9999879662214151
10153,101.53000000001504,0.9999879732896747
10154,101.54000000001504,0.9999879803553331
10155,101.55000000001505,0.9999879874183906
10156,101.56000000001505,0.9999879944788475
10157,101.57000000001506,0.9999880015367041
10158,101.58000000001506,0.9999880085919607
10159,101.59000000001507,0.9999880156446176
10160,101.60000000001507,0.999988022694675
10161,101.61000000001508,0.9999880297421334
10162,101.62000000001508,0.999988036786993
10163,101.63000000001509,0.999988043829254
10164,101.64000000001509,0.9999880508689168
10165,101.6500000000151,0.9999880579059818
10166,101.6600000000151,0.9999880649404491
10167,101.67000000001511,0.9999880719723191
10168,101.68000000001511,0.999988079001592
10169,101.69000000001512,0.9999880860282683
10170,101.70000000001512,0.9999880930523481
10171,101.71000000001513,0.9999881000738319
10172,101.72000000001513,0.9999881070927198
10173,101.73000000001514,0.9999881141090121
10174,101.74000000001514,0.9999881211227093
10175,101.75000000001515,0.9999881281338115
10176,101.76000000001515,0.9999881351423192
10177,101.77000000001516,0.9999881421482325
10178,101.78000000001516,0.9999881491515518
10179,101.79000000001517,0.9999881561522772
10180,101.80000000001517,0.9999881631504094
10181,101.81000000001518,0.9999881701459483
10182,101.82000000001518,0.9999881771388944
10183,101.83000000001519,0.9999881841292481
10184,101.8400000000152,0.9999881911170094
10185,101.8500000000152,0.9999881981021789
10186,101.8600000000152,0.9999882050847566
10187,101.87000000001521,0.9999882120647431
10188,101.88000000001522,0.9999882190421385
10189,101.89000000001522,0.9999882260169431
10190,101.90000000001523,0.9999882329891574
10191,101.91000000001523,0.9999882399587815
10192,101.92000000001524,0.9999882469258157
10193,101.93000000001524,0.9999882538902604
10194,101.94000000001525,0.9999882608521158
10195,101.95000000001525,0.9999882678113823
10196,101.96000000001526,0.9999882747680602
10197,101.97000000001526,0.9999882817221496
10198,101.98000000001527,0.9999882886736511
10199,101.99000000001527,0.9999882956225647
10200,102.00000000001528,0.9999883025688909
10201,102.01000000001528,0.9999883095126301
10202,102.02000000001529,0.9999883164537823
10203,102.03000000001529,0.9999883233923479
10204,102.0400000000153,0.9999883303283272
10205,102.0500000000153,0.9999883372617207
10206,102.06000000001531,0.9999883441925285
10207,102.07000000001531,0.9999883511207508
10208,102.08000000001532,0.9999883580463882
10209,102.09000000001532,0.9999883649694408
10210,102.10000000001533,0.9999883718899089
10211,102.11000000001533,0.9999883788077927
10212,102.12000000001534,0.9999883857230928
10213,102.13000000001534,0.9999883926358092
10214,102.14000000001535,0.9999883995459424
10215,102.15000000001535,0.9999884064534926
10216,102.16000000001536,0.9999884133584602
10217,102.17000000001536,0.9999884202608453
10218,102.18000000001537,0.9999884271606484
10219,102.19000000001537,0.9999884340578697
10220,102.20000000001538,0.9999884409525095
10221,102.21000000001538,0.9999884478445682
10222,102.22000000001539,0.999988454734046
10223,102.2300000000154,0.9999884616209431
10224,102.2400000000154,0.9999884685052599
10225,102.2500000000154,0.9999884753869969
10226,102.26000000001541,0.999988482266154
10227,102.27000000001541,0.9999884891427319
10228,102.28000000001542,0.9999884960167305
10229,102.29000000001543,0.9999885028881504
10230,102.30000000001543,0.9999885097569918
10231,102.31000000001544,0.999988516623255
10232,102.32000000001544,0.9999885234869403
10233,102.33000000001545,0.999988530348048
10234,102.34000000001545,0.9999885372065784
10235,102.35000000001546,0.9999885440625319
10236,102.36000000001546,0.9999885509159085
10237,102.37000000001547,0.9999885577667088
10238,102.38000000001547,0.999988564614933
10239,102.39000000001548,0.9999885714605814
10240,102.40000000001548,0.9999885783036543
10241,102.41000000001549,0.9999885851441519
10242,102.42000000001549,0.9999885919820747
10243,102.4300000000155,0.9999885988174227
10244,102.4400000000155,0.9999886056501965
10245,102.4500000000155,0.9999886124803964
10246,102.46000000001551,0.9999886193080224
10247,102.47000000001552,0.9999886261330752
10248,102.48000000001552,0.9999886329555546
10249,102.49000000001553,0.9999886397754614
10250,102.50000000001553,0.9999886465927955
10251,102.51000000001554,0.9999886534075575
10252,102.52000000001554,0.9999886602197475
10253,102.53000000001555,0.999988667029366
10254,102.54000000001555,0.999988673836413
10255,102.55000000001556,0.9999886806408891
10256,102.56000000001556,0.9999886874427943
10257,102.57000000001557,0.9999886942421292
10258,102.58000000001557,0.999988701038894
10259,102.59000000001558,0.9999887078330889
10260,102.60000000001558,0.9999887146247143
10261,102.61000000001559,0.9999887214137704
10262,102.6200000000156,0.9999887282002576
10263,102.6300000000156,0.9999887349841762
10264,102.6400000000156,0.9999887417655263
10265,102.65000000001561,0.9999887485443085
10266,102.66000000001561,0.999988755320523
10267,102.67000000001562,0.99998876209417
10268,102.68000000001562,0.9999887688652498
10269,102.69000000001563,0.9999887756337628
10270,102.70000000001563,0.9999887823997092
10271,102.71000000001564,0.9999887891630894
10272,102.72000000001565,0.9999887959239037
10273,102.73000000001565,0.9999888026821522
10274,102.74000000001566,0.9999888094378354
10275,102.75000000001566,0.9999888161909536
10276,102.76000000001567,0.9999888229415069
10277,102.77000000001567,0.999988829689496
10278,102.78000000001568,0.9999888364349208
10279,102.79000000001568,0.9999888431777817
10280,102.80000000001569,0.999988849918079
10281,102.81000000001569,0.9999888566558132
10282,102.8200000000157,0.9999888633909843
10283,102.8300000000157,0.9999888701235927
10284,102.8400000000157,0.9999888768536388
10285,102.85000000001571,0.9999888835811229
10286,102.86000000001572,0.9999888903060452
10287,102.87000000001572,0.999988897028406
10288,102.88000000001573,0.9999889037482056
10289,102.89000000001573,0.9999889104654444
10290,102.90000000001574,0.9999889171801225
10291,102.91000000001574,0.9999889238922405
10292,102.92000000001575,0.9999889306017984
10293,102.93000000001575,0.9999889373087967
10294,102.94000000001576,0.9999889440132356
10295,102.95000000001576,0.9999889507151153
10296,102.96000000001577,0.9999889574144364
10297,102.97000000001577,0.9999889641111989
10298,102.98000000001578,0.9999889708054033
10299,102.99000000001578,0.9999889774970497
10300,103.00000000001579,0.9999889841861387
10301,103.0100000000158,0.9999889908726702
10302,103.0200000000158,0.9999889975566448
10303,103.0300000000158,0.9999890042380628
10304,103.04000000001581,0.9999890109169244
10305,103.05000000001581,0.9999890175932298
10306,103.06000000001582,0.9999890242669794
10307,103.07000000001582,0.9999890309381736
10308,103.08000000001583,0.9999890376068127
10309,103.09000000001583,0.9999890442728967
10310,103.10000000001584,0.9999890509364262
10311,103.11000000001584,0.9999890575974014
10312,103.12000000001585,0.9999890642558227
10313,103.13000000001585,0.9999890709116901
10314,103.14000000001586,0.9999890775650042
10315,103.15000000001586,0.9999890842157653
10316,103.16000000001587,0.9999890908639735
10317,103.17000000001588,0.9999890975096292
10318,103.18000000001588,0.9999891041527327
10319,103.19000000001589,0.9999891107932843
10320,103.20000000001589,0.9999891174312844
10321,103.2100000000159,0.999989124066733
10322,103.2200000000159,0.9999891306996308
10323,103.2300000000159,0.9999891373299777
10324,103.24000000001591,0.9999891439577744
10325,103.25000000001592,0.9999891505830208
10326,103.26000000001592,0.9999891572057176
10327,103.27000000001593,0.9999891638258647
10328,103.28000000001593,0.9999891704434627
10329,103.29000000001594,0.9999891770585118
10330,103.30000000001594,0.9999891836710122
10331,103.31000000001595,0.9999891902809643
10332,103.32000000001595,0.9999891968883684
10333,103.33000000001596,0.9999892034932248
10334,103.34000000001596,0.9999892100955339
10335,103.35000000001597,0.9999892166952957
10336,103.36000000001597,0.9999892232925108
10337,103.37000000001598,0.9999892298871793
10338,103.38000000001598,0.9999892364793017
10339,103.39000000001599,0.9999892430688782
10340,103.400000000016,0.999989249655909
10341,103.410000000016,0.9999892562403944
10342,103.420000000016,0.9999892628223349
10343,103.43000000001601,0.9999892694017306
10344,103.44000000001601,0.999989275978582
10345,103.45000000001602,0.9999892825528892
10346,103.46000000001602,0.9999892891246526
10347,103.47000000001603,0.9999892956938725
10348,103.48000000001603,0.9999893022605492
10349,103.49000000001604,0.9999893088246828
10350,103.50000000001604,0.999989315386274
10351,103.51000000001605,0.9999893219453229
10352,103.52000000001605,0.9999893285018296
10353,103.53000000001606,0.9999893350557947
10354,103.54000000001606,0.9999893416072183
10355,103.55000000001607,0.9999893481561007
10356,103.56000000001607,0.9999893547024424
10357,103.57000000001608,0.9999893612462436
10358,103.58000000001608,0.9999893677875046
10359,103.59000000001609,0.9999893743262256
10360,103.6000000000161,0.999989380862407
10361,103.6100000000161,0.999989387396049
10362,103.6200000000161,0.9999893939271521
10363,103.63000000001611,0.9999894004557165
10364,103.64000000001612,0.9999894069817423
10365,103.65000000001612,0.9999894135052301
10366,103.66000000001613,0.9999894200261801
10367,103.67000000001613,0.9999894265445924
10368,103.68000000001614,0.9999894330604676
10369,103.69000000001614,0.9999894395738059
10370,103.70000000001615,0.9999894460846076
10371,103.71000000001615,0.9999894525928729
10372,103.72000000001616,0.9999894590986022
10373,103.73000000001616,0.9999894656017958
10374,103.74000000001617,0.9999894721024539
10375,103.75000000001617,0.999989478600577
10376,103.76000000001618,0.9999894850961651
10377,103.77000000001618,0.9999894915892188
10378,103.78000000001619,0.9999894980797382
10379,103.79000000001619,0.9999895045677237
10380,103.8000000000162,0.9999895110531756
10381,103.8100000000162,0.9999895175360942
10382,103.82000000001621,0.9999895240164798
10383,103.83000000001621,0.9999895304943326
10384,103.84000000001622,0.999989536969653
10385,103.85000000001622,0.9999895434424412
10386,103.86000000001623,0.9999895499126976
10387,103.87000000001623,0.9999895563804225
10388,103.88000000001624,0.9999895628456162
10389,103.89000000001624,0.9999895693082791
10390,103.90000000001625,0.9999895757684112
10391,103.91000000001625,0.999989582226013
10392,103.92000000001626,0.9999895886810848
10393,103.93000000001626,0.999989595133627
10394,103.94000000001627,0.9999896015836396
10395,103.95000000001627,0.9999896080311231
10396,103.96000000001628,0.9999896144760778
10397,103.97000000001628,0.9999896209185041
10398,103.98000000001629,0.999989627358402
10399,103.9900000000163,0.9999896337957721
10400,104.0000000000163,0.9999896402306145
10401,104.0100000000163,0.9999896466629297
10402,104.02000000001631,0.9999896530927178
10403,104.03000000001632,0.9999896595199792
10404,104.04000000001632,0.9999896659447142
10405,104.05000000001633,0.999989672366923
10406,104.06000000001633,0.9999896787866062
10407,104.07000000001634,0.9999896852037637
10408,104.08000000001634,0.999989691618396
10409,104.09000000001635,0.9999896980305034
10410,104.10000000001635,0.9999897044400863
10411,104.11000000001636,0.9999897108471447
10412,104.12000000001636,0.9999897172516793
10413,104.13000000001637,0.99998972365369
10414,104.14000000001637,0.9999897300531774
10415,104.15000000001638,0.9999897364501417
10416,104.16000000001638,0.9999897428445831
10417,104.17000000001639,0.9999897492365021
10418,104.18000000001639,0.9999897556258989
10419,104.1900000000164,0.9999897620127737
10420,104.2000000000164,0.9999897683971269
10421,104.21000000001641,0.9999897747789589
10422,104.22000000001641,0.9999897811582699
10423,104.23000000001642,0.9999897875350601
10424,104.24000000001642,0.99998979390933
10425,104.25000000001643,0.9999898002810796
10426,104.26000000001643,0.9999898066503097
10427,104.27000000001644,0.9999898130170202
10428,104.28000000001644,0.9999898193812115
10429,104.29000000001645,0.9999898257428838
10430,104.30000000001645,0.9999898321020376
10431,104.31000000001646,0.9999898384586731
10432,104.32000000001646,0.9999898448127906
10433,104.33000000001647,0.9999898511643904
10434,104.34000000001647,0.9999898575134729
10435,104.35000000001648,0.9999898638600383
10436,104.36000000001648,0.9999898702040869
10437,104.37000000001649,0.999989876545619
10438,104.3800000000165,0.9999898828846349
10439,104.3900000000165,0.999989889221135
10440,104.4000000000165,0.9999898955551194
10441,104.41000000001651,0.9999899018865887
10442,104.42000000001651,0.9999899082155429
10443,104.43000000001652,0.9999899145419825
10444,104.44000000001652,0.9999899208659077
10445,104.45000000001653,0.9999899271873188
10446,104.46000000001654,0.9999899335062161
10447,104.47000000001654,0.9999899398226001
10448,104.48000000001655,0.9999899461364707
10449,104.49000000001655,0.9999899524478286
10450,104.50000000001656,0.999989958756674
10451,104.51000000001656,0.9999899650630071
10452,104.52000000001657,0.9999899713668282
10453,104.53000000001657,0.9999899776681377
10454,104.54000000001658,0.9999899839669357
10455,104.55000000001658,0.9999899902632229
10456,104.56000000001659,0.9999899965569992
10457,104.57000000001659,0.999990002848265
10458,104.5800000000166,0.9999900091370207
10459,104.5900000000166,0.9999900154232667
10460,104.6000000000166,0.999990021707003
10461,104.61000000001661,0.9999900279882301
10462,104.62000000001662,0.9999900342669483
10463,104.63000000001662,0.9999900405431579
10464,104.64000000001663,0.9999900468168592
10465,104.65000000001663,0.9999900530880523
10466,104.66000000001664,0.9999900593567379
10467,104.67000000001664,0.9999900656229159
10468,104.68000000001665,0.9999900718865868
10469,104.69000000001665,0.999990078147751
10470,104.70000000001666,0.9999900844064087
10471,104.71000000001666,0.9999900906625601
10472,104.72000000001667,0.9999900969162056
10473,104.73000000001667,0.9999901031673455
10474,104.74000000001668,0.9999901094159801
10475,104.75000000001668,0.9999901156621097
10476,104.76000000001669,0.9999901219057346
10477,104.7700000000167,0.9999901281468551
10478,104.7800000000167,0.9999901343854715
10479,104.7900000000167,0.9999901406215841
10480,104.80000000001671,0.9999901468551933
10481,104.81000000001671,0.9999901530862992
10482,104.82000000001672,0.9999901593149023
10483,104.83000000001672,0.9999901655410028
10484,104.84000000001673,0.999990171764601
10485,104.85000000001673,0.9999901779856973
10486,104.86000000001674,0.9999901842042919
10487,104.87000000001674,0.9999901904203852
10488,104.88000000001675,0.9999901966339773
10489,104.89000000001676,0.9999902028450687
10490,104.90000000001676,0.9999902090536597
10491,104.91000000001677,0.9999902152597505
10492,104.92000000001677,0.9999902214633414
10493,104.93000000001678,0.9999902276644328
10494,104.94000000001678,0.999990233863025
10495,104.95000000001679,0.9999902400591182
10496,104.96000000001679,0.9999902462527128
10497,104.9700000000168,0.9999902524438091
10498,104.9800000000168,0.9999902586324073
10499,104.9900000000168,0.9999902648185078
10500,105.00000000001681,0.9999902710021109
10501,105.01000000001682,0.9999902771832169
10502,105.02000000001682,0.999990283361826
10503,105.03000000001683,0.9999902895379387
10504,105.04000000001683,0.9999902957115552
10505,105.05000000001684,0.9999903018826757
10506,105.06000000001684,0.9999903080513006
10507,105.07000000001685,0.9999903142174303
10508,105.08000000001685,0.999990320381065
10509,105.09000000001686,0.9999903265422049
10510,105.10000000001686,0.9999903327008505
10511,105.11000000001687,0.9999903388570021
10512,105.12000000001687,0.9999903450106598
10513,105.13000000001688,0.999990351161824
10514,105.14000000001688,0.9999903573104951
10515,105.15000000001689,0.9999903634566734
10516,105.1600000000169,0.999990369600359
10517,105.1700000000169,0.9999903757415525
10518,105.1800000000169,0.999990381880254
10519,105.19000000001691,0.9999903880164638
10520,105.20000000001691,0.9999903941501823
10521,105.21000000001692,0.9999904002814098
10522,105.22000000001692,0.9999904064101465
10523,105.23000000001693,0.9999904125363929
10524,105.24000000001693,0.999990418660149
10525,105.25000000001694,0.9999904247814154
10526,105.26000000001694,0.9999904309001922
10527,105.27000000001695,0.9999904370164798
10528,105.28000000001695,0.9999904431302786
10529,105.29000000001696,0.9999904492415888
10530,105.30000000001696,0.9999904553504106
10531,105.31000000001697,0.9999904614567444
10532,105.32000000001698,0.9999904675605906
10533,105.33000000001698,0.9999904736619495
10534,105.34000000001699,0.9999904797608211
10535,105.35000000001699,0.9999904858572061
10536,105.360000000017,0.9999904919511046
10537,105.370000000017,0.9999904980425169
10538,105.380000000017,0.9999905041314434
10539,105.39000000001701,0.9999905102178843
10540,105.40000000001702,0.99999051630184
10541,105.41000000001702,0.9999905223833108
10542,105.42000000001703,0.9999905284622969
10543,105.43000000001703,0.9999905345387987
10544,105.44000000001704,0.9999905406128164
10545,105.45000000001704,0.9999905466843505
10546,105.46000000001705,0.9999905527534012
10547,105.47000000001705,0.9999905588199687
10548,105.48000000001706,0.9999905648840535
10549,105.49000000001706,0.9999905709456557
10550,105.50000000001707,0.9999905770047758
10551,105.51000000001707,0.999990583061414
10552,105.52000000001708,0.9999905891155705
10553,105.53000000001708,0.9999905951672459
10554,105.54000000001709,0.9999906012164402
10555,105.55000000001709,0.9999906072631539
10556,105.5600000000171,0.9999906133073873
10557,105.5700000000171,0.9999906193491406
10558,105.58000000001711,0.9999906253884141
10559,105.59000000001711,0.9999906314252083
10560,105.60000000001712,0.9999906374595233
10561,105.61000000001712,0.9999906434913595
10562,105.62000000001713,0.9999906495207171
10563,105.63000000001713,0.9999906555475966
10564,105.64000000001714,0.9999906615719981
10565,105.65000000001714,0.9999906675939221
10566,105.66000000001715,0.9999906736133688
10567,105.67000000001715,0.9999906796303385
10568,105.68000000001716,0.9999906856448315
10569,105.69000000001716,0.9999906916568481
10570,105.70000000001717,0.9999906976663887
10571,105.71000000001717,0.9999907036734536
10572,105.72000000001718,0.9999907096780428
10573,105.73000000001718,0.9999907156801571
10574,105.74000000001719,0.9999907216797965
10575,105.7500000000172,0.9999907276769614
10576,105.7600000000172,0.999990733671652
10577,105.7700000000172,0.9999907396638688
10578,105.78000000001721,0.9999907456536118
10579,105.79000000001722,0.9999907516408817
10580,105.80000000001722,0.9999907576256785
10581,105.81000000001723,0.9999907636080027
10582,105.82000000001723,0.9999907695878544
10583,105.83000000001724,0.9999907755652341
10584,105.84000000001724,0.999990781540142
10585,105.85000000001725,0.9999907875125784
10586,105.86000000001725,0.9999907934825437
10587,105.87000000001726,0.9999907994500382
10588,105.88000000001726,0.9999908054150621
10589,105.89000000001727,0.9999908113776159
10590,105.90000000001727,0.9999908173376997
10591,105.91000000001728,0.9999908232953139
10592,105.92000000001728,0.9999908292504588
10593,105.93000000001729,0.9999908352031346
10594,105.94000000001729,0.9999908411533418
10595,105.9500000000173,0.9999908471010807
10596,105.9600000000173,0.9999908530463514
10597,105.97000000001731,0.9999908589891544
10598,105.98000000001731,0.9999908649294899
10599,105.99000000001732,0.9999908708673583
10600,106.00000000001732,0.9999908768027598
10601,106.01000000001733,0.9999908827356948
10602,106.02000000001733,0.9999908886661636
10603,106.03000000001734,0.9999908945941665
10604,106.04000000001734,0.9999909005197037
10605,106.05000000001735,0.9999909064427758
10606,106.06000000001735,0.9999909123633828
10607,106.07000000001736,0.9999909182815251
10608,106.08000000001736,0.999990924197203
10609,106.09000000001737,0.9999909301104168
10610,106.10000000001737,0.999990936021167
10611,106.11000000001738,0.9999909419294537
10612,106.12000000001738,0.9999909478352772
10613,106.13000000001739,0.999990953738638
10614,106.1400000000174,0.9999909596395361
10615,106.1500000000174,0.9999909655379722
10616,106.1600000000174,0.9999909714339462
10617,106.17000000001741,0.9999909773274588
10618,106.18000000001742,0.99999098321851
10619,106.19000000001742,0.9999909891071003
10620,106.20000000001743,0.9999909949932299
10621,106.21000000001743,0.9999910008768991
10622,106.22000000001744,0.9999910067581083
10623,106.23000000001744,0.9999910126368577
10624,106.24000000001745,0.9999910185131478
10625,106.25000000001745,0.9999910243869787
10626,106.26000000001746,0.9999910302583509
10627,106.27000000001746,0.9999910361272645
10628,106.28000000001747,0.9999910419937199
10629,106.29000000001747,0.9999910478577175
10630,106.30000000001748,0.9999910537192576
10631,106.31000000001748,0.9999910595783403
10632,106.32000000001749,0.9999910654349661
10633,106.33000000001749,0.9999910712891353
10634,106.3400000000175,0.9999910771408481
10635,106.3500000000175,0.999991082990105
10636,106.36000000001751,0.9999910888369061
10637,106.37000000001751,0.9999910946812519
10638,106.38000000001752,0.9999911005231426
10639,106.39000000001752,0.9999911063625785
10640,106.40000000001753,0.9999911121995599
10641,106.41000000001753,0.9999911180340871
10642,106.42000000001754,0.9999911238661606
10643,106.43000000001754,0.9999911296957805
10644,106.44000000001755,0.9999911355229473
10645,106.45000000001755,0.9999911413476611
10646,106.46000000001756,0.9999911471699222
10647,106.47000000001756,0.9999911529897312
10648,106.48000000001757,0.9999911588070881
10649,106.49000000001757,0.9999911646219933
10650,106.50000000001758,0.9999911704344473
10651,106.51000000001758,0.9999911762444502
10652,106.52000000001759,0.9999911820520023
10653,106.5300000000176,0.9999911878571041
10654,106.5400000000176,0.9999911936597558
10655,106.5500000000176,0.9999911994599576
10656,106.56000000001761,0.9999912052577099
10657,106.57000000001761,0.9999912110530131
10658,106.58000000001762,0.9999912168458674
10659,106.59000000001762,0.9999912226362733
10660,106.60000000001763,0.9999912284242308
10661,106.61000000001764,0.9999912342097405
10662,106.62000000001764,0.9999912399928025
10663,106.63000000001765,0.9999912457734171
10664,106.64000000001765,0.999991251551585
10665,106.65000000001766,0.999991257327306
10666,106.66000000001766,0.9999912631005807
10667,106.67000000001767,0.9999912688714093
10668,106.68000000001767,0.9999912746397922
10669,106.69000000001768,0.9999912804057297
10670,106.70000000001768,0.9999912861692221
10671,106.71000000001769,0.9999912919302697
10672,106.72000000001769,0.9999912976888727
10673,106.7300000000177,0.9999913034450316
10674,106.7400000000177,0.9999913091987467
10675,106.7500000000177,0.9999913149500183
10676,106.76000000001771,0.9999913206988464
10677,106.77000000001772,0.9999913264452318
10678,106.78000000001772,0.9999913321891746
10679,106.79000000001773,0.999991337930675
10680,106.80000000001773,0.9999913436697335
10681,106.81000000001774,0.9999913494063503
10682,106.82000000001774,0.9999913551405257
10683,106.83000000001775,0.99999136087226
10684,106.84000000001775,0.9999913666015537
10685,106.85000000001776,0.999991372328407
10686,106.86000000001776,0.9999913780528201
10687,106.87000000001777,0.9999913837747935
10688,106.88000000001777,0.9999913894943274
10689,106.89000000001778,0.9999913952114221
10690,106.90000000001778,0.999991400926078
10691,106.91000000001779,0.9999914066382953
10692,106.9200000000178,0.9999914123480744
10693,106.9300000000178,0.9999914180554157
10694,106.9400000000178,0.9999914237603194
10695,106.95000000001781,0.9999914294627856
10696,106.96000000001781,0.9999914351628151
10697,106.97000000001782,0.9999914408604078
10698,106.98000000001782,0.9999914465555643
10699,106.99000000001783,0.9999914522482847
10700,107.00000000001783,0.9999914579385694
10701,107.01000000001784,0.9999914636264187
10702,107.02000000001784,0.9999914693118329
10703,107.03000000001785,0.9999914749948123
10704,107.04000000001786,0.9999914806753574
10705,107.05000000001786,0.9999914863534684
10706,107.06000000001787,0.9999914920291454
10707,107.07000000001787,0.999991497702389
10708,107.08000000001788,0.9999915033731994
10709,107.09000000001788,0.999991509041577
10710,107.10000000001789,0.999991514707522
10711,107.11000000001789,0.9999915203710348
10712,107.1200000000179,0.9999915260321156
10713,107.1300000000179,0.9999915316907648
10714,107.1400000000179,0.9999915373469828
10715,107.15000000001791,0.9999915430007698
10716,107.16000000001792,0.9999915486521261
10717,107.17000000001792,0.999991554301052
10718,107.18000000001793,0.9999915599475481
10719,107.19000000001793,0.9999915655916143
10720,107.20000000001794,0.9999915712332511
10721,107.21000000001794,0.9999915768724589
10722,107.22000000001795,0.9999915825092379
10723,107.23000000001795,0.9999915881435885
10724,107.24000000001796,0.999991593775511
10725,107.25000000001796,0.9999915994050056
10726,107.26000000001797,0.9999916050320727
10727,107.27000000001797,0.9999916106567127
10728,107.28000000001798,0.9999916162789257
10729,107.29000000001798,0.9999916218987124
10730,107.30000000001799,0.9999916275160727
10731,107.310000000018,0.9999916331310071
10732,107.320000000018,0.9999916387435159
10733,107.330000000018,0.9999916443535994
10734,107.34000000001801,0.9999916499612581
10735,107.35000000001801,0.999991655566492
10736,107.36000000001802,0.9999916611693017
10737,107.37000000001802,0.9999916667696873
10738,107.38000000001803,0.9999916723676493
10739,107.39000000001803,0.9999916779631879
10740,107.40000000001804,0.9999916835563034
10741,107.41000000001804,0.9999916891469962
10742,107.42000000001805,0.9999916947352665
10743,107.43000000001805,0.9999917003211148
10744,107.44000000001806,0.9999917059045413
10745,107.45000000001806,0.9999917114855463
10746,107.46000000001807,0.9999917170641303
10747,107.47000000001808,0.9999917226402932
10748,107.48000000001808,0.9999917282140358
10749,107.49000000001809,0.9999917337853582
10750,107.50000000001809,0.9999917393542607
10751,107.5100000000181,0.9999917449207436
10752,107.5200000000181,0.9999917504848074
10753,107.5300000000181,0.9999917560464522
10754,107.54000000001811,0.9999917616056784
10755,107.55000000001812,0.9999917671624863
10756,107.56000000001812,0.9999917727168763
10757,107.57000000001813,0.9999917782688487
10758,107.58000000001813,0.9999917838184037
10759,107.59000000001814,0.9999917893655417
10760,107.60000000001814,0.999991794910263
10761,107.61000000001815,0.9999918004525681
10762,107.62000000001815,0.999991805992457
10763,107.63000000001816,0.9999918115299302
10764,107.64000000001816,0.9999918170649881
10765,107.65000000001817,0.9999918225976308
10766,107.66000000001817,0.9999918281278588
10767,107.67000000001818,0.9999918336556723
10768,107.68000000001818,0.9999918391810718
10769,107.69000000001819,0.9999918447040574
10770,107.70000000001819,0.9999918502246296
10771,107.7100000000182,0.9999918557427886
10772,107.7200000000182,0.9999918612585347
10773,107.73000000001821,0.9999918667718684
10774,107.74000000001821,0.9999918722827897
10775,107.75000000001822,0.9999918777912993
10776,107.76000000001822,0.9999918832973973
10777,107.77000000001823,0.9999918888010841
10778,107.78000000001823,0.99999189430236
10779,107.79000000001824,0.9999918998012253
10780,107.80000000001824,0.9999919052976802
10781,107.81000000001825,0.9999919107917253
10782,107.82000000001825,0.9999919162833607
10783,107.83000000001826,0.9999919217725868
10784,107.84000000001826,0.9999919272594039
10785,107.85000000001827,0.9999919327438124
10786,107.86000000001827,0.9999919382258126
10787,107.87000000001828,0.9999919437054047
10788,107.88000000001828,0.999991949182589
10789,107.89000000001829,0.999991954657366
10790,107.9000000000183,0.999991960129736
10791,107.9100000000183,0.9999919655996993
10792,107.9200000000183,0.9999919710672561
10793,107.93000000001831,0.9999919765324068
10794,107.94000000001832,0.9999919819951518
10795,107.95000000001832,0.9999919874554913
10796,107.96000000001833,0.9999919929134258
10797,107.97000000001833,0.9999919983689554
10798,107.98000000001834,0.9999920038220805
10799,107.99000000001834,0.9999920092728015
10800,108.00000000001835,0.9999920147211188
10801,108.01000000001835,0.9999920201670324
10802,108.02000000001836,0.9999920256105429
10803,108.03000000001836,0.9999920310516505
10804,108.04000000001837,0.9999920364903556
10805,108.05000000001837,0.9999920419266585
10806,108.06000000001838,0.9999920473605595
10807,108.07000000001838,0.9999920527920588
10808,108.08000000001839,0.9999920582211571
10809,108.09000000001839,0.9999920636478543
10810,108.1000000000184,0.999992069072151
10811,108.1100000000184,0.9999920744940475
10812,108.12000000001841,0.9999920799135439
10813,108.13000000001841,0.9999920853306408
10814,108.14000000001842,0.9999920907453383
10815,108.15000000001842,0.9999920961576368
10816,108.16000000001843,0.9999921015675368
10817,108.17000000001843,0.9999921069750385
10818,108.18000000001844,0.9999921123801421
10819,108.19000000001844,0.999992117782848
10820,108.20000000001845,0.9999921231831567
10821,108.21000000001845,0.9999921285810682
10822,108.22000000001846,0.999992133976583
10823,108.23000000001846,0.9999921393697015
10824,108.24000000001847,0.9999921447604241
10825,108.25000000001847,0.9999921501487508
10826,108.26000000001848,0.9999921555346821
10827,108.27000000001848,0.9999921609182184
10828,108.28000000001849,0.9999921662993599
10829,108.2900000000185,0.9999921716781071
10830,108.3000000000185,0.9999921770544601
10831,108.3100000000185,0.9999921824284194
10832,108.32000000001851,0.9999921877999852
10833,108.33000000001852,0.9999921931691579
10834,108.34000000001852,0.9999921985359378
10835,108.35000000001853,0.9999922039003253
10836,108.36000000001853,0.9999922092623206
10837,108.37000000001854,0.9999922146219241
10838,108.38000000001854,0.9999922199791361
10839,108.39000000001855,0.999992225333957
10840,108.40000000001855,0.9999922306863871
10841,108.41000000001856,0.9999922360364266
10842,108.42000000001856,0.999992241384076
10843,108.43000000001857,0.9999922467293355
10844,108.44000000001857,0.9999922520722055
10845,108.45000000001858,0.9999922574126864
10846,108.46000000001858,0.9999922627507783
10847,108.47000000001859,0.9999922680864818
10848,108.48000000001859,0.999992273419797
10849,108.4900000000186,0.9999922787507244
10850,108.5000000000186,0.9999922840792641
10851,108.51000000001861,0.9999922894054167
10852,108.52000000001861,0.9999922947291824
10853,108.53000000001862,0.9999923000505615
10854,108.54000000001862,0.9999923053695544
10855,108.55000000001863,0.9999923106861613
10856,108.56000000001863,0.9999923160003826
10857,108.57000000001864,0.9999923213122188
10858,108.58000000001864,0.99999232662167
10859,108.59000000001865,0.9999923319287366
10860,108.60000000001865,0.999992337233419
10861,108.61000000001866,0.9999923425357173
10862,108.62000000001866,0.9999923478356321
10863,108.63000000001867,0.9999923531331636
10864,108.64000000001867,0.9999923584283121
10865,108.65000000001868,0.9999923637210781
10866,108.66000000001868,0.9999923690114618
10867,108.67000000001869,0.9999923742994634
10868,108.6800000000187,0.9999923795850835
10869,108.6900000000187,0.9999923848683223
10870,108.7000000000187,0.9999923901491801
10871,108.71000000001871,0.9999923954276572
10872,108.72000000001871,0.9999924007037541
10873,108.73000000001872,0.999992405977471
10874,108.74000000001872,0.9999924112488081
10875,108.75000000001873,0.999992416517766
10876,108.76000000001874,0.9999924217843449
10877,108.77000000001874,0.9999924270485452
10878,108.78000000001875,0.999992432310367
10879,108.79000000001875,0.999992437569811
10880,108.80000000001876,0.9999924428268773
10881,108.81000000001876,0.9999924480815662
10882,108.82000000001877,0.9999924533338781
10883,108.83000000001877,0.9999924585838134
10884,108.84000000001878,0.9999924638313723
10885,108.85000000001878,0.9999924690765553
10886,108.86000000001879,0.9999924743193626
10887,108.87000000001879,0.9999924795597944
10888,108.8800000000188,0.9999924847978513
10889,108.8900000000188,0.9999924900335335
10890,108.9000000000188,0.9999924952668414
10891,108.91000000001881,0.9999925004977752
10892,108.92000000001882,0.9999925057263355
10893,108.93000000001882,0.9999925109525223
10894,108.94000000001883,0.9999925161763361
10895,108.95000000001883,0.9999925213977772
10896,108.96000000001884,0.999992526616846
10897,108.97000000001884,0.9999925318335428
10898,108.98000000001885,0.9999925370478678
10899,108.99000000001885,0.9999925422598216
10900,109.00000000001886,0.9999925474694042
10901,109.01000000001886,0.9999925526766164
10902,109.02000000001887,0.999992557881458
10903,109.03000000001887,0.9999925630839297
10904,109.04000000001888,0.9999925682840317
10905,109.05000000001888,0.9999925734817643
10906,109.06000000001889,0.999992578677128
10907,109.0700000000189,0.9999925838701229
10908,109.0800000000189,0.9999925890607495
10909,109.0900000000189,0.9999925942490081
10910,109.10000000001891,0.999992599434899
10911,109.11000000001891,0.9999926046184225
10912,109.12000000001892,0.9999926097995792
10913,109.13000000001892,0.9999926149783691
10914,109.14000000001893,0.9999926201547926
10915,109.15000000001893,0.9999926253288501
10916,109.16000000001894,0.9999926305005421
10917,109.17000000001894,0.9999926356698686
10918,109.18000000001895,0.9999926408368303
10919,109.19000000001896,0.9999926460014271
10920,109.20000000001896,0.9999926511636598
10921,109.21000000001897,0.9999926563235283
10922,109.22000000001897,0.9999926614810333
10923,109.23000000001898,0.9999926666361749
10924,109.24000000001898,0.9999926717889536
10925,109.25000000001899,0.9999926769393696
10926,109.26000000001899,0.9999926820874233
10927,109.270000000019,0.9999926872331151
10928,109.280000000019,0.9999926923764452
10929,109.290000000019,0.9999926975174139
10930,109.30000000001901,0.9999927026560218
10931,109.31000000001902,0.999992707792269
10932,109.32000000001902,0.999992712926156
10933,109.33000000001903,0.999992718057683
10934,109.34000000001903,0.9999927231868504
10935,109.35000000001904,0.9999927283136585
10936,109.36000000001904,0.9999927334381077
10937,109.37000000001905,0.9999927385601982
10938,109.38000000001905,0.9999927436799306
10939,109.39000000001906,0.9999927487973049
10940,109.40000000001906,0.9999927539123218
10941,109.41000000001907,0.9999927590249814
10942,109.42000000001907,0.999992764135284
10943,109.43000000001908,0.9999927692432301
10944,109.44000000001908,0.9999927743488201
10945,109.45000000001909,0.999992779452054
10946,109.4600000000191,0.9999927845529324
10947,109.4700000000191,0.9999927896514557
10948,109.4800000000191,0.999992794747624
10949,109.49000000001911,0.9999927998414379
10950,109.50000000001911,0.9999928049328974
10951,109.51000000001912,0.9999928100220032
10952,109.52000000001912,0.9999928151087555
10953,109.53000000001913,0.9999928201931545
10954,109.54000000001913,0.9999928252752007
10955,109.55000000001914,0.9999928303548945
10956,109.56000000001914,0.999992835432236
10957,109.57000000001915,0.9999928405072258
10958,109.58000000001915,0.9999928455798641
10959,109.59000000001916,0.9999928506501513
10960,109.60000000001916,0.9999928557180877
10961,109.61000000001917,0.9999928607836736
10962,109.62000000001917,0.9999928658469094
10963,109.63000000001918,0.9999928709077954
10964,109.64000000001919,0.999992875966332
10965,109.65000000001919,0.9999928810225196
10966,109.6600000000192,0.9999928860763584
10967,109.6700000000192,0.9999928911278487
10968,109.6800000000192,0.999992896176991
10969,109.69000000001921,0.9999929012237856
10970,109.70000000001922,0.9999929062682328
10971,109.71000000001922,0.999992911310333
10972,109.72000000001923,0.9999929163500865
10973,109.73000000001923,0.9999929213874936
10974,109.74000000001924,0.9999929264225547
10975,109.75000000001924,0.9999929314552701
10976,109.76000000001925,0.9999929364856402
10977,109.77000000001925,0.9999929415136654
10978,109.78000000001926,0.9999929465393459
10979,109.79000000001926,0.9999929515626821
10980,109.80000000001927,0.9999929565836744
10981,109.81000000001927,0.999992961602323
10982,109.82000000001928,0.9999929666186284
10983,109.83000000001928,0.9999929716325908
10984,109.84000000001929,0.9999929766442107
10985,109.85000000001929,0.9999929816534884
10986,109.8600000000193,0.999992986660424
10987,109.8700000000193,0.9999929916650183
10988,109.88000000001931,0.9999929966672713
10989,109.89000000001931,0.9999930016671834
10990,109.90000000001932,0.9999930066647551
10991,109.91000000001932,0.9999930116599866
10992,109.92000000001933,0.9999930166528782
10993,109.93000000001933,0.9999930216434303
10994,109.94000000001934,0.9999930266316434
10995,109.95000000001934,0.9999930316175176
10996,109.96000000001935,0.9999930366010534
10997,109.97000000001935,0.9999930415822511
10998,109.98000000001936,0.9999930465611111
10999,109.99000000001936,0.9999930515376336
11000,110.00000000001937,0.9999930565118191
11001,110.01000000001937,0.999993061483668
11002,110.02000000001938,0.9999930664531803
11003,110.03000000001938,0.9999930714203568
11004,110.04000000001939,0.9999930763851974
11005,110.0500000000194,0.9999930813477028
11006,110.0600000000194,0.9999930863078732
11007,110.0700000000194,0.999993091265709
11008,110.08000000001941,0.9999930962212105
11009,110.09000000001942,0.999993101174378
11010,110.10000000001942,0.999993106125212
11011,110.11000000001943,0.9999931110737127
11012,110.12000000001943,0.9999931160198805
11013,110.13000000001944,0.9999931209637158
11014,110.14000000001944,0.9999931259052188
11015,110.15000000001945,0.9999931308443901
11016,110.16000000001945,0.9999931357812298
11017,110.17000000001946,0.9999931407157383
11018,110.18000000001946,0.9999931456479161
11019,110.19000000001947,0.9999931505777634
11020,110.20000000001947,0.9999931555052806
11021,110.21000000001948,0.9999931604304679
11022,110.22000000001948,0.9999931653533259
11023,110.23000000001949,0.9999931702738548
11024,110.24000000001949,0.9999931751920551
11025,110.2500000000195,0.9999931801079269
11026,110.2600000000195,0.9999931850214707
11027,110.27000000001951,0.9999931899326869
11028,110.28000000001951,0.9999931948415758
11029,110.29000000001952,0.9999931997481377
11030,110.30000000001952,0.999993204652373
11031,110.31000000001953,0.999993209554282
11032,110.32000000001953,0.999993214453865
11033,110.33000000001954,0.9999932193511226
11034,110.34000000001954,0.9999932242460549
11035,110.35000000001955,0.9999932291386623
11036,110.36000000001955,0.9999932340289452
11037,110.37000000001956,0.9999932389169041
11038,110.38000000001956,0.999993243802539
11039,110.39000000001957,0.9999932486858505
11040,110.40000000001957,0.9999932535668389
11041,110.41000000001958,0.9999932584455046
11042,110.42000000001958,0.9999932633218478
11043,110.43000000001959,0.999993268195869
11044,110.4400000000196,0.9999932730675685
11045,110.4500000000196,0.9999932779369466
11046,110.4600000000196,0.9999932828040037
11047,110.47000000001961,0.9999932876687402
11048,110.48000000001961,0.9999932925311564
11049,110.49000000001962,0.9999932973912528
11050,110.50000000001963,0.9999933022490294
11051,110.51000000001963,0.9999933071044869
11052,110.52000000001964,0.9999933119576254
11053,110.53000000001964,0.9999933168084455
11054,110.54000000001965,0.9999933216569474
11055,110.55000000001965,0.9999933265031314
11056,110.56000000001966,0.9999933313469981
11057,110.57000000001966,0.9999933361885476
11058,110.58000000001967,0.9999933410277804
11059,110.59000000001967,0.9999933458646967
11060,110.60000000001968,0.9999933506992971
11061,110.61000000001968,0.9999933555315816
11062,110.62000000001969,0.999993360361551
11063,110.63000000001969,0.9999933651892052
11064,110.6400000000197,0.9999933700145449
11065,110.6500000000197,0.9999933748375703
11066,110.6600000000197,0.9999933796582818
11067,110.67000000001971,0.9999933844766797
11068,110.68000000001972,0.9999933892927645
11069,110.69000000001972,0.9999933941065363
11070,110.70000000001973,0.9999933989179958
11071,110.71000000001973,0.999993403727143
11072,110.72000000001974,0.9999934085339784
11073,110.73000000001974,0.9999934133385026
11074,110.74000000001975,0.9999934181407155
11075,110.75000000001975,0.9999934229406178
11076,110.76000000001976,0.9999934277382098
11077,110.77000000001976,0.9999934325334917
11078,110.78000000001977,0.999993437326464
11079,110.79000000001977,0.9999934421171269
11080,110.80000000001978,0.9999934469054811
11081,110.81000000001978,0.9999934516915265
11082,110.82000000001979,0.9999934564752639
11083,110.8300000000198,0.9999934612566934
11084,110.8400000000198,0.9999934660358153
11085,110.8500000000198,0.9999934708126302
11086,110.86000000001981,0.9999934755871382
11087,110.87000000001981,0.9999934803593399
11088,110.88000000001982,0.9999934851292355
11089,110.89000000001982,0.9999934898968253
11090,110.90000000001983,0.99999349466211
11091,110.91000000001983,0.9999934994250895
11092,110.92000000001984,0.9999935041857645
11093,110.93000000001985,0.9999935089441352
11094,110.94000000001985,0.999993513700202
11095,110.95000000001986,0.9999935184539652
11096,110.96000000001986,0.9999935232054253
11097,110.97000000001987,0.9999935279545825
11098,110.98000000001987,0.9999935327014373
11099,110.99000000001988,0.9999935374459901
11100,111.00000000001988,0.999993542188241
11101,111.01000000001989,0.9999935469281905
11102,111.02000000001989,0.9999935516658391
11103,111.0300000000199,0.999993556401187
11104,111.0400000000199,0.9999935611342345
11105,111.0500000000199,0.9999935658649822
11106,111.06000000001991,0.9999935705934304
11107,111.07000000001992,0.9999935753195792
11108,111.08000000001992,0.9999935800434293
11109,111.09000000001993,0.9999935847649808
11110,111.10000000001993,0.9999935894842342
11111,111.11000000001994,0.9999935942011899
11112,111.12000000001994,0.9999935989158482
11113,111.13000000001995,0.9999936036282094
11114,111.14000000001995,0.999993608338274
11115,111.15000000001996,0.9999936130460422
11116,111.16000000001996,0.9999936177515145
11117,111.17000000001997,0.9999936224546911
11118,111.18000000001997,0.9999936271555727
11119,111.19000000001998,0.9999936318541593
11120,111.20000000001998,0.9999936365504515
11121,111.21000000001999,0.9999936412444494
11122,111.22000000002,0.9999936459361537
11123,111.23000000002,0.9999936506255646
11124,111.24000000002,0.9999936553126824
11125,111.25000000002001,0.9999936599975076
11126,111.26000000002001,0.9999936646800404
11127,111.27000000002002,0.9999936693602812
11128,111.28000000002002,0.9999936740382306
11129,111.29000000002003,0.9999936787138887
11130,111.30000000002003,0.9999936833872559
11131,111.31000000002004,0.9999936880583327
11132,111.32000000002004,0.9999936927271194
11133,111.33000000002005,0.9999936973936162
11134,111.34000000002005,0.9999937020578238
11135,111.35000000002006,0.9999937067197423
11136,111.36000000002007,0.9999937113793722
11137,111.37000000002007,0.9999937160367137
11138,111.38000000002008,0.9999937206917674
11139,111.39000000002008,0.9999937253445336
11140,111.40000000002009,0.9999937299950125
11141,111.41000000002009,0.9999937346432046
11142,111.4200000000201,0.9999937392891103
11143,111.4300000000201,0.9999937439327299
11144,111.4400000000201,0.9999937485740639
11145,111.45000000002011,0.9999937532131123
11146,111.46000000002012,0.999993757849876
11147,111.47000000002012,0.9999937624843549
11148,111.48000000002013,0.9999937671165496
11149,111.49000000002013,0.9999937717464605
11150,111.50000000002014,0.9999937763740878
11151,111.51000000002014,0.999993780999432
11152,111.52000000002015,0.9999937856224935
11153,111.53000000002015,0.9999937902432726
11154,111.54000000002016,0.9999937948617696
11155,111.55000000002016,0.9999937994779851
11156,111.56000000002017,0.9999938040919192
11157,111.57000000002017,0.9999938087035724
11158,111.58000000002018,0.999993813312945
11159,111.59000000002018,0.9999938179200375
11160,111.60000000002019,0.9999938225248503
11161,111.6100000000202,0.9999938271273835
11162,111.6200000000202,0.9999938317276377
11163,111.6300000000202,0.9999938363256131
11164,111.64000000002021,0.9999938409213103
11165,111.65000000002021,0.9999938455147296
11166,111.66000000002022,0.9999938501058712
11167,111.67000000002022,0.9999938546947357
11168,111.68000000002023,0.9999938592813232
11169,111.69000000002023,0.9999938638656344
11170,111.70000000002024,0.9999938684476695
11171,111.71000000002024,0.9999938730274288
11172,111.72000000002025,0.9999938776049129
11173,111.73000000002025,0.9999938821801219
11174,111.74000000002026,0.9999938867530563
11175,111.75000000002026,0.9999938913237165
11176,111.76000000002027,0.9999938958921029
11177,111.77000000002027,0.9999939004582158
11178,111.78000000002028,0.9999939050220555
11179,111.79000000002029,0.9999939095836227
11180,111.80000000002029,0.9999939141429174
11181,111.8100000000203,0.99999391869994
11182,111.8200000000203,0.9999939232546912
11183,111.8300000000203,0.9999939278071711
11184,111.84000000002031,0.9999939323573801
11185,111.85000000002032,0.9999939369053186
11186,111.86000000002032,0.9999939414509871
11187,111.87000000002033,0.9999939459943857
11188,111.88000000002033,0.9999939505355151
11189,111.89000000002034,0.9999939550743755
11190,111.90000000002034,0.9999939596109672
11191,111.91000000002035,0.9999939641452907
11192,111.92000000002035,0.9999939686773464
11193,111.93000000002036,0.9999939732071346
11194,111.94000000002036,0.9999939777346557
11195,111.95000000002037,0.9999939822599101
11196,111.96000000002037,0.9999939867828981
11197,111.97000000002038,0.9999939913036201
11198,111.98000000002038,0.9999939958220766
11199,111.99000000002039,0.9999940003382678
11200,112.00000000002039,0.9999940048521943
11201,112.0100000000204,0.9999940093638562
11202,112.0200000000204,0.999994013873254
11203,112.03000000002041,0.9999940183803881
11204,112.04000000002041,0.999994022885259
11205,112.05000000002042,0.9999940273878669
11206,112.06000000002042,0.9999940318882122
11207,112.07000000002043,0.9999940363862952
11208,112.08000000002043,0.9999940408821166
11209,112.09000000002044,0.9999940453756765
11210,112.10000000002044,0.9999940498669753
11211,112.11000000002045,0.9999940543560134
11212,112.12000000002045,0.9999940588427914
11213,112.13000000002046,0.9999940633273092
11214,112.14000000002046,0.9999940678095677
11215,112.15000000002047,0.9999940722895669
11216,112.16000000002047,0.9999940767673074
11217,112.17000000002048,0.9999940812427895
11218,112.18000000002048,0.9999940857160136
11219,112.19000000002049,0.99999409018698
11220,112.2000000000205,0.9999940946556892
11221,112.2100000000205,0.9999940991221415
11222,112.2200000000205,0.9999941035863374
11223,112.23000000002051,0.9999941080482772
11224,112.24000000002052,0.9999941125079612
11225,112.25000000002052,0.9999941169653899
11226,112.26000000002053,0.9999941214205635
11227,112.27000000002053,0.9999941258734827
11228,112.28000000002054,0.9999941303241476
11229,112.29000000002054,0.9999941347725588
11230,112.30000000002055,0.9999941392187165
11231,112.31000000002055,0.9999941436626212
11232,112.32000000002056,0.9999941481042732
11233,112.33000000002056,0.999994152543673
11234,112.34000000002057,0.9999941569808208
11235,112.35000000002057,0.9999941614157172
11236,112.36000000002058,0.9999941658483623
11237,112.37000000002058,0.9999941702787568
11238,112.38000000002059,0.9999941747069009
11239,112.39000000002059,0.9999941791327951
11240,112.4000000000206,0.9999941835564397
11241,112.4100000000206,0.999994187977835
11242,112.42000000002061,0.9999941923969815
11243,112.43000000002061,0.9999941968138797
11244,112.44000000002062,0.9999942012285297
11245,112.45000000002062,0.9999942056409321
11246,112.46000000002063,0.9999942100510872
11247,112.47000000002063,0.9999942144589955
11248,112.48000000002064,0.9999942188646572
11249,112.49000000002064,0.9999942232680729
11250,112.50000000002065,0.9999942276692428
11251,112.51000000002065,0.9999942320681674
11252,112.52000000002066,0.999994236464847
11253,112.53000000002066,0.999994240859282
11254,112.54000000002067,0.999994245251473
11255,112.55000000002067,0.99999424964142
11256,112.56000000002068,0.9999942540291237
11257,112.57000000002068,0.9999942584145844
11258,112.58000000002069,0.9999942627978025
11259,112.5900000000207,0.9999942671787783
11260,112.6000000000207,0.9999942715575122
11261,112.6100000000207,0.9999942759340047
11262,112.62000000002071,0.9999942803082562
11263,112.63000000002071,0.999994284680267
11264,112.64000000002072,0.9999942890500374
11265,112.65000000002073,0.999994293417568
11266,112.66000000002073,0.999994297782859
11267,112.67000000002074,0.999994302145911
11268,112.68000000002074,0.9999943065067242
11269,112.69000000002075,0.999994310865299
11270,112.70000000002075,0.999994315221636
11271,112.71000000002076,0.9999943195757354
11272,112.72000000002076,0.9999943239275975
11273,112.73000000002077,0.9999943282772229
11274,112.74000000002077,0.9999943326246119
11275,112.75000000002078,0.999994336969765
11276,112.76000000002078,0.9999943413126824
11277,112.77000000002079,0.9999943456533646
11278,112.78000000002079,0.999994349991812
11279,112.7900000000208,0.9999943543280251
11280,112.8000000000208,0.999994358662004
11281,112.8100000000208,0.9999943629937493
11282,112.82000000002081,0.9999943673232614
11283,112.83000000002082,0.9999943716505406
11284,112.84000000002082,0.9999943759755874
11285,112.85000000002083,0.999994380298402
11286,112.86000000002083,0.999994384618985
11287,112.87000000002084,0.9999943889373368
11288,112.88000000002084,0.9999943932534576
11289,112.89000000002085,0.9999943975673481
11290,112.90000000002085,0.9999944018790083
11291,112.91000000002086,0.9999944061884389
11292,112.92000000002086,0.9999944104956402
11293,112.93000000002087,0.9999944148006125
11294,112.94000000002087,0.9999944191033564
11295,112.95000000002088,0.9999944234038721
11296,112.96000000002088,0.9999944277021601
11297,112.97000000002089,0.9999944319982208
11298,112.9800000000209,0.9999944362920545
11299,112.9900000000209,0.9999944405836617
11300,113.0000000000209,0.9999944448730428
11301,113.01000000002091,0.9999944491601982
11302,113.02000000002091,0.9999944534451282
11303,113.03000000002092,0.9999944577278332
11304,113.04000000002092,0.9999944620083137
11305,113.05000000002093,0.9999944662865701
11306,113.06000000002093,0.9999944705626026
11307,113.07000000002094,0.9999944748364119
11308,113.08000000002095,0.9999944791079982
11309,113.09000000002095,0.9999944833773619
11310,113.10000000002096,0.9999944876445035
11311,113.11000000002096,0.9999944919094232
11312,113.12000000002097,0.9999944961721217
11313,113.13000000002097,0.9999945004325992
11314,113.14000000002098,0.999994504690856
11315,113.15000000002098,0.9999945089468928
11316,113.16000000002099,0.9999945132007098
11317,113.17000000002099,0.9999945174523074
11318,113.180000000021,0.9999945217016861
11319,113.190000000021,0.9999945259488462
11320,113.200000000021,0.9999945301937881
11321,113.21000000002101,0.9999945344365123
11322,113.22000000002102,0.9999945386770192
11323,113.23000000002102,0.999994542915309
11324,113.24000000002103,0.9999945471513823
11325,113.25000000002103,0.9999945513852394
11326,113.26000000002104,0.9999945556168808
11327,113.27000000002104,0.9999945598463068
11328,113.28000000002105,0.9999945640735178
11329,113.29000000002105,0.9999945682985144
11330,113.30000000002106,0.9999945725212968
11331,113.31000000002106,0.9999945767418654
11332,113.32000000002107,0.9999945809602208
11333,113.33000000002107,0.9999945851763631
11334,113.34000000002108,0.999994589390293
11335,113.35000000002108,0.9999945936020107
11336,113.36000000002109,0.9999945978115167
11337,113.3700000000211,0.9999946020188114
11338,113.3800000000211,0.9999946062238951
11339,113.3900000000211,0.9999946104267684
11340,113.40000000002111,0.9999946146274316
11341,113.41000000002111,0.9999946188258849
11342,113.42000000002112,0.9999946230221292
11343,113.43000000002112,0.9999946272161644
11344,113.44000000002113,0.9999946314079912
11345,113.45000000002113,0.9999946355976098
11346,113.46000000002114,0.9999946397850209
11347,113.47000000002114,0.9999946439702246
11348,113.48000000002115,0.9999946481532215
11349,113.49000000002115,0.999994652334012
11350,113.50000000002116,0.9999946565125963
11351,113.51000000002117,0.9999946606889751
11352,113.52000000002117,0.9999946648631487
11353,113.53000000002118,0.9999946690351174
11354,113.54000000002118,0.9999946732048817
11355,113.55000000002119,0.999994677372442
11356,113.56000000002119,0.9999946815377986
11357,113.5700000000212,0.9999946857009521
11358,113.5800000000212,0.9999946898619028
11359,113.5900000000212,0.9999946940206511
11360,113.60000000002121,0.9999946981771975
11361,113.61000000002122,0.9999947023315423
11362,113.62000000002122,0.9999947064836859
11363,113.63000000002123,0.9999947106336289
11364,113.64000000002123,0.9999947147813715
11365,113.65000000002124,0.9999947189269142
11366,113.66000000002124,0.9999947230702574
11367,113.67000000002125,0.9999947272114015
11368,113.68000000002125,0.9999947313503469
11369,113.69000000002126,0.999994735487094
11370,113.70000000002126,0.9999947396216433
11371,113.71000000002127,0.9999947437539951
11372,113.72000000002127,0.9999947478841499
11373,113.73000000002128,0.999994752012108
11374,113.74000000002128,0.9999947561378699
11375,113.75000000002129,0.9999947602614361
11376,113.7600000000213,0.9999947643828068
11377,113.7700000000213,0.9999947685019825
11378,113.7800000000213,0.9999947726189637
11379,113.79000000002131,0.9999947767337508
11380,113.80000000002131,0.9999947808463441
11381,113.81000000002132,0.9999947849567441
11382,113.82000000002132,0.9999947890649511
11383,113.83000000002133,0.9999947931709657
11384,113.84000000002133,0.9999947972747881
11385,113.85000000002134,0.9999948013764189
11386,113.86000000002134,0.9999948054758585
11387,113.87000000002135,0.9999948095731073
11388,113.88000000002135,0.9999948136681656
11389,113.89000000002136,0.9999948177610338
11390,113.90000000002136,0.9999948218517125
11391,113.91000000002137,0.9999948259402021
11392,113.92000000002137,0.9999948300265028
11393,113.93000000002138,0.9999948341106152
11394,113.94000000002139,0.9999948381925396
11395,113.95000000002139,0.9999948422722766
11396,113.9600000000214,0.9999948463498265
11397,113.9700000000214,0.9999948504251897
11398,113.9800000000214,0.9999948544983666
11399,113.99000000002141,0.9999948585693577
11400,114.00000000002142,0.9999948626381634
11401,114.01000000002142,0.999994866704784
11402,114.02000000002143,0.99999487076922
11403,114.03000000002143,0.999994874831472
11404,114.04000000002144,0.99999487889154
11405,114.05000000002144,0.9999948829494248
11406,114.06000000002145,0.9999948870051267
11407,114.07000000002145,0.9999948910586461
11408,114.08000000002146,0.9999948951099834
11409,114.09000000002146,0.9999948991591391
11410,114.10000000002147,0.9999949032061135
11411,114.11000000002147,0.9999949072509071
11412,114.12000000002148,0.9999949112935204
11413,114.13000000002148,0.9999949153339536
11414,114.14000000002149,0.9999949193722072
11415,114.15000000002149,0.9999949234082818
11416,114.1600000000215,0.9999949274421776
11417,114.1700000000215,0.9999949314738951
11418,114.18000000002151,0.9999949355034348
11419,114.19000000002151,0.999994939530797
11420,114.20000000002152,0.9999949435559822
11421,114.21000000002152,0.9999949475789908
11422,114.22000000002153,0.9999949515998231
11423,114.23000000002153,0.9999949556184798
11424,114.24000000002154,0.9999949596349611
11425,114.25000000002154,0.9999949636492675
11426,114.26000000002155,0.9999949676613994
11427,114.27000000002155,0.9999949716713573
11428,114.28000000002156,0.9999949756791415
11429,114.29000000002156,0.9999949796847525
11430,114.30000000002157,0.9999949836881907
11431,114.31000000002157,0.9999949876894565
11432,114.32000000002158,0.9999949916885504
11433,114.33000000002158,0.9999949956854728
11434,114.34000000002159,0.9999949996802241
11435,114.3500000000216,0.9999950036728047
11436,114.3600000000216,0.9999950076632151
11437,114.3700000000216,0.9999950116514557
11438,114.38000000002161,0.9999950156375268
11439,114.39000000002162,0.999995019621429
11440,114.40000000002162,0.9999950236031627
11441,114.41000000002163,0.9999950275827283
11442,114.42000000002163,0.9999950315601263
11443,114.43000000002164,0.9999950355353568
11444,114.44000000002164,0.9999950395084206
11445,114.45000000002165,0.9999950434793181
11446,114.46000000002165,0.9999950474480496
11447,114.47000000002166,0.9999950514146154
11448,114.48000000002166,0.9999950553790162
11449,114.49000000002167,0.9999950593412523
11450,114.50000000002167,0.9999950633013241
11451,114.51000000002168,0.9999950672592323
11452,114.52000000002168,0.9999950712149769
11453,114.53000000002169,0.9999950751685586
11454,114.54000000002169,0.9999950791199776
11455,114.5500000000217,0.9999950830692347
11456,114.5600000000217,0.99999508701633
11457,114.57000000002171,0.9999950909612642
11458,114.58000000002171,0.9999950949040374
11459,114.59000000002172,0.9999950988446503
11460,114.60000000002172,0.9999951027831032
11461,114.61000000002173,0.9999951067193966
11462,114.62000000002173,0.999995110653531
11463,114.63000000002174,0.9999951145855067
11464,114.64000000002174,0.9999951185153241
11465,114.65000000002175,0.9999951224429838
11466,114.66000000002175,0.9999951263684861
11467,114.67000000002176,0.9999951302918314
11468,114.68000000002176,0.9999951342130203
11469,114.69000000002177,0.9999951381320531
11470,114.70000000002177,0.9999951420489304
11471,114.71000000002178,0.9999951459636524
11472,114.72000000002178,0.9999951498762196
11473,114.73000000002179,0.9999951537866325
11474,114.7400000000218,0.9999951576948916
11475,114.7500000000218,0.9999951616009971
11476,114.7600000000218,0.9999951655049496
11477,114.77000000002181,0.9999951694067496
11478,114.78000000002181,0.9999951733063974
11479,114.79000000002182,0.9999951772038935
11480,114.80000000002183,0.9999951810992384
11481,114.81000000002183,0.9999951849924323
11482,114.82000000002184,0.9999951888834758
11483,114.83000000002184,0.9999951927723695
11484,114.84000000002185,0.9999951966591135
11485,114.85000000002185,0.9999952005437085
11486,114.86000000002186,0.9999952044261549
11487,114.87000000002186,0.9999952083064529
11488,114.88000000002187,0.9999952121846032
11489,114.89000000002187,0.9999952160606063
11490,114.90000000002188,0.9999952199344623
11491,114.91000000002188,0.9999952238061719
11492,114.92000000002189,0.9999952276757355
11493,114.93000000002189,0.9999952315431534
11494,114.9400000000219,0.9999952354084263
11495,114.9500000000219,0.9999952392715544
11496,114.9600000000219,0.9999952431325383
11497,114.97000000002191,0.9999952469913782
11498,114.98000000002192,0.9999952508480748
11499,114.99000000002192,0.9999952547026285
11500,115.00000000002193,0.9999952585550397
11501,115.01000000002193,0.9999952624053088
11502,115.02000000002194,0.9999952662534363
11503,115.03000000002194,0.9999952700994226
11504,115.04000000002195,0.9999952739432681
11505,115.05000000002195,0.9999952777849733
11506,115.06000000002196,0.9999952816245388
11507,115.07000000002196,0.9999952854619647
11508,115.08000000002197,0.9999952892972517
11509,115.09000000002197,0.9999952931304001
11510,115.10000000002198,0.9999952969614105
11511,115.11000000002198,0.9999953007902832
11512,115.12000000002199,0.9999953046170188
11513,115.130000000022,0.9999953084416175
11514,115.140000000022,0.99999531226408
11515,115.150000000022,0.9999953160844065
11516,115.16000000002201,0.9999953199025977
11517,115.17000000002201,0.9999953237186539
11518,115.18000000002202,0.9999953275325755
11519,115.19000000002202,0.999995331344363
11520,115.20000000002203,0.9999953351540168
11521,115.21000000002203,0.9999953389615376
11522,115.22000000002204,0.9999953427669255
11523,115.23000000002205,0.9999953465701812
11524,115.24000000002205,0.9999953503713049
11525,115.25000000002206,0.9999953541702973
11526,115.26000000002206,0.9999953579671587
11527,115.27000000002207,0.9999953617618895
11528,115.28000000002207,0.9999953655544903
11529,115.29000000002208,0.9999953693449615
11530,115.30000000002208,0.9999953731333034
11531,115.31000000002209,0.9999953769195167
11532,115.32000000002209,0.9999953807036017
11533,115.3300000000221,0.9999953844855588
11534,115.3400000000221,0.9999953882653886
11535,115.3500000000221,0.9999953920430914
11536,115.36000000002211,0.9999953958186678
11537,115.37000000002212,0.9999953995921181
11538,115.38000000002212,0.9999954033634428
11539,115.39000000002213,0.9999954071326425
11540,115.40000000002213,0.9999954108997173
11541,115.41000000002214,0.999995414664668
11542,115.42000000002214,0.9999954184274948
11543,115.43000000002215,0.9999954221881984
11544,115.44000000002215,0.999995425946779
11545,115.45000000002216,0.9999954297032373
11546,115.46000000002216,0.9999954334575736
11547,115.47000000002217,0.9999954372097883
11548,115.48000000002217,0.999995440959882
11549,115.49000000002218,0.9999954447078551
11550,115.50000000002218,0.9999954484537079
11551,115.51000000002219,0.9999954521974411
11552,115.5200000000222,0.999995455939055
11553,115.5300000000222,0.9999954596785501
11554,115.5400000000222,0.9999954634159268
11555,115.55000000002221,0.9999954671511857
11556,115.56000000002221,0.999995470884327
11557,115.57000000002222,0.9999954746153514
11558,115.58000000002222,0.9999954783442593
11559,115.59000000002223,0.999995482071051
11560,115.60000000002223,0.9999954857957273
11561,115.61000000002224,0.9999954895182882
11562,115.62000000002224,0.9999954932387345
11563,115.63000000002225,0.9999954969570665
11564,115.64000000002225,0.9999955006732847
11565,115.65000000002226,0.9999955043873896
11566,115.66000000002226,0.9999955080993815
11567,115.67000000002227,0.999995511809261
11568,115.68000000002228,0.9999955155170286
11569,115.69000000002228,0.9999955192226847
11570,115.70000000002229,0.9999955229262296
11571,115.71000000002229,0.999995526627664
11572,115.7200000000223,0.9999955303269883
11573,115.7300000000223,0.9999955340242028
11574,115.7400000000223,0.9999955377193082
11575,115.75000000002231,0.9999955414123047
11576,115.76000000002232,0.999995545103193
11577,115.77000000002232,0.9999955487919734
11578,115.78000000002233,0.9999955524786464
11579,115.79000000002233,0.9999955561632125
11580,115.80000000002234,0.999995559845672
11581,115.81000000002234,0.9999955635260257
11582,115.82000000002235,0.9999955672042737
11583,115.83000000002235,0.9999955708804167
11584,115.84000000002236,0.999995574554455
11585,115.85000000002236,0.9999955782263892
11586,115.86000000002237,0.9999955818962197
11587,115.87000000002237,0.999995585563947
11588,115.88000000002238,0.9999955892295713
11589,115.89000000002238,0.9999955928930935
11590,115.90000000002239,0.9999955965545138
11591,115.9100000000224,0.9999956002138327
11592,115.9200000000224,0.9999956038710507
11593,115.9300000000224,0.9999956075261682
11594,115.94000000002241,0.9999956111791857
11595,115.95000000002241,0.9999956148301037
11596,115.96000000002242,0.9999956184789226
11597,115.97000000002242,0.9999956221256429
11598,115.98000000002243,0.999995625770265
11599,115.99000000002243,0.9999956294127895
11600,116.00000000002244,0.9999956330532168
11601,116.01000000002244,0.9999956366915473
11602,116.02000000002245,0.9999956403277815
11603,116.03000000002245,0.99999564396192
11604,116.04000000002246,0.9999956475939631
11605,116.05000000002246,0.9999956512239112
11606,116.06000000002247,0.999995654851765
11607,116.07000000002247,0.9999956584775249
11608,116.08000000002248,0.9999956621011913
11609,116.09000000002248,0.9999956657227645
11610,116.10000000002249,0.9999956693422454
11611,116.1100000000225,0.9999956729596341
11612,116.1200000000225,0.9999956765749313
11613,116.1300000000225,0.9999956801881372
11614,116.14000000002251,0.9999956837992525
11615,116.15000000002252,0.9999956874082776
11616,116.16000000002252,0.999995691015213
11617,116.17000000002253,0.9999956946200591
11618,116.18000000002253,0.9999956982228164
11619,116.19000000002254,0.9999957018234854
11620,116.20000000002254,0.9999957054220666
11621,116.21000000002255,0.9999957090185603
11622,116.22000000002255,0.9999957126129672
11623,116.23000000002256,0.9999957162052876
11624,116.24000000002256,0.999995719795522
11625,116.25000000002257,0.9999957233836709
11626,116.26000000002257,0.9999957269697349
11627,116.27000000002258,0.9999957305537143
11628,116.28000000002258,0.9999957341356095
11629,116.29000000002259,0.9999957377154213
11630,116.30000000002259,0.9999957412931497
11631,116.3100000000226,0.9999957448687956
11632,116.3200000000226,0.9999957484423594
11633,116.33000000002261,0.9999957520138413
11634,116.34000000002261,0.999995755583242
11635,116.35000000002262,0.999995759150562
11636,116.36000000002262,0.9999957627158017
11637,116.37000000002263,0.9999957662789616
11638,116.38000000002263,0.9999957698400421
11639,116.39000000002264,0.9999957733990438
11640,116.40000000002264,0.9999957769559671
11641,116.41000000002265,0.9999957805108124
11642,116.42000000002265,0.9999957840635804
11643,116.43000000002266,0.9999957876142712
11644,116.44000000002266,0.9999957911628857
11645,116.45000000002267,0.9999957947094241
11646,116.46000000002267,0.9999957982538871
11647,116.47000000002268,0.999995801796275
11648,116.48000000002268,0.9999958053365883
11649,116.49000000002269,0.9999958088748274
11650,116.5000000000227,0.999995812410993
11651,116.5100000000227,0.9999958159450855
11652,116.5200000000227,0.9999958194771051
11653,116.53000000002271,0.9999958230070528
11654,116.54000000002272,0.9999958265349286
11655,116.55000000002272,0.9999958300607332
11656,116.56000000002273,0.9999958335844672
11657,116.57000000002273,0.9999958371061308
11658,116.58000000002274,0.9999958406257246
11659,116.59000000002274,0.9999958441432492
11660,116.60000000002275,0.9999958476587049
11661,116.61000000002275,0.9999958511720922
11662,116.62000000002276,0.9999958546834117
11663,116.63000000002276,0.9999958581926638
11664,116.64000000002277,0.999995861699849
11665,116.65000000002277,0.9999958652049677
11666,116.66000000002278,0.9999958687080206
11667,116.67000000002278,0.999995872209008
11668,116.68000000002279,0.9999958757079305
11669,116.69000000002279,0.9999958792047884
11670,116.7000000000228,0.9999958826995823
11671,116.7100000000228,0.9999958861923127
11672,116.72000000002281,0.9999958896829801
11673,116.73000000002281,0.9999958931715849
11674,116.74000000002282,0.9999958966581277
11675,116.75000000002282,0.9999959001426089
11676,116.76000000002283,0.9999959036250289
11677,116.77000000002283,0.9999959071053883
11678,116.78000000002284,0.9999959105836876
11679,116.79000000002284,0.9999959140599274
11680,116.80000000002285,0.9999959175341079
11681,116.81000000002285,0.9999959210062297
11682,116.82000000002286,0.9999959244762934
11683,116.83000000002286,0.9999959279442994
11684,116.84000000002287,0.9999959314102481
11685,116.85000000002287,0.9999959348741401
11686,116.86000000002288,0.9999959383359759
11687,116.87000000002288,0.9999959417957559
11688,116.88000000002289,0.9999959452534807
11689,116.8900000000229,0.9999959487091508
11690,116.9000000000229,0.9999959521627665
11691,116.9100000000229,0.9999959556143284
11692,116.92000000002291,0.999995959063837
11693,116.93000000002291,0.9999959625112929
11694,116.94000000002292,0.9999959659566963
11695,116.95000000002292,0.999995969400048
11696,116.96000000002293,0.9999959728413482
11697,116.97000000002294,0.9999959762805977
11698,116.98000000002294,0.9999959797177967
11699,116.99000000002295,0.9999959831529459
11700,117.00000000002295,0.9999959865860457
11701,117.01000000002296,0.9999959900170967
11702,117.02000000002296,0.9999959934460992
11703,117.03000000002297,0.9999959968730538
11704,117.04000000002297,0.999996000297961
11705,117.05000000002298,0.9999960037208213
11706,117.06000000002298,0.9999960071416351
11707,117.07000000002299,0.999996010560403
11708,117.08000000002299,0.9999960139771255
11709,117.090000000023,0.999996017391803
11710,117.100000000023,0.9999960208044361
11711,117.110000000023,0.9999960242150251
11712,117.12000000002301,0.9999960276235708
11713,117.13000000002302,0.9999960310300734
11714,117.14000000002302,0.9999960344345336
11715,117.15000000002303,0.9999960378369517
11716,117.16000000002303,0.9999960412373284
11717,117.17000000002304,0.999996044635664
11718,117.18000000002304,0.9999960480319593
11719,117.19000000002305,0.9999960514262145
11720,117.20000000002305,0.9999960548184301
11721,117.21000000002306,0.9999960582086068
11722,117.22000000002306,0.999996061596745
11723,117.23000000002307,0.9999960649828452
11724,117.24000000002307,0.9999960683669078
11725,117.25000000002308,0.9999960717489335
11726,117.26000000002308,0.9999960751289226
11727,117.27000000002309,0.9999960785068757
11728,117.2800000000231,0.9999960818827932
11729,117.2900000000231,0.9999960852566758
11730,117.3000000000231,0.9999960886285238
11731,117.31000000002311,0.9999960919983378
11732,117.32000000002311,0.9999960953661182
11733,117.33000000002312,0.9999960987318657
11734,117.34000000002312,0.9999961020955807
11735,117.35000000002313,0.9999961054572635
11736,117.36000000002313,0.9999961088169149
11737,117.37000000002314,0.9999961121745352
11738,117.38000000002314,0.999996115530125
11739,117.39000000002315,0.9999961188836849
11740,117.40000000002316,0.9999961222352152
11741,117.41000000002316,0.9999961255847164
11742,117.42000000002317,0.9999961289321891
11743,117.43000000002317,0.999996132277634
11744,117.44000000002318,0.9999961356210512
11745,117.45000000002318,0.9999961389624414
11746,117.46000000002319,0.9999961423018051
11747,117.47000000002319,0.9999961456391429
11748,117.4800000000232,0.9999961489744551
11749,117.4900000000232,0.9999961523077424
11750,117.5000000000232,0.9999961556390051
11751,117.51000000002321,0.9999961589682439
11752,117.52000000002322,0.9999961622954593
11753,117.53000000002322,0.9999961656206516
11754,117.54000000002323,0.9999961689438215
11755,117.55000000002323,0.9999961722649694
11756,117.56000000002324,0.9999961755840958
11757,117.57000000002324,0.9999961789012014
11758,117.58000000002325,0.9999961822162865
11759,117.59000000002325,0.9999961855293517
11760,117.60000000002326,0.9999961888403973
11761,117.61000000002326,0.9999961921494241
11762,117.62000000002327,0.9999961954564326
11763,117.63000000002327,0.9999961987614231
11764,117.64000000002328,0.9999962020643962
11765,117.65000000002328,0.9999962053653524
11766,117.66000000002329,0.9999962086642923
11767,117.6700000000233,0.9999962119612162
11768,117.6800000000233,0.9999962152561249
11769,117.6900000000233,0.9999962185490187
11770,117.70000000002331,0.9999962218398981
11771,117.71000000002331,0.9999962251287637
11772,117.72000000002332,0.9999962284156161
11773,117.73000000002332,0.9999962317004555
11774,117.74000000002333,0.9999962349832827
11775,117.75000000002333,0.9999962382640981
11776,117.76000000002334,0.9999962415429022
11777,117.77000000002334,0.9999962448196956
11778,117.78000000002335,0.9999962480944788
11779,117.79000000002335,0.9999962513672522
11780,117.80000000002336,0.9999962546380163
11781,117.81000000002336,0.9999962579067718
11782,117.82000000002337,0.9999962611735191
11783,117.83000000002338,0.9999962644382587
11784,117.84000000002338,0.9999962677009911
11785,117.85000000002339,0.9999962709617168
11786,117.86000000002339,0.9999962742204365
11787,117.8700000000234,0.9999962774771505
11788,117.8800000000234,0.9999962807318593
11789,117.8900000000234,0.9999962839845636
11790,117.90000000002341,0.9999962872352638
11791,117.91000000002342,0.9999962904839604
11792,117.92000000002342,0.999996293730654
11793,117.93000000002343,0.9999962969753451
11794,117.94000000002343,0.9999963002180341
11795,117.95000000002344,0.9999963034587217
11796,117.96000000002344,0.9999963066974082
11797,117.97000000002345,0.9999963099340943
11798,117.98000000002345,0.9999963131687805
11799,117.99000000002346,0.9999963164014671
11800,118.00000000002346,0.999996319632155
11801,118.01000000002347,0.9999963228608443
11802,118.02000000002347,0.9999963260875359
11803,118.03000000002348,0.9999963293122299
11804,118.04000000002348,0.9999963325349273
11805,118.05000000002349,0.9999963357556283
11806,118.06000000002349,0.9999963389743335
11807,118.0700000000235,0.9999963421910434
11808,118.0800000000235,0.9999963454057585
11809,118.09000000002351,0.9999963486184795
11810,118.10000000002351,0.9999963518292068
11811,118.11000000002352,0.9999963550379407
11812,118.12000000002352,0.999996358244682
11813,118.13000000002353,0.9999963614494313
11814,118.14000000002353,0.9999963646521888
11815,118.15000000002354,0.9999963678529552
11816,118.16000000002354,0.9999963710517311
11817,118.17000000002355,0.9999963742485168
11818,118.18000000002355,0.9999963774433132
11819,118.19000000002356,0.9999963806361203
11820,118.20000000002356,0.9999963838269391
11821,118.21000000002357,0.9999963870157699
11822,118.22000000002357,0.9999963902026131
11823,118.23000000002358,0.9999963933874695
11824,118.24000000002358,0.9999963965703396
11825,118.25000000002359,0.9999963997512237
11826,118.2600000000236,0.9999964029301224
11827,118.2700000000236,0.9999964061070363
11828,118.2800000000236,0.999996409281966
11829,118.29000000002361,0.9999964124549119
11830,118.30000000002362,0.9999964156258746
11831,118.31000000002362,0.9999964187948545
11832,118.32000000002363,0.9999964219618522
11833,118.33000000002363,0.9999964251268683
11834,118.34000000002364,0.9999964282899032
11835,118.35000000002364,0.9999964314509575
11836,118.36000000002365,0.9999964346100317
11837,118.37000000002365,0.9999964377671264
11838,118.38000000002366,0.999996440922242
11839,118.39000000002366,0.9999964440753792
11840,118.40000000002367,0.9999964472265385
11841,118.41000000002367,0.9999964503757202
11842,118.42000000002368,0.9999964535229251
11843,118.43000000002368,0.9999964566681535
11844,118.44000000002369,0.9999964598114062
11845,118.45000000002369,0.9999964629526834
11846,118.4600000000237,0.999996466091986
11847,118.4700000000237,0.9999964692293143
11848,118.48000000002371,0.9999964723646688
11849,118.49000000002371,0.9999964754980502
11850,118.50000000002372,0.9999964786294588
11851,118.51000000002372,0.9999964817588953
11852,118.52000000002373,0.9999964848863603
11853,118.53000000002373,0.9999964880118541
11854,118.54000000002374,0.9999964911353776
11855,118.55000000002374,0.9999964942569309
11856,118.56000000002375,0.9999964973765147
11857,118.57000000002375,0.9999965004941298
11858,118.58000000002376,0.9999965036097763
11859,118.59000000002376,0.999996506723455
11860,118.60000000002377,0.9999965098351664
11861,118.61000000002377,0.999996512944911
11862,118.62000000002378,0.9999965160526892
11863,118.63000000002378,0.9999965191585019
11864,118.64000000002379,0.9999965222623493
11865,118.6500000000238,0.999996525364232
11866,118.6600000000238,0.9999965284641505
11867,118.6700000000238,0.9999965315621057
11868,118.68000000002381,0.9999965346580977
11869,118.69000000002382,0.9999965377521272
11870,118.70000000002382,0.9999965408441946
11871,118.71000000002383,0.9999965439343007
11872,118.72000000002383,0.999996547022446
11873,118.73000000002384,0.9999965501086308
11874,118.74000000002384,0.9999965531928559
11875,118.75000000002385,0.9999965562751215
11876,118.76000000002385,0.9999965593554285
11877,118.77000000002386,0.9999965624337773
11878,118.78000000002386,0.9999965655101685
11879,118.79000000002387,0.9999965685846025
11880,118.80000000002387,0.99999657165708
11881,118.81000000002388,0.9999965747276013
11882,118.82000000002388,0.9999965777961672
11883,118.83000000002389,0.9999965808627782
11884,118.84000000002389,0.9999965839274346
11885,118.8500000000239,0.9999965869901373
11886,118.8600000000239,0.9999965900508866
11887,118.87000000002391,0.999996593109683
11888,118.88000000002391,0.9999965961665274
11889,118.89000000002392,0.9999965992214198
11890,118.90000000002392,0.9999966022743612
11891,118.91000000002393,0.999996605325352
11892,118.92000000002393,0.9999966083743926
11893,118.93000000002394,0.9999966114214838
11894,118.94000000002394,0.9999966144666258
11895,118.95000000002395,0.9999966175098195
11896,118.96000000002395,0.9999966205510653
11897,118.97000000002396,0.9999966235903637
11898,118.98000000002396,0.9999966266277153
11899,118.99000000002397,0.9999966296631206
11900,119.00000000002397,0.9999966326965802
11901,119.01000000002398,0.9999966357280946
11902,119.02000000002398,0.9999966387576644
11903,119.03000000002399,0.9999966417852901
11904,119.040000000024,0.9999966448109723
11905,119.050000000024,0.9999966478347114
11906,119.060000000024,0.9999966508565081
11907,119.07000000002401,0.9999966538763629
11908,119.08000000002401,0.9999966568942764
11909,119.09000000002402,0.999996659910249
11910,119.10000000002402,0.9999966629242815
11911,119.11000000002403,0.9999966659363742
11912,119.12000000002404,0.9999966689465276
11913,119.13000000002404,0.9999966719547426
11914,119.14000000002405,0.9999966749610194
11915,119.15000000002405,0.9999966779653587
11916,119.16000000002406,0.9999966809677612
11917,119.17000000002406,0.9999966839682272
11918,119.18000000002407,0.9999966869667573
11919,119.19000000002407,0.9999966899633521
11920,119.20000000002408,0.9999966929580121
11921,119.21000000002408,0.9999966959507379
11922,119.22000000002409,0.9999966989415302
11923,119.23000000002409,0.9999967019303893
11924,119.2400000000241,0.9999967049173157
11925,119.2500000000241,0.9999967079023103
11926,119.2600000000241,0.9999967108853733
11927,119.27000000002411,0.9999967138665056
11928,119.28000000002412,0.9999967168457075
11929,119.29000000002412,0.9999967198229794
11930,119.30000000002413,0.9999967227983223
11931,119.31000000002413,0.9999967257717365
11932,119.32000000002414,0.9999967287432224
11933,119.33000000002414,0.9999967317127809
11934,119.34000000002415,0.9999967346804124
11935,119.35000000002415,0.9999967376461173
11936,119.36000000002416,0.9999967406098964
11937,119.37000000002416,0.9999967435717501
11938,119.38000000002417,0.999996746531679
11939,119.39000000002417,0.9999967494896838
11940,119.40000000002418,0.9999967524457647
11941,119.41000000002418,0.9999967553999226
11942,119.42000000002419,0.9999967583521578
11943,119.4300000000242,0.9999967613024712
11944,119.4400000000242,0.999996764250863
11945,119.4500000000242,0.999996767197334
11946,119.46000000002421,0.9999967701418846
11947,119.47000000002421,0.9999967730845154
11948,119.48000000002422,0.9999967760252271
11949,119.49000000002422,0.99999677896402
11950,119.50000000002423,0.9999967819008948
11951,119.51000000002423,0.9999967848358521
11952,119.52000000002424,0.9999967877688924
11953,119.53000000002424,0.9999967907000163
11954,119.54000000002425,0.9999967936292243
11955,119.55000000002426,0.9999967965565171
11956,119.56000000002426,0.9999967994818951
11957,119.57000000002427,0.9999968024053589
11958,119.58000000002427,0.9999968053269092
11959,119.59000000002428,0.9999968082465462
11960,119.60000000002428,0.9999968111642709
11961,119.61000000002429,0.9999968140800836
11962,119.62000000002429,0.9999968169939849
11963,119.6300000000243,0.9999968199059754
11964,119.6400000000243,0.9999968228160557
11965,119.6500000000243,0.9999968257242263
11966,119.66000000002431,0.9999968286304879
11967,119.67000000002432,0.9999968315348408
11968,119.68000000002432,0.9999968344372857
11969,119.69000000002433,0.9999968373378233
11970,119.70000000002433,0.999996840236454
11971,119.71000000002434,0.9999968431331783
11972,119.72000000002434,0.9999968460279969
11973,119.73000000002435,0.9999968489209103
11974,119.74000000002435,0.9999968518119192
11975,119.75000000002436,0.9999968547010241
11976,119.76000000002436,0.9999968575882254
11977,119.77000000002437,0.999996860473524
11978,119.78000000002437,0.9999968633569201
11979,119.79000000002438,0.9999968662384144
11980,119.80000000002438,0.9999968691180077
11981,119.81000000002439,0.9999968719957002
11982,119.8200000000244,0.9999968748714927
11983,119.8300000000244,0.9999968777453856
11984,119.8400000000244,0.9999968806173797
11985,119.85000000002441,0.9999968834874754
11986,119.86000000002441,0.9999968863556733
11987,119.87000000002442,0.999996889221974
11988,119.88000000002442,0.9999968920863781
11989,119.89000000002443,0.999996894948886
11990,119.90000000002443,0.9999968978094985
11991,119.91000000002444,0.999996900668216
11992,119.92000000002444,0.9999969035250391
11993,119.93000000002445,0.9999969063799685
11994,119.94000000002445,0.9999969092330047
11995,119.95000000002446,0.9999969120841481
11996,119.96000000002446,0.9999969149333995
11997,119.97000000002447,0.9999969177807594
11998,119.98000000002448,0.9999969206262284
11999,119.99000000002448,0.999996923469807
12000,120.00000000002449,0.9999969263114957
12001,120.01000000002449,0.9999969291512952
12002,120.0200000000245,0.9999969319892063
12003,120.0300000000245,0.9999969348252291
12004,120.0400000000245,0.9999969376593644
12005,120.05000000002451,0.9999969404916128
12006,120.06000000002452,0.999996943321975
12007,120.07000000002452,0.9999969461504512
12008,120.08000000002453,0.9999969489770424
12009,120.09000000002453,0.9999969518017489
12010,120.10000000002454,0.9999969546245713
12011,120.11000000002454,0.9999969574455102
12012,120.12000000002455,0.9999969602645663
12013,120.13000000002455,0.99999696308174
12014,120.14000000002456,0.999996965897032
12015,120.15000000002456,0.9999969687104429
12016,120.16000000002457,0.9999969715219731
12017,120.17000000002457,0.9999969743316234
12018,120.18000000002458,0.9999969771393942
12019,120.19000000002458,0.9999969799452861
12020,120.20000000002459,0.9999969827492998
12021,120.21000000002459,0.9999969855514358
12022,120.2200000000246,0.9999969883516946
12023,120.2300000000246,0.9999969911500769
12024,120.24000000002461,0.9999969939465833
12025,120.25000000002461,0.9999969967412142
12026,120.26000000002462,0.9999969995339704
12027,120.27000000002462,0.9999970023248523
12028,120.28000000002463,0.9999970051138607
12029,120.29000000002463,0.9999970079009959
12030,120.30000000002464,0.9999970106862587
12031,120.31000000002464,0.9999970134696495
12032,120.32000000002465,0.9999970162511691
12033,120.33000000002465,0.999997019030818
12034,120.34000000002466,0.9999970218085966
12035,120.35000000002466,0.9999970245845057
12036,120.36000000002467,0.9999970273585458
12037,120.37000000002467,0.9999970301307175
12038,120.38000000002468,0.9999970329010214
12039,120.39000000002468,0.9999970356694581
12040,120.40000000002469,0.999997038436028
12041,120.4100000000247,0.999997041200732
12042,120.4200000000247,0.9999970439635705
12043,120.4300000000247,0.999997046724544
12044,120.44000000002471,0.9999970494836532
12045,120.45000000002472,0.9999970522408987
12046,120.46000000002472,0.9999970549962811
12047,120.47000000002473,0.9999970577498009
12048,120.48000000002473,0.9999970605014588
12049,120.49000000002474,0.9999970632512551
12050,120.50000000002474,0.9999970659991908
12051,120.51000000002475,0.9999970687452662
12052,120.52000000002475,0.999997071489482
12053,120.53000000002476,0.9999970742318388
12054,120.54000000002476,0.9999970769723371
12055,120.55000000002477,0.9999970797109775
12056,120.56000000002477,0.9999970824477606
12057,120.57000000002478,0.9999970851826872
12058,120.58000000002478,0.9999970879157576
12059,120.59000000002479,0.9999970906469724
12060,120.60000000002479,0.9999970933763324
12061,120.6100000000248,0.9999970961038379
12062,120.6200000000248,0.9999970988294898
12063,120.63000000002481,0.9999971015532886
12064,120.64000000002481,0.9999971042752347
12065,120.65000000002482,0.999997106995329
12066,120.66000000002482,0.9999971097135717
12067,120.67000000002483,0.9999971124299637
12068,120.68000000002483,0.9999971151445056
12069,120.69000000002484,0.9999971178571978
12070,120.70000000002484,0.999997120568041
12071,120.71000000002485,0.9999971232770358
12072,120.72000000002485,0.9999971259841828
12073,120.73000000002486,0.9999971286894824
12074,120.74000000002486,0.9999971313929356
12075,120.75000000002487,0.9999971340945425
12076,120.76000000002487,0.9999971367943041
12077,120.77000000002488,0.9999971394922208
12078,120.78000000002488,0.9999971421882933
12079,120.79000000002489,0.999997144882522
12080,120.8000000000249,0.9999971475749077
12081,120.8100000000249,0.9999971502654509
12082,120.8200000000249,0.9999971529541521
12083,120.83000000002491,0.9999971556410121
12084,120.84000000002492,0.9999971583260314
12085,120.85000000002492,0.9999971610092107
12086,120.86000000002493,0.9999971636905504
12087,120.87000000002493,0.9999971663700511
12088,120.88000000002494,0.9999971690477135
12089,120.89000000002494,0.9999971717235383
12090,120.90000000002495,0.9999971743975259
12091,120.91000000002495,0.9999971770696771
12092,120.92000000002496,0.9999971797399921
12093,120.93000000002496,0.999997182408472
12094,120.94000000002497,0.9999971850751171
12095,120.95000000002497,0.9999971877399282
12096,120.96000000002498,0.9999971904029056
12097,120.97000000002498,0.9999971930640501
12098,120.98000000002499,0.9999971957233623
12099,120.99000000002499,0.9999971983808428
12100,121.000000000025,0.999997201036492
12101,121.010000000025,0.9999972036903109
12102,121.02000000002501,0.9999972063422997
12103,121.03000000002501,0.9999972089924593
12104,121.04000000002502,0.99999721164079
12105,121.05000000002502,0.9999972142872927
12106,121.06000000002503,0.9999972169319677
12107,121.07000000002503,0.999997219574816
12108,121.08000000002504,0.9999972222158379
12109,121.09000000002504,0.9999972248550341
12110,121.10000000002505,0.999997227492405
12111,121.11000000002505,0.9999972301279516
12112,121.12000000002506,0.9999972327616742
12113,121.13000000002506,0.9999972353935734
12114,121.14000000002507,0.99999723802365
12115,121.15000000002507,0.9999972406519045
12116,121.16000000002508,0.9999972432783375
12117,121.17000000002508,0.9999972459029496
12118,121.18000000002509,0.9999972485257413
12119,121.1900000000251,0.9999972511467135
12120,121.2000000000251,0.9999972537658665
12121,121.2100000000251,0.999997256383201
12122,121.22000000002511,0.9999972589987177
12123,121.23000000002511,0.9999972616124171
12124,121.24000000002512,0.9999972642242999
12125,121.25000000002512,0.9999972668343665
12126,121.26000000002513,0.9999972694426178
12127,121.27000000002514,0.9999972720490542
12128,121.28000000002514,0.9999972746536765
12129,121.29000000002515,0.999997277256485
12130,121.30000000002515,0.9999972798574805
12131,121.31000000002516,0.9999972824566637
12132,121.32000000002516,0.9999972850540351
12133,121.33000000002517,0.9999972876495953
12134,121.34000000002517,0.9999972902433448
12135,121.35000000002518,0.9999972928352844
12136,121.36000000002518,0.9999972954254147
12137,121.37000000002519,0.9999972980137362
12138,121.38000000002519,0.9999973006002495
12139,121.3900000000252,0.9999973031849553
12140,121.4000000000252,0.9999973057678542
12141,121.4100000000252,0.9999973083489468
12142,121.42000000002521,0.9999973109282337
12143,121.43000000002522,0.9999973135057155
12144,121.44000000002522,0.9999973160813928
12145,121.45000000002523,0.9999973186552662
12146,121.46000000002523,0.9999973212273364
12147,121.47000000002524,0.999997323797604
12148,121.48000000002524,0.9999973263660695
12149,121.49000000002525,0.9999973289327336
12150,121.50000000002525,0.999997331497597
12151,121.51000000002526,0.99999733406066
12152,121.52000000002526,0.9999973366219236
12153,121.53000000002527,0.9999973391813881
12154,121.54000000002527,0.9999973417390544
12155,121.55000000002528,0.9999973442949228
12156,121.56000000002528,0.9999973468489942
12157,121.57000000002529,0.999997349401269
12158,121.5800000000253,0.9999973519517481
12159,121.5900000000253,0.9999973545004318
12160,121.6000000000253,0.9999973570473208
12161,121.61000000002531,0.9999973595924158
12162,121.62000000002531,0.9999973621357173
12163,121.63000000002532,0.9999973646772261
12164,121.64000000002532,0.9999973672169427
12165,121.65000000002533,0.9999973697548676
12166,121.66000000002533,0.9999973722910017
12167,121.67000000002534,0.9999973748253453
12168,121.68000000002534,0.9999973773578994
12169,121.69000000002535,0.9999973798886642
12170,121.70000000002536,0.9999973824176406
12171,121.71000000002536,0.999997384944829
12172,121.72000000002537,0.9999973874702303
12173,121.73000000002537,0.9999973899938449
12174,121.74000000002538,0.9999973925156735
12175,121.75000000002538,0.9999973950357167
12176,121.76000000002539,0.9999973975539751
12177,121.77000000002539,0.9999974000704495
12178,121.7800000000254,0.9999974025851401
12179,121.7900000000254,0.999997405098048
12180,121.8000000000254,0.9999974076091735
12181,121.81000000002541,0.9999974101185174
12182,121.82000000002542,0.9999974126260802
12183,121.83000000002542,0.9999974151318626
12184,121.84000000002543,0.9999974176358651
12185,121.85000000002543,0.9999974201380886
12186,121.86000000002544,0.9999974226385333
12187,121.87000000002544,0.9999974251372002
12188,121.88000000002545,0.9999974276340898
12189,121.89000000002545,0.9999974301292027
12190,121.90000000002546,0.9999974326225395
12191,121.91000000002546,0.9999974351141008
12192,121.92000000002547,0.9999974376038874
12193,121.93000000002547,0.9999974400918997
12194,121.94000000002548,0.9999974425781385
12195,121.95000000002548,0.9999974450626042
12196,121.96000000002549,0.9999974475452977
12197,121.9700000000255,0.9999974500262195
12198,121.9800000000255,0.9999974525053702
12199,121.9900000000255,0.9999974549827505
12200,122.00000000002551,0.9999974574583609
12201,122.01000000002551,0.9999974599322021
12202,122.02000000002552,0.9999974624042748
12203,122.03000000002552,0.9999974648745795
12204,122.04000000002553,0.9999974673431169
12205,122.05000000002553,0.9999974698098877
12206,122.06000000002554,0.9999974722748923
12207,122.07000000002554,0.9999974747381315
12208,122.08000000002555,0.9999974771996059
12209,122.09000000002555,0.9999974796593161
12210,122.10000000002556,0.9999974821172628
12211,122.11000000002556,0.9999974845734465
12212,122.12000000002557,0.999997487027868
12213,122.13000000002557,0.9999974894805278
12214,122.14000000002558,0.9999974919314265
12215,122.15000000002559,0.9999974943805648
12216,122.16000000002559,0.9999974968279435
12217,122.1700000000256,0.9999974992735629
12218,122.1800000000256,0.9999975017174237
12219,122.1900000000256,0.9999975041595268
12220,122.20000000002561,0.9999975065998726
12221,122.21000000002562,0.9999975090384617
12222,122.22000000002562,0.9999975114752949
12223,122.23000000002563,0.9999975139103727
12224,122.24000000002563,0.9999975163436957
12225,122.25000000002564,0.9999975187752648
12226,122.26000000002564,0.9999975212050802
12227,122.27000000002565,0.9999975236331429
12228,122.28000000002565,0.9999975260594534
12229,122.29000000002566,0.9999975284840124
12230,122.30000000002566,0.9999975309068203
12231,122.31000000002567,0.999997533327878
12232,122.32000000002567,0.999997535747186
12233,122.33000000002568,0.999997538164745
12234,122.34000000002568,0.9999975405805557
12235,122.35000000002569,0.9999975429946185
12236,122.36000000002569,0.9999975454069342
12237,122.3700000000257,0.9999975478175034
12238,122.3800000000257,0.9999975502263267
12239,122.39000000002571,0.999997552633405
12240,122.40000000002571,0.9999975550387384
12241,122.41000000002572,0.9999975574423281
12242,122.42000000002572,0.9999975598441744
12243,122.43000000002573,0.999997562244278
12244,122.44000000002573,0.9999975646426397
12245,122.45000000002574,0.9999975670392598
12246,122.46000000002574,0.9999975694341392
12247,122.47000000002575,0.9999975718272786
12248,122.48000000002575,0.9999975742186784
12249,122.49000000002576,0.9999975766083393
12250,122.50000000002576,0.9999975789962621
12251,122.51000000002577,0.9999975813824472
12252,122.52000000002577,0.9999975837668955
12253,122.53000000002578,0.9999975861496074
12254,122.54000000002578,0.9999975885305837
12255,122.55000000002579,0.999997590909825
12256,122.5600000000258,0.9999975932873318
12257,122.5700000000258,0.9999975956631051
12258,122.5800000000258,0.9999975980371452
12259,122.59000000002581,0.9999976004094527
12260,122.60000000002582,0.9999976027800285
12261,122.61000000002582,0.9999976051488731
12262,122.62000000002583,0.9999976075159872
12263,122.63000000002583,0.9999976098813714
12264,122.64000000002584,0.9999976122450264
12265,122.65000000002584,0.9999976146069527
12266,122.66000000002585,0.9999976169671511
12267,122.67000000002585,0.9999976193256221
12268,122.68000000002586,0.9999976216823665
12269,122.69000000002586,0.9999976240373848
12270,122.70000000002587,0.9999976263906777
12271,122.71000000002587,0.9999976287422458
12272,122.72000000002588,0.99999763109209
12273,122.73000000002588,0.9999976334402105
12274,122.74000000002589,0.9999976357866084
12275,122.75000000002589,0.999997638131284
12276,122.7600000000259,0.999997640474238
12277,122.7700000000259,0.9999976428154712
12278,122.78000000002591,0.9999976451549842
12279,122.79000000002591,0.9999976474927775
12280,122.80000000002592,0.999997649828852
12281,122.81000000002592,0.9999976521632081
12282,122.82000000002593,0.9999976544958465
12283,122.83000000002593,0.999997656826768
12284,122.84000000002594,0.999997659155973
12285,122.85000000002594,0.9999976614834624
12286,122.86000000002595,0.9999976638092366
12287,122.87000000002595,0.9999976661332965
12288,122.88000000002596,0.9999976684556426
12289,122.89000000002596,0.9999976707762755
12290,122.90000000002597,0.999997673095196
12291,122.91000000002597,0.9999976754124046
12292,122.92000000002598,0.999997677727902
12293,122.93000000002598,0.999997680041689
12294,122.94000000002599,0.9999976823537661
12295,122.950000000026,0.9999976846641339
12296,122.960000000026,0.999997686972793
12297,122.970000000026,0.9999976892797443
12298,122.98000000002601,0.9999976915849883
12299,122.99000000002601,0.9999976938885256
12300,123.00000000002602,0.9999976961903569
12301,123.01000000002603,0.9999976984904829
12302,123.02000000002603,0.9999977007889043
12303,123.03000000002604,0.9999977030856215
12304,123.04000000002604,0.9999977053806354
12305,123.05000000002605,0.9999977076739466
12306,123.06000000002605,0.9999977099655557
12307,123.07000000002606,0.9999977122554633
12308,123.08000000002606,0.9999977145436701
12309,123.09000000002607,0.9999977168301769
12310,123.10000000002607,0.9999977191149843
12311,123.11000000002608,0.9999977213980926
12312,123.12000000002608,0.9999977236795029
12313,123.13000000002609,0.9999977259592157
12314,123.14000000002609,0.9999977282372317
12315,123.1500000000261,0.9999977305135513
12316,123.1600000000261,0.9999977327881755
12317,123.1700000000261,0.9999977350611047
12318,123.18000000002611,0.9999977373323398
12319,123.19000000002612,0.9999977396018812
12320,123.20000000002612,0.9999977418697297
12321,123.21000000002613,0.9999977441358858
12322,123.22000000002613,0.9999977464003504
12323,123.23000000002614,0.9999977486631241
12324,123.24000000002614,0.9999977509242074
12325,123.25000000002615,0.9999977531836011
12326,123.26000000002615,0.9999977554413056
12327,123.27000000002616,0.999997757697322
12328,123.28000000002616,0.9999977599516506
12329,123.29000000002617,0.9999977622042922
12330,123.30000000002617,0.9999977644552475
12331,123.31000000002618,0.9999977667045169
12332,123.32000000002618,0.9999977689521014
12333,123.33000000002619,0.9999977711980015
12334,123.3400000000262,0.9999977734422177
12335,123.3500000000262,0.999997775684751
12336,123.3600000000262,0.9999977779256017
12337,123.37000000002621,0.9999977801647708
12338,123.38000000002621,0.9999977824022588
12339,123.39000000002622,0.9999977846380662
12340,123.40000000002622,0.999997786872194
12341,123.41000000002623,0.9999977891046425
12342,123.42000000002623,0.9999977913354127
12343,123.43000000002624,0.9999977935645049
12344,123.44000000002625,0.9999977957919202
12345,123.45000000002625,0.9999977980176588
12346,123.46000000002626,0.9999978002417216
12347,123.47000000002626,0.9999978024641093
12348,123.48000000002627,0.9999978046848225
12349,123.49000000002627,0.9999978069038619
12350,123.50000000002628,0.999997809121228
12351,123.51000000002628,0.9999978113369217
12352,123.52000000002629,0.9999978135509434
12353,123.53000000002629,0.999997815763294
12354,123.5400000000263,0.9999978179739741
12355,123.5500000000263,0.9999978201829843
12356,123.5600000000263,0.9999978223903253
12357,123.57000000002631,0.9999978245959977
12358,123.58000000002632,0.9999978268000024
12359,123.59000000002632,0.9999978290023397
12360,123.60000000002633,0.9999978312030106
12361,123.61000000002633,0.9999978334020154
12362,123.62000000002634,0.9999978355993552
12363,123.63000000002634,0.9999978377950304
12364,123.64000000002635,0.9999978399890416
12365,123.65000000002635,0.9999978421813897
12366,123.66000000002636,0.9999978443720751
12367,123.67000000002636,0.9999978465610987
12368,123.68000000002637,0.9999978487484611
12369,123.69000000002637,0.9999978509341628
12370,123.70000000002638,0.9999978531182048
12371,123.71000000002638,0.9999978553005874
12372,123.72000000002639,0.9999978574813115
12373,123.7300000000264,0.9999978596603777
12374,123.7400000000264,0.9999978618377867
12375,123.7500000000264,0.9999978640135391
12376,123.76000000002641,0.9999978661876356
12377,123.77000000002641,0.999997868360077
12378,123.78000000002642,0.9999978705308636
12379,123.79000000002642,0.9999978726999965
12380,123.80000000002643,0.9999978748674762
12381,123.81000000002643,0.9999978770333032
12382,123.82000000002644,0.9999978791974784
12383,123.83000000002644,0.9999978813600023
12384,123.84000000002645,0.9999978835208758
12385,123.85000000002645,0.9999978856800993
12386,123.86000000002646,0.9999978878376736
12387,123.87000000002647,0.9999978899935994
12388,123.88000000002647,0.9999978921478774
12389,123.89000000002648,0.9999978943005081
12390,123.90000000002648,0.9999978964514923
12391,123.91000000002649,0.9999978986008307
12392,123.92000000002649,0.9999979007485238
12393,123.9300000000265,0.9999979028945725
12394,123.9400000000265,0.9999979050389772
12395,123.9500000000265,0.9999979071817389
12396,123.96000000002651,0.999997909322858
12397,123.97000000002652,0.9999979114623353
12398,123.98000000002652,0.9999979136001715
12399,123.99000000002653,0.9999979157363672
12400,124.00000000002653,0.9999979178709231
12401,124.01000000002654,0.9999979200038398
12402,124.02000000002654,0.999997922135118
12403,124.03000000002655,0.9999979242647585
12404,124.04000000002655,0.9999979263927619
12405,124.05000000002656,0.9999979285191287
12406,124.06000000002656,0.9999979306438599
12407,124.07000000002657,0.9999979327669559
12408,124.08000000002657,0.9999979348884176
12409,124.09000000002658,0.9999979370082455
12410,124.10000000002658,0.9999979391264402
12411,124.11000000002659,0.9999979412430027
12412,124.1200000000266,0.9999979433579333
12413,124.1300000000266,0.999997945471233
12414,124.1400000000266,0.9999979475829023
12415,124.15000000002661,0.9999979496929419
12416,124.16000000002661,0.9999979518013524
12417,124.17000000002662,0.9999979539081346
12418,124.18000000002662,0.9999979560132892
12419,124.19000000002663,0.9999979581168168
12420,124.20000000002663,0.999997960218718
12421,124.21000000002664,0.9999979623189936
12422,124.22000000002664,0.9999979644176443
12423,124.23000000002665,0.9999979665146707
12424,124.24000000002665,0.9999979686100734
12425,124.25000000002666,0.9999979707038533
12426,124.26000000002666,0.9999979727960109
12427,124.27000000002667,0.999997974886547
12428,124.28000000002667,0.9999979769754621
12429,124.29000000002668,0.999997979062757
12430,124.30000000002669,0.9999979811484324
12431,124.31000000002669,0.999997983232489
12432,124.3200000000267,0.9999979853149273
12433,124.3300000000267,0.9999979873957483
12434,124.3400000000267,0.9999979894749523
12435,124.35000000002671,0.9999979915525402
12436,124.36000000002672,0.9999979936285127
12437,124.37000000002672,0.9999979957028704
12438,124.38000000002673,0.999997997775614
12439,124.39000000002673,0.9999979998467442
12440,124.40000000002674,0.9999980019162618
12441,124.41000000002674,0.9999980039841672
12442,124.42000000002675,0.9999980060504612
12443,124.43000000002675,0.9999980081151445
12444,124.44000000002676,0.9999980101782179
12445,124.45000000002676,0.9999980122396819
12446,124.46000000002677,0.9999980142995373
12447,124.47000000002677,0.9999980163577847
12448,124.48000000002678,0.9999980184144249
12449,124.49000000002678,0.9999980204694584
12450,124.50000000002679,0.999998022522886
12451,124.51000000002679,0.9999980245747085
12452,124.5200000000268,0.9999980266249263
12453,124.5300000000268,0.9999980286735404
12454,124.54000000002681,0.9999980307205512
12455,124.55000000002681,0.9999980327659596
12456,124.56000000002682,0.999998034809766
12457,124.57000000002682,0.9999980368519714
12458,124.58000000002683,0.9999980388925764
12459,124.59000000002683,0.9999980409315816
12460,124.60000000002684,0.9999980429689878
12461,124.61000000002684,0.9999980450047955
12462,124.62000000002685,0.9999980470390055
12463,124.63000000002685,0.9999980490716186
12464,124.64000000002686,0.9999980511026353
12465,124.65000000002686,0.9999980531320564
12466,124.66000000002687,0.9999980551598824
12467,124.67000000002687,0.9999980571861142
12468,124.68000000002688,0.9999980592107525
12469,124.69000000002688,0.9999980612337979
12470,124.70000000002689,0.999998063255251
12471,124.7100000000269,0.9999980652751126
12472,124.7200000000269,0.9999980672933834
12473,124.7300000000269,0.999998069310064
12474,124.74000000002691,0.9999980713251551
12475,124.75000000002692,0.9999980733386574
12476,124.76000000002692,0.9999980753505717
12477,124.77000000002693,0.9999980773608986
12478,124.78000000002693,0.9999980793696388
12479,124.79000000002694,0.999998081376793
12480,124.80000000002694,0.9999980833823618
12481,124.81000000002695,0.999998085386346
12482,124.82000000002695,0.9999980873887462
12483,124.83000000002696,0.9999980893895632
12484,124.84000000002696,0.9999980913887976
12485,124.85000000002697,0.9999980933864501
12486,124.86000000002697,0.9999980953825214
12487,124.87000000002698,0.9999980973770122
12488,124.88000000002698,0.9999980993699231
12489,124.89000000002699,0.999998101361255
12490,124.90000000002699,0.9999981033510085
12491,124.910000000027,0.9999981053391841
12492,124.920000000027,0.9999981073257828
12493,124.93000000002701,0.999998109310805
12494,124.94000000002701,0.9999981112942516
12495,124.95000000002702,0.9999981132761232
12496,124.96000000002702,0.9999981152564206
12497,124.97000000002703,0.9999981172351443
12498,124.98000000002703,0.9999981192122951
12499,124.99000000002704,0.9999981211878737
12500,125.00000000002704,0.9999981231618807
12501,125.01000000002705,0.9999981251343171
12502,125.02000000002705,0.9999981271051832
12503,125.03000000002706,0.9999981290744799
12504,125.04000000002706,0.9999981310422078
12505,125.05000000002707,0.9999981330083677
12506,125.06000000002707,0.9999981349729603
12507,125.07000000002708,0.9999981369359862
12508,125.08000000002708,0.999998138897446
12509,125.09000000002709,0.9999981408573406
12510,125.1000000000271,0.9999981428156707
12511,125.1100000000271,0.9999981447724369
12512,125.1200000000271,0.9999981467276398
12513,125.13000000002711,0.9999981486812802
12514,125.14000000002711,0.999998150633359
12515,125.15000000002712,0.9999981525838765
12516,125.16000000002713,0.9999981545328336
12517,125.17000000002713,0.9999981564802309
12518,125.18000000002714,0.9999981584260693
12519,125.19000000002714,0.9999981603703494
12520,125.20000000002715,0.9999981623130718
12521,125.21000000002715,0.9999981642542374
12522,125.22000000002716,0.9999981661938466
12523,125.23000000002716,0.9999981681319003
12524,125.24000000002717,0.9999981700683992
12525,125.25000000002717,0.9999981720033438
12526,125.26000000002718,0.9999981739367352
12527,125.27000000002718,0.9999981758685736
12528,125.28000000002719,0.9999981777988601
12529,125.29000000002719,0.9999981797275952
12530,125.3000000000272,0.9999981816547796
12531,125.3100000000272,0.9999981835804141
12532,125.3200000000272,0.9999981855044994
12533,125.33000000002721,0.999998187427036
12534,125.34000000002722,0.9999981893480248
12535,125.35000000002722,0.9999981912674664
12536,125.36000000002723,0.9999981931853615
12537,125.37000000002723,0.999998195101711
12538,125.38000000002724,0.9999981970165152
12539,125.39000000002724,0.9999981989297752
12540,125.40000000002725,0.9999982008414914
12541,125.41000000002725,0.9999982027516647
12542,125.42000000002726,0.9999982046602957
12543,125.43000000002726,0.9999982065673851
12544,125.44000000002727,0.9999982084729337
12545,125.45000000002727,0.9999982103769421
12546,125.46000000002728,0.999998212279411
12547,125.47000000002728,0.9999982141803412
12548,125.48000000002729,0.9999982160797333
12549,125.4900000000273,0.999998217977588
12550,125.5000000000273,0.999998219873906
12551,125.5100000000273,0.9999982217686881
12552,125.52000000002731,0.9999982236619349
12553,125.53000000002731,0.9999982255536471
12554,125.54000000002732,0.9999982274438256
12555,125.55000000002732,0.9999982293324708
12556,125.56000000002733,0.9999982312195836
12557,125.57000000002733,0.9999982331051647
12558,125.58000000002734,0.9999982349892146
12559,125.59000000002735,0.9999982368717343
12560,125.60000000002735,0.9999982387527242
12561,125.61000000002736,0.9999982406321852
12562,125.62000000002736,0.999998242510118
12563,125.63000000002737,0.9999982443865233
12564,125.64000000002737,0.9999982462614018
12565,125.65000000002738,0.9999982481347541
12566,125.66000000002738,0.9999982500065809
12567,125.67000000002739,0.9999982518768832
12568,125.68000000002739,0.9999982537456613
12569,125.6900000000274,0.9999982556129161
12570,125.7000000000274,0.9999982574786483
12571,125.7100000000274,0.9999982593428587
12572,125.72000000002741,0.9999982612055478
12573,125.73000000002742,0.9999982630667165
12574,125.74000000002742,0.9999982649263653
12575,125.75000000002743,0.9999982667844951
12576,125.76000000002743,0.9999982686411064
12577,125.77000000002744,0.9999982704962002
12578,125.78000000002744,0.999998272349777
12579,125.79000000002745,0.9999982742018374
12580,125.80000000002745,0.9999982760523825
12581,125.81000000002746,0.9999982779014125
12582,125.82000000002746,0.9999982797489284
12583,125.83000000002747,0.999998281594931
12584,125.84000000002747,0.9999982834394208
12585,125.85000000002748,0.9999982852823985
12586,125.86000000002748,0.9999982871238651
12587,125.87000000002749,0.9999982889638209
12588,125.8800000000275,0.9999982908022669
12589,125.8900000000275,0.9999982926392037
12590,125.9000000000275,0.999998294474632
12591,125.91000000002751,0.9999982963085525
12592,125.92000000002751,0.999998298140966
12593,125.93000000002752,0.9999982999718731
12594,125.94000000002752,0.9999983018012745
12595,125.95000000002753,0.999998303629171
12596,125.96000000002753,0.9999983054555632
12597,125.97000000002754,0.999998307280452
12598,125.98000000002754,0.9999983091038379
12599,125.99000000002755,0.9999983109257218
12600,126.00000000002755,0.9999983127461042
12601,126.01000000002756,0.999998314564986
12602,126.02000000002757,0.9999983163823678
12603,126.03000000002757,0.9999983181982502
12604,126.04000000002758,0.9999983200126342
12605,126.05000000002758,0.9999983218255203
12606,126.06000000002759,0.9999983236369092
12607,126.07000000002759,0.9999983254468018
12608,126.0800000000276,0.9999983272551985
12609,126.0900000000276,0.9999983290621004
12610,126.1000000000276,0.9999983308675079
12611,126.11000000002761,0.9999983326714218
12612,126.12000000002762,0.9999983344738429
12613,126.13000000002762,0.9999983362747717
12614,126.14000000002763,0.9999983380742092
12615,126.15000000002763,0.9999983398721559
12616,126.16000000002764,0.9999983416686126
12617,126.17000000002764,0.99999834346358
12618,126.18000000002765,0.9999983452570587
12619,126.19000000002765,0.9999983470490496
12620,126.20000000002766,0.9999983488395532
12621,126.21000000002766,0.9999983506285705
12622,126.22000000002767,0.9999983524161019
12623,126.23000000002767,0.9999983542021483
12624,126.24000000002768,0.9999983559867104
12625,126.25000000002768,0.9999983577697888
12626,126.26000000002769,0.9999983595513844
12627,126.2700000000277,0.9999983613314978
12628,126.2800000000277,0.9999983631101297
12629,126.2900000000277,0.9999983648872808
12630,126.30000000002771,0.9999983666629519
12631,126.31000000002771,0.9999983684371436
12632,126.32000000002772,0.9999983702098567
12633,126.33000000002772,0.999998371981092
12634,126.34000000002773,0.99999837375085
12635,126.35000000002773,0.9999983755191315
12636,126.36000000002774,0.9999983772859373
12637,126.37000000002774,0.999998379051268
12638,126.38000000002775,0.9999983808151244
12639,126.39000000002775,0.9999983825775072
12640,126.40000000002776,0.999998384338417
12641,126.41000000002776,0.9999983860978547
12642,126.42000000002777,0.9999983878558208
12643,126.43000000002777,0.9999983896123164
12644,126.44000000002778,0.9999983913673417
12645,126.45000000002779,0.9999983931208978
12646,126.46000000002779,0.9999983948729853
12647,126.4700000000278,0.9999983966236048
12648,126.4800000000278,0.9999983983727571
12649,126.4900000000278,0.999998400120443
12650,126.50000000002781,0.9999984018666631
12651,126.51000000002782,0.9999984036114182
12652,126.52000000002782,0.9999984053547091
12653,126.53000000002783,0.9999984070965363
12654,126.54000000002783,0.9999984088369006
12655,126.55000000002784,0.9999984105758027
12656,126.56000000002784,0.9999984123132435
12657,126.57000000002785,0.9999984140492234
12658,126.58000000002785,0.9999984157837434
12659,126.59000000002786,0.9999984175168041
12660,126.60000000002786,0.9999984192484062
12661,126.61000000002787,0.9999984209785504
12662,126.62000000002787,0.9999984227072375
12663,126.63000000002788,0.9999984244344682
12664,126.64000000002788,0.9999984261602431
12665,126.65000000002789,0.9999984278845632
12666,126.66000000002789,0.9999984296074288
12667,126.6700000000279,0.999998431328841
12668,126.6800000000279,0.9999984330488003
12669,126.69000000002791,0.9999984347673075
12670,126.70000000002791,0.9999984364843634
12671,126.71000000002792,0.9999984381999685
12672,126.72000000002792,0.9999984399141237
12673,126.73000000002793,0.9999984416268296
12674,126.74000000002793,0.9999984433380871
12675,126.75000000002794,0.9999984450478967
12676,126.76000000002794,0.9999984467562593
12677,126.77000000002795,0.9999984484631755
12678,126.78000000002795,0.9999984501686461
12679,126.79000000002796,0.9999984518726718
12680,126.80000000002796,0.9999984535752532
12681,126.81000000002797,0.9999984552763912
12682,126.82000000002797,0.9999984569760864
12683,126.83000000002798,0.9999984586743396
12684,126.84000000002798,0.9999984603711515
12685,126.85000000002799,0.9999984620665228
12686,126.860000000028,0.9999984637604541
12687,126.870000000028,0.9999984654529464
12688,126.880000000028,0.9999984671440002
12689,126.89000000002801,0.9999984688336163
12690,126.90000000002802,0.9999984705217955
12691,126.91000000002802,0.9999984722085383
12692,126.92000000002803,0.9999984738938456
12693,126.93000000002803,0.9999984755777181
12694,126.94000000002804,0.9999984772601564
12695,126.95000000002804,0.9999984789411615
12696,126.96000000002805,0.9999984806207338
12697,126.97000000002805,0.9999984822988742
12698,126.98000000002806,0.9999984839755834
12699,126.99000000002806,0.9999984856508621
12700,127.00000000002807,0.9999984873247111
12701,127.01000000002807,0.9999984889971311
12702,127.02000000002808,0.9999984906681226
12703,127.03000000002808,0.9999984923376866
12704,127.04000000002809,0.9999984940058236
12705,127.05000000002809,0.9999984956725346
12706,127.0600000000281,0.9999984973378202
12707,127.0700000000281,0.9999984990016809
12708,127.08000000002811,0.9999985006641178
12709,127.09000000002811,0.9999985023251313
12710,127.10000000002812,0.9999985039847225
12711,127.11000000002812,0.9999985056428916
12712,127.12000000002813,0.9999985072996398
12713,127.13000000002813,0.9999985089549676
12714,127.14000000002814,0.9999985106088757
12715,127.15000000002814,0.9999985122613649
12716,127.16000000002815,0.9999985139124359
12717,127.17000000002815,0.9999985155620895
12718,127.18000000002816,0.9999985172103263
12719,127.19000000002816,0.9999985188571471
12720,127.20000000002817,0.9999985205025527
12721,127.21000000002817,0.9999985221465436
12722,127.22000000002818,0.9999985237891207
12723,127.23000000002818,0.9999985254302847
12724,127.24000000002819,0.9999985270700362
12725,127.2500000000282,0.9999985287083761
12726,127.2600000000282,0.9999985303453052
12727,127.2700000000282,0.9999985319808239
12728,127.28000000002821,0.9999985336149332
12729,127.29000000002821,0.9999985352476337
12730,127.30000000002822,0.9999985368789263
12731,127.31000000002823,0.9999985385088114
12732,127.32000000002823,0.99999854013729
12733,127.33000000002824,0.9999985417643626
12734,127.34000000002824,0.9999985433900302
12735,127.35000000002825,0.9999985450142934
12736,127.36000000002825,0.9999985466371529
12737,127.37000000002826,0.9999985482586095
12738,127.38000000002826,0.9999985498786638
12739,127.39000000002827,0.9999985514973166
12740,127.40000000002827,0.9999985531145686
12741,127.41000000002828,0.9999985547304207
12742,127.42000000002828,0.9999985563448733
12743,127.43000000002829,0.9999985579579274
12744,127.44000000002829,0.9999985595695836
12745,127.4500000000283,0.9999985611798426
12746,127.4600000000283,0.9999985627887054
12747,127.4700000000283,0.9999985643961723
12748,127.48000000002831,0.9999985660022443
12749,127.49000000002832,0.9999985676069222
12750,127.50000000002832,0.9999985692102065
12751,127.51000000002833,0.999998570812098
12752,127.52000000002833,0.9999985724125975
12753,127.53000000002834,0.9999985740117057
12754,127.54000000002834,0.9999985756094233
12755,127.55000000002835,0.9999985772057509
12756,127.56000000002835,0.9999985788006895
12757,127.57000000002836,0.9999985803942397
12758,127.58000000002836,0.9999985819864022
12759,127.59000000002837,0.9999985835771779
12760,127.60000000002837,0.9999985851665671
12761,127.61000000002838,0.9999985867545711
12762,127.62000000002838,0.9999985883411902
12763,127.63000000002839,0.9999985899264252
12764,127.6400000000284,0.999998591510277
12765,127.6500000000284,0.9999985930927463
12766,127.6600000000284,0.9999985946738337
12767,127.67000000002841,0.9999985962535399
12768,127.68000000002841,0.9999985978318657
12769,127.69000000002842,0.999998599408812
12770,127.70000000002842,0.9999986009843793
12771,127.71000000002843,0.9999986025585684
12772,127.72000000002843,0.9999986041313801
12773,127.73000000002844,0.999998605702815
12774,127.74000000002845,0.9999986072728738
12775,127.75000000002845,0.9999986088415574
12776,127.76000000002846,0.9999986104088666
12777,127.77000000002846,0.9999986119748019
12778,127.78000000002847,0.999998613539364
12779,127.79000000002847,0.999998615102554
12780,127.80000000002848,0.9999986166643722
12781,127.81000000002848,0.9999986182248195
12782,127.82000000002849,0.9999986197838966
12783,127.83000000002849,0.9999986213416043
12784,127.8400000000285,0.9999986228979434
12785,127.8500000000285,0.9999986244529145
12786,127.8600000000285,0.9999986260065183
12787,127.87000000002851,0.9999986275587557
12788,127.88000000002852,0.9999986291096272
12789,127.89000000002852,0.9999986306591337
12790,127.90000000002853,0.999998632207276
12791,127.91000000002853,0.9999986337540546
12792,127.92000000002854,0.9999986352994704
12793,127.93000000002854,0.9999986368435241
12794,127.94000000002855,0.9999986383862163
12795,127.95000000002855,0.999998639927548
12796,127.96000000002856,0.9999986414675197
12797,127.97000000002856,0.9999986430061322
12798,127.98000000002857,0.9999986445433863
12799,127.99000000002857,0.9999986460792826
12800,128.00000000002856,0.999998647613822
12801,128.01000000002855,0.999998649147005
12802,128.02000000002855,0.9999986506788325
12803,128.03000000002854,0.9999986522093053
12804,128.04000000002853,0.999998653738424
12805,128.05000000002852,0.9999986552661894
12806,128.0600000000285,0.9999986567926021
12807,128.0700000000285,0.999998658317663
12808,128.0800000000285,0.9999986598413727
12809,128.09000000002848,0.999998661363732
12810,128.10000000002847,0.9999986628847418
12811,128.11000000002846,0.9999986644044025
12812,128.12000000002845,0.9999986659227151
12813,128.13000000002845,0.9999986674396802
12814,128.14000000002844,0.9999986689552985
12815,128.15000000002843,0.9999986704695709
12816,128.16000000002842,0.999998671982498
12817,128.1700000000284,0.9999986734940806
12818,128.1800000000284,0.9999986750043193
12819,128.1900000000284,0.999998676513215
12820,128.20000000002838,0.9999986780207683
12821,128.21000000002837,0.9999986795269801
12822,128.22000000002836,0.9999986810318509
12823,128.23000000002835,0.9999986825353816
12824,128.24000000002835,0.999998684037573
12825,128.25000000002834,0.9999986855384256
12826,128.26000000002833,0.9999986870379404
12827,128.27000000002832,0.999998688536118
12828,128.2800000000283,0.999998690032959
12829,128.2900000000283,0.9999986915284643
12830,128.3000000000283,0.9999986930226347
12831,128.31000000002828,0.9999986945154709
12832,128.32000000002827,0.9999986960069733
12833,128.33000000002826,0.9999986974971431
12834,128.34000000002825,0.9999986989859808
12835,128.35000000002825,0.9999987004734873
12836,128.36000000002824,0.9999987019596631
12837,128.37000000002823,0.999998703444509
12838,128.38000000002822,0.9999987049280259
12839,128.3900000000282,0.9999987064102143
12840,128.4000000000282,0.999998707891075
12841,128.4100000000282,0.999998709370609
12842,128.42000000002818,0.9999987108488166
12843,128.43000000002817,0.9999987123256989
12844,128.44000000002816,0.9999987138012565
12845,128.45000000002815,0.99999871527549
12846,128.46000000002815,0.9999987167484004
12847,128.47000000002814,0.9999987182199882
12848,128.48000000002813,0.9999987196902543
12849,128.49000000002812,0.9999987211591993
12850,128.5000000000281,0.9999987226268241
12851,128.5100000000281,0.9999987240931292
12852,128.5200000000281,0.9999987255581155
12853,128.53000000002808,0.9999987270217838
12854,128.54000000002807,0.9999987284841347
12855,128.55000000002806,0.999998729945169
12856,128.56000000002805,0.9999987314048874
12857,128.57000000002805,0.9999987328632907
12858,128.58000000002804,0.9999987343203794
12859,128.59000000002803,0.9999987357761546
12860,128.60000000002802,0.9999987372306168
12861,128.610000000028,0.9999987386837669
12862,128.620000000028,0.9999987401356054
12863,128.630000000028,0.9999987415861332
12864,128.64000000002798,0.999998743035351
12865,128.65000000002797,0.9999987444832595
12866,128.66000000002796,0.9999987459298596
12867,128.67000000002795,0.9999987473751518
12868,128.68000000002795,0.9999987488191371
12869,128.69000000002794,0.999998750261816
12870,128.70000000002793,0.9999987517031892
12871,128.71000000002792,0.9999987531432577
12872,128.7200000000279,0.999998754582022
12873,128.7300000000279,0.9999987560194831
12874,128.7400000000279,0.9999987574556414
12875,128.75000000002788,0.9999987588904978
12876,128.76000000002787,0.9999987603240531
12877,128.77000000002786,0.999998761756308
12878,128.78000000002785,0.9999987631872632
12879,128.79000000002785,0.9999987646169195
12880,128.80000000002784,0.9999987660452775
12881,128.81000000002783,0.9999987674723381
12882,128.82000000002782,0.9999987688981019
12883,128.8300000000278,0.9999987703225697
12884,128.8400000000278,0.9999987717457423
12885,128.8500000000278,0.9999987731676203
12886,128.86000000002778,0.9999987745882045
12887,128.87000000002777,0.9999987760074958
12888,128.88000000002776,0.9999987774254946
12889,128.89000000002775,0.9999987788422019
12890,128.90000000002775,0.9999987802576183
12891,128.91000000002774,0.9999987816717447
12892,128.92000000002773,0.9999987830845818
12893,128.93000000002772,0.9999987844961301
12894,128.9400000000277,0.9999987859063906
12895,128.9500000000277,0.999998787315364
12896,128.9600000000277,0.9999987887230508
12897,128.97000000002768,0.9999987901294521
12898,128.98000000002767,0.9999987915345684
12899,128.99000000002766,0.9999987929384004
12900,129.00000000002765,0.9999987943409491
12901,129.01000000002765,0.9999987957422151
12902,129.02000000002764,0.999998797142199
12903,129.03000000002763,0.9999987985409016
12904,129.04000000002762,0.9999987999383237
12905,129.0500000000276,0.9999988013344662
12906,129.0600000000276,0.9999988027293295
12907,129.0700000000276,0.9999988041229145
12908,129.08000000002758,0.999998805515222
12909,129.09000000002757,0.9999988069062526
12910,129.10000000002756,0.9999988082960072
12911,129.11000000002755,0.9999988096844864
12912,129.12000000002755,0.999998811071691
12913,129.13000000002754,0.9999988124576218
12914,129.14000000002753,0.9999988138422794
12915,129.15000000002752,0.9999988152256646
12916,129.1600000000275,0.9999988166077781
12917,129.1700000000275,0.9999988179886208
12918,129.1800000000275,0.9999988193681932
12919,129.19000000002748,0.9999988207464963
12920,129.20000000002747,0.9999988221235305
12921,129.21000000002746,0.9999988234992969
12922,129.22000000002745,0.999998824873796
12923,129.23000000002745,0.9999988262470286
12924,129.24000000002744,0.9999988276189955
12925,129.25000000002743,0.9999988289896974
12926,129.26000000002742,0.999998830359135
12927,129.2700000000274,0.999998831727309
12928,129.2800000000274,0.9999988330942202
12929,129.2900000000274,0.9999988344598695
12930,129.30000000002738,0.9999988358242573
12931,129.31000000002737,0.9999988371873846
12932,129.32000000002736,0.9999988385492521
12933,129.33000000002735,0.9999988399098604
12934,129.34000000002735,0.9999988412692103
12935,129.35000000002734,0.9999988426273028
12936,129.36000000002733,0.9999988439841382
12937,129.37000000002732,0.9999988453397175
12938,129.3800000000273,0.9999988466940415
12939,129.3900000000273,0.9999988480471107
12940,129.4000000000273,0.999998849398926
12941,129.41000000002728,0.9999988507494881
12942,129.42000000002727,0.9999988520987978
12943,129.43000000002726,0.9999988534468557
12944,129.44000000002725,0.9999988547936627
12945,129.45000000002725,0.9999988561392193
12946,129.46000000002724,0.9999988574835266
12947,129.47000000002723,0.999998858826585
12948,129.48000000002722,0.9999988601683955
12949,129.4900000000272,0.9999988615089586
12950,129.5000000000272,0.9999988628482752
12951,129.5100000000272,0.999998864186346
12952,129.52000000002718,0.9999988655231717
12953,129.53000000002717,0.9999988668587532
12954,129.54000000002716,0.9999988681930909
12955,129.55000000002715,0.9999988695261859
12956,129.56000000002715,0.9999988708580387
12957,129.57000000002714,0.9999988721886502
12958,129.58000000002713,0.9999988735180211
12959,129.59000000002712,0.999998874846152
12960,129.6000000000271,0.9999988761730438
12961,129.6100000000271,0.9999988774986972
12962,129.6200000000271,0.9999988788231129
12963,129.63000000002708,0.9999988801462917
12964,129.64000000002707,0.9999988814682342
12965,129.65000000002706,0.9999988827889413
12966,129.66000000002705,0.9999988841084136
12967,129.67000000002704,0.999998885426652
12968,129.68000000002704,0.9999988867436572
12969,129.69000000002703,0.9999988880594298
12970,129.70000000002702,0.9999988893739707
12971,129.710000000027,0.9999988906872805
12972,129.720000000027,0.9999988919993601
12973,129.730000000027,0.9999988933102102
12974,129.74000000002698,0.9999988946198314
12975,129.75000000002697,0.9999988959282246
12976,129.76000000002696,0.9999988972353903
12977,129.77000000002695,0.9999988985413295
12978,129.78000000002694,0.9999988998460428
12979,129.79000000002694,0.9999989011495312
12980,129.80000000002693,0.999998902451795
12981,129.81000000002692,0.9999989037528353
12982,129.8200000000269,0.9999989050526525
12983,129.8300000000269,0.9999989063512478
12984,129.8400000000269,0.9999989076486215
12985,129.85000000002688,0.9999989089447746
12986,129.86000000002687,0.9999989102397078
12987,129.87000000002686,0.9999989115334217
12988,129.88000000002685,0.9999989128259172
12989,129.89000000002684,0.999998914117195
12990,129.90000000002684,0.9999989154072557
12991,129.91000000002683,0.9999989166961003
12992,129.92000000002682,0.9999989179837293
12993,129.9300000000268,0.9999989192701436
12994,129.9400000000268,0.9999989205553438
12995,129.9500000000268,0.9999989218393307
12996,129.96000000002678,0.9999989231221051
12997,129.97000000002677,0.9999989244036678
12998,129.98000000002676,0.9999989256840193
12999,129.99000000002675,0.9999989269631604
13000,130.00000000002674,0.999998928241092
13001,130.01000000002674,0.9999989295178148
13002,130.02000000002673,0.9999989307933294
13003,130.03000000002672,0.9999989320676366
13004,130.0400000000267,0.9999989333407372
13005,130.0500000000267,0.9999989346126319
13006,130.0600000000267,0.9999989358833214
13007,130.07000000002668,0.9999989371528066
13008,130.08000000002667,0.999998938421088
13009,130.09000000002666,0.9999989396881666
13010,130.10000000002665,0.9999989409540428
13011,130.11000000002664,0.9999989422187177
13012,130.12000000002664,0.9999989434821918
13013,130.13000000002663,0.9999989447444659
13014,130.14000000002662,0.9999989460055407
13015,130.1500000000266,0.9999989472654172
13016,130.1600000000266,0.9999989485240958
13017,130.1700000000266,0.9999989497815773
13018,130.18000000002658,0.9999989510378626
13019,130.19000000002657,0.9999989522929523
13020,130.20000000002656,0.9999989535468472
13021,130.21000000002655,0.999998954799548
13022,130.22000000002654,0.9999989560510555
13023,130.23000000002654,0.9999989573013703
13024,130.24000000002653,0.9999989585504934
13025,130.25000000002652,0.9999989597984253
13026,130.2600000000265,0.9999989610451668
13027,130.2700000000265,0.9999989622907187
13028,130.2800000000265,0.9999989635350817
13029,130.29000000002648,0.9999989647782564
13030,130.30000000002647,0.9999989660202439
13031,130.31000000002646,0.9999989672610445
13032,130.32000000002645,0.9999989685006593
13033,130.33000000002644,0.9999989697390889
13034,130.34000000002644,0.9999989709763338
13035,130.35000000002643,0.9999989722123952
13036,130.36000000002642,0.9999989734472735
13037,130.3700000000264,0.9999989746809695
13038,130.3800000000264,0.9999989759134841
13039,130.3900000000264,0.9999989771448178
13040,130.40000000002638,0.9999989783749715
13041,130.41000000002637,0.9999989796039459
13042,130.42000000002636,0.9999989808317418
13043,130.43000000002635,0.9999989820583598
13044,130.44000000002634,0.9999989832838007
13045,130.45000000002634,0.9999989845080652
13046,130.46000000002633,0.9999989857311542
13047,130.47000000002632,0.9999989869530682
13048,130.4800000000263,0.9999989881738082
13049,130.4900000000263,0.9999989893933747
13050,130.5000000000263,0.9999989906117686
13051,130.51000000002628,0.9999989918289905
13052,130.52000000002627,0.9999989930450414
13053,130.53000000002626,0.9999989942599217
13054,130.54000000002625,0.9999989954736322
13055,130.55000000002624,0.9999989966861739
13056,130.56000000002624,0.9999989978975473
13057,130.57000000002623,0.9999989991077531
13058,130.58000000002622,0.9999990003167923
13059,130.5900000000262,0.9999990015246655
13060,130.6000000000262,0.9999990027313733
13061,130.6100000000262,0.9999990039369165
13062,130.62000000002618,0.999999005141296
13063,130.63000000002617,0.9999990063445124
13064,130.64000000002616,0.9999990075465666
13065,130.65000000002615,0.9999990087474591
13066,130.66000000002614,0.9999990099471907
13067,130.67000000002614,0.9999990111457622
13068,130.68000000002613,0.9999990123431743
13069,130.69000000002612,0.9999990135394278
13070,130.7000000000261,0.9999990147345234
13071,130.7100000000261,0.9999990159284619
13072,130.7200000000261,0.9999990171212438
13073,130.73000000002608,0.9999990183128701
13074,130.74000000002607,0.9999990195033414
13075,130.75000000002606,0.9999990206926586
13076,130.76000000002605,0.9999990218808221
13077,130.77000000002604,0.9999990230678331
13078,130.78000000002604,0.9999990242536919
13079,130.79000000002603,0.9999990254383995
13080,130.80000000002602,0.9999990266219565
13081,130.810000000026,0.9999990278043638
13082,130.820000000026,0.999999028985622
13083,130.830000000026,0.9999990301657319
13084,130.84000000002598,0.9999990313446941
13085,130.85000000002597,0.9999990325225095
13086,130.86000000002596,0.9999990336991789
13087,130.87000000002595,0.9999990348747029
13088,130.88000000002594,0.9999990360490821
13089,130.89000000002594,0.9999990372223175
13090,130.90000000002593,0.9999990383944098
13091,130.91000000002592,0.9999990395653596
13092,130.9200000000259,0.9999990407351678
13093,130.9300000000259,0.9999990419038348
13094,130.9400000000259,0.9999990430713618
13095,130.95000000002588,0.9999990442377492
13096,130.96000000002587,0.9999990454029979
13097,130.97000000002586,0.9999990465671086
13098,130.98000000002585,0.999999047730082
13099,130.99000000002584,0.9999990488919188
13100,131.00000000002584,0.9999990500526199
13101,131.01000000002583,0.9999990512121859
13102,131.02000000002582,0.9999990523706176
13103,131.0300000000258,0.9999990535279156
13104,131.0400000000258,0.9999990546840808
13105,131.0500000000258,0.9999990558391139
13106,131.06000000002578,0.9999990569930156
13107,131.07000000002577,0.9999990581457866
13108,131.08000000002576,0.9999990592974277
13109,131.09000000002575,0.9999990604479396
13110,131.10000000002574,0.9999990615973231
13111,131.11000000002574,0.9999990627455789
13112,131.12000000002573,0.9999990638927078
13113,131.13000000002572,0.9999990650387103
13114,131.1400000000257,0.9999990661835874
13115,131.1500000000257,0.9999990673273396
13116,131.1600000000257,0.9999990684699679
13117,131.17000000002568,0.9999990696114728
13118,131.18000000002567,0.9999990707518552
13119,131.19000000002566,0.9999990718911157
13120,131.20000000002565,0.9999990730292552
13121,131.21000000002564,0.9999990741662743
13122,131.22000000002564,0.9999990753021738
13123,131.23000000002563,0.9999990764369544
13124,131.24000000002562,0.9999990775706168
13125,131.2500000000256,0.9999990787031618
13126,131.2600000000256,0.9999990798345901
13127,131.2700000000256,0.9999990809649025
13128,131.28000000002558,0.9999990820940996
13129,131.29000000002557,0.9999990832221823
13130,131.30000000002556,0.9999990843491513
13131,131.31000000002555,0.9999990854750072
13132,131.32000000002554,0.9999990865997508
13133,131.33000000002554,0.9999990877233829
13134,131.34000000002553,0.9999990888459042
13135,131.35000000002552,0.9999990899673153
13136,131.3600000000255,0.9999990910876172
13137,131.3700000000255,0.9999990922068105
13138,131.3800000000255,0.9999990933248958
13139,131.39000000002548,0.9999990944418741
13140,131.40000000002547,0.9999990955577459
13141,131.41000000002546,0.999999096672512
13142,131.42000000002545,0.9999990977861732
13143,131.43000000002544,0.9999990988987302
13144,131.44000000002544,0.9999991000101838
13145,131.45000000002543,0.9999991011205345
13146,131.46000000002542,0.9999991022297833
13147,131.4700000000254,0.9999991033379307
13148,131.4800000000254,0.9999991044449777
13149,131.4900000000254,0.9999991055509249
13150,131.50000000002538,0.999999106655773
13151,131.51000000002537,0.9999991077595227
13152,131.52000000002536,0.9999991088621748
13153,131.53000000002535,0.9999991099637301
13154,131.54000000002534,0.9999991110641892
13155,131.55000000002534,0.9999991121635529
13156,131.56000000002533,0.9999991132618219
13157,131.57000000002532,0.9999991143589969
13158,131.5800000000253,0.9999991154550788
13159,131.5900000000253,0.9999991165500682
13160,131.6000000000253,0.9999991176439658
13161,131.61000000002528,0.9999991187367724
13162,131.62000000002527,0.9999991198284888
13163,131.63000000002526,0.9999991209191155
13164,131.64000000002525,0.9999991220086535
13165,131.65000000002524,0.9999991230971034
13166,131.66000000002524,0.9999991241844658
13167,131.67000000002523,0.9999991252707418
13168,131.68000000002522,0.9999991263559317
13169,131.6900000000252,0.9999991274400365
13170,131.7000000000252,0.999999128523057
13171,131.7100000000252,0.9999991296049936
13172,131.72000000002518,0.9999991306858473
13173,131.73000000002517,0.9999991317656188
13174,131.74000000002516,0.9999991328443087
13175,131.75000000002515,0.999999133921918
13176,131.76000000002514,0.9999991349984472
13177,131.77000000002514,0.999999136073897
13178,131.78000000002513,0.9999991371482683
13179,131.79000000002512,0.9999991382215617
13180,131.8000000000251,0.999999139293778
13181,131.8100000000251,0.9999991403649179
13182,131.8200000000251,0.9999991414349821
13183,131.83000000002508,0.9999991425039715
13184,131.84000000002507,0.9999991435718866
13185,131.85000000002506,0.9999991446387282
13186,131.86000000002505,0.9999991457044971
13187,131.87000000002504,0.9999991467691941
13188,131.88000000002503,0.9999991478328196
13189,131.89000000002503,0.9999991488953748
13190,131.90000000002502,0.99999914995686
13191,131.910000000025,0.9999991510172762
13192,131.920000000025,0.999999152076624
13193,131.930000000025,0.9999991531349042
13194,131.94000000002498,0.9999991541921175
13195,131.95000000002497,0.9999991552482645
13196,131.96000000002496,0.9999991563033462
13197,131.97000000002495,0.9999991573573632
13198,131.98000000002494,0.9999991584103162
13199,131.99000000002493,0.9999991594622059
13200,132.00000000002493,0.9999991605130331
13201,132.01000000002492,0.9999991615627984
13202,132.0200000000249,0.9999991626115028
13203,132.0300000000249,0.9999991636591468
13204,132.0400000000249,0.9999991647057311
13205,132.05000000002488,0.9999991657512566
13206,132.06000000002487,0.9999991667957239
13207,132.07000000002486,0.9999991678391338
13208,132.08000000002485,0.999999168881487
13209,132.09000000002484,0.9999991699227843
13210,132.10000000002483,0.9999991709630263
13211,132.11000000002483,0.9999991720022138
13212,132.12000000002482,0.9999991730403475
13213,132.1300000000248,0.999999174077428
13214,132.1400000000248,0.9999991751134564
13215,132.1500000000248,0.999999176148433
13216,132.16000000002478,0.9999991771823589
13217,132.17000000002477,0.9999991782152345
13218,132.18000000002476,0.9999991792470607
13219,132.19000000002475,0.9999991802778383
13220,132.20000000002474,0.9999991813075679
13221,132.21000000002473,0.9999991823362502
13222,132.22000000002473,0.999999183363886
13223,132.23000000002472,0.9999991843904761
13224,132.2400000000247,0.9999991854160211
13225,132.2500000000247,0.9999991864405217
13226,132.2600000000247,0.9999991874639788
13227,132.27000000002468,0.9999991884863929
13228,132.28000000002467,0.9999991895077649
13229,132.29000000002466,0.9999991905280954
13230,132.30000000002465,0.9999991915473853
13231,132.31000000002464,0.9999991925656351
13232,132.32000000002463,0.9999991935828457
13233,132.33000000002463,0.9999991945990179
13234,132.34000000002462,0.9999991956141521
13235,132.3500000000246,0.9999991966282493
13236,132.3600000000246,0.9999991976413102
13237,132.3700000000246,0.9999991986533354
13238,132.38000000002458,0.9999991996643257
13239,132.39000000002457,0.9999992006742818
13240,132.40000000002456,0.9999992016832046
13241,132.41000000002455,0.9999992026910945
13242,132.42000000002454,0.9999992036979525
13243,132.43000000002453,0.9999992047037791
13244,132.44000000002453,0.9999992057085753
13245,132.45000000002452,0.9999992067123415
13246,132.4600000000245,0.9999992077150788
13247,132.4700000000245,0.9999992087167876
13248,132.4800000000245,0.9999992097174688
13249,132.49000000002448,0.9999992107171229
13250,132.50000000002447,0.999999211715751
13251,132.51000000002446,0.9999992127133536
13252,132.52000000002445,0.9999992137099313
13253,132.53000000002444,0.999999214705485
13254,132.54000000002443,0.9999992157000154
13255,132.55000000002443,0.9999992166935232
13256,132.56000000002442,0.9999992176860092
13257,132.5700000000244,0.999999218677474
13258,132.5800000000244,0.9999992196679183
13259,132.5900000000244,0.9999992206573429
13260,132.60000000002438,0.9999992216457486
13261,132.61000000002437,0.9999992226331361
13262,132.62000000002436,0.999999223619506
13263,132.63000000002435,0.999999224604859
13264,132.64000000002434,0.9999992255891961
13265,132.65000000002433,0.9999992265725176
13266,132.66000000002433,0.9999992275548246
13267,132.67000000002432,0.9999992285361177
13268,132.6800000000243,0.9999992295163975
13269,132.6900000000243,0.9999992304956649
13270,132.7000000000243,0.9999992314739204
13271,132.71000000002428,0.9999992324511651
13272,132.72000000002427,0.9999992334273993
13273,132.73000000002426,0.999999234402624
13274,132.74000000002425,0.9999992353768397
13275,132.75000000002424,0.9999992363500473
13276,132.76000000002423,0.9999992373222475
13277,132.77000000002423,0.999999238293441
13278,132.78000000002422,0.9999992392636283
13279,132.7900000000242,0.9999992402328105
13280,132.8000000000242,0.9999992412009882
13281,132.8100000000242,0.9999992421681619
13282,132.82000000002418,0.9999992431343326
13283,132.83000000002417,0.9999992440995009
13284,132.84000000002416,0.9999992450636676
13285,132.85000000002415,0.9999992460268332
13286,132.86000000002414,0.9999992469889987
13287,132.87000000002413,0.9999992479501646
13288,132.88000000002413,0.9999992489103317
13289,132.89000000002412,0.9999992498695007
13290,132.9000000000241,0.9999992508276724
13291,132.9100000000241,0.9999992517848474
13292,132.9200000000241,0.9999992527410265
13293,132.93000000002408,0.9999992536962103
13294,132.94000000002407,0.9999992546503997
13295,132.95000000002406,0.9999992556035954
13296,132.96000000002405,0.999999256555798
13297,132.97000000002404,0.9999992575070082
13298,132.98000000002403,0.9999992584572269
13299,132.99000000002403,0.9999992594064546
13300,133.00000000002402,0.9999992603546922
13301,133.010000000024,0.9999992613019403
13302,133.020000000024,0.9999992622481997
13303,133.030000000024,0.999999263193471
13304,133.04000000002398,0.999999264137755
13305,133.05000000002397,0.9999992650810524
13306,133.06000000002396,0.999999266023364
13307,133.07000000002395,0.9999992669646904
13308,133.08000000002394,0.9999992679050324
13309,133.09000000002393,0.9999992688443905
13310,133.10000000002393,0.9999992697827658
13311,133.11000000002392,0.9999992707201587
13312,133.1200000000239,0.99999927165657
13313,133.1300000000239,0.9999992725920004
13314,133.1400000000239,0.9999992735264508
13315,133.15000000002388,0.9999992744599216
13316,133.16000000002387,0.9999992753924137
13317,133.17000000002386,0.9999992763239279
13318,133.18000000002385,0.9999992772544648
13319,133.19000000002384,0.9999992781840251
13320,133.20000000002383,0.9999992791126096
13321,133.21000000002383,0.9999992800402189
13322,133.22000000002382,0.9999992809668538
13323,133.2300000000238,0.9999992818925149
13324,133.2400000000238,0.999999282817203
13325,133.2500000000238,0.9999992837409188
13326,133.26000000002378,0.9999992846636632
13327,133.27000000002377,0.9999992855854366
13328,133.28000000002376,0.9999992865062399
13329,133.29000000002375,0.9999992874260737
13330,133.30000000002374,0.9999992883449389
13331,133.31000000002373,0.999999289262836
13332,133.32000000002373,0.9999992901797659
13333,133.33000000002372,0.999999291095729
13334,133.3400000000237,0.9999992920107265
13335,133.3500000000237,0.9999992929247588
13336,133.3600000000237,0.9999992938378265
13337,133.37000000002368,0.9999992947499305
13338,133.38000000002367,0.9999992956610716
13339,133.39000000002366,0.9999992965712503
13340,133.40000000002365,0.9999992974804675
13341,133.41000000002364,0.9999992983887237
13342,133.42000000002363,0.9999992992960198
13343,133.43000000002363,0.9999993002023565
13344,133.44000000002362,0.9999993011077344
13345,133.4500000000236,0.9999993020121541
13346,133.4600000000236,0.9999993029156167
13347,133.4700000000236,0.9999993038181226
13348,133.48000000002358,0.9999993047196726
13349,133.49000000002357,0.9999993056202674
13350,133.50000000002356,0.9999993065199078
13351,133.51000000002355,0.9999993074185943
13352,133.52000000002354,0.9999993083163278
13353,133.53000000002353,0.9999993092131089
13354,133.54000000002353,0.9999993101089384
13355,133.55000000002352,0.9999993110038169
13356,133.5600000000235,0.9999993118977453
13357,133.5700000000235,0.9999993127907241
13358,133.5800000000235,0.9999993136827541
13359,133.59000000002348,0.999999314573836
13360,133.60000000002347,0.9999993154639705
13361,133.61000000002346,0.9999993163531583
13362,133.62000000002345,0.9999993172414002
13363,133.63000000002344,0.9999993181286968
13364,133.64000000002343,0.9999993190150488
13365,133.65000000002343,0.999999319900457
13366,133.66000000002342,0.999999320784922
13367,133.6700000000234,0.9999993216684447
13368,133.6800000000234,0.9999993225510256
13369,133.6900000000234,0.9999993234326655
13370,133.70000000002338,0.999999324313365
13371,133.71000000002337,0.9999993251931251
13372,133.72000000002336,0.9999993260719461
13373,133.73000000002335,0.999999326949829
13374,133.74000000002334,0.9999993278267744
13375,133.75000000002333,0.999999328702783
13376,133.76000000002333,0.9999993295778555
13377,133.77000000002332,0.9999993304519927
13378,133.7800000000233,0.9999993313251953
13379,133.7900000000233,0.9999993321974637
13380,133.8000000000233,0.9999993330687991
13381,133.81000000002328,0.9999993339392019
13382,133.82000000002327,0.9999993348086729
13383,133.83000000002326,0.9999993356772127
13384,133.84000000002325,0.999999336544822
13385,133.85000000002324,0.9999993374115017
13386,133.86000000002323,0.9999993382772523
13387,133.87000000002323,0.9999993391420746
13388,133.88000000002322,0.9999993400059694
13389,133.8900000000232,0.9999993408689372
13390,133.9000000000232,0.9999993417309787
13391,133.9100000000232,0.9999993425920949
13392,133.92000000002318,0.9999993434522861
13393,133.93000000002317,0.9999993443115535
13394,133.94000000002316,0.9999993451698972
13395,133.95000000002315,0.9999993460273184
13396,133.96000000002314,0.9999993468838175
13397,133.97000000002313,0.9999993477393955
13398,133.98000000002313,0.9999993485940528
13399,133.99000000002312,0.9999993494477902
13400,134.0000000000231,0.9999993503006085
13401,134.0100000000231,0.9999993511525083
13402,134.0200000000231,0.9999993520034903
13403,134.03000000002308,0.9999993528535552
13404,134.04000000002307,0.9999993537027039
13405,134.05000000002306,0.9999993545509368
13406,134.06000000002305,0.9999993553982547
13407,134.07000000002304,0.9999993562446584
13408,134.08000000002303,0.9999993570901485
13409,134.09000000002302,0.9999993579347258
13410,134.10000000002302,0.999999358778391
13411,134.110000000023,0.9999993596211446
13412,134.120000000023,0.9999993604629875
13413,134.130000000023,0.9999993613039204
13414,134.14000000002298,0.9999993621439439
13415,134.15000000002297,0.9999993629830587
13416,134.16000000002296,0.9999993638212655
13417,134.17000000002295,0.9999993646585651
13418,134.18000000002294,0.9999993654949582
13419,134.19000000002293,0.9999993663304453
13420,134.20000000002292,0.9999993671650274
13421,134.21000000002292,0.9999993679987048
13422,134.2200000000229,0.9999993688314787
13423,134.2300000000229,0.9999993696633493
13424,134.2400000000229,0.9999993704943176
13425,134.25000000002288,0.9999993713243843
13426,134.26000000002287,0.99999937215355
13427,134.27000000002286,0.9999993729818153
13428,134.28000000002285,0.9999993738091811
13429,134.29000000002284,0.999999374635648
13430,134.30000000002283,0.9999993754612168
13431,134.31000000002282,0.999999376285888
13432,134.32000000002282,0.9999993771096625
13433,134.3300000000228,0.9999993779325408
13434,134.3400000000228,0.9999993787545237
13435,134.3500000000228,0.9999993795756119
13436,134.36000000002278,0.9999993803958062
13437,134.37000000002277,0.999999381215107
13438,134.38000000002276,0.9999993820335152
13439,134.39000000002275,0.9999993828510316
13440,134.40000000002274,0.9999993836676567
13441,134.41000000002273,0.9999993844833913
13442,134.42000000002272,0.9999993852982361
13443,134.43000000002272,0.9999993861121916
13444,134.4400000000227,0.9999993869252587
13445,134.4500000000227,0.9999993877374381
13446,134.4600000000227,0.9999993885487304
13447,134.47000000002268,0.9999993893591363
13448,134.48000000002267,0.9999993901686566
13449,134.49000000002266,0.9999993909772918
13450,134.50000000002265,0.9999993917850428
13451,134.51000000002264,0.9999993925919102
13452,134.52000000002263,0.9999993933978947
13453,134.53000000002262,0.9999993942029969
13454,134.54000000002262,0.9999993950072177
13455,134.5500000000226,0.9999993958105575
13456,134.5600000000226,0.9999993966130173
13457,134.5700000000226,0.9999993974145976
13458,134.58000000002258,0.9999993982152992
13459,134.59000000002257,0.9999993990151227
13460,134.60000000002256,0.9999993998140688
13461,134.61000000002255,0.9999994006121382
13462,134.62000000002254,0.9999994014093317
13463,134.63000000002253,0.9999994022056499
13464,134.64000000002252,0.9999994030010934
13465,134.65000000002252,0.999999403795663
13466,134.6600000000225,0.9999994045893594
13467,134.6700000000225,0.9999994053821832
13468,134.6800000000225,0.9999994061741353
13469,134.69000000002248,0.9999994069652162
13470,134.70000000002247,0.9999994077554265
13471,134.71000000002246,0.9999994085447671
13472,134.72000000002245,0.9999994093332386
13473,134.73000000002244,0.9999994101208417
13474,134.74000000002243,0.999999410907577
13475,134.75000000002242,0.9999994116934454
13476,134.76000000002242,0.9999994124784474
13477,134.7700000000224,0.9999994132625838
13478,134.7800000000224,0.9999994140458551
13479,134.7900000000224,0.9999994148282623
13480,134.80000000002238,0.9999994156098058
13481,134.81000000002237,0.9999994163904864
13482,134.82000000002236,0.9999994171703048
13483,134.83000000002235,0.9999994179492616
13484,134.84000000002234,0.9999994187273576
13485,134.85000000002233,0.9999994195045936
13486,134.86000000002232,0.99999942028097
13487,134.87000000002232,0.9999994210564875
13488,134.8800000000223,0.9999994218311471
13489,134.8900000000223,0.9999994226049491
13490,134.9000000000223,0.9999994233778945
13491,134.91000000002228,0.9999994241499839
13492,134.92000000002227,0.9999994249212178
13493,134.93000000002226,0.999999425691597
13494,134.94000000002225,0.9999994264611224
13495,134.95000000002224,0.9999994272297944
13496,134.96000000002223,0.9999994279976138
13497,134.97000000002222,0.9999994287645811
13498,134.98000000002222,0.9999994295306973
13499,134.9900000000222,0.9999994302959629
13500,135.0000000000222,0.9999994310603787
13501,135.0100000000222,0.9999994318239451
13502,135.02000000002218,0.9999994325866631
13503,135.03000000002217,0.9999994333485333
13504,135.04000000002216,0.9999994341095563
13505,135.05000000002215,0.9999994348697328
13506,135.06000000002214,0.9999994356290635
13507,135.07000000002213,0.9999994363875491
13508,135.08000000002212,0.9999994371451902
13509,135.09000000002212,0.9999994379019876
13510,135.1000000000221,0.9999994386579419
13511,135.1100000000221,0.9999994394130539
13512,135.1200000000221,0.9999994401673241
13513,135.13000000002208,0.9999994409207533
13514,135.14000000002207,0.9999994416733422
13515,135.15000000002206,0.9999994424250914
13516,135.16000000002205,0.9999994431760016
13517,135.17000000002204,0.9999994439260735
13518,135.18000000002203,0.9999994446753078
13519,135.19000000002202,0.9999994454237051
13520,135.20000000002202,0.9999994461712661
13521,135.210000000022,0.9999994469179916
13522,135.220000000022,0.9999994476638822
13523,135.230000000022,0.9999994484089384
13524,135.24000000002198,0.9999994491531612
13525,135.25000000002197,0.9999994498965511
13526,135.26000000002196,0.9999994506391088
13527,135.27000000002195,0.9999994513808349
13528,135.28000000002194,0.9999994521217301
13529,135.29000000002193,0.9999994528617953
13530,135.30000000002192,0.9999994536010309
13531,135.31000000002192,0.9999994543394377
13532,135.3200000000219,0.9999994550770164
13533,135.3300000000219,0.9999994558137676
13534,135.3400000000219,0.999999456549692
13535,135.35000000002188,0.9999994572847902
13536,135.36000000002187,0.9999994580190631
13537,135.37000000002186,0.9999994587525112
13538,135.38000000002185,0.9999994594851352
13539,135.39000000002184,0.9999994602169359
13540,135.40000000002183,0.9999994609479137
13541,135.41000000002182,0.9999994616780694
13542,135.42000000002182,0.9999994624074039
13543,135.4300000000218,0.9999994631359175
13544,135.4400000000218,0.9999994638636112
13545,135.4500000000218,0.9999994645904854
13546,135.46000000002178,0.9999994653165409
13547,135.47000000002177,0.9999994660417786
13548,135.48000000002176,0.9999994667661988
13549,135.49000000002175,0.9999994674898023
13550,135.50000000002174,0.9999994682125898
13551,135.51000000002173,0.9999994689345619
13552,135.52000000002172,0.9999994696557194
13553,135.53000000002172,0.999999470376063
13554,135.5400000000217,0.9999994710955932
13555,135.5500000000217,0.9999994718143107
13556,135.5600000000217,0.9999994725322162
13557,135.57000000002168,0.9999994732493105
13558,135.58000000002167,0.9999994739655942
13559,135.59000000002166,0.9999994746810679
13560,135.60000000002165,0.9999994753957322
13561,135.61000000002164,0.999999476109588
13562,135.62000000002163,0.9999994768226357
13563,135.63000000002162,0.9999994775348762
13564,135.64000000002162,0.9999994782463101
13565,135.6500000000216,0.999999478956938
13566,135.6600000000216,0.9999994796667606
13567,135.6700000000216,0.9999994803757787
13568,135.68000000002158,0.9999994810839928
13569,135.69000000002157,0.9999994817914036
13570,135.70000000002156,0.9999994824980118
13571,135.71000000002155,0.999999483203818
13572,135.72000000002154,0.9999994839088231
13573,135.73000000002153,0.9999994846130275
13574,135.74000000002152,0.9999994853164319
13575,135.75000000002152,0.9999994860190371
13576,135.7600000000215,0.9999994867208436
13577,135.7700000000215,0.9999994874218523
13578,135.7800000000215,0.9999994881220636
13579,135.79000000002148,0.9999994888214784
13580,135.80000000002147,0.9999994895200972
13581,135.81000000002146,0.9999994902179207
13582,135.82000000002145,0.9999994909149496
13583,135.83000000002144,0.9999994916111845
13584,135.84000000002143,0.9999994923066262
13585,135.85000000002142,0.9999994930012752
13586,135.86000000002142,0.9999994936951323
13587,135.8700000000214,0.9999994943881981
13588,135.8800000000214,0.9999994950804734
13589,135.8900000000214,0.9999994957719586
13590,135.90000000002138,0.9999994964626544
13591,135.91000000002137,0.9999994971525618
13592,135.92000000002136,0.999999497841681
13593,135.93000000002135,0.999999498530013
13594,135.94000000002134,0.9999994992175583
13595,135.95000000002133,0.9999994999043176
13596,135.96000000002132,0.9999995005902916
13597,135.97000000002132,0.999999501275481
13598,135.9800000000213,0.9999995019598863
13599,135.9900000000213,0.9999995026435082
13600,136.0000000000213,0.9999995033263476
13601,136.01000000002128,0.9999995040084049
13602,136.02000000002127,0.9999995046896808
13603,136.03000000002126,0.999999505370176
13604,136.04000000002125,0.9999995060498911
13605,136.05000000002124,0.9999995067288269
13606,136.06000000002123,0.999999507406984
13607,136.07000000002122,0.9999995080843629
13608,136.08000000002122,0.9999995087609644
13609,136.0900000000212,0.9999995094367893
13610,136.1000000000212,0.9999995101118381
13611,136.1100000000212,0.9999995107861114
13612,136.12000000002118,0.9999995114596099
13613,136.13000000002117,0.9999995121323343
13614,136.14000000002116,0.9999995128042852
13615,136.15000000002115,0.9999995134754633
13616,136.16000000002114,0.9999995141458693
13617,136.17000000002113,0.9999995148155039
13618,136.18000000002112,0.9999995154843675
13619,136.19000000002112,0.999999516152461
13620,136.2000000000211,0.9999995168197849
13621,136.2100000000211,0.9999995174863401
13622,136.2200000000211,0.999999518152127
13623,136.23000000002108,0.9999995188171462
13624,136.24000000002107,0.9999995194813986
13625,136.25000000002106,0.9999995201448848
13626,136.26000000002105,0.9999995208076055
13627,136.27000000002104,0.9999995214695611
13628,136.28000000002103,0.9999995221307525
13629,136.29000000002102,0.9999995227911802
13630,136.30000000002102,0.999999523450845
13631,136.310000000021,0.9999995241097474
13632,136.320000000021,0.9999995247678881
13633,136.330000000021,0.9999995254252678
13634,136.34000000002098,0.9999995260818872
13635,136.35000000002097,0.999999526737747
13636,136.36000000002096,0.9999995273928475
13637,136.37000000002095,0.9999995280471897
13638,136.38000000002094,0.9999995287007741
13639,136.39000000002093,0.9999995293536014
13640,136.40000000002092,0.9999995300056722
13641,136.41000000002091,0.9999995306569873
13642,136.4200000000209,0.9999995313075472
13643,136.4300000000209,0.9999995319573526
13644,136.4400000000209,0.9999995326064041
13645,136.45000000002088,0.9999995332547024
13646,136.46000000002087,0.9999995339022482
13647,136.47000000002086,0.999999534549042
13648,136.48000000002085,0.9999995351950846
13649,136.49000000002084,0.9999995358403766
13650,136.50000000002083,0.9999995364849186
13651,136.51000000002082,0.9999995371287113
13652,136.52000000002081,0.9999995377717553
13653,136.5300000000208,0.9999995384140513
13654,136.5400000000208,0.9999995390556
13655,136.5500000000208,0.9999995396964019
13656,136.56000000002078,0.9999995403364577
13657,136.57000000002077,0.9999995409757682
13658,136.58000000002076,0.9999995416143337
13659,136.59000000002075,0.9999995422521551
13660,136.60000000002074,0.9999995428892332
13661,136.61000000002073,0.9999995435255683
13662,136.62000000002072,0.9999995441611612
13663,136.63000000002071,0.9999995447960126
13664,136.6400000000207,0.999999545430123
13665,136.6500000000207,0.9999995460634932
13666,136.6600000000207,0.9999995466961238
13667,136.67000000002068,0.9999995473280153
13668,136.68000000002067,0.9999995479591686
13669,136.69000000002066,0.9999995485895841
13670,136.70000000002065,0.9999995492192626
13671,136.71000000002064,0.9999995498482046
13672,136.72000000002063,0.999999550476411
13673,136.73000000002062,0.9999995511038822
13674,136.74000000002061,0.9999995517306188
13675,136.7500000000206,0.9999995523566217
13676,136.7600000000206,0.9999995529818914
13677,136.7700000000206,0.9999995536064286
13678,136.78000000002058,0.9999995542302337
13679,136.79000000002057,0.9999995548533076
13680,136.80000000002056,0.9999995554756509
13681,136.81000000002055,0.9999995560972642
13682,136.82000000002054,0.9999995567181481
13683,136.83000000002053,0.9999995573383034
13684,136.84000000002052,0.9999995579577305
13685,136.85000000002051,0.9999995585764302
13686,136.8600000000205,0.9999995591944032
13687,136.8700000000205,0.9999995598116499
13688,136.8800000000205,0.9999995604281712
13689,136.89000000002048,0.9999995610439675
13690,136.90000000002047,0.9999995616590397
13691,136.91000000002046,0.9999995622733882
13692,136.92000000002045,0.9999995628870137
13693,136.93000000002044,0.9999995634999169
13694,136.94000000002043,0.9999995641120984
13695,136.95000000002042,0.9999995647235589
13696,136.96000000002041,0.9999995653342989
13697,136.9700000000204,0.9999995659443192
13698,136.9800000000204,0.9999995665536203
13699,136.9900000000204,0.9999995671622028
13700,137.00000000002038,0.9999995677700676
13701,137.01000000002037,0.999999568377215
13702,137.02000000002036,0.999999568983646
13703,137.03000000002035,0.9999995695893609
13704,137.04000000002034,0.9999995701943604
13705,137.05000000002033,0.9999995707986452
13706,137.06000000002032,0.999999571402216
13707,137.07000000002031,0.9999995720050733
13708,137.0800000000203,0.9999995726072178
13709,137.0900000000203,0.9999995732086502
13710,137.1000000000203,0.999999573809371
13711,137.11000000002028,0.9999995744093808
13712,137.12000000002027,0.9999995750086804
13713,137.13000000002026,0.9999995756072705
13714,137.14000000002025,0.9999995762051515
13715,137.15000000002024,0.999999576802324
13716,137.16000000002023,0.9999995773987889
13717,137.17000000002022,0.9999995779945465
13718,137.18000000002021,0.9999995785895978
13719,137.1900000000202,0.9999995791839431
13720,137.2000000000202,0.9999995797775832
13721,137.2100000000202,0.9999995803705187
13722,137.22000000002018,0.9999995809627503
13723,137.23000000002017,0.9999995815542785
13724,137.24000000002016,0.999999582145104
13725,137.25000000002015,0.9999995827352274
13726,137.26000000002014,0.9999995833246493
13727,137.27000000002013,0.9999995839133705
13728,137.28000000002012,0.9999995845013914
13729,137.29000000002011,0.9999995850887128
13730,137.3000000000201,0.9999995856753351
13731,137.3100000000201,0.9999995862612592
13732,137.3200000000201,0.9999995868464856
13733,137.33000000002008,0.9999995874310149
13734,137.34000000002007,0.9999995880148478
13735,137.35000000002006,0.9999995885979849
13736,137.36000000002005,0.9999995891804268
13737,137.37000000002004,0.9999995897621741
13738,137.38000000002003,0.9999995903432274
13739,137.39000000002002,0.9999995909235875
13740,137.40000000002001,0.9999995915032548
13741,137.41000000002,0.9999995920822301
13742,137.42000000002,0.9999995926605139
13743,137.43000000002,0.9999995932381069
13744,137.44000000001998,0.9999995938150098
13745,137.45000000001997,0.999999594391223
13746,137.46000000001996,0.9999995949667473
13747,137.47000000001995,0.9999995955415832
13748,137.48000000001994,0.9999995961157315
13749,137.49000000001993,0.9999995966891927
13750,137.50000000001992,0.9999995972619674
13751,137.51000000001991,0.9999995978340563
13752,137.5200000000199,0.9999995984054599
13753,137.5300000000199,0.9999995989761791
13754,137.5400000000199,0.9999995995462141
13755,137.55000000001988,0.9999996001155658
13756,137.56000000001987,0.9999996006842348
13757,137.57000000001986,0.9999996012522216
13758,137.58000000001985,0.999999601819527
13759,137.59000000001984,0.9999996023861515
13760,137.60000000001983,0.9999996029520957
13761,137.61000000001982,0.9999996035173602
13762,137.62000000001981,0.9999996040819458
13763,137.6300000000198,0.9999996046458529
13764,137.6400000000198,0.9999996052090822
13765,137.6500000000198,0.9999996057716344
13766,137.66000000001978,0.9999996063335099
13767,137.67000000001977,0.9999996068947096
13768,137.68000000001976,0.999999607455234
13769,137.69000000001975,0.9999996080150836
13770,137.70000000001974,0.9999996085742591
13771,137.71000000001973,0.9999996091327612
13772,137.72000000001972,0.9999996096905903
13773,137.73000000001971,0.9999996102477473
13774,137.7400000000197,0.9999996108042326
13775,137.7500000000197,0.9999996113600469
13776,137.7600000000197,0.9999996119151908
13777,137.77000000001968,0.999999612469665
13778,137.78000000001967,0.9999996130234698
13779,137.79000000001966,0.9999996135766063
13780,137.80000000001965,0.9999996141290747
13781,137.81000000001964,0.9999996146808757
13782,137.82000000001963,0.9999996152320102
13783,137.83000000001962,0.9999996157824784
13784,137.84000000001961,0.9999996163322812
13785,137.8500000000196,0.999999616881419
13786,137.8600000000196,0.9999996174298926
13787,137.8700000000196,0.9999996179777025
13788,137.88000000001958,0.9999996185248494
13789,137.89000000001957,0.9999996190713338
13790,137.90000000001956,0.9999996196171564
13791,137.91000000001955,0.9999996201623178
13792,137.92000000001954,0.9999996207068186
13793,137.93000000001953,0.9999996212506592
13794,137.94000000001952,0.9999996217938406
13795,137.95000000001951,0.9999996223363632
13796,137.9600000000195,0.9999996228782275
13797,137.9700000000195,0.9999996234194344
13798,137.9800000000195,0.9999996239599842
13799,137.99000000001948,0.9999996244998777
13800,138.00000000001947,0.9999996250391154
13801,138.01000000001946,0.9999996255776981
13802,138.02000000001945,0.9999996261156261
13803,138.03000000001944,0.9999996266529002
13804,138.04000000001943,0.9999996271895211
13805,138.05000000001942,0.9999996277254891
13806,138.06000000001941,0.9999996282608051
13807,138.0700000000194,0.9999996287954696
13808,138.0800000000194,0.9999996293294832
13809,138.0900000000194,0.9999996298628464
13810,138.10000000001938,0.9999996303955601
13811,138.11000000001937,0.9999996309276246
13812,138.12000000001936,0.9999996314590405
13813,138.13000000001935,0.9999996319898087
13814,138.14000000001934,0.9999996325199295
13815,138.15000000001933,0.9999996330494036
13816,138.16000000001932,0.9999996335782317
13817,138.17000000001931,0.9999996341064145
13818,138.1800000000193,0.9999996346339521
13819,138.1900000000193,0.9999996351608457
13820,138.2000000000193,0.9999996356870955
13821,138.21000000001928,0.9999996362127023
13822,138.22000000001927,0.9999996367376666
13823,138.23000000001926,0.999999637261989
13824,138.24000000001925,0.9999996377856701
13825,138.25000000001924,0.9999996383087107
13826,138.26000000001923,0.9999996388311111
13827,138.27000000001922,0.9999996393528722
13828,138.28000000001921,0.9999996398739942
13829,138.2900000000192,0.9999996403944781
13830,138.3000000000192,0.9999996409143243
13831,138.3100000000192,0.9999996414335334
13832,138.32000000001918,0.999999641952106
13833,138.33000000001917,0.9999996424700428
13834,138.34000000001916,0.9999996429873443
13835,138.35000000001915,0.9999996435040112
13836,138.36000000001914,0.9999996440200438
13837,138.37000000001913,0.9999996445354431
13838,138.38000000001912,0.9999996450502094
13839,138.3900000000191,0.9999996455643435
13840,138.4000000000191,0.9999996460778459
13841,138.4100000000191,0.999999646590717
13842,138.4200000000191,0.9999996471029579
13843,138.43000000001908,0.9999996476145686
13844,138.44000000001907,0.9999996481255501
13845,138.45000000001906,0.9999996486359028
13846,138.46000000001905,0.9999996491456276
13847,138.47000000001904,0.9999996496547247
13848,138.48000000001903,0.9999996501631948
13849,138.49000000001902,0.9999996506710386
13850,138.500000000019,0.9999996511782566
13851,138.510000000019,0.9999996516848494
13852,138.520000000019,0.9999996521908177
13853,138.530000000019,0.999999652696162
13854,138.54000000001898,0.9999996532008829
13855,138.55000000001897,0.999999653704981
13856,138.56000000001896,0.9999996542084568
13857,138.57000000001895,0.9999996547113111
13858,138.58000000001894,0.9999996552135443
13859,138.59000000001893,0.999999655715157
13860,138.60000000001892,0.9999996562161501
13861,138.6100000000189,0.9999996567165237
13862,138.6200000000189,0.9999996572162786
13863,138.6300000000189,0.9999996577154155
13864,138.6400000000189,0.9999996582139349
13865,138.65000000001888,0.9999996587118374
13866,138.66000000001887,0.9999996592091235
13867,138.67000000001886,0.999999659705794
13868,138.68000000001885,0.9999996602018492
13869,138.69000000001884,0.9999996606972898
13870,138.70000000001883,0.9999996611921166
13871,138.71000000001882,0.9999996616863299
13872,138.7200000000188,0.9999996621799304
13873,138.7300000000188,0.9999996626729187
13874,138.7400000000188,0.9999996631652953
13875,138.7500000000188,0.9999996636570609
13876,138.76000000001878,0.9999996641482161
13877,138.77000000001877,0.9999996646387613
13878,138.78000000001876,0.9999996651286973
13879,138.79000000001875,0.9999996656180246
13880,138.80000000001874,0.9999996661067437
13881,138.81000000001873,0.9999996665948553
13882,138.82000000001872,0.9999996670823599
13883,138.8300000000187,0.9999996675692581
13884,138.8400000000187,0.9999996680555505
13885,138.8500000000187,0.9999996685412377
13886,138.8600000000187,0.9999996690263202
13887,138.87000000001868,0.9999996695107988
13888,138.88000000001867,0.9999996699946738
13889,138.89000000001866,0.9999996704779459
13890,138.90000000001865,0.9999996709606157
13891,138.91000000001864,0.9999996714426838
13892,138.92000000001863,0.9999996719241507
13893,138.93000000001862,0.9999996724050171
13894,138.9400000000186,0.9999996728852835
13895,138.9500000000186,0.9999996733649503
13896,138.9600000000186,0.9999996738440184
13897,138.9700000000186,0.9999996743224883
13898,138.98000000001858,0.9999996748003604
13899,138.99000000001857,0.9999996752776354
13900,139.00000000001856,0.9999996757543139
13901,139.01000000001855,0.9999996762303965
13902,139.02000000001854,0.9999996767058837
13903,139.03000000001853,0.9999996771807761
13904,139.04000000001852,0.9999996776550742
13905,139.0500000000185,0.9999996781287788
13906,139.0600000000185,0.9999996786018902
13907,139.0700000000185,0.9999996790744091
13908,139.0800000000185,0.9999996795463361
13909,139.09000000001848,0.9999996800176717
13910,139.10000000001847,0.9999996804884166
13911,139.11000000001846,0.9999996809585713
13912,139.12000000001845,0.9999996814281363
13913,139.13000000001844,0.9999996818971123
13914,139.14000000001843,0.9999996823654999
13915,139.15000000001842,0.9999996828332994
13916,139.1600000000184,0.9999996833005117
13917,139.1700000000184,0.9999996837671372
13918,139.1800000000184,0.9999996842331765
13919,139.1900000000184,0.9999996846986302
13920,139.20000000001838,0.9999996851634988
13921,139.21000000001837,0.999999685627783
13922,139.22000000001836,0.9999996860914832
13923,139.23000000001835,0.9999996865546
13924,139.24000000001834,0.9999996870171342
13925,139.25000000001833,0.9999996874790861
13926,139.26000000001832,0.9999996879404563
13927,139.2700000000183,0.9999996884012455
13928,139.2800000000183,0.9999996888614543
13929,139.2900000000183,0.9999996893210831
13930,139.3000000000183,0.9999996897801324
13931,139.31000000001828,0.9999996902386031
13932,139.32000000001827,0.9999996906964955
13933,139.33000000001826,0.9999996911538103
13934,139.34000000001825,0.9999996916105479
13935,139.35000000001824,0.999999692066709
13936,139.36000000001823,0.9999996925222941
13937,139.37000000001822,0.999999692977304
13938,139.3800000000182,0.9999996934317389
13939,139.3900000000182,0.9999996938855995
13940,139.4000000000182,0.9999996943388865
13941,139.4100000000182,0.9999996947916003
13942,139.42000000001818,0.9999996952437415
13943,139.43000000001817,0.9999996956953108
13944,139.44000000001816,0.9999996961463086
13945,139.45000000001815,0.9999996965967355
13946,139.46000000001814,0.9999996970465921
13947,139.47000000001813,0.9999996974958789
13948,139.48000000001812,0.9999996979445965
13949,139.4900000000181,0.9999996983927456
13950,139.5000000000181,0.9999996988403265
13951,139.5100000000181,0.9999996992873399
13952,139.5200000000181,0.9999996997337863
13953,139.53000000001808,0.9999997001796664
13954,139.54000000001807,0.9999997006249807
13955,139.55000000001806,0.9999997010697297
13956,139.56000000001805,0.9999997015139139
13957,139.57000000001804,0.9999997019575341
13958,139.58000000001803,0.9999997024005906
13959,139.59000000001802,0.999999702843084
13960,139.600000000018,0.9999997032850151
13961,139.610000000018,0.9999997037263841
13962,139.620000000018,0.9999997041671919
13963,139.630000000018,0.9999997046074388
13964,139.64000000001798,0.9999997050471254
13965,139.65000000001797,0.9999997054862525
13966,139.66000000001796,0.9999997059248203
13967,139.67000000001795,0.9999997063628296
13968,139.68000000001794,0.9999997068002808
13969,139.69000000001793,0.9999997072371747
13970,139.70000000001792,0.9999997076735115
13971,139.7100000000179,0.9999997081092921
13972,139.7200000000179,0.9999997085445167
13973,139.7300000000179,0.9999997089791862
13974,139.7400000000179,0.999999709413301
13975,139.75000000001788,0.9999997098468616
13976,139.76000000001787,0.9999997102798687
13977,139.77000000001786,0.9999997107123226
13978,139.78000000001785,0.9999997111442241
13979,139.79000000001784,0.9999997115755738
13980,139.80000000001783,0.9999997120063719
13981,139.81000000001782,0.9999997124366193
13982,139.8200000000178,0.9999997128663165
13983,139.8300000000178,0.9999997132954639
13984,139.8400000000178,0.999999713724062
13985,139.8500000000178,0.9999997141521116
13986,139.86000000001778,0.9999997145796132
13987,139.87000000001777,0.9999997150065671
13988,139.88000000001776,0.9999997154329742
13989,139.89000000001775,0.9999997158588347
13990,139.90000000001774,0.9999997162841494
13991,139.91000000001773,0.9999997167089189
13992,139.92000000001772,0.9999997171331434
13993,139.9300000000177,0.9999997175568238
13994,139.9400000000177,0.9999997179799605
13995,139.9500000000177,0.999999718402554
13996,139.9600000000177,0.9999997188246049
13997,139.97000000001768,0.9999997192461137
13998,139.98000000001767,0.9999997196670811
13999,139.99000000001766,0.9999997200875076
14000,140.00000000001765,0.9999997205073936
14001,140.01000000001764,0.9999997209267397
14002,140.02000000001763,0.9999997213455466
14003,140.03000000001762,0.9999997217638147
14004,140.0400000000176,0.9999997221815444
14005,140.0500000000176,0.9999997225987366
14006,140.0600000000176,0.9999997230153915
14007,140.0700000000176,0.99999972343151
14008,140.08000000001758,0.9999997238470922
14009,140.09000000001757,0.9999997242621391
14010,140.10000000001756,0.9999997246766509
14011,140.11000000001755,0.9999997250906283
14012,140.12000000001754,0.9999997255040718
14013,140.13000000001753,0.9999997259169819
14014,140.14000000001752,0.9999997263293593
14015,140.1500000000175,0.9999997267412044
14016,140.1600000000175,0.9999997271525177
14017,140.1700000000175,0.9999997275632999
14018,140.1800000000175,0.9999997279735514
14019,140.19000000001748,0.9999997283832728
14020,140.20000000001747,0.9999997287924647
14021,140.21000000001746,0.9999997292011275
14022,140.22000000001745,0.9999997296092618
14023,140.23000000001744,0.999999730016868
14024,140.24000000001743,0.999999730423947
14025,140.25000000001742,0.9999997308304991
14026,140.2600000000174,0.9999997312365247
14027,140.2700000000174,0.9999997316420246
14028,140.2800000000174,0.9999997320469992
14029,140.2900000000174,0.9999997324514491
14030,140.30000000001738,0.9999997328553748
14031,140.31000000001737,0.9999997332587768
14032,140.32000000001736,0.9999997336616556
14033,140.33000000001735,0.9999997340640119
14034,140.34000000001734,0.9999997344658461
14035,140.35000000001733,0.9999997348671589
14036,140.36000000001732,0.9999997352679505
14037,140.3700000000173,0.9999997356682218
14038,140.3800000000173,0.9999997360679731
14039,140.3900000000173,0.999999736467205
14040,140.4000000000173,0.999999736865918
14041,140.41000000001728,0.9999997372641127
14042,140.42000000001727,0.9999997376617896
14043,140.43000000001726,0.9999997380589493
14044,140.44000000001725,0.9999997384555922
14045,140.45000000001724,0.9999997388517189
14046,140.46000000001723,0.9999997392473299
14047,140.47000000001722,0.9999997396424257
14048,140.4800000000172,0.999999740037007
14049,140.4900000000172,0.9999997404310742
14050,140.5000000000172,0.9999997408246277
14051,140.5100000000172,0.9999997412176683
14052,140.52000000001718,0.9999997416101964
14053,140.53000000001717,0.9999997420022125
14054,140.54000000001716,0.9999997423937171
14055,140.55000000001715,0.9999997427847109
14056,140.56000000001714,0.9999997431751942
14057,140.57000000001713,0.9999997435651677
14058,140.58000000001712,0.9999997439546319
14059,140.5900000000171,0.9999997443435872
14060,140.6000000000171,0.9999997447320342
14061,140.6100000000171,0.9999997451199735
14062,140.6200000000171,0.9999997455074056
14063,140.63000000001708,0.9999997458943308
14064,140.64000000001707,0.99999974628075
14065,140.65000000001706,0.9999997466666635
14066,140.66000000001705,0.9999997470520717
14067,140.67000000001704,0.9999997474369755
14068,140.68000000001703,0.9999997478213751
14069,140.69000000001702,0.9999997482052712
14070,140.700000000017,0.9999997485886641
14071,140.710000000017,0.9999997489715546
14072,140.720000000017,0.9999997493539431
14073,140.730000000017,0.9999997497358301
14074,140.74000000001698,0.9999997501172161
14075,140.75000000001697,0.9999997504981017
14076,140.76000000001696,0.9999997508784874
14077,140.77000000001695,0.9999997512583736
14078,140.78000000001694,0.999999751637761
14079,140.79000000001693,0.99999975201665
14080,140.80000000001692,0.9999997523950412
14081,140.8100000000169,0.9999997527729351
14082,140.8200000000169,0.9999997531503321
14083,140.8300000000169,0.9999997535272328
14084,140.8400000000169,0.9999997539036378
14085,140.85000000001688,0.9999997542795476
14086,140.86000000001687,0.9999997546549625
14087,140.87000000001686,0.9999997550298834
14088,140.88000000001685,0.9999997554043104
14089,140.89000000001684,0.9999997557782443
14090,140.90000000001683,0.9999997561516855
14091,140.91000000001682,0.9999997565246346
14092,140.9200000000168,0.999999756897092
14093,140.9300000000168,0.9999997572690583
14094,140.9400000000168,0.999999757640534
14095,140.9500000000168,0.9999997580115195
14096,140.96000000001678,0.9999997583820155
14097,140.97000000001677,0.9999997587520225
14098,140.98000000001676,0.9999997591215408
14099,140.99000000001675,0.9999997594905712
14100,141.00000000001674,0.9999997598591139
14101,141.01000000001673,0.9999997602271697
14102,141.02000000001672,0.999999760594739
14103,141.0300000000167,0.9999997609618223
14104,141.0400000000167,0.9999997613284201
14105,141.0500000000167,0.9999997616945329
14106,141.0600000000167,0.9999997620601613
14107,141.07000000001668,0.9999997624253056
14108,141.08000000001667,0.9999997627899666
14109,141.09000000001666,0.9999997631541446
14110,141.10000000001665,0.9999997635178403
14111,141.11000000001664,0.9999997638810539
14112,141.12000000001663,0.9999997642437861
14113,141.13000000001662,0.9999997646060376
14114,141.1400000000166,0.9999997649678085
14115,141.1500000000166,0.9999997653290995
14116,141.1600000000166,0.9999997656899112
14117,141.17000000001659,0.9999997660502441
14118,141.18000000001658,0.9999997664100986
14119,141.19000000001657,0.9999997667694752
14120,141.20000000001656,0.9999997671283745
14121,141.21000000001655,0.9999997674867969
14122,141.22000000001654,0.9999997678447429
14123,141.23000000001653,0.9999997682022131
14124,141.24000000001652,0.999999768559208
14125,141.2500000000165,0.9999997689157281
14126,141.2600000000165,0.9999997692717738
14127,141.2700000000165,0.9999997696273457
14128,141.28000000001649,0.9999997699824442
14129,141.29000000001648,0.99999977033707
14130,141.30000000001647,0.9999997706912235
14131,141.31000000001646,0.9999997710449051
14132,141.32000000001645,0.9999997713981155
14133,141.33000000001644,0.999999771750855
14134,141.34000000001643,0.9999997721031242
14135,141.35000000001642,0.9999997724549236
14136,141.3600000000164,0.9999997728062536
14137,141.3700000000164,0.9999997731571149
14138,141.3800000000164,0.9999997735075079
14139,141.39000000001639,0.999999773857433
14140,141.40000000001638,0.9999997742068909
14141,141.41000000001637,0.9999997745558818
14142,141.42000000001636,0.9999997749044066
14143,141.43000000001635,0.9999997752524655
14144,141.44000000001634,0.9999997756000591
14145,141.45000000001633,0.9999997759471879
14146,141.46000000001632,0.9999997762938523
14147,141.4700000000163,0.9999997766400529
14148,141.4800000000163,0.9999997769857902
14149,141.4900000000163,0.9999997773310647
14150,141.50000000001629,0.9999997776758768
14151,141.51000000001628,0.9999997780202271
14152,141.52000000001627,0.999999778364116
14153,141.53000000001626,0.9999997787075441
14154,141.54000000001625,0.9999997790505117
14155,141.55000000001624,0.9999997793930196
14156,141.56000000001623,0.999999779735068
14157,141.57000000001622,0.9999997800766577
14158,141.5800000000162,0.9999997804177888
14159,141.5900000000162,0.9999997807584622
14160,141.6000000000162,0.999999781098678
14161,141.61000000001619,0.999999781438437
14162,141.62000000001618,0.9999997817777396
14163,141.63000000001617,0.9999997821165862
14164,141.64000000001616,0.9999997824549776
14165,141.65000000001615,0.9999997827929138
14166,141.66000000001614,0.9999997831303956
14167,141.67000000001613,0.9999997834674235
14168,141.68000000001612,0.9999997838039978
14169,141.6900000000161,0.9999997841401193
14170,141.7000000000161,0.9999997844757881
14171,141.7100000000161,0.9999997848110049
14172,141.72000000001609,0.9999997851457704
14173,141.73000000001608,0.9999997854800846
14174,141.74000000001607,0.9999997858139484
14175,141.75000000001606,0.9999997861473622
14176,141.76000000001605,0.9999997864803263
14177,141.77000000001604,0.9999997868128414
14178,141.78000000001603,0.9999997871449079
14179,141.79000000001602,0.9999997874765262
14180,141.800000000016,0.9999997878076969
14181,141.810000000016,0.9999997881384205
14182,141.820000000016,0.9999997884686974
14183,141.83000000001599,0.9999997887985282
14184,141.84000000001598,0.9999997891279133
14185,141.85000000001597,0.9999997894568531
14186,141.86000000001596,0.9999997897853483
14187,141.87000000001595,0.9999997901133991
14188,141.88000000001594,0.9999997904410063
14189,141.89000000001593,0.9999997907681701
14190,141.90000000001592,0.9999997910948912
14191,141.9100000000159,0.99999979142117
14192,141.9200000000159,0.9999997917470069
14193,141.9300000000159,0.9999997920724025
14194,141.94000000001589,0.9999997923973573
14195,141.95000000001588,0.9999997927218717
14196,141.96000000001587,0.9999997930459461
14197,141.97000000001586,0.9999997933695811
14198,141.98000000001585,0.9999997936927771
14199,141.99000000001584,0.9999997940155347
14200,142.00000000001583,0.9999997943378544
14201,142.01000000001582,0.9999997946597364
14202,142.0200000000158,0.9999997949811815
14203,142.0300000000158,0.9999997953021901
14204,142.0400000000158,0.9999997956227624
14205,142.05000000001579,0.9999997959428993
14206,142.06000000001578,0.999999796262601
14207,142.07000000001577,0.9999997965818681
14208,142.08000000001576,0.999999796900701
14209,142.09000000001575,0.9999997972191002
14210,142.10000000001574,0.9999997975370661
14211,142.11000000001573,0.9999997978545994
14212,142.12000000001572,0.9999997981717004
14213,142.1300000000157,0.9999997984883695
14214,142.1400000000157,0.9999997988046073
14215,142.1500000000157,0.9999997991204144
14216,142.16000000001569,0.999999799435791
14217,142.17000000001568,0.9999997997507377
14218,142.18000000001567,0.9999998000652549
14219,142.19000000001566,0.9999998003793433
14220,142.20000000001565,0.9999998006930031
14221,142.21000000001564,0.999999801006235
14222,142.22000000001563,0.9999998013190392
14223,142.23000000001562,0.9999998016314164
14224,142.2400000000156,0.999999801943367
14225,142.2500000000156,0.9999998022548916
14226,142.2600000000156,0.9999998025659904
14227,142.27000000001559,0.999999802876664
14228,142.28000000001558,0.999999803186913
14229,142.29000000001557,0.9999998034967376
14230,142.30000000001556,0.9999998038061384
14231,142.31000000001555,0.999999804115116
14232,142.32000000001554,0.9999998044236706
14233,142.33000000001553,0.999999804731803
14234,142.34000000001552,0.9999998050395135
14235,142.3500000000155,0.9999998053468023
14236,142.3600000000155,0.9999998056536703
14237,142.3700000000155,0.9999998059601178
14238,142.38000000001549,0.9999998062661453
14239,142.39000000001548,0.999999806571753
14240,142.40000000001547,0.9999998068769418
14241,142.41000000001546,0.9999998071817119
14242,142.42000000001545,0.9999998074860638
14243,142.43000000001544,0.9999998077899979
14244,142.44000000001543,0.9999998080935147
14245,142.45000000001542,0.9999998083966148
14246,142.4600000000154,0.9999998086992986
14247,142.4700000000154,0.9999998090015665
14248,142.4800000000154,0.9999998093034189
14249,142.49000000001539,0.9999998096048565
14250,142.50000000001538,0.9999998099058796
14251,142.51000000001537,0.9999998102064885
14252,142.52000000001536,0.999999810506684
14253,142.53000000001535,0.9999998108064664
14254,142.54000000001534,0.999999811105836
14255,142.55000000001533,0.9999998114047935
14256,142.56000000001532,0.9999998117033394
14257,142.5700000000153,0.9999998120014739
14258,142.5800000000153,0.9999998122991977
14259,142.5900000000153,0.999999812596511
14260,142.60000000001529,0.9999998128934146
14261,142.61000000001528,0.9999998131899087
14262,142.62000000001527,0.9999998134859938
14263,142.63000000001526,0.9999998137816704
14264,142.64000000001525,0.9999998140769389
14265,142.65000000001524,0.9999998143717999
14266,142.66000000001523,0.9999998146662537
14267,142.67000000001522,0.9999998149603008
14268,142.6800000000152,0.9999998152539417
14269,142.6900000000152,0.9999998155471768
14270,142.7000000000152,0.9999998158400065
14271,142.71000000001519,0.9999998161324315
14272,142.72000000001518,0.9999998164244519
14273,142.73000000001517,0.9999998167160685
14274,142.74000000001516,0.9999998170072816
14275,142.75000000001515,0.9999998172980915
14276,142.76000000001514,0.9999998175884989
14277,142.77000000001513,0.9999998178785041
14278,142.78000000001512,0.9999998181681077
14279,142.7900000000151,0.99999981845731
14280,142.8000000000151,0.9999998187461114
14281,142.8100000000151,0.9999998190345126
14282,142.82000000001509,0.9999998193225139
14283,142.83000000001508,0.9999998196101157
14284,142.84000000001507,0.9999998198973187
14285,142.85000000001506,0.9999998201841229
14286,142.86000000001505,0.9999998204705292
14287,142.87000000001504,0.9999998207565377
14288,142.88000000001503,0.9999998210421491
14289,142.89000000001502,0.9999998213273638
14290,142.900000000015,0.9999998216121821
14291,142.910000000015,0.9999998218966046
14292,142.920000000015,0.9999998221806318
14293,142.93000000001499,0.999999822464264
14294,142.94000000001498,0.9999998227475017
14295,142.95000000001497,0.9999998230303452
14296,142.96000000001496,0.9999998233127952
14297,142.97000000001495,0.9999998235948521
14298,142.98000000001494,0.9999998238765161
14299,142.99000000001493,0.999999824157788
14300,143.00000000001492,0.999999824438668
14301,143.0100000000149,0.9999998247191566
14302,143.0200000000149,0.9999998249992542
14303,143.0300000000149,0.9999998252789614
14304,143.04000000001489,0.9999998255582785
14305,143.05000000001488,0.999999825837206
14306,143.06000000001487,0.9999998261157443
14307,143.07000000001486,0.999999826393894
14308,143.08000000001485,0.9999998266716552
14309,143.09000000001484,0.9999998269490287
14310,143.10000000001483,0.9999998272260148
14311,143.11000000001482,0.9999998275026138
14312,143.1200000000148,0.9999998277788265
14313,143.1300000000148,0.999999828054653
14314,143.1400000000148,0.9999998283300938
14315,143.15000000001478,0.9999998286051496
14316,143.16000000001478,0.9999998288798204
14317,143.17000000001477,0.999999829154107
14318,143.18000000001476,0.9999998294280097
14319,143.19000000001475,0.999999829701529
14320,143.20000000001474,0.9999998299746652
14321,143.21000000001473,0.9999998302474189
14322,143.22000000001472,0.9999998305197905
14323,143.2300000000147,0.9999998307917802
14324,143.2400000000147,0.9999998310633889
14325,143.2500000000147,0.9999998313346167
14326,143.26000000001468,0.999999831605464
14327,143.27000000001468,0.9999998318759314
14328,143.28000000001467,0.9999998321460194
14329,143.29000000001466,0.9999998324157282
14330,143.30000000001465,0.9999998326850584
14331,143.31000000001464,0.9999998329540104
14332,143.32000000001463,0.9999998332225846
14333,143.33000000001462,0.9999998334907814
14334,143.3400000000146,0.9999998337586014
14335,143.3500000000146,0.9999998340260449
14336,143.3600000000146,0.9999998342931122
14337,143.37000000001458,0.999999834559804
14338,143.38000000001458,0.9999998348261206
14339,143.39000000001457,0.9999998350920625
14340,143.40000000001456,0.99999983535763
14341,143.41000000001455,0.9999998356228237
14342,143.42000000001454,0.999999835887644
14343,143.43000000001453,0.9999998361520911
14344,143.44000000001452,0.9999998364161657
14345,143.4500000000145,0.9999998366798681
14346,143.4600000000145,0.9999998369431988
14347,143.4700000000145,0.9999998372061581
14348,143.48000000001448,0.9999998374687467
14349,143.49000000001448,0.9999998377309647
14350,143.50000000001447,0.9999998379928127
14351,143.51000000001446,0.9999998382542911
14352,143.52000000001445,0.9999998385154003
14353,143.53000000001444,0.9999998387761407
14354,143.54000000001443,0.9999998390365129
14355,143.55000000001442,0.9999998392965173
14356,143.5600000000144,0.999999839556154
14357,143.5700000000144,0.9999998398154238
14358,143.5800000000144,0.999999840074327
14359,143.59000000001438,0.9999998403328639
14360,143.60000000001438,0.9999998405910351
14361,143.61000000001437,0.999999840848841
14362,143.62000000001436,0.9999998411062819
14363,143.63000000001435,0.9999998413633584
14364,143.64000000001434,0.9999998416200707
14365,143.65000000001433,0.9999998418764194
14366,143.66000000001432,0.9999998421324049
14367,143.6700000000143,0.9999998423880276
14368,143.6800000000143,0.9999998426432879
14369,143.6900000000143,0.9999998428981862
14370,143.70000000001428,0.9999998431527231
14371,143.71000000001428,0.9999998434068987
14372,143.72000000001427,0.9999998436607137
14373,143.73000000001426,0.9999998439141684
14374,143.74000000001425,0.9999998441672633
14375,143.75000000001424,0.9999998444199987
14376,143.76000000001423,0.999999844672375
14377,143.77000000001422,0.9999998449243928
14378,143.7800000000142,0.9999998451760524
14379,143.7900000000142,0.9999998454273542
14380,143.8000000000142,0.9999998456782987
14381,143.81000000001418,0.9999998459288862
14382,143.82000000001418,0.9999998461791173
14383,143.83000000001417,0.9999998464289922
14384,143.84000000001416,0.9999998466785114
14385,143.85000000001415,0.9999998469276754
14386,143.86000000001414,0.9999998471764846
14387,143.87000000001413,0.9999998474249392
14388,143.88000000001412,0.99999984767304
14389,143.8900000000141,0.999999847920787
14390,143.9000000000141,0.9999998481681809
14391,143.9100000000141,0.9999998484152219
14392,143.92000000001408,0.9999998486619107
14393,143.93000000001408,0.9999998489082474
14394,143.94000000001407,0.9999998491542328
14395,143.95000000001406,0.9999998493998669
14396,143.96000000001405,0.9999998496451503
14397,143.97000000001404,0.9999998498900834
14398,143.98000000001403,0.9999998501346666
14399,143.99000000001402,0.9999998503789004
14400,144.000000000014,0.9999998506227851
14401,144.010000000014,0.999999850866321
14402,144.020000000014,0.9999998511095088
14403,144.03000000001398,0.9999998513523488
14404,144.04000000001398,0.9999998515948413
14405,144.05000000001397,0.9999998518369868
14406,144.06000000001396,0.9999998520787857
14407,144.07000000001395,0.9999998523202384
14408,144.08000000001394,0.9999998525613453
14409,144.09000000001393,0.9999998528021068
14410,144.10000000001392,0.9999998530425234
14411,144.1100000000139,0.9999998532825953
14412,144.1200000000139,0.9999998535223231
14413,144.1300000000139,0.9999998537617072
14414,144.14000000001388,0.9999998540007479
14415,144.15000000001388,0.9999998542394457
14416,144.16000000001387,0.9999998544778009
14417,144.17000000001386,0.999999854715814
14418,144.18000000001385,0.9999998549534853
14419,144.19000000001384,0.9999998551908154
14420,144.20000000001383,0.9999998554278046
14421,144.21000000001382,0.9999998556644532
14422,144.2200000000138,0.9999998559007617
14423,144.2300000000138,0.9999998561367304
14424,144.2400000000138,0.9999998563723599
14425,144.25000000001378,0.9999998566076505
14426,144.26000000001378,0.9999998568426026
14427,144.27000000001377,0.9999998570772165
14428,144.28000000001376,0.9999998573114929
14429,144.29000000001375,0.9999998575454319
14430,144.30000000001374,0.9999998577790339
14431,144.31000000001373,0.9999998580122995
14432,144.32000000001372,0.999999858245229
14433,144.3300000000137,0.9999998584778228
14434,144.3400000000137,0.9999998587100813
14435,144.3500000000137,0.9999998589420049
14436,144.36000000001368,0.9999998591735941
14437,144.37000000001368,0.9999998594048491
14438,144.38000000001367,0.9999998596357704
14439,144.39000000001366,0.9999998598663584
14440,144.40000000001365,0.9999998600966136
14441,144.41000000001364,0.9999998603265362
14442,144.42000000001363,0.9999998605561267
14443,144.43000000001362,0.9999998607853855
14444,144.4400000000136,0.9999998610143129
14445,144.4500000000136,0.9999998612429094
14446,144.4600000000136,0.9999998614711755
14447,144.47000000001358,0.9999998616991114
14448,144.48000000001358,0.9999998619267175
14449,144.49000000001357,0.9999998621539943
14450,144.50000000001356,0.9999998623809422
14451,144.51000000001355,0.9999998626075615
14452,144.52000000001354,0.9999998628338526
14453,144.53000000001353,0.9999998630598159
14454,144.54000000001352,0.999999863285452
14455,144.5500000000135,0.999999863510761
14456,144.5600000000135,0.9999998637357433
14457,144.5700000000135,0.9999998639603996
14458,144.58000000001348,0.9999998641847301
14459,144.59000000001348,0.999999864408735
14460,144.60000000001347,0.999999864632415
14461,144.61000000001346,0.9999998648557703
14462,144.62000000001345,0.9999998650788015
14463,144.63000000001344,0.9999998653015086
14464,144.64000000001343,0.9999998655238924
14465,144.65000000001342,0.9999998657459531
14466,144.6600000000134,0.9999998659676912
14467,144.6700000000134,0.9999998661891069
14468,144.6800000000134,0.9999998664102007
14469,144.69000000001338,0.999999866630973
14470,144.70000000001338,0.9999998668514242
14471,144.71000000001337,0.9999998670715545
14472,144.72000000001336,0.9999998672913646
14473,144.73000000001335,0.9999998675108547
14474,144.74000000001334,0.9999998677300251
14475,144.75000000001333,0.9999998679488764
14476,144.76000000001332,0.9999998681674088
14477,144.7700000000133,0.9999998683856229
14478,144.7800000000133,0.9999998686035189
14479,144.7900000000133,0.9999998688210971
14480,144.80000000001328,0.9999998690383582
14481,144.81000000001328,0.9999998692553024
14482,144.82000000001327,0.99999986947193
14483,144.83000000001326,0.9999998696882415
14484,144.84000000001325,0.9999998699042373
14485,144.85000000001324,0.9999998701199176
14486,144.86000000001323,0.9999998703352831
14487,144.87000000001322,0.9999998705503339
14488,144.8800000000132,0.9999998707650706
14489,144.8900000000132,0.9999998709794933
14490,144.9000000000132,0.9999998711936027
14491,144.91000000001318,0.9999998714073989
14492,144.92000000001318,0.9999998716208824
14493,144.93000000001317,0.9999998718340537
14494,144.94000000001316,0.999999872046913
14495,144.95000000001315,0.9999998722594607
14496,144.96000000001314,0.9999998724716973
14497,144.97000000001313,0.9999998726836231
14498,144.98000000001312,0.9999998728952384
14499,144.9900000000131,0.9999998731065437
14500,145.0000000000131,0.9999998733175394
14501,145.0100000000131,0.9999998735282257
14502,145.02000000001308,0.9999998737386032
14503,145.03000000001308,0.9999998739486722
14504,145.04000000001307,0.9999998741584329
14505,145.05000000001306,0.9999998743678858
14506,145.06000000001305,0.9999998745770314
14507,145.07000000001304,0.99999987478587
14508,145.08000000001303,0.9999998749944019
14509,145.09000000001302,0.9999998752026276
14510,145.100000000013,0.9999998754105472
14511,145.110000000013,0.9999998756181614
14512,145.120000000013,0.9999998758254705
14513,145.13000000001298,0.9999998760324746
14514,145.14000000001298,0.9999998762391745
14515,145.15000000001297,0.9999998764455703
14516,145.16000000001296,0.9999998766516625
14517,145.17000000001295,0.9999998768574513
14518,145.18000000001294,0.9999998770629371
14519,145.19000000001293,0.9999998772681205
14520,145.20000000001292,0.9999998774730017
14521,145.2100000000129,0.999999877677581
14522,145.2200000000129,0.999999877881859
14523,145.2300000000129,0.9999998780858358
14524,145.24000000001288,0.9999998782895119
14525,145.25000000001288,0.9999998784928877
14526,145.26000000001287,0.9999998786959636
14527,145.27000000001286,0.9999998788987399
14528,145.28000000001285,0.9999998791012169
14529,145.29000000001284,0.9999998793033951
14530,145.30000000001283,0.9999998795052747
14531,145.31000000001282,0.9999998797068563
14532,145.3200000000128,0.9999998799081401
14533,145.3300000000128,0.9999998801091265
14534,145.3400000000128,0.9999998803098159
14535,145.35000000001278,0.9999998805102087
14536,145.36000000001277,0.9999998807103052
14537,145.37000000001277,0.9999998809101057
14538,145.38000000001276,0.9999998811096107
14539,145.39000000001275,0.9999998813088204
14540,145.40000000001274,0.9999998815077354
14541,145.41000000001273,0.9999998817063559
14542,145.42000000001272,0.9999998819046823
14543,145.4300000000127,0.999999882102715
14544,145.4400000000127,0.9999998823004542
14545,145.4500000000127,0.9999998824979005
14546,145.46000000001268,0.999999882695054
14547,145.47000000001267,0.9999998828919154
14548,145.48000000001267,0.9999998830884848
14549,145.49000000001266,0.9999998832847626
14550,145.50000000001265,0.9999998834807492
14551,145.51000000001264,0.999999883676445
14552,145.52000000001263,0.9999998838718503
14553,145.53000000001262,0.9999998840669655
14554,145.5400000000126,0.999999884261791
14555,145.5500000000126,0.9999998844563269
14556,145.5600000000126,0.999999884650574
14557,145.57000000001258,0.9999998848445323
14558,145.58000000001257,0.9999998850382023
14559,145.59000000001257,0.9999998852315842
14560,145.60000000001256,0.9999998854246787
14561,145.61000000001255,0.9999998856174858
14562,145.62000000001254,0.999999885810006
14563,145.63000000001253,0.9999998860022398
14564,145.64000000001252,0.9999998861941872
14565,145.6500000000125,0.9999998863858489
14566,145.6600000000125,0.9999998865772252
14567,145.6700000000125,0.9999998867683163
14568,145.68000000001248,0.9999998869591227
14569,145.69000000001247,0.9999998871496447
14570,145.70000000001247,0.9999998873398825
14571,145.71000000001246,0.9999998875298368
14572,145.72000000001245,0.9999998877195078
14573,145.73000000001244,0.9999998879088956
14574,145.74000000001243,0.9999998880980009
14575,145.75000000001242,0.9999998882868238
14576,145.7600000000124,0.9999998884753649
14577,145.7700000000124,0.9999998886636244
14578,145.7800000000124,0.9999998888516027
14579,145.79000000001238,0.9999998890393001
14580,145.80000000001237,0.999999889226717
14581,145.81000000001237,0.9999998894138538
14582,145.82000000001236,0.9999998896007107
14583,145.83000000001235,0.9999998897872882
14584,145.84000000001234,0.9999998899735865
14585,145.85000000001233,0.999999890159606
14586,145.86000000001232,0.9999998903453472
14587,145.8700000000123,0.9999998905308103
14588,145.8800000000123,0.9999998907159956
14589,145.8900000000123,0.9999998909009036
14590,145.90000000001228,0.9999998910855346
14591,145.91000000001227,0.9999998912698889
14592,145.92000000001227,0.9999998914539668
14593,145.93000000001226,0.9999998916377689
14594,145.94000000001225,0.9999998918212952
14595,145.95000000001224,0.9999998920045463
14596,145.96000000001223,0.9999998921875225
14597,145.97000000001222,0.999999892370224
14598,145.9800000000122,0.9999998925526514
14599,145.9900000000122,0.9999998927348048
14600,146.0000000000122,0.9999998929166847
14601,146.01000000001218,0.9999998930982913
14602,146.02000000001217,0.9999998932796251
14603,146.03000000001217,0.9999998934606863
14604,146.04000000001216,0.9999998936414755
14605,146.05000000001215,0.9999998938219927
14606,146.06000000001214,0.9999998940022384
14607,146.07000000001213,0.999999894182213
14608,146.08000000001212,0.9999998943619168
14609,146.0900000000121,0.9999998945413502
14610,146.1000000000121,0.9999998947205134
14611,146.1100000000121,0.9999998948994069
14612,146.12000000001208,0.9999998950780308
14613,146.13000000001207,0.9999998952563858
14614,146.14000000001207,0.9999998954344719
14615,146.15000000001206,0.9999998956122896
14616,146.16000000001205,0.9999998957898393
14617,146.17000000001204,0.9999998959671211
14618,146.18000000001203,0.9999998961441356
14619,146.19000000001202,0.9999998963208832
14620,146.200000000012,0.9999998964973639
14621,146.210000000012,0.9999998966735781
14622,146.220000000012,0.9999998968495265
14623,146.23000000001198,0.9999998970252091
14624,146.24000000001197,0.9999998972006263
14625,146.25000000001197,0.9999998973757785
14626,146.26000000001196,0.999999897550666
14627,146.27000000001195,0.9999998977252892
14628,146.28000000001194,0.9999998978996483
14629,146.29000000001193,0.9999998980737437
14630,146.30000000001192,0.9999998982475757
14631,146.3100000000119,0.9999998984211448
14632,146.3200000000119,0.9999998985944513
14633,146.3300000000119,0.9999998987674953
14634,146.34000000001188,0.9999998989402773
14635,146.35000000001187,0.9999998991127976
14636,146.36000000001187,0.9999998992850566
14637,146.37000000001186,0.9999998994570546
14638,146.38000000001185,0.9999998996287919
14639,146.39000000001184,0.9999998998002689
14640,146.40000000001183,0.9999998999714859
14641,146.41000000001182,0.9999999001424431
14642,146.4200000000118,0.999999900313141
14643,146.4300000000118,0.9999999004835799
14644,146.4400000000118,0.9999999006537601
14645,146.45000000001178,0.9999999008236821
14646,146.46000000001177,0.9999999009933458
14647,146.47000000001177,0.999999901162752
14648,146.48000000001176,0.9999999013319008
14649,146.49000000001175,0.9999999015007925
14650,146.50000000001174,0.9999999016694275
14651,146.51000000001173,0.9999999018378062
14652,146.52000000001172,0.9999999020059288
14653,146.5300000000117,0.9999999021737956
14654,146.5400000000117,0.9999999023414071
14655,146.5500000000117,0.9999999025087636
14656,146.56000000001168,0.9999999026758652
14657,146.57000000001167,0.9999999028427125
14658,146.58000000001167,0.9999999030093057
14659,146.59000000001166,0.9999999031756451
14660,146.60000000001165,0.9999999033417312
14661,146.61000000001164,0.999999903507564
14662,146.62000000001163,0.9999999036731441
14663,146.63000000001162,0.9999999038384718
14664,146.6400000000116,0.9999999040035473
14665,146.6500000000116,0.999999904168371
14666,146.6600000000116,0.9999999043329433
14667,146.67000000001158,0.9999999044972643
14668,146.68000000001157,0.9999999046613346
14669,146.69000000001157,0.9999999048251543
14670,146.70000000001156,0.9999999049887238
14671,146.71000000001155,0.9999999051520435
14672,146.72000000001154,0.9999999053151136
14673,146.73000000001153,0.9999999054779345
14674,146.74000000001152,0.9999999056405066
14675,146.7500000000115,0.9999999058028299
14676,146.7600000000115,0.9999999059649052
14677,146.7700000000115,0.9999999061267324
14678,146.78000000001148,0.999999906288312
14679,146.79000000001147,0.9999999064496443
14680,146.80000000001147,0.9999999066107297
14681,146.81000000001146,0.9999999067715684
14682,146.82000000001145,0.9999999069321607
14683,146.83000000001144,0.9999999070925071
14684,146.84000000001143,0.9999999072526077
14685,146.85000000001142,0.9999999074124629
14686,146.8600000000114,0.9999999075720731
14687,146.8700000000114,0.9999999077314385
14688,146.8800000000114,0.9999999078905596
14689,146.89000000001138,0.9999999080494365
14690,146.90000000001137,0.9999999082080696
14691,146.91000000001137,0.9999999083664592
14692,146.92000000001136,0.9999999085246057
14693,146.93000000001135,0.9999999086825093
14694,146.94000000001134,0.9999999088401704
14695,146.95000000001133,0.9999999089975893
14696,146.96000000001132,0.9999999091547663
14697,146.9700000000113,0.9999999093117017
14698,146.9800000000113,0.9999999094683958
14699,146.9900000000113,0.999999909624849
14700,147.00000000001128,0.9999999097810615
14701,147.01000000001127,0.9999999099370337
14702,147.02000000001127,0.9999999100927659
14703,147.03000000001126,0.9999999102482583
14704,147.04000000001125,0.9999999104035114
14705,147.05000000001124,0.9999999105585254
14706,147.06000000001123,0.9999999107133006
14707,147.07000000001122,0.9999999108678373
14708,147.0800000000112,0.999999911022136
14709,147.0900000000112,0.9999999111761968
14710,147.1000000000112,0.9999999113300201
14711,147.11000000001118,0.9999999114836061
14712,147.12000000001117,0.9999999116369552
14713,147.13000000001117,0.9999999117900679
14714,147.14000000001116,0.9999999119429441
14715,147.15000000001115,0.9999999120955844
14716,147.16000000001114,0.999999912247989
14717,147.17000000001113,0.9999999124001583
14718,147.18000000001112,0.9999999125520925
14719,147.1900000000111,0.999999912703792
14720,147.2000000000111,0.999999912855257
14721,147.2100000000111,0.9999999130064879
14722,147.22000000001108,0.999999913157485
14723,147.23000000001107,0.9999999133082486
14724,147.24000000001107,0.9999999134587789
14725,147.25000000001106,0.9999999136090765
14726,147.26000000001105,0.9999999137591413
14727,147.27000000001104,0.9999999139089739
14728,147.28000000001103,0.9999999140585745
14729,147.29000000001102,0.9999999142079434
14730,147.300000000011,0.9999999143570809
14731,147.310000000011,0.9999999145059874
14732,147.320000000011,0.9999999146546631
14733,147.33000000001098,0.9999999148031083
14734,147.34000000001097,0.9999999149513233
14735,147.35000000001097,0.9999999150993086
14736,147.36000000001096,0.9999999152470642
14737,147.37000000001095,0.9999999153945907
14738,147.38000000001094,0.9999999155418882
14739,147.39000000001093,0.999999915688957
14740,147.40000000001092,0.9999999158357974
14741,147.4100000000109,0.9999999159824098
14742,147.4200000000109,0.9999999161287945
14743,147.4300000000109,0.9999999162749517
14744,147.44000000001088,0.9999999164208817
14745,147.45000000001087,0.9999999165665849
14746,147.46000000001087,0.9999999167120617
14747,147.47000000001086,0.9999999168573122
14748,147.48000000001085,0.9999999170023366
14749,147.49000000001084,0.9999999171471354
14750,147.50000000001083,0.9999999172917089
14751,147.51000000001082,0.9999999174360574
14752,147.5200000000108,0.999999917580181
14753,147.5300000000108,0.9999999177240803
14754,147.5400000000108,0.9999999178677553
14755,147.55000000001078,0.9999999180112066
14756,147.56000000001077,0.9999999181544342
14757,147.57000000001077,0.9999999182974386
14758,147.58000000001076,0.99999991844022
14759,147.59000000001075,0.9999999185827787
14760,147.60000000001074,0.9999999187251151
14761,147.61000000001073,0.9999999188672294
14762,147.62000000001072,0.9999999190091218
14763,147.6300000000107,0.9999999191507928
14764,147.6400000000107,0.9999999192922425
14765,147.6500000000107,0.9999999194334714
14766,147.66000000001068,0.9999999195744796
14767,147.67000000001067,0.9999999197152676
14768,147.68000000001066,0.9999999198558355
14769,147.69000000001066,0.9999999199961837
14770,147.70000000001065,0.9999999201363123
14771,147.71000000001064,0.999999920276222
14772,147.72000000001063,0.9999999204159127
14773,147.73000000001062,0.9999999205553848
14774,147.7400000000106,0.9999999206946386
14775,147.7500000000106,0.9999999208336745
14776,147.7600000000106,0.9999999209724927
14777,147.77000000001058,0.9999999211110935
14778,147.78000000001057,0.9999999212494771
14779,147.79000000001056,0.999999921387644
14780,147.80000000001056,0.9999999215255942
14781,147.81000000001055,0.9999999216633284
14782,147.82000000001054,0.9999999218008465
14783,147.83000000001053,0.9999999219381489
14784,147.84000000001052,0.9999999220752359
14785,147.8500000000105,0.9999999222121079
14786,147.8600000000105,0.9999999223487651
14787,147.8700000000105,0.9999999224852077
14788,147.88000000001048,0.9999999226214361
14789,147.89000000001047,0.9999999227574506
14790,147.90000000001046,0.9999999228932515
14791,147.91000000001046,0.9999999230288389
14792,147.92000000001045,0.9999999231642133
14793,147.93000000001044,0.9999999232993748
14794,147.94000000001043,0.9999999234343239
14795,147.95000000001042,0.9999999235690606
14796,147.9600000000104,0.9999999237035856
14797,147.9700000000104,0.9999999238378988
14798,147.9800000000104,0.9999999239720007
14799,147.99000000001038,0.9999999241058914
14800,148.00000000001037,0.9999999242395714
14801,148.01000000001036,0.9999999243730407
14802,148.02000000001036,0.9999999245062999
14803,148.03000000001035,0.9999999246393492
14804,148.04000000001034,0.9999999247721888
14805,148.05000000001033,0.9999999249048189
14806,148.06000000001032,0.99999992503724
14807,148.0700000000103,0.9999999251694522
14808,148.0800000000103,0.9999999253014559
14809,148.0900000000103,0.9999999254332513
14810,148.10000000001028,0.9999999255648387
14811,148.11000000001027,0.9999999256962184
14812,148.12000000001026,0.9999999258273907
14813,148.13000000001026,0.9999999259583559
14814,148.14000000001025,0.9999999260891141
14815,148.15000000001024,0.9999999262196658
14816,148.16000000001023,0.9999999263500112
14817,148.17000000001022,0.9999999264801506
14818,148.1800000000102,0.9999999266100842
14819,148.1900000000102,0.9999999267398123
14820,148.2000000000102,0.9999999268693353
14821,148.21000000001018,0.9999999269986533
14822,148.22000000001017,0.9999999271277666
14823,148.23000000001016,0.9999999272566756
14824,148.24000000001016,0.9999999273853806
14825,148.25000000001015,0.9999999275138817
14826,148.26000000001014,0.9999999276421793
14827,148.27000000001013,0.9999999277702736
14828,148.28000000001012,0.9999999278981649
14829,148.2900000000101,0.9999999280258536
14830,148.3000000000101,0.9999999281533397
14831,148.3100000000101,0.9999999282806238
14832,148.32000000001008,0.9999999284077059
14833,148.33000000001007,0.9999999285345865
14834,148.34000000001006,0.9999999286612657
14835,148.35000000001006,0.9999999287877438
14836,148.36000000001005,0.9999999289140212
14837,148.37000000001004,0.999999929040098
14838,148.38000000001003,0.9999999291659746
14839,148.39000000001002,0.9999999292916513
14840,148.40000000001,0.9999999294171281
14841,148.41000000001,0.9999999295424057
14842,148.42000000001,0.999999929667484
14843,148.43000000000998,0.9999999297923634
14844,148.44000000000997,0.9999999299170442
14845,148.45000000000996,0.9999999300415268
14846,148.46000000000996,0.9999999301658111
14847,148.47000000000995,0.9999999302898978
14848,148.48000000000994,0.9999999304137869
14849,148.49000000000993,0.9999999305374786
14850,148.50000000000992,0.9999999306609735
14851,148.5100000000099,0.9999999307842715
14852,148.5200000000099,0.9999999309073732
14853,148.5300000000099,0.9999999310302786
14854,148.54000000000988,0.9999999311529881
14855,148.55000000000987,0.999999931275502
14856,148.56000000000986,0.9999999313978205
14857,148.57000000000986,0.9999999315199438
14858,148.58000000000985,0.9999999316418723
14859,148.59000000000984,0.9999999317636062
14860,148.60000000000983,0.9999999318851458
14861,148.61000000000982,0.9999999320064914
14862,148.6200000000098,0.9999999321276432
14863,148.6300000000098,0.9999999322486014
14864,148.6400000000098,0.9999999323693664
14865,148.65000000000978,0.9999999324899383
14866,148.66000000000977,0.9999999326103176
14867,148.67000000000976,0.9999999327305044
14868,148.68000000000976,0.9999999328504989
14869,148.69000000000975,0.9999999329703017
14870,148.70000000000974,0.9999999330899126
14871,148.71000000000973,0.9999999332093322
14872,148.72000000000972,0.9999999333285606
14873,148.7300000000097,0.9999999334475982
14874,148.7400000000097,0.9999999335664451
14875,148.7500000000097,0.9999999336851016
14876,148.76000000000968,0.9999999338035681
14877,148.77000000000967,0.9999999339218447
14878,148.78000000000966,0.9999999340399318
14879,148.79000000000966,0.9999999341578295
14880,148.80000000000965,0.9999999342755382
14881,148.81000000000964,0.9999999343930581
14882,148.82000000000963,0.9999999345103895
14883,148.83000000000962,0.9999999346275326
14884,148.8400000000096,0.9999999347444877
14885,148.8500000000096,0.999999934861255
14886,148.8600000000096,0.9999999349778348
14887,148.87000000000958,0.9999999350942275
14888,148.88000000000957,0.9999999352104331
14889,148.89000000000956,0.9999999353264519
14890,148.90000000000956,0.9999999354422844
14891,148.91000000000955,0.9999999355579307
14892,148.92000000000954,0.999999935673391
14893,148.93000000000953,0.9999999357886655
14894,148.94000000000952,0.9999999359037547
14895,148.9500000000095,0.9999999360186587
14896,148.9600000000095,0.9999999361333778
14897,148.9700000000095,0.9999999362479122
14898,148.98000000000948,0.9999999363622621
14899,148.99000000000947,0.999999936476428
14900,149.00000000000946,0.99999993659041
14901,149.01000000000946,0.9999999367042083
14902,149.02000000000945,0.9999999368178232
14903,149.03000000000944,0.999999936931255
14904,149.04000000000943,0.9999999370445039
14905,149.05000000000942,0.9999999371575702
14906,149.0600000000094,0.999999937270454
14907,149.0700000000094,0.9999999373831558
14908,149.0800000000094,0.9999999374956757
14909,149.09000000000938,0.9999999376080141
14910,149.10000000000937,0.9999999377201709
14911,149.11000000000936,0.9999999378321468
14912,149.12000000000936,0.9999999379439418
14913,149.13000000000935,0.9999999380555561
14914,149.14000000000934,0.9999999381669902
14915,149.15000000000933,0.9999999382782441
14916,149.16000000000932,0.9999999383893181
14917,149.1700000000093,0.9999999385002125
14918,149.1800000000093,0.9999999386109276
14919,149.1900000000093,0.9999999387214636
14920,149.20000000000928,0.9999999388318208
14921,149.21000000000927,0.9999999389419993
14922,149.22000000000926,0.9999999390519995
14923,149.23000000000926,0.9999999391618216
14924,149.24000000000925,0.9999999392714658
14925,149.25000000000924,0.9999999393809325
14926,149.26000000000923,0.9999999394902217
14927,149.27000000000922,0.9999999395993338
14928,149.2800000000092,0.9999999397082691
14929,149.2900000000092,0.9999999398170277
14930,149.3000000000092,0.99999993992561
14931,149.31000000000918,0.9999999400340162
14932,149.32000000000917,0.9999999401422464
14933,149.33000000000916,0.999999940250301
14934,149.34000000000916,0.9999999403581803
14935,149.35000000000915,0.9999999404658844
14936,149.36000000000914,0.9999999405734136
14937,149.37000000000913,0.9999999406807681
14938,149.38000000000912,0.9999999407879483
14939,149.3900000000091,0.9999999408949543
14940,149.4000000000091,0.9999999410017862
14941,149.4100000000091,0.9999999411084447
14942,149.42000000000908,0.9999999412149296
14943,149.43000000000907,0.9999999413212414
14944,149.44000000000906,0.9999999414273802
14945,149.45000000000906,0.9999999415333464
14946,149.46000000000905,0.9999999416391401
14947,149.47000000000904,0.9999999417447615
14948,149.48000000000903,0.9999999418502109
14949,149.49000000000902,0.9999999419554887
14950,149.500000000009,0.999999942060595
14951,149.510000000009,0.9999999421655299
14952,149.520000000009,0.9999999422702939
14953,149.53000000000898,0.9999999423748871
14954,149.54000000000897,0.9999999424793098
14955,149.55000000000896,0.9999999425835622
14956,149.56000000000896,0.9999999426876446
14957,149.57000000000895,0.9999999427915571
14958,149.58000000000894,0.9999999428953
14959,149.59000000000893,0.9999999429988737
14960,149.60000000000892,0.9999999431022782
14961,149.6100000000089,0.999999943205514
14962,149.6200000000089,0.999999943308581
14963,149.6300000000089,0.9999999434114798
14964,149.64000000000888,0.9999999435142103
14965,149.65000000000887,0.999999943616773
14966,149.66000000000886,0.999999943719168
14967,149.67000000000886,0.9999999438213956
14968,149.68000000000885,0.9999999439234559
14969,149.69000000000884,0.9999999440253493
14970,149.70000000000883,0.999999944127076
14971,149.71000000000882,0.9999999442286363
14972,149.7200000000088,0.9999999443300303
14973,149.7300000000088,0.9999999444312582
14974,149.7400000000088,0.9999999445323204
14975,149.75000000000878,0.9999999446332171
14976,149.76000000000877,0.9999999447339484
14977,149.77000000000876,0.9999999448345147
14978,149.78000000000876,0.9999999449349161
14979,149.79000000000875,0.9999999450351529
14980,149.80000000000874,0.9999999451352254
14981,149.81000000000873,0.9999999452351337
14982,149.82000000000872,0.999999945334878
14983,149.8300000000087,0.9999999454344588
14984,149.8400000000087,0.9999999455338761
14985,149.8500000000087,0.9999999456331302
14986,149.86000000000868,0.9999999457322213
14987,149.87000000000867,0.9999999458311497
14988,149.88000000000866,0.9999999459299155
14989,149.89000000000865,0.999999946028519
14990,149.90000000000865,0.9999999461269606
14991,149.91000000000864,0.9999999462252402
14992,149.92000000000863,0.9999999463233584
14993,149.93000000000862,0.9999999464213152
14994,149.9400000000086,0.9999999465191107
14995,149.9500000000086,0.9999999466167455
14996,149.9600000000086,0.9999999467142195
14997,149.97000000000858,0.9999999468115331
14998,149.98000000000857,0.9999999469086865
14999,149.99000000000856,0.99999994700568
15000,150.00000000000855,0.9999999471025136
15001,150.01000000000855,0.9999999471991877
15002,150.02000000000854,0.9999999472957025
15003,150.03000000000853,0.9999999473920582
15004,150.04000000000852,0.9999999474882552
15005,150.0500000000085,0.9999999475842934
15006,150.0600000000085,0.9999999476801733
15007,150.0700000000085,0.9999999477758951
15008,150.08000000000848,0.9999999478714588
15009,150.09000000000847,0.9999999479668649
15010,150.10000000000846,0.9999999480621135
15011,150.11000000000845,0.9999999481572048
15012,150.12000000000845,0.999999948252139
15013,150.13000000000844,0.9999999483469165
15014,150.14000000000843,0.9999999484415374
15015,150.15000000000842,0.9999999485360019
15016,150.1600000000084,0.9999999486303103
15017,150.1700000000084,0.9999999487244627
15018,150.1800000000084,0.9999999488184595
15019,150.19000000000838,0.9999999489123008
15020,150.20000000000837,0.9999999490059869
15021,150.21000000000836,0.999999949099518
15022,150.22000000000835,0.9999999491928941
15023,150.23000000000835,0.9999999492861158
15024,150.24000000000834,0.9999999493791831
15025,150.25000000000833,0.9999999494720963
15026,150.26000000000832,0.9999999495648555
15027,150.2700000000083,0.9999999496574611
15028,150.2800000000083,0.9999999497499131
15029,150.2900000000083,0.999999949842212
15030,150.30000000000828,0.9999999499343578
15031,150.31000000000827,0.9999999500263508
15032,150.32000000000826,0.9999999501181912
15033,150.33000000000825,0.9999999502098793
15034,150.34000000000825,0.9999999503014152
15035,150.35000000000824,0.9999999503927992
15036,150.36000000000823,0.9999999504840315
15037,150.37000000000822,0.9999999505751122
15038,150.3800000000082,0.9999999506660417
15039,150.3900000000082,0.9999999507568201
15040,150.4000000000082,0.9999999508474477
15041,150.41000000000818,0.9999999509379247
15042,150.42000000000817,0.9999999510282513
15043,150.43000000000816,0.9999999511184278
15044,150.44000000000815,0.9999999512084542
15045,150.45000000000815,0.9999999512983309
15046,150.46000000000814,0.999999951388058
15047,150.47000000000813,0.9999999514776359
15048,150.48000000000812,0.9999999515670646
15049,150.4900000000081,0.9999999516563445
15050,150.5000000000081,0.9999999517454756
15051,150.5100000000081,0.9999999518344583
15052,150.52000000000808,0.9999999519232928
15053,150.53000000000807,0.9999999520119792
15054,150.54000000000806,0.999999952100518
15055,150.55000000000805,0.9999999521889089
15056,150.56000000000805,0.9999999522771527
15057,150.57000000000804,0.9999999523652492
15058,150.58000000000803,0.9999999524531987
15059,150.59000000000802,0.9999999525410015
15060,150.600000000008,0.9999999526286578
15061,150.610000000008,0.9999999527161677
15062,150.620000000008,0.9999999528035316
15063,150.63000000000798,0.9999999528907495
15064,150.64000000000797,0.9999999529778218
15065,150.65000000000796,0.9999999530647486
15066,150.66000000000795,0.9999999531515302
15067,150.67000000000795,0.9999999532381667
15068,150.68000000000794,0.9999999533246584
15069,150.69000000000793,0.9999999534110054
15070,150.70000000000792,0.9999999534972082
15071,150.7100000000079,0.9999999535832667
15072,150.7200000000079,0.999999953669181
15073,150.7300000000079,0.9999999537549518
15074,150.74000000000788,0.9999999538405788
15075,150.75000000000787,0.9999999539260626
15076,150.76000000000786,0.9999999540114032
15077,150.77000000000785,0.9999999540966008
15078,150.78000000000785,0.9999999541816558
15079,150.79000000000784,0.9999999542665681
15080,150.80000000000783,0.9999999543513381
15081,150.81000000000782,0.9999999544359661
15082,150.8200000000078,0.9999999545204521
15083,150.8300000000078,0.9999999546047965
15084,150.8400000000078,0.9999999546889994
15085,150.85000000000778,0.9999999547730609
15086,150.86000000000777,0.9999999548569815
15087,150.87000000000776,0.999999954940761
15088,150.88000000000775,0.9999999550244
15089,150.89000000000775,0.9999999551078985
15090,150.90000000000774,0.9999999551912567
15091,150.91000000000773,0.9999999552744749
15092,150.92000000000772,0.9999999553575533
15093,150.9300000000077,0.999999955440492
15094,150.9400000000077,0.9999999555232914
15095,150.9500000000077,0.9999999556059513
15096,150.96000000000768,0.9999999556884724
15097,150.97000000000767,0.9999999557708547
15098,150.98000000000766,0.9999999558530982
15099,150.99000000000765,0.9999999559352034
15100,151.00000000000765,0.9999999560171704
15101,151.01000000000764,0.9999999560989994
15102,151.02000000000763,0.9999999561806905
15103,151.03000000000762,0.9999999562622441
15104,151.0400000000076,0.9999999563436602
15105,151.0500000000076,0.9999999564249392
15106,151.0600000000076,0.9999999565060812
15107,151.07000000000758,0.9999999565870864
15108,151.08000000000757,0.9999999566679549
15109,151.09000000000756,0.9999999567486871
15110,151.10000000000755,0.9999999568292832
15111,151.11000000000755,0.9999999569097432
15112,151.12000000000754,0.9999999569900674
15113,151.13000000000753,0.999999957070256
15114,151.14000000000752,0.9999999571503093
15115,151.1500000000075,0.9999999572302274
15116,151.1600000000075,0.9999999573100105
15117,151.1700000000075,0.9999999573896587
15118,151.18000000000748,0.9999999574691724
15119,151.19000000000747,0.9999999575485516
15120,151.20000000000746,0.9999999576277968
15121,151.21000000000745,0.9999999577069079
15122,151.22000000000745,0.9999999577858851
15123,151.23000000000744,0.9999999578647288
15124,151.24000000000743,0.9999999579434391
15125,151.25000000000742,0.9999999580220162
15126,151.2600000000074,0.9999999581004603
15127,151.2700000000074,0.9999999581787715
15128,151.2800000000074,0.9999999582569502
15129,151.29000000000738,0.9999999583349964
15130,151.30000000000737,0.9999999584129105
15131,151.31000000000736,0.9999999584906925
15132,151.32000000000735,0.9999999585683426
15133,151.33000000000735,0.999999958645861
15134,151.34000000000734,0.9999999587232481
15135,151.35000000000733,0.9999999588005039
15136,151.36000000000732,0.9999999588776287
15137,151.3700000000073,0.9999999589546226
15138,151.3800000000073,0.9999999590314858
15139,151.3900000000073,0.9999999591082186
15140,151.40000000000728,0.999999959184821
15141,151.41000000000727,0.9999999592612935
15142,151.42000000000726,0.999999959337636
15143,151.43000000000725,0.9999999594138488
15144,151.44000000000725,0.999999959489932
15145,151.45000000000724,0.999999959565886
15146,151.46000000000723,0.999999959641711
15147,151.47000000000722,0.999999959717407
15148,151.4800000000072,0.9999999597929742
15149,151.4900000000072,0.9999999598684128
15150,151.5000000000072,0.9999999599437231
15151,151.51000000000718,0.9999999600189053
15152,151.52000000000717,0.9999999600939595
15153,151.53000000000716,0.9999999601688859
15154,151.54000000000715,0.9999999602436848
15155,151.55000000000715,0.9999999603183561
15156,151.56000000000714,0.9999999603929004
15157,151.57000000000713,0.9999999604673175
15158,151.58000000000712,0.9999999605416079
15159,151.5900000000071,0.9999999606157717
15160,151.6000000000071,0.9999999606898089
15161,151.6100000000071,0.9999999607637199
15162,151.62000000000708,0.9999999608375049
15163,151.63000000000707,0.9999999609111639
15164,151.64000000000706,0.9999999609846972
15165,151.65000000000705,0.9999999610581051
15166,151.66000000000705,0.9999999611313877
15167,151.67000000000704,0.999999961204545
15168,151.68000000000703,0.9999999612775775
15169,151.69000000000702,0.9999999613504852
15170,151.700000000007,0.9999999614232683
15171,151.710000000007,0.999999961495927
15172,151.720000000007,0.9999999615684615
15173,151.73000000000698,0.999999961640872
15174,151.74000000000697,0.9999999617131586
15175,151.75000000000696,0.9999999617853217
15176,151.76000000000695,0.9999999618573613
15177,151.77000000000695,0.9999999619292776
15178,151.78000000000694,0.9999999620010708
15179,151.79000000000693,0.9999999620727411
15180,151.80000000000692,0.9999999621442888
15181,151.8100000000069,0.9999999622157137
15182,151.8200000000069,0.9999999622870165
15183,151.8300000000069,0.9999999623581971
15184,151.84000000000688,0.9999999624292556
15185,151.85000000000687,0.9999999625001924
15186,151.86000000000686,0.9999999625710075
15187,151.87000000000685,0.9999999626417012
15188,151.88000000000685,0.9999999627122738
15189,151.89000000000684,0.9999999627827251
15190,151.90000000000683,0.9999999628530556
15191,151.91000000000682,0.9999999629232654
15192,151.9200000000068,0.9999999629933547
15193,151.9300000000068,0.9999999630633237
15194,151.9400000000068,0.9999999631331725
15195,151.95000000000678,0.9999999632029013
15196,151.96000000000677,0.9999999632725103
15197,151.97000000000676,0.9999999633419997
15198,151.98000000000675,0.9999999634113697
15199,151.99000000000675,0.9999999634806204
15200,152.00000000000674,0.999999963549752
15201,152.01000000000673,0.9999999636187648
15202,152.02000000000672,0.9999999636876588
15203,152.0300000000067,0.9999999637564343
15204,152.0400000000067,0.9999999638250914
15205,152.0500000000067,0.9999999638936303
15206,152.06000000000668,0.9999999639620513
15207,152.07000000000667,0.9999999640303544
15208,152.08000000000666,0.9999999640985399
15209,152.09000000000665,0.9999999641666079
15210,152.10000000000664,0.9999999642345586
15211,152.11000000000664,0.9999999643023922
15212,152.12000000000663,0.999999964370109
15213,152.13000000000662,0.9999999644377089
15214,152.1400000000066,0.9999999645051922
15215,152.1500000000066,0.9999999645725591
15216,152.1600000000066,0.9999999646398099
15217,152.17000000000658,0.9999999647069446
15218,152.18000000000657,0.9999999647739634
15219,152.19000000000656,0.9999999648408665
15220,152.20000000000655,0.9999999649076541
15221,152.21000000000654,0.9999999649743263
15222,152.22000000000654,0.9999999650408834
15223,152.23000000000653,0.9999999651073255
15224,152.24000000000652,0.9999999651736526
15225,152.2500000000065,0.9999999652398653
15226,152.2600000000065,0.9999999653059635
15227,152.2700000000065,0.9999999653719472
15228,152.28000000000648,0.999999965437817
15229,152.29000000000647,0.9999999655035727
15230,152.30000000000646,0.9999999655692147
15231,152.31000000000645,0.999999965634743
15232,152.32000000000644,0.999999965700158
15233,152.33000000000644,0.9999999657654597
15234,152.34000000000643,0.9999999658306482
15235,152.35000000000642,0.9999999658957239
15236,152.3600000000064,0.9999999659606869
15237,152.3700000000064,0.9999999660255372
15238,152.3800000000064,0.9999999660902752
15239,152.39000000000638,0.9999999661549009
15240,152.40000000000637,0.9999999662194146
15241,152.41000000000636,0.9999999662838164
15242,152.42000000000635,0.9999999663481065
15243,152.43000000000634,0.9999999664122851
15244,152.44000000000634,0.9999999664763523
15245,152.45000000000633,0.9999999665403082
15246,152.46000000000632,0.9999999666041531
15247,152.4700000000063,0.9999999666678872
15248,152.4800000000063,0.9999999667315105
15249,152.4900000000063,0.9999999667950233
15250,152.50000000000628,0.9999999668584258
15251,152.51000000000627,0.9999999669217182
15252,152.52000000000626,0.9999999669849005
15253,152.53000000000625,0.9999999670479729
15254,152.54000000000624,0.9999999671109356
15255,152.55000000000624,0.9999999671737889
15256,152.56000000000623,0.9999999672365328
15257,152.57000000000622,0.9999999672991675
15258,152.5800000000062,0.9999999673616933
15259,152.5900000000062,0.9999999674241101
15260,152.6000000000062,0.9999999674864183
15261,152.61000000000618,0.999999967548618
15262,152.62000000000617,0.9999999676107093
15263,152.63000000000616,0.9999999676726925
15264,152.64000000000615,0.9999999677345677
15265,152.65000000000614,0.9999999677963349
15266,152.66000000000614,0.9999999678579946
15267,152.67000000000613,0.9999999679195467
15268,152.68000000000612,0.9999999679809914
15269,152.6900000000061,0.999999968042329
15270,152.7000000000061,0.9999999681035596
15271,152.7100000000061,0.9999999681646834
15272,152.72000000000608,0.9999999682257004
15273,152.73000000000607,0.9999999682866109
15274,152.74000000000606,0.999999968347415
15275,152.75000000000605,0.9999999684081129
15276,152.76000000000604,0.9999999684687049
15277,152.77000000000604,0.9999999685291909
15278,152.78000000000603,0.9999999685895712
15279,152.79000000000602,0.999999968649846
15280,152.800000000006,0.9999999687100154
15281,152.810000000006,0.9999999687700796
15282,152.820000000006,0.9999999688300387
15283,152.83000000000598,0.999999968889893
15284,152.84000000000597,0.9999999689496425
15285,152.85000000000596,0.9999999690092874
15286,152.86000000000595,0.9999999690688279
15287,152.87000000000594,0.9999999691282643
15288,152.88000000000594,0.9999999691875964
15289,152.89000000000593,0.9999999692468247
15290,152.90000000000592,0.9999999693059491
15291,152.9100000000059,0.99999996936497
15292,152.9200000000059,0.9999999694238876
15293,152.9300000000059,0.9999999694827018
15294,152.94000000000588,0.9999999695414128
15295,152.95000000000587,0.9999999696000208
15296,152.96000000000586,0.9999999696585261
15297,152.97000000000585,0.9999999697169287
15298,152.98000000000584,0.9999999697752289
15299,152.99000000000584,0.9999999698334266
15300,153.00000000000583,0.9999999698915224
15301,153.01000000000582,0.999999969949516
15302,153.0200000000058,0.9999999700074078
15303,153.0300000000058,0.9999999700651978
15304,153.0400000000058,0.9999999701228864
15305,153.05000000000578,0.9999999701804736
15306,153.06000000000577,0.9999999702379595
15307,153.07000000000576,0.9999999702953444
15308,153.08000000000575,0.9999999703526284
15309,153.09000000000574,0.9999999704098116
15310,153.10000000000574,0.9999999704668943
15311,153.11000000000573,0.9999999705238765
15312,153.12000000000572,0.9999999705807584
15313,153.1300000000057,0.9999999706375402
15314,153.1400000000057,0.999999970694222
15315,153.1500000000057,0.999999970750804
15316,153.16000000000568,0.9999999708072863
15317,153.17000000000567,0.9999999708636692
15318,153.18000000000566,0.9999999709199527
15319,153.19000000000565,0.999999970976137
15320,153.20000000000564,0.9999999710322223
15321,153.21000000000564,0.9999999710882087
15322,153.22000000000563,0.9999999711440963
15323,153.23000000000562,0.9999999711998854
15324,153.2400000000056,0.999999971255576
15325,153.2500000000056,0.9999999713111685
15326,153.2600000000056,0.9999999713666627
15327,153.27000000000558,0.999999971422059
15328,153.28000000000557,0.9999999714773575
15329,153.29000000000556,0.9999999715325584
15330,153.30000000000555,0.9999999715876616
15331,153.31000000000554,0.9999999716426676
15332,153.32000000000554,0.9999999716975765
15333,153.33000000000553,0.9999999717523882
15334,153.34000000000552,0.999999971807103
15335,153.3500000000055,0.9999999718617211
15336,153.3600000000055,0.9999999719162426
15337,153.3700000000055,0.9999999719706677
15338,153.38000000000548,0.9999999720249965
15339,153.39000000000547,0.9999999720792291
15340,153.40000000000546,0.9999999721333658
15341,153.41000000000545,0.9999999721874065
15342,153.42000000000544,0.9999999722413516
15343,153.43000000000544,0.9999999722952012
15344,153.44000000000543,0.9999999723489554
15345,153.45000000000542,0.9999999724026144
15346,153.4600000000054,0.9999999724561782
15347,153.4700000000054,0.9999999725096472
15348,153.4800000000054,0.9999999725630213
15349,153.49000000000538,0.9999999726163008
15350,153.50000000000537,0.9999999726694858
15351,153.51000000000536,0.9999999727225765
15352,153.52000000000535,0.999999972775573
15353,153.53000000000534,0.9999999728284753
15354,153.54000000000534,0.9999999728812838
15355,153.55000000000533,0.9999999729339986
15356,153.56000000000532,0.9999999729866197
15357,153.5700000000053,0.9999999730391474
15358,153.5800000000053,0.9999999730915818
15359,153.5900000000053,0.999999973143923
15360,153.60000000000528,0.9999999731961712
15361,153.61000000000527,0.9999999732483266
15362,153.62000000000526,0.9999999733003891
15363,153.63000000000525,0.9999999733523591
15364,153.64000000000524,0.9999999734042367
15365,153.65000000000524,0.9999999734560221
15366,153.66000000000523,0.9999999735077152
15367,153.67000000000522,0.9999999735593164
15368,153.6800000000052,0.9999999736108257
15369,153.6900000000052,0.9999999736622434
15370,153.7000000000052,0.9999999737135694
15371,153.71000000000518,0.999999973764804
15372,153.72000000000517,0.9999999738159474
15373,153.73000000000516,0.9999999738669996
15374,153.74000000000515,0.9999999739179608
15375,153.75000000000514,0.9999999739688312
15376,153.76000000000514,0.9999999740196109
15377,153.77000000000513,0.9999999740703002
15378,153.78000000000512,0.9999999741208989
15379,153.7900000000051,0.9999999741714074
15380,153.8000000000051,0.9999999742218257
15381,153.8100000000051,0.9999999742721541
15382,153.82000000000508,0.9999999743223926
15383,153.83000000000507,0.9999999743725415
15384,153.84000000000506,0.9999999744226008
15385,153.85000000000505,0.9999999744725706
15386,153.86000000000504,0.9999999745224513
15387,153.87000000000504,0.9999999745722428
15388,153.88000000000503,0.9999999746219452
15389,153.89000000000502,0.9999999746715589
15390,153.900000000005,0.9999999747210838
15391,153.910000000005,0.9999999747705202
15392,153.920000000005,0.9999999748198681
15393,153.93000000000498,0.9999999748691278
15394,153.94000000000497,0.9999999749182994
15395,153.95000000000496,0.9999999749673829
15396,153.96000000000495,0.9999999750163786
15397,153.97000000000494,0.9999999750652865
15398,153.98000000000494,0.9999999751141069
15399,153.99000000000493,0.9999999751628398
15400,154.00000000000492,0.9999999752114854
15401,154.0100000000049,0.9999999752600438
15402,154.0200000000049,0.9999999753085153
15403,154.0300000000049,0.9999999753568998
15404,154.04000000000488,0.9999999754051975
15405,154.05000000000487,0.9999999754534087
15406,154.06000000000486,0.9999999755015334
15407,154.07000000000485,0.9999999755495718
15408,154.08000000000484,0.9999999755975238
15409,154.09000000000484,0.99999997564539
15410,154.10000000000483,0.9999999756931701
15411,154.11000000000482,0.9999999757408645
15412,154.1200000000048,0.9999999757884732
15413,154.1300000000048,0.9999999758359964
15414,154.1400000000048,0.9999999758834343
15415,154.15000000000478,0.9999999759307868
15416,154.16000000000477,0.9999999759780543
15417,154.17000000000476,0.9999999760252369
15418,154.18000000000475,0.9999999760723346
15419,154.19000000000474,0.9999999761193475
15420,154.20000000000474,0.999999976166276
15421,154.21000000000473,0.99999997621312
15422,154.22000000000472,0.9999999762598797
15423,154.2300000000047,0.9999999763065552
15424,154.2400000000047,0.9999999763531469
15425,154.2500000000047,0.9999999763996544
15426,154.26000000000468,0.9999999764460784
15427,154.27000000000467,0.9999999764924187
15428,154.28000000000466,0.9999999765386755
15429,154.29000000000465,0.9999999765848488
15430,154.30000000000464,0.9999999766309391
15431,154.31000000000464,0.9999999766769463
15432,154.32000000000463,0.9999999767228704
15433,154.33000000000462,0.9999999767687119
15434,154.3400000000046,0.9999999768144705
15435,154.3500000000046,0.9999999768601466
15436,154.3600000000046,0.9999999769057404
15437,154.37000000000458,0.9999999769512519
15438,154.38000000000457,0.9999999769966811
15439,154.39000000000456,0.9999999770420284
15440,154.40000000000455,0.9999999770872937
15441,154.41000000000454,0.9999999771324773
15442,154.42000000000453,0.9999999771775793
15443,154.43000000000453,0.9999999772225998
15444,154.44000000000452,0.999999977267539
15445,154.4500000000045,0.9999999773123968
15446,154.4600000000045,0.9999999773571736
15447,154.4700000000045,0.9999999774018694
15448,154.48000000000448,0.9999999774464844
15449,154.49000000000447,0.9999999774910187
15450,154.50000000000446,0.9999999775354723
15451,154.51000000000445,0.9999999775798455
15452,154.52000000000444,0.9999999776241384
15453,154.53000000000443,0.9999999776683511
15454,154.54000000000443,0.9999999777124837
15455,154.55000000000442,0.9999999777565365
15456,154.5600000000044,0.9999999778005094
15457,154.5700000000044,0.9999999778444026
15458,154.5800000000044,0.9999999778882163
15459,154.59000000000438,0.9999999779319505
15460,154.60000000000437,0.9999999779756055
15461,154.61000000000436,0.9999999780191813
15462,154.62000000000435,0.999999978062678
15463,154.63000000000434,0.999999978106096
15464,154.64000000000433,0.999999978149435
15465,154.65000000000433,0.9999999781926955
15466,154.66000000000432,0.9999999782358774
15467,154.6700000000043,0.9999999782789809
15468,154.6800000000043,0.9999999783220062
15469,154.6900000000043,0.9999999783649532
15470,154.70000000000428,0.9999999784078223
15471,154.71000000000427,0.9999999784506135
15472,154.72000000000426,0.9999999784933269
15473,154.73000000000425,0.9999999785359627
15474,154.74000000000424,0.999999978578521
15475,154.75000000000423,0.9999999786210018
15476,154.76000000000423,0.9999999786634054
15477,154.77000000000422,0.9999999787057319
15478,154.7800000000042,0.9999999787479813
15479,154.7900000000042,0.9999999787901539
15480,154.8000000000042,0.9999999788322498
15481,154.81000000000418,0.999999978874269
15482,154.82000000000417,0.9999999789162116
15483,154.83000000000416,0.9999999789580779
15484,154.84000000000415,0.9999999789998679
15485,154.85000000000414,0.9999999790415818
15486,154.86000000000413,0.9999999790832196
15487,154.87000000000413,0.9999999791247816
15488,154.88000000000412,0.9999999791662678
15489,154.8900000000041,0.9999999792076784
15490,154.9000000000041,0.9999999792490134
15491,154.9100000000041,0.999999979290273
15492,154.92000000000408,0.9999999793314573
15493,154.93000000000407,0.9999999793725666
15494,154.94000000000406,0.9999999794136007
15495,154.95000000000405,0.99999997945456
15496,154.96000000000404,0.9999999794954444
15497,154.97000000000403,0.9999999795362542
15498,154.98000000000403,0.9999999795769895
15499,154.99000000000402,0.9999999796176503
15500,155.000000000004,0.9999999796582368
15501,155.010000000004,0.9999999796987492
15502,155.020000000004,0.9999999797391875
15503,155.03000000000398,0.9999999797795519
15504,155.04000000000397,0.9999999798198423
15505,155.05000000000396,0.9999999798600593
15506,155.06000000000395,0.9999999799002025
15507,155.07000000000394,0.9999999799402723
15508,155.08000000000393,0.9999999799802688
15509,155.09000000000393,0.9999999800201921
15510,155.10000000000392,0.9999999800600422
15511,155.1100000000039,0.9999999800998194
15512,155.1200000000039,0.9999999801395237
15513,155.1300000000039,0.9999999801791554
15514,155.14000000000388,0.9999999802187143
15515,155.15000000000387,0.9999999802582008
15516,155.16000000000386,0.9999999802976148
15517,155.17000000000385,0.9999999803369567
15518,155.18000000000384,0.9999999803762264
15519,155.19000000000383,0.999999980415424
15520,155.20000000000383,0.9999999804545497
15521,155.21000000000382,0.9999999804936037
15522,155.2200000000038,0.999999980532586
15523,155.2300000000038,0.9999999805714967
15524,155.2400000000038,0.9999999806103361
15525,155.25000000000378,0.999999980649104
15526,155.26000000000377,0.9999999806878008
15527,155.27000000000376,0.9999999807264265
15528,155.28000000000375,0.9999999807649812
15529,155.29000000000374,0.9999999808034651
15530,155.30000000000373,0.9999999808418782
15531,155.31000000000373,0.9999999808802208
15532,155.32000000000372,0.9999999809184927
15533,155.3300000000037,0.9999999809566944
15534,155.3400000000037,0.9999999809948258
15535,155.3500000000037,0.9999999810328869
15536,155.36000000000368,0.9999999810708781
15537,155.37000000000367,0.9999999811087994
15538,155.38000000000366,0.9999999811466508
15539,155.39000000000365,0.9999999811844325
15540,155.40000000000364,0.9999999812221446
15541,155.41000000000363,0.9999999812597873
15542,155.42000000000363,0.9999999812973607
15543,155.43000000000362,0.9999999813348648
15544,155.4400000000036,0.9999999813722997
15545,155.4500000000036,0.9999999814096657
15546,155.4600000000036,0.9999999814469628
15547,155.47000000000358,0.999999981484191
15548,155.48000000000357,0.9999999815213506
15549,155.49000000000356,0.9999999815584417
15550,155.50000000000355,0.9999999815954643
15551,155.51000000000354,0.9999999816324187
15552,155.52000000000353,0.9999999816693047
15553,155.53000000000353,0.9999999817061227
15554,155.54000000000352,0.9999999817428727
15555,155.5500000000035,0.9999999817795548
15556,155.5600000000035,0.9999999818161692
15557,155.5700000000035,0.9999999818527159
15558,155.58000000000348,0.999999981889195
15559,155.59000000000347,0.9999999819256068
15560,155.60000000000346,0.9999999819619512
15561,155.61000000000345,0.9999999819982284
15562,155.62000000000344,0.9999999820344385
15563,155.63000000000343,0.9999999820705816
15564,155.64000000000343,0.9999999821066579
15565,155.65000000000342,0.9999999821426674
15566,155.6600000000034,0.9999999821786102
15567,155.6700000000034,0.9999999822144866
15568,155.6800000000034,0.9999999822502964
15569,155.69000000000338,0.99999998228604
15570,155.70000000000337,0.9999999823217174
15571,155.71000000000336,0.9999999823573286
15572,155.72000000000335,0.9999999823928738
15573,155.73000000000334,0.9999999824283532
15574,155.74000000000333,0.9999999824637669
15575,155.75000000000333,0.9999999824991148
15576,155.76000000000332,0.9999999825343971
15577,155.7700000000033,0.9999999825696142
15578,155.7800000000033,0.9999999826047657
15579,155.7900000000033,0.9999999826398521
15580,155.80000000000328,0.9999999826748734
15581,155.81000000000327,0.9999999827098297
15582,155.82000000000326,0.9999999827447211
15583,155.83000000000325,0.9999999827795476
15584,155.84000000000324,0.9999999828143096
15585,155.85000000000323,0.9999999828490068
15586,155.86000000000323,0.9999999828836397
15587,155.87000000000322,0.9999999829182082
15588,155.8800000000032,0.9999999829527124
15589,155.8900000000032,0.9999999829871525
15590,155.9000000000032,0.9999999830215286
15591,155.91000000000318,0.9999999830558407
15592,155.92000000000317,0.999999983090089
15593,155.93000000000316,0.9999999831242735
15594,155.94000000000315,0.9999999831583944
15595,155.95000000000314,0.9999999831924519
15596,155.96000000000313,0.9999999832264459
15597,155.97000000000313,0.9999999832603766
15598,155.98000000000312,0.9999999832942442
15599,155.9900000000031,0.9999999833280487
15600,156.0000000000031,0.9999999833617902
15601,156.0100000000031,0.9999999833954688
15602,156.02000000000308,0.9999999834290847
15603,156.03000000000307,0.9999999834626379
15604,156.04000000000306,0.9999999834961285
15605,156.05000000000305,0.9999999835295567
15606,156.06000000000304,0.9999999835629224
15607,156.07000000000303,0.999999983596226
15608,156.08000000000303,0.9999999836294675
15609,156.09000000000302,0.9999999836626469
15610,156.100000000003,0.9999999836957644
15611,156.110000000003,0.99999998372882
15612,156.120000000003,0.9999999837618139
15613,156.13000000000298,0.9999999837947462
15614,156.14000000000297,0.999999983827617
15615,156.15000000000296,0.9999999838604263
15616,156.16000000000295,0.9999999838931743
15617,156.17000000000294,0.9999999839258612
15618,156.18000000000293,0.999999983958487
15619,156.19000000000293,0.9999999839910517
15620,156.20000000000292,0.9999999840235555
15621,156.2100000000029,0.9999999840559985
15622,156.2200000000029,0.9999999840883809
15623,156.2300000000029,0.9999999841207027
15624,156.24000000000288,0.9999999841529639
15625,156.25000000000287,0.9999999841851648
15626,156.26000000000286,0.9999999842173053
15627,156.27000000000285,0.9999999842493857
15628,156.28000000000284,0.999999984281406
15629,156.29000000000283,0.9999999843133663
15630,156.30000000000283,0.9999999843452667
15631,156.31000000000282,0.9999999843771074
15632,156.3200000000028,0.9999999844088883
15633,156.3300000000028,0.9999999844406097
15634,156.3400000000028,0.9999999844722716
15635,156.35000000000278,0.9999999845038741
15636,156.36000000000277,0.9999999845354174
15637,156.37000000000276,0.9999999845669014
15638,156.38000000000275,0.9999999845983264
15639,156.39000000000274,0.9999999846296923
15640,156.40000000000273,0.9999999846609995
15641,156.41000000000273,0.9999999846922477
15642,156.42000000000272,0.9999999847234374
15643,156.4300000000027,0.9999999847545684
15644,156.4400000000027,0.999999984785641
15645,156.4500000000027,0.9999999848166552
15646,156.46000000000268,0.9999999848476111
15647,156.47000000000267,0.9999999848785088
15648,156.48000000000266,0.9999999849093484
15649,156.49000000000265,0.99999998494013
15650,156.50000000000264,0.9999999849708537
15651,156.51000000000263,0.9999999850015197
15652,156.52000000000263,0.999999985032128
15653,156.53000000000262,0.9999999850626785
15654,156.5400000000026,0.9999999850931717
15655,156.5500000000026,0.9999999851236073
15656,156.5600000000026,0.9999999851539858
15657,156.57000000000258,0.999999985184307
15658,156.58000000000257,0.999999985214571
15659,156.59000000000256,0.9999999852447781
15660,156.60000000000255,0.9999999852749283
15661,156.61000000000254,0.9999999853050215
15662,156.62000000000253,0.9999999853350582
15663,156.63000000000252,0.9999999853650381
15664,156.64000000000252,0.9999999853949615
15665,156.6500000000025,0.9999999854248285
15666,156.6600000000025,0.9999999854546392
15667,156.6700000000025,0.9999999854843935
15668,156.68000000000248,0.9999999855140917
15669,156.69000000000247,0.9999999855437339
15670,156.70000000000246,0.9999999855733201
15671,156.71000000000245,0.9999999856028505
15672,156.72000000000244,0.9999999856323251
15673,156.73000000000243,0.999999985661744
15674,156.74000000000242,0.9999999856911073
15675,156.75000000000242,0.9999999857204152
15676,156.7600000000024,0.9999999857496675
15677,156.7700000000024,0.9999999857788647
15678,156.7800000000024,0.9999999858080066
15679,156.79000000000238,0.9999999858370935
15680,156.80000000000237,0.9999999858661253
15681,156.81000000000236,0.9999999858951021
15682,156.82000000000235,0.9999999859240242
15683,156.83000000000234,0.9999999859528915
15684,156.84000000000233,0.9999999859817041
15685,156.85000000000232,0.9999999860104622
15686,156.86000000000232,0.999999986039166
15687,156.8700000000023,0.9999999860678153
15688,156.8800000000023,0.9999999860964103
15689,156.8900000000023,0.9999999861249511
15690,156.90000000000228,0.9999999861534379
15691,156.91000000000227,0.9999999861818707
15692,156.92000000000226,0.9999999862102495
15693,156.93000000000225,0.9999999862385746
15694,156.94000000000224,0.9999999862668459
15695,156.95000000000223,0.9999999862950636
15696,156.96000000000222,0.9999999863232278
15697,156.97000000000222,0.9999999863513386
15698,156.9800000000022,0.9999999863793959
15699,156.9900000000022,0.9999999864074001
15700,157.0000000000022,0.999999986435351
15701,157.01000000000218,0.999999986463249
15702,157.02000000000217,0.9999999864910939
15703,157.03000000000216,0.9999999865188859
15704,157.04000000000215,0.999999986546625
15705,157.05000000000214,0.9999999865743116
15706,157.06000000000213,0.9999999866019454
15707,157.07000000000212,0.9999999866295267
15708,157.08000000000212,0.9999999866570557
15709,157.0900000000021,0.9999999866845322
15710,157.1000000000021,0.9999999867119564
15711,157.1100000000021,0.9999999867393286
15712,157.12000000000208,0.9999999867666486
15713,157.13000000000207,0.9999999867939166
15714,157.14000000000206,0.9999999868211327
15715,157.15000000000205,0.999999986848297
15716,157.16000000000204,0.9999999868754096
15717,157.17000000000203,0.9999999869024705
15718,157.18000000000202,0.9999999869294799
15719,157.19000000000202,0.9999999869564378
15720,157.200000000002,0.9999999869833444
15721,157.210000000002,0.9999999870101997
15722,157.220000000002,0.9999999870370037
15723,157.23000000000198,0.9999999870637566
15724,157.24000000000197,0.9999999870904586
15725,157.25000000000196,0.9999999871171096
15726,157.26000000000195,0.9999999871437097
15727,157.27000000000194,0.9999999871702592
15728,157.28000000000193,0.9999999871967579
15729,157.29000000000192,0.999999987223206
15730,157.30000000000192,0.9999999872496037
15731,157.3100000000019,0.999999987275951
15732,157.3200000000019,0.9999999873022479
15733,157.3300000000019,0.9999999873284946
15734,157.34000000000188,0.9999999873546911
15735,157.35000000000187,0.9999999873808376
15736,157.36000000000186,0.9999999874069341
15737,157.37000000000185,0.9999999874329808
15738,157.38000000000184,0.9999999874589776
15739,157.39000000000183,0.9999999874849247
15740,157.40000000000182,0.9999999875108222
15741,157.41000000000182,0.9999999875366701
15742,157.4200000000018,0.9999999875624686
15743,157.4300000000018,0.9999999875882176
15744,157.4400000000018,0.9999999876139175
15745,157.45000000000178,0.9999999876395681
15746,157.46000000000177,0.9999999876651696
15747,157.47000000000176,0.9999999876907221
15748,157.48000000000175,0.9999999877162256
15749,157.49000000000174,0.9999999877416802
15750,157.50000000000173,0.9999999877670861
15751,157.51000000000172,0.9999999877924433
15752,157.52000000000172,0.9999999878177518
15753,157.5300000000017,0.9999999878430118
15754,157.5400000000017,0.9999999878682234
15755,157.5500000000017,0.9999999878933867
15756,157.56000000000168,0.9999999879185016
15757,157.57000000000167,0.9999999879435685
15758,157.58000000000166,0.9999999879685871
15759,157.59000000000165,0.9999999879935577
15760,157.60000000000164,0.9999999880184804
15761,157.61000000000163,0.9999999880433553
15762,157.62000000000162,0.9999999880681825
15763,157.63000000000162,0.9999999880929619
15764,157.6400000000016,0.9999999881176936
15765,157.6500000000016,0.9999999881423779
15766,157.6600000000016,0.9999999881670147
15767,157.67000000000158,0.9999999881916042
15768,157.68000000000157,0.9999999882161463
15769,157.69000000000156,0.9999999882406413
15770,157.70000000000155,0.9999999882650892
15771,157.71000000000154,0.9999999882894901
15772,157.72000000000153,0.999999988313844
15773,157.73000000000152,0.999999988338151
15774,157.74000000000152,0.9999999883624112
15775,157.7500000000015,0.9999999883866247
15776,157.7600000000015,0.9999999884107917
15777,157.7700000000015,0.9999999884349121
15778,157.78000000000148,0.999999988458986
15779,157.79000000000147,0.9999999884830135
15780,157.80000000000146,0.9999999885069948
15781,157.81000000000145,0.9999999885309298
15782,157.82000000000144,0.9999999885548186
15783,157.83000000000143,0.9999999885786615
15784,157.84000000000142,0.9999999886024583
15785,157.85000000000142,0.9999999886262093
15786,157.8600000000014,0.9999999886499145
15787,157.8700000000014,0.9999999886735739
15788,157.8800000000014,0.9999999886971876
15789,157.89000000000138,0.9999999887207558
15790,157.90000000000137,0.9999999887442784
15791,157.91000000000136,0.9999999887677558
15792,157.92000000000135,0.9999999887911877
15793,157.93000000000134,0.9999999888145743
15794,157.94000000000133,0.9999999888379157
15795,157.95000000000132,0.9999999888612122
15796,157.96000000000132,0.9999999888844635
15797,157.9700000000013,0.99999998890767
15798,157.9800000000013,0.9999999889308315
15799,157.9900000000013,0.9999999889539483
15800,158.00000000000128,0.9999999889770204
15801,158.01000000000127,0.9999999890000478
15802,158.02000000000126,0.9999999890230307
15803,158.03000000000125,0.9999999890459691
15804,158.04000000000124,0.9999999890688631
15805,158.05000000000123,0.9999999890917128
15806,158.06000000000122,0.9999999891145183
15807,158.07000000000122,0.9999999891372796
15808,158.0800000000012,0.9999999891599968
15809,158.0900000000012,0.9999999891826701
15810,158.1000000000012,0.9999999892052993
15811,158.11000000000118,0.9999999892278848
15812,158.12000000000117,0.9999999892504264
15813,158.13000000000116,0.9999999892729243
15814,158.14000000000115,0.9999999892953787
15815,158.15000000000114,0.9999999893177896
15816,158.16000000000113,0.9999999893401569
15817,158.17000000000112,0.9999999893624808
15818,158.18000000000112,0.9999999893847614
15819,158.1900000000011,0.9999999894069987
15820,158.2000000000011,0.999999989429193
15821,158.2100000000011,0.9999999894513442
15822,158.22000000000108,0.9999999894734523
15823,158.23000000000107,0.9999999894955175
15824,158.24000000000106,0.9999999895175398
15825,158.25000000000105,0.9999999895395193
15826,158.26000000000104,0.9999999895614562
15827,158.27000000000103,0.9999999895833503
15828,158.28000000000102,0.999999989605202
15829,158.29000000000102,0.9999999896270112
15830,158.300000000001,0.9999999896487779
15831,158.310000000001,0.9999999896705023
15832,158.320000000001,0.9999999896921845
15833,158.33000000000098,0.9999999897138244
15834,158.34000000000097,0.9999999897354224
15835,158.35000000000096,0.9999999897569781
15836,158.36000000000095,0.999999989778492
15837,158.37000000000094,0.999999989799964
15838,158.38000000000093,0.9999999898213942
15839,158.39000000000092,0.9999999898427826
15840,158.40000000000092,0.9999999898641293
15841,158.4100000000009,0.9999999898854345
15842,158.4200000000009,0.9999999899066981
15843,158.4300000000009,0.9999999899279204
15844,158.44000000000088,0.9999999899491012
15845,158.45000000000087,0.9999999899702408
15846,158.46000000000086,0.999999989991339
15847,158.47000000000085,0.9999999900123961
15848,158.48000000000084,0.9999999900334122
15849,158.49000000000083,0.9999999900543873
15850,158.50000000000082,0.9999999900753215
15851,158.51000000000082,0.9999999900962148
15852,158.5200000000008,0.9999999901170672
15853,158.5300000000008,0.999999990137879
15854,158.5400000000008,0.99999999015865
15855,158.55000000000078,0.9999999901793807
15856,158.56000000000077,0.9999999902000707
15857,158.57000000000076,0.9999999902207203
15858,158.58000000000075,0.9999999902413296
15859,158.59000000000074,0.9999999902618986
15860,158.60000000000073,0.9999999902824273
15861,158.61000000000072,0.9999999903029159
15862,158.62000000000072,0.9999999903233644
15863,158.6300000000007,0.999999990343773
15864,158.6400000000007,0.9999999903641416
15865,158.6500000000007,0.9999999903844704
15866,158.66000000000068,0.9999999904047593
15867,158.67000000000067,0.9999999904250085
15868,158.68000000000066,0.9999999904452181
15869,158.69000000000065,0.9999999904653882
15870,158.70000000000064,0.9999999904855187
15871,158.71000000000063,0.9999999905056098
15872,158.72000000000062,0.9999999905256616
15873,158.73000000000062,0.999999990545674
15874,158.7400000000006,0.9999999905656471
15875,158.7500000000006,0.9999999905855812
15876,158.7600000000006,0.9999999906054762
15877,158.77000000000058,0.9999999906253322
15878,158.78000000000057,0.9999999906451491
15879,158.79000000000056,0.9999999906649273
15880,158.80000000000055,0.9999999906846666
15881,158.81000000000054,0.9999999907043672
15882,158.82000000000053,0.9999999907240291
15883,158.83000000000052,0.9999999907436524
15884,158.84000000000052,0.9999999907632372
15885,158.8500000000005,0.9999999907827835
15886,158.8600000000005,0.9999999908022914
15887,158.8700000000005,0.999999990821761
15888,158.88000000000048,0.9999999908411924
15889,158.89000000000047,0.9999999908605856
15890,158.90000000000046,0.9999999908799406
15891,158.91000000000045,0.9999999908992575
15892,158.92000000000044,0.9999999909185365
15893,158.93000000000043,0.9999999909377777
15894,158.94000000000042,0.9999999909569809
15895,158.95000000000041,0.9999999909761463
15896,158.9600000000004,0.999999990995274
15897,158.9700000000004,0.9999999910143642
15898,158.9800000000004,0.9999999910334167
15899,158.99000000000038,0.9999999910524318
15900,159.00000000000037,0.9999999910714092
15901,159.01000000000036,0.9999999910903494
15902,159.02000000000035,0.9999999911092523
15903,159.03000000000034,0.999999991128118
15904,159.04000000000033,0.9999999911469465
15905,159.05000000000032,0.9999999911657378
15906,159.06000000000031,0.9999999911844921
15907,159.0700000000003,0.9999999912032095
15908,159.0800000000003,0.9999999912218899
15909,159.0900000000003,0.9999999912405334
15910,159.10000000000028,0.9999999912591403
15911,159.11000000000027,0.9999999912777103
15912,159.12000000000026,0.9999999912962438
15913,159.13000000000025,0.9999999913147406
15914,159.14000000000024,0.999999991333201
15915,159.15000000000023,0.9999999913516249
15916,159.16000000000022,0.9999999913700124
15917,159.17000000000021,0.9999999913883636
15918,159.1800000000002,0.9999999914066786
15919,159.1900000000002,0.9999999914249573
15920,159.2000000000002,0.9999999914432
15921,159.21000000000018,0.9999999914614066
15922,159.22000000000017,0.9999999914795772
15923,159.23000000000016,0.9999999914977118
15924,159.24000000000015,0.9999999915158106
15925,159.25000000000014,0.9999999915338736
15926,159.26000000000013,0.9999999915519009
15927,159.27000000000012,0.9999999915698925
15928,159.28000000000011,0.9999999915878485
15929,159.2900000000001,0.9999999916057689
15930,159.3000000000001,0.9999999916236539
15931,159.3100000000001,0.9999999916415035
15932,159.32000000000008,0.9999999916593177
15933,159.33000000000007,0.9999999916770966
15934,159.34000000000006,0.9999999916948403
15935,159.35000000000005,0.9999999917125489
15936,159.36000000000004,0.9999999917302224
15937,159.37000000000003,0.9999999917478608
15938,159.38000000000002,0.9999999917654643
15939,159.39000000000001,0.9999999917830328
15940,159.4,0.9999999918005665
15941,159.41,0.9999999918180654
15942,159.42,0.9999999918355297
15943,159.42999999999998,0.9999999918529593
15944,159.43999999999997,0.9999999918703543
15945,159.44999999999996,0.9999999918877147
15946,159.45999999999995,0.9999999919050406
15947,159.46999999999994,0.9999999919223322
15948,159.47999999999993,0.9999999919395894
15949,159.48999999999992,0.9999999919568124
15950,159.49999999999991,0.9999999919740011
15951,159.5099999999999,0.9999999919911557
15952,159.5199999999999,0.9999999920082763
15953,159.5299999999999,0.9999999920253627
15954,159.53999999999988,0.9999999920424152
15955,159.54999999999987,0.9999999920594338
15956,159.55999999999986,0.9999999920764185
15957,159.56999999999985,0.9999999920933695
15958,159.57999999999984,0.9999999921102867
15959,159.58999999999983,0.9999999921271703
15960,159.59999999999982,0.9999999921440202
15961,159.60999999999981,0.9999999921608367
15962,159.6199999999998,0.9999999921776196
15963,159.6299999999998,0.9999999921943692
15964,159.6399999999998,0.9999999922110854
15965,159.64999999999978,0.9999999922277681
15966,159.65999999999977,0.9999999922444178
15967,159.66999999999976,0.9999999922610343
15968,159.67999999999975,0.9999999922776176
15969,159.68999999999974,0.9999999922941679
15970,159.69999999999973,0.9999999923106853
15971,159.70999999999972,0.9999999923271695
15972,159.71999999999971,0.999999992343621
15973,159.7299999999997,0.9999999923600397
15974,159.7399999999997,0.9999999923764256
15975,159.7499999999997,0.9999999923927788
15976,159.75999999999968,0.9999999924090994
15977,159.76999999999967,0.9999999924253874
15978,159.77999999999966,0.9999999924416428
15979,159.78999999999965,0.9999999924578659
15980,159.79999999999964,0.9999999924740565
15981,159.80999999999963,0.9999999924902148
15982,159.81999999999962,0.9999999925063408
15983,159.82999999999961,0.9999999925224345
15984,159.8399999999996,0.9999999925384961
15985,159.8499999999996,0.9999999925545257
15986,159.8599999999996,0.9999999925705231
15987,159.86999999999958,0.9999999925864885
15988,159.87999999999957,0.999999992602422
15989,159.88999999999956,0.9999999926183237
15990,159.89999999999955,0.9999999926341936
15991,159.90999999999954,0.9999999926500316
15992,159.91999999999953,0.9999999926658381
15993,159.92999999999952,0.9999999926816128
15994,159.93999999999951,0.999999992697356
15995,159.9499999999995,0.9999999927130676
15996,159.9599999999995,0.9999999927287477
15997,159.9699999999995,0.9999999927443965
15998,159.97999999999948,0.999999992760014
15999,159.98999999999947,0.9999999927756
16000,159.99999999999946,0.9999999927911549
16001,160.00999999999945,0.9999999928066786
16002,160.01999999999944,0.9999999928221712
16003,160.02999999999943,0.9999999928376327
16004,160.03999999999942,0.9999999928530632
16005,160.04999999999941,0.9999999928684628
16006,160.0599999999994,0.9999999928838315
16007,160.0699999999994,0.9999999928991693
16008,160.0799999999994,0.9999999929144763
16009,160.08999999999938,0.9999999929297526
16010,160.09999999999937,0.9999999929449982
16011,160.10999999999936,0.9999999929602132
16012,160.11999999999935,0.9999999929753978
16013,160.12999999999934,0.9999999929905516
16014,160.13999999999933,0.9999999930056752
16015,160.14999999999932,0.9999999930207684
16016,160.15999999999931,0.9999999930358311
16017,160.1699999999993,0.9999999930508636
16018,160.1799999999993,0.999999993065866
16019,160.1899999999993,0.9999999930808381
16020,160.19999999999928,0.9999999930957801
16021,160.20999999999927,0.9999999931106921
16022,160.21999999999926,0.9999999931255741
16023,160.22999999999925,0.9999999931404261
16024,160.23999999999924,0.9999999931552482
16025,160.24999999999923,0.9999999931700405
16026,160.25999999999922,0.999999993184803
16027,160.26999999999921,0.9999999931995358
16028,160.2799999999992,0.9999999932142389
16029,160.2899999999992,0.9999999932289124
16030,160.2999999999992,0.9999999932435564
16031,160.30999999999918,0.9999999932581708
16032,160.31999999999917,0.9999999932727557
16033,160.32999999999916,0.9999999932873113
16034,160.33999999999915,0.9999999933018375
16035,160.34999999999914,0.9999999933163345
16036,160.35999999999913,0.9999999933308021
16037,160.36999999999912,0.9999999933452407
16038,160.37999999999911,0.9999999933596501
16039,160.3899999999991,0.9999999933740304
16040,160.3999999999991,0.9999999933883817
16041,160.4099999999991,0.9999999934027041
16042,160.41999999999908,0.9999999934169975
16043,160.42999999999907,0.999999993431262
16044,160.43999999999906,0.9999999934454978
16045,160.44999999999905,0.9999999934597048
16046,160.45999999999904,0.999999993473883
16047,160.46999999999903,0.9999999934880327
16048,160.47999999999902,0.9999999935021537
16049,160.48999999999901,0.9999999935162462
16050,160.499999999999,0.9999999935303103
16051,160.509999999999,0.9999999935443459
16052,160.519999999999,0.9999999935583531
16053,160.52999999999898,0.9999999935723319
16054,160.53999999999897,0.9999999935862826
16055,160.54999999999896,0.9999999936002049
16056,160.55999999999895,0.9999999936140991
16057,160.56999999999894,0.9999999936279651
16058,160.57999999999893,0.9999999936418031
16059,160.58999999999892,0.9999999936556131
16060,160.59999999999891,0.9999999936693951
16061,160.6099999999989,0.9999999936831492
16062,160.6199999999989,0.9999999936968754
16063,160.6299999999989,0.9999999937105738
16064,160.63999999999888,0.9999999937242445
16065,160.64999999999887,0.9999999937378875
16066,160.65999999999886,0.9999999937515027
16067,160.66999999999885,0.9999999937650904
16068,160.67999999999884,0.9999999937786506
16069,160.68999999999883,0.9999999937921832
16070,160.69999999999882,0.9999999938056884
16071,160.70999999999881,0.9999999938191662
16072,160.7199999999988,0.9999999938326166
16073,160.7299999999988,0.9999999938460397
16074,160.7399999999988,0.9999999938594356
16075,160.74999999999878,0.9999999938728042
16076,160.75999999999877,0.9999999938861458
16077,160.76999999999876,0.9999999938994603
16078,160.77999999999875,0.9999999939127476
16079,160.78999999999874,0.999999993926008
16080,160.79999999999873,0.9999999939392414
16081,160.80999999999872,0.9999999939524481
16082,160.8199999999987,0.9999999939656278
16083,160.8299999999987,0.9999999939787807
16084,160.8399999999987,0.9999999939919069
16085,160.8499999999987,0.9999999940050063
16086,160.85999999999868,0.9999999940180792
16087,160.86999999999867,0.9999999940311254
16088,160.87999999999866,0.9999999940441451
16089,160.88999999999865,0.9999999940571382
16090,160.89999999999864,0.999999994070105
16091,160.90999999999863,0.9999999940830453
16092,160.91999999999862,0.9999999940959593
16093,160.9299999999986,0.999999994108847
16094,160.9399999999986,0.9999999941217085
16095,160.9499999999986,0.9999999941345437
16096,160.9599999999986,0.9999999941473527
16097,160.96999999999858,0.9999999941601357
16098,160.97999999999857,0.9999999941728926
16099,160.98999999999856,0.9999999941856236
16100,160.99999999999855,0.9999999941983285
16101,161.00999999999854,0.9999999942110076
16102,161.01999999999853,0.9999999942236608
16103,161.02999999999852,0.9999999942362882
16104,161.0399999999985,0.9999999942488897
16105,161.0499999999985,0.9999999942614657
16106,161.0599999999985,0.9999999942740159
16107,161.0699999999985,0.9999999942865405
16108,161.07999999999848,0.9999999942990395
16109,161.08999999999847,0.999999994311513
16110,161.09999999999846,0.999999994323961
16111,161.10999999999845,0.9999999943363836
16112,161.11999999999844,0.9999999943487808
16113,161.12999999999843,0.9999999943611527
16114,161.13999999999842,0.9999999943734994
16115,161.1499999999984,0.9999999943858208
16116,161.1599999999984,0.9999999943981169
16117,161.1699999999984,0.9999999944103879
16118,161.1799999999984,0.9999999944226339
16119,161.18999999999838,0.9999999944348548
16120,161.19999999999837,0.9999999944470506
16121,161.20999999999836,0.9999999944592215
16122,161.21999999999835,0.9999999944713676
16123,161.22999999999834,0.9999999944834886
16124,161.23999999999833,0.999999994495585
16125,161.24999999999832,0.9999999945076565
16126,161.2599999999983,0.9999999945197035
16127,161.2699999999983,0.9999999945317256
16128,161.2799999999983,0.9999999945437231
16129,161.2899999999983,0.9999999945556961
16130,161.29999999999828,0.9999999945676444
16131,161.30999999999827,0.9999999945795683
16132,161.31999999999826,0.9999999945914678
16133,161.32999999999825,0.999999994603343
16134,161.33999999999824,0.9999999946151936
16135,161.34999999999823,0.99999999462702
16136,161.35999999999822,0.9999999946388223
16137,161.3699999999982,0.9999999946506002
16138,161.3799999999982,0.9999999946623539
16139,161.3899999999982,0.9999999946740836
16140,161.3999999999982,0.9999999946857892
16141,161.40999999999818,0.9999999946974707
16142,161.41999999999817,0.9999999947091283
16143,161.42999999999816,0.9999999947207618
16144,161.43999999999815,0.9999999947323716
16145,161.44999999999814,0.9999999947439574
16146,161.45999999999813,0.9999999947555194
16147,161.46999999999812,0.9999999947670577
16148,161.4799999999981,0.9999999947785723
16149,161.4899999999981,0.9999999947900631
16150,161.4999999999981,0.9999999948015303
16151,161.5099999999981,0.999999994812974
16152,161.51999999999808,0.9999999948243942
16153,161.52999999999807,0.9999999948357907
16154,161.53999999999806,0.999999994847164
16155,161.54999999999805,0.9999999948585138
16156,161.55999999999804,0.9999999948698401
16157,161.56999999999803,0.9999999948811432
16158,161.57999999999802,0.9999999948924231
16159,161.589999999998,0.9999999949036796
16160,161.599999999998,0.9999999949149131
16161,161.609999999998,0.9999999949261233
16162,161.619999999998,0.9999999949373105
16163,161.62999999999798,0.9999999949484746
16164,161.63999999999797,0.9999999949596157
16165,161.64999999999796,0.9999999949707338
16166,161.65999999999795,0.999999994981829
16167,161.66999999999794,0.9999999949929013
16168,161.67999999999793,0.9999999950039508
16169,161.68999999999792,0.9999999950149775
16170,161.6999999999979,0.9999999950259815
16171,161.7099999999979,0.9999999950369627
16172,161.7199999999979,0.9999999950479213
16173,161.7299999999979,0.9999999950588572
16174,161.73999999999788,0.9999999950697706
16175,161.74999999999787,0.9999999950806614
16176,161.75999999999786,0.9999999950915297
16177,161.76999999999785,0.9999999951023756
16178,161.77999999999784,0.9999999951131991
16179,161.78999999999783,0.9999999951240002
16180,161.79999999999782,0.999999995134779
16181,161.8099999999978,0.9999999951455355
16182,161.8199999999978,0.9999999951562698
16183,161.8299999999978,0.9999999951669819
16184,161.8399999999978,0.9999999951776718
16185,161.84999999999778,0.9999999951883396
16186,161.85999999999777,0.9999999951989853
16187,161.86999999999776,0.999999995209609
16188,161.87999999999775,0.9999999952202108
16189,161.88999999999774,0.9999999952307905
16190,161.89999999999773,0.9999999952413484
16191,161.90999999999772,0.9999999952518845
16192,161.9199999999977,0.9999999952623987
16193,161.9299999999977,0.9999999952728912
16194,161.9399999999977,0.9999999952833618
16195,161.9499999999977,0.9999999952938108
16196,161.95999999999768,0.9999999953042382
16197,161.96999999999767,0.9999999953146439
16198,161.97999999999766,0.999999995325028
16199,161.98999999999765,0.9999999953353907
16200,161.99999999999764,0.9999999953457318
16201,162.00999999999763,0.9999999953560516
16202,162.01999999999762,0.9999999953663499
16203,162.0299999999976,0.9999999953766268
16204,162.0399999999976,0.9999999953868823
16205,162.0499999999976,0.9999999953971167
16206,162.0599999999976,0.9999999954073298
16207,162.06999999999758,0.9999999954175217
16208,162.07999999999757,0.9999999954276924
16209,162.08999999999756,0.999999995437842
16210,162.09999999999755,0.9999999954479705
16211,162.10999999999754,0.9999999954580779
16212,162.11999999999753,0.9999999954681644
16213,162.12999999999752,0.9999999954782299
16214,162.1399999999975,0.9999999954882745
16215,162.1499999999975,0.9999999954982982
16216,162.1599999999975,0.9999999955083011
16217,162.1699999999975,0.9999999955182831
16218,162.17999999999748,0.9999999955282445
16219,162.18999999999747,0.999999995538185
16220,162.19999999999746,0.9999999955481049
16221,162.20999999999745,0.9999999955580042
16222,162.21999999999744,0.9999999955678829
16223,162.22999999999743,0.9999999955777409
16224,162.23999999999742,0.9999999955875785
16225,162.2499999999974,0.9999999955973956
16226,162.2599999999974,0.9999999956071922
16227,162.2699999999974,0.9999999956169685
16228,162.2799999999974,0.9999999956267244
16229,162.28999999999738,0.9999999956364599
16230,162.29999999999737,0.9999999956461751
16231,162.30999999999736,0.9999999956558702
16232,162.31999999999735,0.9999999956655449
16233,162.32999999999734,0.9999999956751995
16234,162.33999999999733,0.999999995684834
16235,162.34999999999732,0.9999999956944484
16236,162.3599999999973,0.9999999957040427
16237,162.3699999999973,0.9999999957136171
16238,162.3799999999973,0.9999999957231714
16239,162.3899999999973,0.9999999957327058
16240,162.39999999999728,0.9999999957422203
16241,162.40999999999727,0.9999999957517149
16242,162.41999999999726,0.9999999957611897
16243,162.42999999999725,0.9999999957706448
16244,162.43999999999724,0.99999999578008
16245,162.44999999999723,0.9999999957894956
16246,162.45999999999722,0.9999999957988914
16247,162.4699999999972,0.9999999958082677
16248,162.4799999999972,0.9999999958176243
16249,162.4899999999972,0.9999999958269614
16250,162.4999999999972,0.9999999958362791
16251,162.50999999999718,0.9999999958455771
16252,162.51999999999717,0.9999999958548558
16253,162.52999999999716,0.999999995864115
16254,162.53999999999715,0.9999999958733549
16255,162.54999999999714,0.9999999958825754
16256,162.55999999999713,0.9999999958917766
16257,162.56999999999712,0.9999999959009586
16258,162.5799999999971,0.9999999959101212
16259,162.5899999999971,0.9999999959192648
16260,162.5999999999971,0.9999999959283893
16261,162.6099999999971,0.9999999959374946
16262,162.61999999999708,0.9999999959465807
16263,162.62999999999707,0.9999999959556479
16264,162.63999999999706,0.9999999959646961
16265,162.64999999999705,0.9999999959737254
16266,162.65999999999704,0.9999999959827356
16267,162.66999999999703,0.999999995991727
16268,162.67999999999702,0.9999999960006996
16269,162.689999999997,0.9999999960096532
16270,162.699999999997,0.9999999960185881
16271,162.709999999997,0.9999999960275043
16272,162.719999999997,0.9999999960364018
16273,162.72999999999698,0.9999999960452807
16274,162.73999999999697,0.9999999960541408
16275,162.74999999999696,0.9999999960629824
16276,162.75999999999695,0.9999999960718053
16277,162.76999999999694,0.9999999960806099
16278,162.77999999999693,0.9999999960893958
16279,162.78999999999692,0.9999999960981633
16280,162.7999999999969,0.9999999961069124
16281,162.8099999999969,0.9999999961156432
16282,162.8199999999969,0.9999999961243555
16283,162.8299999999969,0.9999999961330495
16284,162.83999999999688,0.9999999961417253
16285,162.84999999999687,0.9999999961503828
16286,162.85999999999686,0.9999999961590221
16287,162.86999999999685,0.9999999961676432
16288,162.87999999999684,0.9999999961762462
16289,162.88999999999683,0.9999999961848312
16290,162.89999999999682,0.999999996193398
16291,162.9099999999968,0.9999999962019468
16292,162.9199999999968,0.9999999962104775
16293,162.9299999999968,0.9999999962189904
16294,162.9399999999968,0.9999999962274854
16295,162.94999999999678,0.9999999962359624
16296,162.95999999999677,0.9999999962444215
16297,162.96999999999676,0.9999999962528628
16298,162.97999999999675,0.9999999962612863
16299,162.98999999999674,0.9999999962696922
16300,162.99999999999673,0.9999999962780802
16301,163.00999999999672,0.9999999962864506
16302,163.0199999999967,0.9999999962948033
16303,163.0299999999967,0.9999999963031385
16304,163.0399999999967,0.999999996311456
16305,163.0499999999967,0.999999996319756
16306,163.05999999999668,0.9999999963280385
16307,163.06999999999667,0.9999999963363034
16308,163.07999999999666,0.9999999963445511
16309,163.08999999999665,0.9999999963527811
16310,163.09999999999664,0.9999999963609939
16311,163.10999999999663,0.9999999963691893
16312,163.11999999999662,0.9999999963773675
16313,163.1299999999966,0.9999999963855283
16314,163.1399999999966,0.9999999963936719
16315,163.1499999999966,0.9999999964017983
16316,163.1599999999966,0.9999999964099074
16317,163.16999999999658,0.9999999964179995
16318,163.17999999999657,0.9999999964260745
16319,163.18999999999656,0.9999999964341323
16320,163.19999999999655,0.9999999964421732
16321,163.20999999999654,0.999999996450197
16322,163.21999999999653,0.9999999964582038
16323,163.22999999999652,0.9999999964661938
16324,163.2399999999965,0.9999999964741668
16325,163.2499999999965,0.9999999964821229
16326,163.2599999999965,0.9999999964900622
16327,163.2699999999965,0.9999999964979847
16328,163.27999999999648,0.9999999965058903
16329,163.28999999999647,0.9999999965137794
16330,163.29999999999646,0.9999999965216516
16331,163.30999999999645,0.9999999965295071
16332,163.31999999999644,0.9999999965373461
16333,163.32999999999643,0.9999999965451684
16334,163.33999999999642,0.9999999965529741
16335,163.3499999999964,0.9999999965607632
16336,163.3599999999964,0.9999999965685359
16337,163.3699999999964,0.9999999965762921
16338,163.3799999999964,0.9999999965840318
16339,163.38999999999638,0.9999999965917551
16340,163.39999999999637,0.999999996599462
16341,163.40999999999636,0.9999999966071527
16342,163.41999999999635,0.9999999966148269
16343,163.42999999999634,0.9999999966224848
16344,163.43999999999633,0.9999999966301265
16345,163.44999999999632,0.999999996637752
16346,163.4599999999963,0.9999999966453612
16347,163.4699999999963,0.9999999966529544
16348,163.4799999999963,0.9999999966605313
16349,163.4899999999963,0.9999999966680923
16350,163.49999999999628,0.999999996675637
16351,163.50999999999627,0.9999999966831659
16352,163.51999999999626,0.9999999966906786
16353,163.52999999999625,0.9999999966981754
16354,163.53999999999624,0.9999999967056562
16355,163.54999999999623,0.9999999967131212
16356,163.55999999999622,0.9999999967205703
16357,163.5699999999962,0.9999999967280034
16358,163.5799999999962,0.9999999967354208
16359,163.5899999999962,0.9999999967428225
16360,163.5999999999962,0.9999999967502083
16361,163.60999999999618,0.9999999967575784
16362,163.61999999999617,0.9999999967649329
16363,163.62999999999616,0.9999999967722717
16364,163.63999999999615,0.9999999967795948
16365,163.64999999999614,0.9999999967869023
16366,163.65999999999613,0.9999999967941944
16367,163.66999999999612,0.9999999968014708
16368,163.6799999999961,0.9999999968087318
16369,163.6899999999961,0.9999999968159772
16370,163.6999999999961,0.9999999968232072
16371,163.70999999999609,0.9999999968304217
16372,163.71999999999608,0.999999996837621
16373,163.72999999999607,0.9999999968448048
16374,163.73999999999606,0.9999999968519734
16375,163.74999999999605,0.9999999968591265
16376,163.75999999999604,0.9999999968662645
16377,163.76999999999603,0.9999999968733873
16378,163.77999999999602,0.9999999968804948
16379,163.789999999996,0.9999999968875871
16380,163.799999999996,0.9999999968946643
16381,163.809999999996,0.9999999969017264
16382,163.81999999999599,0.9999999969087734
16383,163.82999999999598,0.9999999969158053
16384,163.83999999999597,0.9999999969228223
16385,163.84999999999596,0.9999999969298242
16386,163.85999999999595,0.9999999969368112
16387,163.86999999999594,0.9999999969437832
16388,163.87999999999593,0.9999999969507403
16389,163.88999999999592,0.9999999969576825
16390,163.8999999999959,0.9999999969646098
16391,163.9099999999959,0.9999999969715224
16392,163.9199999999959,0.9999999969784202
16393,163.92999999999589,0.9999999969853033
16394,163.93999999999588,0.9999999969921716
16395,163.94999999999587,0.9999999969990251
16396,163.95999999999586,0.9999999970058641
16397,163.96999999999585,0.9999999970126883
16398,163.97999999999584,0.9999999970194979
16399,163.98999999999583,0.999999997026293
16400,163.99999999999582,0.9999999970330735
16401,164.0099999999958,0.9999999970398395
16402,164.0199999999958,0.999999997046591
16403,164.0299999999958,0.9999999970533281
16404,164.03999999999579,0.9999999970600506
16405,164.04999999999578,0.9999999970667588
16406,164.05999999999577,0.9999999970734526
16407,164.06999999999576,0.999999997080132
16408,164.07999999999575,0.9999999970867971
16409,164.08999999999574,0.9999999970934479
16410,164.09999999999573,0.9999999971000844
16411,164.10999999999572,0.9999999971067067
16412,164.1199999999957,0.9999999971133148
16413,164.1299999999957,0.9999999971199086
16414,164.1399999999957,0.9999999971264883
16415,164.14999999999569,0.999999997133054
16416,164.15999999999568,0.9999999971396055
16417,164.16999999999567,0.9999999971461428
16418,164.17999999999566,0.9999999971526663
16419,164.18999999999565,0.9999999971591756
16420,164.19999999999564,0.999999997165671
16421,164.20999999999563,0.9999999971721525
16422,164.21999999999562,0.99999999717862
16423,164.2299999999956,0.9999999971850735
16424,164.2399999999956,0.9999999971915132
16425,164.2499999999956,0.9999999971979391
16426,164.25999999999559,0.9999999972043511
16427,164.26999999999558,0.9999999972107493
16428,164.27999999999557,0.9999999972171337
16429,164.28999999999556,0.9999999972235045
16430,164.29999999999555,0.9999999972298615
16431,164.30999999999554,0.9999999972362048
16432,164.31999999999553,0.9999999972425345
16433,164.32999999999552,0.9999999972488506
16434,164.3399999999955,0.999999997255153
16435,164.3499999999955,0.9999999972614418
16436,164.3599999999955,0.9999999972677172
16437,164.36999999999549,0.9999999972739789
16438,164.37999999999548,0.9999999972802273
16439,164.38999999999547,0.999999997286462
16440,164.39999999999546,0.9999999972926834
16441,164.40999999999545,0.9999999972988914
16442,164.41999999999544,0.9999999973050859
16443,164.42999999999543,0.9999999973112672
16444,164.43999999999542,0.999999997317435
16445,164.4499999999954,0.9999999973235897
16446,164.4599999999954,0.999999997329731
16447,164.4699999999954,0.999999997335859
16448,164.47999999999539,0.9999999973419739
16449,164.48999999999538,0.9999999973480754
16450,164.49999999999537,0.9999999973541639
16451,164.50999999999536,0.9999999973602391
16452,164.51999999999535,0.9999999973663013
16453,164.52999999999534,0.9999999973723503
16454,164.53999999999533,0.9999999973783864
16455,164.54999999999532,0.9999999973844094
16456,164.5599999999953,0.9999999973904193
16457,164.5699999999953,0.9999999973964162
16458,164.5799999999953,0.9999999974024002
16459,164.58999999999529,0.9999999974083713
16460,164.59999999999528,0.9999999974143294
16461,164.60999999999527,0.9999999974202747
16462,164.61999999999526,0.999999997426207
16463,164.62999999999525,0.9999999974321266
16464,164.63999999999524,0.9999999974380334
16465,164.64999999999523,0.9999999974439273
16466,164.65999999999522,0.9999999974498085
16467,164.6699999999952,0.9999999974556769
16468,164.6799999999952,0.9999999974615327
16469,164.6899999999952,0.9999999974673758
16470,164.69999999999519,0.9999999974732062
16471,164.70999999999518,0.999999997479024
16472,164.71999999999517,0.9999999974848292
16473,164.72999999999516,0.9999999974906217
16474,164.73999999999515,0.9999999974964018
16475,164.74999999999514,0.9999999975021694
16476,164.75999999999513,0.9999999975079243
16477,164.76999999999512,0.9999999975136669
16478,164.7799999999951,0.9999999975193969
16479,164.7899999999951,0.9999999975251146
16480,164.7999999999951,0.9999999975308199
16481,164.80999999999509,0.9999999975365127
16482,164.81999999999508,0.9999999975421933
16483,164.82999999999507,0.9999999975478614
16484,164.83999999999506,0.9999999975535173
16485,164.84999999999505,0.9999999975591609
16486,164.85999999999504,0.9999999975647923
16487,164.86999999999503,0.9999999975704114
16488,164.87999999999502,0.9999999975760183
16489,164.889999999995,0.9999999975816131
16490,164.899999999995,0.9999999975871956
16491,164.909999999995,0.999999997592766
16492,164.91999999999499,0.9999999975983244
16493,164.92999999999498,0.9999999976038706
16494,164.93999999999497,0.9999999976094048
16495,164.94999999999496,0.999999997614927
16496,164.95999999999495,0.9999999976204371
16497,164.96999999999494,0.9999999976259353
16498,164.97999999999493,0.9999999976314214
16499,164.98999999999492,0.9999999976368957
16500,164.9999999999949,0.9999999976423581
16501,165.0099999999949,0.9999999976478086
16502,165.0199999999949,0.9999999976532472
16503,165.02999999999489,0.999999997658674
16504,165.03999999999488,0.9999999976640889
16505,165.04999999999487,0.999999997669492
16506,165.05999999999486,0.9999999976748833
16507,165.06999999999485,0.999999997680263
16508,165.07999999999484,0.999999997685631
16509,165.08999999999483,0.9999999976909871
16510,165.09999999999482,0.9999999976963316
16511,165.1099999999948,0.9999999977016646
16512,165.1199999999948,0.9999999977069859
16513,165.1299999999948,0.9999999977122955
16514,165.13999999999479,0.9999999977175935
16515,165.14999999999478,0.9999999977228801
16516,165.15999999999477,0.9999999977281551
16517,165.16999999999476,0.9999999977334185
16518,165.17999999999475,0.9999999977386705
16519,165.18999999999474,0.9999999977439111
16520,165.19999999999473,0.9999999977491402
16521,165.20999999999472,0.9999999977543579
16522,165.2199999999947,0.9999999977595642
16523,165.2299999999947,0.999999997764759
16524,165.2399999999947,0.9999999977699425
16525,165.24999999999469,0.9999999977751148
16526,165.25999999999468,0.9999999977802757
16527,165.26999999999467,0.9999999977854254
16528,165.27999999999466,0.9999999977905638
16529,165.28999999999465,0.9999999977956909
16530,165.29999999999464,0.999999997800807
16531,165.30999999999463,0.9999999978059118
16532,165.31999999999462,0.9999999978110053
16533,165.3299999999946,0.9999999978160877
16534,165.3399999999946,0.9999999978211591
16535,165.3499999999946,0.9999999978262194
16536,165.35999999999459,0.9999999978312686
16537,165.36999999999458,0.9999999978363067
16538,165.37999999999457,0.9999999978413338
16539,165.38999999999456,0.9999999978463499
16540,165.39999999999455,0.999999997851355
16541,165.40999999999454,0.9999999978563491
16542,165.41999999999453,0.9999999978613323
16543,165.42999999999452,0.9999999978663047
16544,165.4399999999945,0.999999997871266
16545,165.4499999999945,0.9999999978762165
16546,165.4599999999945,0.9999999978811562
16547,165.46999999999449,0.9999999978860851
16548,165.47999999999448,0.9999999978910031
16549,165.48999999999447,0.9999999978959103
16550,165.49999999999446,0.9999999979008068
16551,165.50999999999445,0.9999999979056926
16552,165.51999999999444,0.9999999979105676
16553,165.52999999999443,0.9999999979154319
16554,165.53999999999442,0.9999999979202856
16555,165.5499999999944,0.9999999979251286
16556,165.5599999999944,0.999999997929961
16557,165.5699999999944,0.9999999979347828
16558,165.57999999999439,0.9999999979395939
16559,165.58999999999438,0.9999999979443945
16560,165.59999999999437,0.9999999979491847
16561,165.60999999999436,0.9999999979539642
16562,165.61999999999435,0.9999999979587333
16563,165.62999999999434,0.9999999979634918
16564,165.63999999999433,0.9999999979682399
16565,165.64999999999432,0.9999999979729776
16566,165.6599999999943,0.9999999979777049
16567,165.6699999999943,0.9999999979824217
16568,165.6799999999943,0.9999999979871282
16569,165.68999999999428,0.9999999979918244
16570,165.69999999999428,0.9999999979965102
16571,165.70999999999427,0.9999999980011857
16572,165.71999999999426,0.9999999980058508
16573,165.72999999999425,0.9999999980105058
16574,165.73999999999424,0.9999999980151505
16575,165.74999999999423,0.999999998019785
16576,165.75999999999422,0.9999999980244092
16577,165.7699999999942,0.9999999980290233
16578,165.7799999999942,0.9999999980336273
16579,165.7899999999942,0.999999998038221
16580,165.79999999999418,0.9999999980428047
16581,165.80999999999418,0.9999999980473782
16582,165.81999999999417,0.9999999980519417
16583,165.82999999999416,0.9999999980564951
16584,165.83999999999415,0.9999999980610385
16585,165.84999999999414,0.9999999980655718
16586,165.85999999999413,0.9999999980700952
16587,165.86999999999412,0.9999999980746086
16588,165.8799999999941,0.999999998079112
16589,165.8899999999941,0.9999999980836055
16590,165.8999999999941,0.9999999980880891
16591,165.90999999999408,0.9999999980925628
16592,165.91999999999408,0.9999999980970266
16593,165.92999999999407,0.9999999981014805
16594,165.93999999999406,0.9999999981059247
16595,165.94999999999405,0.999999998110359
16596,165.95999999999404,0.9999999981147835
16597,165.96999999999403,0.9999999981191983
16598,165.97999999999402,0.9999999981236032
16599,165.989999999994,0.9999999981279984
16600,165.999999999994,0.999999998132384
16601,166.009999999994,0.9999999981367599
16602,166.01999999999398,0.9999999981411261
16603,166.02999999999398,0.9999999981454826
16604,166.03999999999397,0.9999999981498294
16605,166.04999999999396,0.9999999981541667
16606,166.05999999999395,0.9999999981584944
16607,166.06999999999394,0.9999999981628125
16608,166.07999999999393,0.999999998167121
16609,166.08999999999392,0.99999999817142
16610,166.0999999999939,0.9999999981757096
16611,166.1099999999939,0.9999999981799896
16612,166.1199999999939,0.9999999981842601
16613,166.12999999999388,0.9999999981885213
16614,166.13999999999388,0.9999999981927729
16615,166.14999999999387,0.999999998197015
16616,166.15999999999386,0.9999999982012479
16617,166.16999999999385,0.9999999982054714
16618,166.17999999999384,0.9999999982096854
16619,166.18999999999383,0.9999999982138902
16620,166.19999999999382,0.9999999982180856
16621,166.2099999999938,0.9999999982222717
16622,166.2199999999938,0.9999999982264486
16623,166.2299999999938,0.9999999982306161
16624,166.23999999999378,0.9999999982347745
16625,166.24999999999378,0.9999999982389236
16626,166.25999999999377,0.9999999982430635
16627,166.26999999999376,0.9999999982471942
16628,166.27999999999375,0.9999999982513158
16629,166.28999999999374,0.9999999982554282
16630,166.29999999999373,0.9999999982595315
16631,166.30999999999372,0.9999999982636256
16632,166.3199999999937,0.9999999982677107
16633,166.3299999999937,0.9999999982717866
16634,166.3399999999937,0.9999999982758536
16635,166.34999999999368,0.9999999982799115
16636,166.35999999999368,0.9999999982839605
16637,166.36999999999367,0.9999999982880003
16638,166.37999999999366,0.9999999982920312
16639,166.38999999999365,0.9999999982960531
16640,166.39999999999364,0.9999999983000661
16641,166.40999999999363,0.9999999983040703
16642,166.41999999999362,0.9999999983080654
16643,166.4299999999936,0.9999999983120518
16644,166.4399999999936,0.9999999983160291
16645,166.4499999999936,0.9999999983199978
16646,166.45999999999358,0.9999999983239575
16647,166.46999999999358,0.9999999983279084
16648,166.47999999999357,0.9999999983318506
16649,166.48999999999356,0.9999999983357839
16650,166.49999999999355,0.9999999983397085
16651,166.50999999999354,0.9999999983436244
16652,166.51999999999353,0.9999999983475315
16653,166.52999999999352,0.9999999983514299
16654,166.5399999999935,0.9999999983553197
16655,166.5499999999935,0.9999999983592008
16656,166.5599999999935,0.9999999983630732
16657,166.56999999999348,0.999999998366937
16658,166.57999999999348,0.9999999983707922
16659,166.58999999999347,0.9999999983746388
16660,166.59999999999346,0.9999999983784769
16661,166.60999999999345,0.9999999983823062
16662,166.61999999999344,0.9999999983861272
16663,166.62999999999343,0.9999999983899396
16664,166.63999999999342,0.9999999983937434
16665,166.6499999999934,0.9999999983975388
16666,166.6599999999934,0.9999999984013257
16667,166.6699999999934,0.9999999984051042
16668,166.67999999999338,0.9999999984088742
16669,166.68999999999338,0.9999999984126359
16670,166.69999999999337,0.9999999984163891
16671,166.70999999999336,0.9999999984201339
16672,166.71999999999335,0.9999999984238703
16673,166.72999999999334,0.9999999984275985
16674,166.73999999999333,0.9999999984313181
16675,166.74999999999332,0.9999999984350296
16676,166.7599999999933,0.9999999984387328
16677,166.7699999999933,0.9999999984424277
16678,166.7799999999933,0.9999999984461143
16679,166.78999999999328,0.9999999984497927
16680,166.79999999999328,0.9999999984534629
16681,166.80999999999327,0.9999999984571248
16682,166.81999999999326,0.9999999984607786
16683,166.82999999999325,0.9999999984644241
16684,166.83999999999324,0.9999999984680615
16685,166.84999999999323,0.9999999984716907
16686,166.85999999999322,0.999999998475312
16687,166.8699999999932,0.999999998478925
16688,166.8799999999932,0.99999999848253
16689,166.8899999999932,0.9999999984861268
16690,166.89999999999318,0.9999999984897157
16691,166.90999999999318,0.9999999984932963
16692,166.91999999999317,0.9999999984968692
16693,166.92999999999316,0.9999999985004339
16694,166.93999999999315,0.9999999985039906
16695,166.94999999999314,0.9999999985075394
16696,166.95999999999313,0.9999999985110802
16697,166.96999999999312,0.9999999985146131
16698,166.9799999999931,0.999999998518138
16699,166.9899999999931,0.9999999985216551
16700,166.9999999999931,0.9999999985251643
16701,167.00999999999308,0.9999999985286656
16702,167.01999999999308,0.999999998532159
16703,167.02999999999307,0.9999999985356446
16704,167.03999999999306,0.9999999985391224
16705,167.04999999999305,0.9999999985425922
16706,167.05999999999304,0.9999999985460545
16707,167.06999999999303,0.9999999985495088
16708,167.07999999999302,0.9999999985529555
16709,167.089999999993,0.9999999985563944
16710,167.099999999993,0.9999999985598256
16711,167.109999999993,0.999999998563249
16712,167.11999999999298,0.9999999985666648
16713,167.12999999999298,0.9999999985700728
16714,167.13999999999297,0.9999999985734732
16715,167.14999999999296,0.9999999985768661
16716,167.15999999999295,0.9999999985802511
16717,167.16999999999294,0.9999999985836286
16718,167.17999999999293,0.9999999985869986
16719,167.18999999999292,0.9999999985903609
16720,167.1999999999929,0.9999999985937158
16721,167.2099999999929,0.999999998597063
16722,167.2199999999929,0.9999999986004027
16723,167.22999999999288,0.9999999986037349
16724,167.23999999999288,0.9999999986070596
16725,167.24999999999287,0.9999999986103767
16726,167.25999999999286,0.9999999986136865
16727,167.26999999999285,0.9999999986169887
16728,167.27999999999284,0.9999999986202835
16729,167.28999999999283,0.9999999986235709
16730,167.29999999999282,0.999999998626851
16731,167.3099999999928,0.9999999986301236
16732,167.3199999999928,0.9999999986333888
16733,167.3299999999928,0.9999999986366467
16734,167.33999999999278,0.9999999986398972
16735,167.34999999999278,0.9999999986431404
16736,167.35999999999277,0.9999999986463762
16737,167.36999999999276,0.9999999986496049
16738,167.37999999999275,0.9999999986528261
16739,167.38999999999274,0.9999999986560402
16740,167.39999999999273,0.9999999986592469
16741,167.40999999999272,0.9999999986624465
16742,167.4199999999927,0.9999999986656387
16743,167.4299999999927,0.9999999986688238
16744,167.4399999999927,0.9999999986720017
16745,167.44999999999268,0.9999999986751725
16746,167.45999999999268,0.9999999986783361
16747,167.46999999999267,0.9999999986814925
16748,167.47999999999266,0.9999999986846417
16749,167.48999999999265,0.999999998687784
16750,167.49999999999264,0.999999998690919
16751,167.50999999999263,0.999999998694047
16752,167.51999999999262,0.9999999986971679
16753,167.5299999999926,0.9999999987002818
16754,167.5399999999926,0.9999999987033886
16755,167.5499999999926,0.9999999987064884
16756,167.55999999999258,0.9999999987095812
16757,167.56999999999258,0.999999998712667
16758,167.57999999999257,0.9999999987157457
16759,167.58999999999256,0.9999999987188176
16760,167.59999999999255,0.9999999987218825
16761,167.60999999999254,0.9999999987249404
16762,167.61999999999253,0.9999999987279914
16763,167.62999999999252,0.9999999987310355
16764,167.6399999999925,0.9999999987340727
16765,167.6499999999925,0.9999999987371031
16766,167.6599999999925,0.9999999987401266
16767,167.66999999999248,0.9999999987431432
16768,167.67999999999248,0.999999998746153
16769,167.68999999999247,0.9999999987491559
16770,167.69999999999246,0.9999999987521521
16771,167.70999999999245,0.9999999987551415
16772,167.71999999999244,0.999999998758124
16773,167.72999999999243,0.9999999987610998
16774,167.73999999999242,0.9999999987640689
16775,167.7499999999924,0.9999999987670312
16776,167.7599999999924,0.9999999987699868
16777,167.7699999999924,0.9999999987729358
16778,167.77999999999238,0.999999998775878
16779,167.78999999999238,0.9999999987788135
16780,167.79999999999237,0.9999999987817424
16781,167.80999999999236,0.9999999987846646
16782,167.81999999999235,0.9999999987875802
16783,167.82999999999234,0.9999999987904892
16784,167.83999999999233,0.9999999987933915
16785,167.84999999999232,0.9999999987962872
16786,167.8599999999923,0.9999999987991764
16787,167.8699999999923,0.999999998802059
16788,167.8799999999923,0.9999999988049352
16789,167.88999999999228,0.9999999988078047
16790,167.89999999999227,0.9999999988106677
16791,167.90999999999227,0.9999999988135242
16792,167.91999999999226,0.9999999988163741
16793,167.92999999999225,0.9999999988192176
16794,167.93999999999224,0.9999999988220547
16795,167.94999999999223,0.9999999988248853
16796,167.95999999999222,0.9999999988277095
16797,167.9699999999922,0.9999999988305273
16798,167.9799999999922,0.9999999988333386
16799,167.9899999999922,0.9999999988361434
16800,167.99999999999218,0.999999998838942
16801,168.00999999999217,0.9999999988417342
16802,168.01999999999217,0.99999999884452
16803,168.02999999999216,0.9999999988472994
16804,168.03999999999215,0.9999999988500725
16805,168.04999999999214,0.9999999988528393
16806,168.05999999999213,0.9999999988555999
16807,168.06999999999212,0.999999998858354
16808,168.0799999999921,0.9999999988611019
16809,168.0899999999921,0.9999999988638436
16810,168.0999999999921,0.9999999988665791
16811,168.10999999999208,0.9999999988693082
16812,168.11999999999207,0.9999999988720312
16813,168.12999999999207,0.9999999988747479
16814,168.13999999999206,0.9999999988774585
16815,168.14999999999205,0.9999999988801628
16816,168.15999999999204,0.9999999988828611
16817,168.16999999999203,0.999999998885553
16818,168.17999999999202,0.9999999988882389
16819,168.189999999992,0.9999999988909187
16820,168.199999999992,0.9999999988935923
16821,168.209999999992,0.9999999988962598
16822,168.21999999999198,0.9999999988989213
16823,168.22999999999197,0.9999999989015766
16824,168.23999999999197,0.999999998904226
16825,168.24999999999196,0.9999999989068692
16826,168.25999999999195,0.9999999989095063
16827,168.26999999999194,0.9999999989121375
16828,168.27999999999193,0.9999999989147627
16829,168.28999999999192,0.9999999989173818
16830,168.2999999999919,0.999999998919995
16831,168.3099999999919,0.9999999989226022
16832,168.3199999999919,0.9999999989252034
16833,168.32999999999188,0.9999999989277987
16834,168.33999999999187,0.999999998930388
16835,168.34999999999187,0.9999999989329714
16836,168.35999999999186,0.9999999989355489
16837,168.36999999999185,0.9999999989381205
16838,168.37999999999184,0.9999999989406863
16839,168.38999999999183,0.999999998943246
16840,168.39999999999182,0.9999999989458
16841,168.4099999999918,0.9999999989483481
16842,168.4199999999918,0.9999999989508904
16843,168.4299999999918,0.9999999989534268
16844,168.43999999999178,0.9999999989559575
16845,168.44999999999177,0.9999999989584824
16846,168.45999999999177,0.9999999989610014
16847,168.46999999999176,0.9999999989635148
16848,168.47999999999175,0.9999999989660222
16849,168.48999999999174,0.9999999989685241
16850,168.49999999999173,0.9999999989710201
16851,168.50999999999172,0.9999999989735104
16852,168.5199999999917,0.999999998975995
16853,168.5299999999917,0.9999999989784739
16854,168.5399999999917,0.9999999989809472
16855,168.54999999999168,0.9999999989834146
16856,168.55999999999167,0.9999999989858765
16857,168.56999999999167,0.9999999989883328
16858,168.57999999999166,0.9999999989907833
16859,168.58999999999165,0.9999999989932283
16860,168.59999999999164,0.9999999989956676
16861,168.60999999999163,0.9999999989981014
16862,168.61999999999162,0.9999999990005295
16863,168.6299999999916,0.9999999990029521
16864,168.6399999999916,0.9999999990053691
16865,168.6499999999916,0.9999999990077806
16866,168.65999999999158,0.9999999990101864
16867,168.66999999999157,0.9999999990125868
16868,168.67999999999157,0.9999999990149817
16869,168.68999999999156,0.999999999017371
16870,168.69999999999155,0.9999999990197549
16871,168.70999999999154,0.9999999990221333
16872,168.71999999999153,0.9999999990245062
16873,168.72999999999152,0.9999999990268736
16874,168.7399999999915,0.9999999990292356
16875,168.7499999999915,0.9999999990315922
16876,168.7599999999915,0.9999999990339433
16877,168.76999999999148,0.999999999036289
16878,168.77999999999147,0.9999999990386294
16879,168.78999999999147,0.9999999990409643
16880,168.79999999999146,0.9999999990432938
16881,168.80999999999145,0.999999999045618
16882,168.81999999999144,0.9999999990479368
16883,168.82999999999143,0.9999999990502503
16884,168.83999999999142,0.9999999990525584
16885,168.8499999999914,0.9999999990548613
16886,168.8599999999914,0.9999999990571589
16887,168.8699999999914,0.999999999059451
16888,168.87999999999138,0.999999999061738
16889,168.88999999999137,0.9999999990640197
16890,168.89999999999137,0.9999999990662961
16891,168.90999999999136,0.9999999990685672
16892,168.91999999999135,0.9999999990708331
16893,168.92999999999134,0.9999999990730939
16894,168.93999999999133,0.9999999990753493
16895,168.94999999999132,0.9999999990775996
16896,168.9599999999913,0.9999999990798446
16897,168.9699999999913,0.9999999990820846
16898,168.9799999999913,0.9999999990843192
16899,168.98999999999128,0.9999999990865488
16900,168.99999999999127,0.9999999990887732
16901,169.00999999999127,0.9999999990909925
16902,169.01999999999126,0.9999999990932066
16903,169.02999999999125,0.9999999990954156
16904,169.03999999999124,0.9999999990976196
16905,169.04999999999123,0.9999999990998184
16906,169.05999999999122,0.9999999991020121
16907,169.0699999999912,0.9999999991042008
16908,169.0799999999912,0.9999999991063844
16909,169.0899999999912,0.999999999108563
16910,169.09999999999118,0.9999999991107364
16911,169.10999999999117,0.9999999991129049
16912,169.11999999999117,0.9999999991150684
16913,169.12999999999116,0.9999999991172269
16914,169.13999999999115,0.9999999991193804
16915,169.14999999999114,0.9999999991215288
16916,169.15999999999113,0.9999999991236724
16917,169.16999999999112,0.999999999125811
16918,169.1799999999911,0.9999999991279446
16919,169.1899999999911,0.9999999991300732
16920,169.1999999999911,0.999999999132197
16921,169.20999999999108,0.9999999991343157
16922,169.21999999999107,0.9999999991364296
16923,169.22999999999107,0.9999999991385387
16924,169.23999999999106,0.9999999991406427
16925,169.24999999999105,0.999999999142742
16926,169.25999999999104,0.9999999991448363
16927,169.26999999999103,0.9999999991469258
16928,169.27999999999102,0.9999999991490105
16929,169.289999999991,0.9999999991510903
16930,169.299999999991,0.9999999991531653
16931,169.309999999991,0.9999999991552355
16932,169.31999999999098,0.9999999991573009
16933,169.32999999999097,0.9999999991593616
16934,169.33999999999097,0.9999999991614174
16935,169.34999999999096,0.9999999991634684
16936,169.35999999999095,0.9999999991655146
16937,169.36999999999094,0.9999999991675562
16938,169.37999999999093,0.9999999991695929
16939,169.38999999999092,0.9999999991716251
16940,169.3999999999909,0.9999999991736523
16941,169.4099999999909,0.999999999175675
16942,169.4199999999909,0.9999999991776929
16943,169.42999999999088,0.9999999991797062
16944,169.43999999999087,0.9999999991817147
16945,169.44999999999087,0.9999999991837186
16946,169.45999999999086,0.9999999991857178
16947,169.46999999999085,0.9999999991877124
16948,169.47999999999084,0.9999999991897024
16949,169.48999999999083,0.9999999991916877
16950,169.49999999999082,0.9999999991936683
16951,169.5099999999908,0.9999999991956444
16952,169.5199999999908,0.999999999197616
16953,169.5299999999908,0.9999999991995828
16954,169.53999999999078,0.9999999992015451
16955,169.54999999999077,0.9999999992035029
16956,169.55999999999077,0.9999999992054561
16957,169.56999999999076,0.9999999992074048
16958,169.57999999999075,0.9999999992093489
16959,169.58999999999074,0.9999999992112885
16960,169.59999999999073,0.9999999992132236
16961,169.60999999999072,0.9999999992151541
16962,169.6199999999907,0.9999999992170802
16963,169.6299999999907,0.9999999992190017
16964,169.6399999999907,0.9999999992209189
16965,169.64999999999068,0.9999999992228314
16966,169.65999999999067,0.9999999992247396
16967,169.66999999999067,0.9999999992266434
16968,169.67999999999066,0.9999999992285427
16969,169.68999999999065,0.9999999992304375
16970,169.69999999999064,0.9999999992323279
16971,169.70999999999063,0.9999999992342139
16972,169.71999999999062,0.9999999992360955
16973,169.7299999999906,0.9999999992379728
16974,169.7399999999906,0.9999999992398456
16975,169.7499999999906,0.9999999992417141
16976,169.75999999999058,0.9999999992435782
16977,169.76999999999057,0.9999999992454379
16978,169.77999999999057,0.9999999992472933
16979,169.78999999999056,0.9999999992491444
16980,169.79999999999055,0.9999999992509911
16981,169.80999999999054,0.9999999992528337
16982,169.81999999999053,0.9999999992546718
16983,169.82999999999052,0.9999999992565056
16984,169.8399999999905,0.9999999992583352
16985,169.8499999999905,0.9999999992601605
16986,169.8599999999905,0.9999999992619815
16987,169.86999999999048,0.9999999992637982
16988,169.87999999999047,0.9999999992656107
16989,169.88999999999047,0.999999999267419
16990,169.89999999999046,0.999999999269223
16991,169.90999999999045,0.9999999992710228
16992,169.91999999999044,0.9999999992728184
16993,169.92999999999043,0.9999999992746098
16994,169.93999999999042,0.999999999276397
16995,169.9499999999904,0.9999999992781801
16996,169.9599999999904,0.9999999992799589
16997,169.9699999999904,0.9999999992817336
16998,169.97999999999038,0.9999999992835041
16999,169.98999999999037,0.9999999992852705
17000,169.99999999999037,0.9999999992870328
17001,170.00999999999036,0.9999999992887908
17002,170.01999999999035,0.9999999992905448
17003,170.02999999999034,0.9999999992922947
17004,170.03999999999033,0.9999999992940405
17005,170.04999999999032,0.9999999992957822
17006,170.0599999999903,0.9999999992975198
17007,170.0699999999903,0.9999999992992533
17008,170.0799999999903,0.9999999993009828
17009,170.08999999999028,0.9999999993027082
17010,170.09999999999027,0.9999999993044295
17011,170.10999999999026,0.9999999993061469
17012,170.11999999999026,0.9999999993078602
17013,170.12999999999025,0.9999999993095694
17014,170.13999999999024,0.9999999993112747
17015,170.14999999999023,0.999999999312976
17016,170.15999999999022,0.9999999993146732
17017,170.1699999999902,0.9999999993163665
17018,170.1799999999902,0.9999999993180558
17019,170.1899999999902,0.9999999993197412
17020,170.19999999999018,0.9999999993214225
17021,170.20999999999017,0.9999999993230999
17022,170.21999999999016,0.9999999993247735
17023,170.22999999999016,0.999999999326443
17024,170.23999999999015,0.9999999993281086
17025,170.24999999999014,0.9999999993297704
17026,170.25999999999013,0.9999999993314281
17027,170.26999999999012,0.999999999333082
17028,170.2799999999901,0.999999999334732
17029,170.2899999999901,0.9999999993363782
17030,170.2999999999901,0.9999999993380204
17031,170.30999999999008,0.9999999993396589
17032,170.31999999999007,0.9999999993412935
17033,170.32999999999006,0.9999999993429242
17034,170.33999999999006,0.999999999344551
17035,170.34999999999005,0.999999999346174
17036,170.35999999999004,0.9999999993477933
17037,170.36999999999003,0.9999999993494086
17038,170.37999999999002,0.9999999993510202
17039,170.38999999999,0.9999999993526281
17040,170.39999999999,0.999999999354232
17041,170.40999999999,0.9999999993558323
17042,170.41999999998998,0.9999999993574287
17043,170.42999999998997,0.9999999993590214
17044,170.43999999998996,0.9999999993606103
17045,170.44999999998996,0.9999999993621955
17046,170.45999999998995,0.999999999363777
17047,170.46999999998994,0.9999999993653548
17048,170.47999999998993,0.9999999993669287
17049,170.48999999998992,0.999999999368499
17050,170.4999999999899,0.9999999993700657
17051,170.5099999999899,0.9999999993716285
17052,170.5199999999899,0.9999999993731878
17053,170.52999999998988,0.9999999993747434
17054,170.53999999998987,0.9999999993762952
17055,170.54999999998986,0.9999999993778435
17056,170.55999999998986,0.999999999379388
17057,170.56999999998985,0.9999999993809289
17058,170.57999999998984,0.9999999993824661
17059,170.58999999998983,0.9999999993839997
17060,170.59999999998982,0.9999999993855297
17061,170.6099999999898,0.9999999993870561
17062,170.6199999999898,0.999999999388579
17063,170.6299999999898,0.9999999993900981
17064,170.63999999998978,0.9999999993916137
17065,170.64999999998977,0.9999999993931257
17066,170.65999999998976,0.9999999993946341
17067,170.66999999998976,0.999999999396139
17068,170.67999999998975,0.9999999993976404
17069,170.68999999998974,0.9999999993991381
17070,170.69999999998973,0.9999999994006323
17071,170.70999999998972,0.999999999402123
17072,170.7199999999897,0.9999999994036102
17073,170.7299999999897,0.9999999994050939
17074,170.7399999999897,0.9999999994065739
17075,170.74999999998968,0.9999999994080506
17076,170.75999999998967,0.9999999994095238
17077,170.76999999998966,0.9999999994109934
17078,170.77999999998966,0.9999999994124595
17079,170.78999999998965,0.9999999994139223
17080,170.79999999998964,0.9999999994153814
17081,170.80999999998963,0.9999999994168373
17082,170.81999999998962,0.9999999994182895
17083,170.8299999999896,0.9999999994197384
17084,170.8399999999896,0.9999999994211839
17085,170.8499999999896,0.9999999994226259
17086,170.85999999998958,0.9999999994240645
17087,170.86999999998957,0.9999999994254997
17088,170.87999999998956,0.9999999994269315
17089,170.88999999998956,0.9999999994283598
17090,170.89999999998955,0.9999999994297849
17091,170.90999999998954,0.9999999994312065
17092,170.91999999998953,0.9999999994326247
17093,170.92999999998952,0.9999999994340396
17094,170.9399999999895,0.9999999994354511
17095,170.9499999999895,0.9999999994368594
17096,170.9599999999895,0.9999999994382641
17097,170.96999999998948,0.9999999994396657
17098,170.97999999998947,0.9999999994410639
17099,170.98999999998946,0.9999999994424587
17100,170.99999999998946,0.9999999994438502
17101,171.00999999998945,0.9999999994452384
17102,171.01999999998944,0.9999999994466234
17103,171.02999999998943,0.9999999994480051
17104,171.03999999998942,0.9999999994493834
17105,171.0499999999894,0.9999999994507585
17106,171.0599999999894,0.9999999994521304
17107,171.0699999999894,0.9999999994534989
17108,171.07999999998938,0.9999999994548642
17109,171.08999999998937,0.9999999994562262
17110,171.09999999998936,0.9999999994575851
17111,171.10999999998936,0.9999999994589407
17112,171.11999999998935,0.999999999460293
17113,171.12999999998934,0.9999999994616421
17114,171.13999999998933,0.9999999994629881
17115,171.14999999998932,0.9999999994643308
17116,171.1599999999893,0.9999999994656703
17117,171.1699999999893,0.9999999994670067
17118,171.1799999999893,0.9999999994683398
17119,171.18999999998928,0.9999999994696698
17120,171.19999999998927,0.9999999994709966
17121,171.20999999998926,0.9999999994723203
17122,171.21999999998926,0.9999999994736408
17123,171.22999999998925,0.9999999994749582
17124,171.23999999998924,0.9999999994762724
17125,171.24999999998923,0.9999999994775834
17126,171.25999999998922,0.9999999994788914
17127,171.2699999999892,0.9999999994801962
17128,171.2799999999892,0.999999999481498
17129,171.2899999999892,0.9999999994827967
17130,171.29999999998918,0.9999999994840922
17131,171.30999999998917,0.9999999994853846
17132,171.31999999998916,0.999999999486674
17133,171.32999999998916,0.9999999994879603
17134,171.33999999998915,0.9999999994892436
17135,171.34999999998914,0.9999999994905237
17136,171.35999999998913,0.9999999994918007
17137,171.36999999998912,0.9999999994930748
17138,171.3799999999891,0.9999999994943458
17139,171.3899999999891,0.9999999994956138
17140,171.3999999999891,0.9999999994968788
17141,171.40999999998908,0.9999999994981407
17142,171.41999999998907,0.9999999994993996
17143,171.42999999998906,0.9999999995006554
17144,171.43999999998906,0.9999999995019084
17145,171.44999999998905,0.9999999995031583
17146,171.45999999998904,0.9999999995044052
17147,171.46999999998903,0.9999999995056491
17148,171.47999999998902,0.9999999995068901
17149,171.489999999989,0.9999999995081281
17150,171.499999999989,0.9999999995093631
17151,171.509999999989,0.9999999995105953
17152,171.51999999998898,0.9999999995118244
17153,171.52999999998897,0.9999999995130506
17154,171.53999999998896,0.9999999995142739
17155,171.54999999998896,0.9999999995154942
17156,171.55999999998895,0.9999999995167116
17157,171.56999999998894,0.9999999995179261
17158,171.57999999998893,0.9999999995191378
17159,171.58999999998892,0.9999999995203465
17160,171.5999999999889,0.9999999995215522
17161,171.6099999999889,0.9999999995227551
17162,171.6199999999889,0.9999999995239551
17163,171.62999999998888,0.9999999995251523
17164,171.63999999998887,0.9999999995263466
17165,171.64999999998886,0.999999999527538
17166,171.65999999998886,0.9999999995287266
17167,171.66999999998885,0.9999999995299124
17168,171.67999999998884,0.9999999995310952
17169,171.68999999998883,0.9999999995322753
17170,171.69999999998882,0.9999999995334525
17171,171.7099999999888,0.9999999995346269
17172,171.7199999999888,0.9999999995357984
17173,171.7299999999888,0.9999999995369672
17174,171.73999999998878,0.9999999995381332
17175,171.74999999998877,0.9999999995392963
17176,171.75999999998876,0.9999999995404567
17177,171.76999999998876,0.9999999995416143
17178,171.77999999998875,0.9999999995427691
17179,171.78999999998874,0.9999999995439212
17180,171.79999999998873,0.9999999995450705
17181,171.80999999998872,0.999999999546217
17182,171.8199999999887,0.9999999995473607
17183,171.8299999999887,0.9999999995485017
17184,171.8399999999887,0.99999999954964
17185,171.84999999998868,0.9999999995507756
17186,171.85999999998867,0.9999999995519083
17187,171.86999999998866,0.9999999995530384
17188,171.87999999998866,0.9999999995541659
17189,171.88999999998865,0.9999999995552905
17190,171.89999999998864,0.9999999995564124
17191,171.90999999998863,0.9999999995575317
17192,171.91999999998862,0.9999999995586483
17193,171.9299999999886,0.9999999995597622
17194,171.9399999999886,0.9999999995608734
17195,171.9499999999886,0.9999999995619818
17196,171.95999999998858,0.9999999995630877
17197,171.96999999998857,0.999999999564191
17198,171.97999999998856,0.9999999995652915
17199,171.98999999998856,0.9999999995663894
17200,171.99999999998855,0.9999999995674846
17201,172.00999999998854,0.9999999995685772
17202,172.01999999998853,0.9999999995696672
17203,172.02999999998852,0.9999999995707546
17204,172.0399999999885,0.9999999995718394
17205,172.0499999999885,0.9999999995729215
17206,172.0599999999885,0.999999999574001
17207,172.06999999998848,0.9999999995750779
17208,172.07999999998847,0.9999999995761523
17209,172.08999999998846,0.999999999577224
17210,172.09999999998846,0.9999999995782931
17211,172.10999999998845,0.9999999995793597
17212,172.11999999998844,0.9999999995804237
17213,172.12999999998843,0.9999999995814851
17214,172.13999999998842,0.999999999582544
17215,172.1499999999884,0.9999999995836003
17216,172.1599999999884,0.9999999995846541
17217,172.1699999999884,0.9999999995857054
17218,172.17999999998838,0.999999999586754
17219,172.18999999998837,0.9999999995878002
17220,172.19999999998836,0.9999999995888439
17221,172.20999999998836,0.999999999589885
17222,172.21999999998835,0.9999999995909236
17223,172.22999999998834,0.9999999995919597
17224,172.23999999998833,0.9999999995929932
17225,172.24999999998832,0.9999999995940244
17226,172.2599999999883,0.999999999595053
17227,172.2699999999883,0.9999999995960791
17228,172.2799999999883,0.9999999995971027
17229,172.28999999998828,0.9999999995981239
17230,172.29999999998827,0.9999999995991427
17231,172.30999999998826,0.9999999996001588
17232,172.31999999998826,0.9999999996011727
17233,172.32999999998825,0.999999999602184
17234,172.33999999998824,0.9999999996031929
17235,172.34999999998823,0.9999999996041993
17236,172.35999999998822,0.9999999996052034
17237,172.3699999999882,0.9999999996062049
17238,172.3799999999882,0.9999999996072041
17239,172.3899999999882,0.9999999996082009
17240,172.39999999998818,0.9999999996091952
17241,172.40999999998817,0.999999999610187
17242,172.41999999998816,0.9999999996111766
17243,172.42999999998815,0.9999999996121637
17244,172.43999999998815,0.9999999996131484
17245,172.44999999998814,0.9999999996141308
17246,172.45999999998813,0.9999999996151108
17247,172.46999999998812,0.9999999996160883
17248,172.4799999999881,0.9999999996170637
17249,172.4899999999881,0.9999999996180364
17250,172.4999999999881,0.999999999619007
17251,172.50999999998808,0.9999999996199751
17252,172.51999999998807,0.9999999996209409
17253,172.52999999998806,0.9999999996219044
17254,172.53999999998805,0.9999999996228656
17255,172.54999999998805,0.9999999996238244
17256,172.55999999998804,0.9999999996247808
17257,172.56999999998803,0.9999999996257349
17258,172.57999999998802,0.9999999996266868
17259,172.589999999988,0.9999999996276363
17260,172.599999999988,0.9999999996285835
17261,172.609999999988,0.9999999996295285
17262,172.61999999998798,0.9999999996304711
17263,172.62999999998797,0.9999999996314115
17264,172.63999999998796,0.9999999996323495
17265,172.64999999998795,0.9999999996332853
17266,172.65999999998795,0.9999999996342188
17267,172.66999999998794,0.9999999996351501
17268,172.67999999998793,0.9999999996360791
17269,172.68999999998792,0.9999999996370058
17270,172.6999999999879,0.9999999996379303
17271,172.7099999999879,0.9999999996388524
17272,172.7199999999879,0.9999999996397725
17273,172.72999999998788,0.9999999996406902
17274,172.73999999998787,0.9999999996416058
17275,172.74999999998786,0.9999999996425191
17276,172.75999999998785,0.9999999996434301
17277,172.76999999998785,0.9999999996443389
17278,172.77999999998784,0.9999999996452457
17279,172.78999999998783,0.99999999964615
17280,172.79999999998782,0.9999999996470523
17281,172.8099999999878,0.9999999996479524
17282,172.8199999999878,0.9999999996488502
17283,172.8299999999878,0.9999999996497458
17284,172.83999999998778,0.9999999996506393
17285,172.84999999998777,0.9999999996515306
17286,172.85999999998776,0.9999999996524198
17287,172.86999999998775,0.9999999996533068
17288,172.87999999998775,0.9999999996541916
17289,172.88999999998774,0.9999999996550742
17290,172.89999999998773,0.9999999996559548
17291,172.90999999998772,0.9999999996568332
17292,172.9199999999877,0.9999999996577094
17293,172.9299999999877,0.9999999996585834
17294,172.9399999999877,0.9999999996594554
17295,172.94999999998768,0.9999999996603253
17296,172.95999999998767,0.999999999661193
17297,172.96999999998766,0.9999999996620585
17298,172.97999999998765,0.9999999996629221
17299,172.98999999998765,0.9999999996637835
17300,172.99999999998764,0.9999999996646427
17301,173.00999999998763,0.9999999996654999
17302,173.01999999998762,0.999999999666355
17303,173.0299999999876,0.999999999667208
17304,173.0399999999876,0.999999999668059
17305,173.0499999999876,0.9999999996689077
17306,173.05999999998758,0.9999999996697545
17307,173.06999999998757,0.9999999996705993
17308,173.07999999998756,0.9999999996714419
17309,173.08999999998755,0.9999999996722825
17310,173.09999999998755,0.999999999673121
17311,173.10999999998754,0.9999999996739575
17312,173.11999999998753,0.9999999996747919
17313,173.12999999998752,0.9999999996756244
17314,173.1399999999875,0.9999999996764547
17315,173.1499999999875,0.999999999677283
17316,173.1599999999875,0.9999999996781094
17317,173.16999999998748,0.9999999996789337
17318,173.17999999998747,0.999999999679756
17319,173.18999999998746,0.9999999996805762
17320,173.19999999998745,0.9999999996813945
17321,173.20999999998745,0.9999999996822108
17322,173.21999999998744,0.999999999683025
17323,173.22999999998743,0.9999999996838372
17324,173.23999999998742,0.9999999996846476
17325,173.2499999999874,0.9999999996854558
17326,173.2599999999874,0.9999999996862622
17327,173.2699999999874,0.9999999996870665
17328,173.27999999998738,0.9999999996878689
17329,173.28999999998737,0.9999999996886693
17330,173.29999999998736,0.9999999996894677
17331,173.30999999998735,0.9999999996902642
17332,173.31999999998735,0.9999999996910588
17333,173.32999999998734,0.9999999996918514
17334,173.33999999998733,0.9999999996926421
17335,173.34999999998732,0.9999999996934308
17336,173.3599999999873,0.9999999996942176
17337,173.3699999999873,0.9999999996950024
17338,173.3799999999873,0.9999999996957853
17339,173.38999999998728,0.9999999996965664
17340,173.39999999998727,0.9999999996973454
17341,173.40999999998726,0.9999999996981227
17342,173.41999999998725,0.999999999698898
17343,173.42999999998725,0.9999999996996713
17344,173.43999999998724,0.9999999997004428
17345,173.44999999998723,0.9999999997012124
17346,173.45999999998722,0.9999999997019801
17347,173.4699999999872,0.9999999997027459
17348,173.4799999999872,0.9999999997035098
17349,173.4899999999872,0.9999999997042719
17350,173.49999999998718,0.9999999997050321
17351,173.50999999998717,0.9999999997057905
17352,173.51999999998716,0.9999999997065468
17353,173.52999999998715,0.9999999997073015
17354,173.53999999998715,0.9999999997080543
17355,173.54999999998714,0.9999999997088052
17356,173.55999999998713,0.9999999997095542
17357,173.56999999998712,0.9999999997103014
17358,173.5799999999871,0.9999999997110468
17359,173.5899999999871,0.9999999997117903
17360,173.5999999999871,0.9999999997125321
17361,173.60999999998708,0.999999999713272
17362,173.61999999998707,0.9999999997140101
17363,173.62999999998706,0.9999999997147463
17364,173.63999999998705,0.9999999997154807
17365,173.64999999998705,0.9999999997162135
17366,173.65999999998704,0.9999999997169442
17367,173.66999999998703,0.9999999997176733
17368,173.67999999998702,0.9999999997184005
17369,173.689999999987,0.999999999719126
17370,173.699999999987,0.9999999997198497
17371,173.709999999987,0.9999999997205715
17372,173.71999999998698,0.9999999997212916
17373,173.72999999998697,0.99999999972201
17374,173.73999999998696,0.9999999997227266
17375,173.74999999998695,0.9999999997234413
17376,173.75999999998695,0.9999999997241544
17377,173.76999999998694,0.9999999997248658
17378,173.77999999998693,0.9999999997255753
17379,173.78999999998692,0.9999999997262831
17380,173.7999999999869,0.999999999726989
17381,173.8099999999869,0.9999999997276934
17382,173.8199999999869,0.9999999997283959
17383,173.82999999998688,0.9999999997290968
17384,173.83999999998687,0.9999999997297959
17385,173.84999999998686,0.9999999997304932
17386,173.85999999998685,0.9999999997311889
17387,173.86999999998685,0.9999999997318828
17388,173.87999999998684,0.999999999732575
17389,173.88999999998683,0.9999999997332656
17390,173.89999999998682,0.9999999997339544
17391,173.9099999999868,0.9999999997346415
17392,173.9199999999868,0.9999999997353269
17393,173.9299999999868,0.9999999997360107
17394,173.93999999998678,0.9999999997366927
17395,173.94999999998677,0.9999999997373731
17396,173.95999999998676,0.9999999997380518
17397,173.96999999998675,0.9999999997387288
17398,173.97999999998675,0.9999999997394041
17399,173.98999999998674,0.9999999997400778
17400,173.99999999998673,0.9999999997407497
17401,174.00999999998672,0.9999999997414201
17402,174.0199999999867,0.9999999997420888
17403,174.0299999999867,0.9999999997427558
17404,174.0399999999867,0.9999999997434211
17405,174.04999999998668,0.9999999997440849
17406,174.05999999998667,0.999999999744747
17407,174.06999999998666,0.9999999997454074
17408,174.07999999998665,0.9999999997460662
17409,174.08999999998665,0.9999999997467234
17410,174.09999999998664,0.999999999747379
17411,174.10999999998663,0.9999999997480329
17412,174.11999999998662,0.9999999997486853
17413,174.1299999999866,0.999999999749336
17414,174.1399999999866,0.9999999997499851
17415,174.1499999999866,0.9999999997506326
17416,174.15999999998658,0.9999999997512784
17417,174.16999999998657,0.9999999997519227
17418,174.17999999998656,0.9999999997525654
17419,174.18999999998655,0.9999999997532065
17420,174.19999999998655,0.999999999753846
17421,174.20999999998654,0.999999999754484
17422,174.21999999998653,0.9999999997551202
17423,174.22999999998652,0.999999999755755
17424,174.2399999999865,0.9999999997563882
17425,174.2499999999865,0.9999999997570198
17426,174.2599999999865,0.9999999997576499
17427,174.26999999998648,0.9999999997582784
17428,174.27999999998647,0.9999999997589053
17429,174.28999999998646,0.9999999997595307
17430,174.29999999998645,0.9999999997601545
17431,174.30999999998645,0.9999999997607768
17432,174.31999999998644,0.9999999997613975
17433,174.32999999998643,0.9999999997620168
17434,174.33999999998642,0.9999999997626344
17435,174.3499999999864,0.9999999997632506
17436,174.3599999999864,0.9999999997638651
17437,174.3699999999864,0.9999999997644782
17438,174.37999999998638,0.9999999997650898
17439,174.38999999998637,0.9999999997656998
17440,174.39999999998636,0.9999999997663083
17441,174.40999999998635,0.9999999997669153
17442,174.41999999998635,0.9999999997675209
17443,174.42999999998634,0.9999999997681248
17444,174.43999999998633,0.9999999997687273
17445,174.44999999998632,0.9999999997693283
17446,174.4599999999863,0.9999999997699278
17447,174.4699999999863,0.9999999997705258
17448,174.4799999999863,0.9999999997711223
17449,174.48999999998628,0.9999999997717174
17450,174.49999999998627,0.9999999997723109
17451,174.50999999998626,0.999999999772903
17452,174.51999999998625,0.9999999997734936
17453,174.52999999998625,0.9999999997740827
17454,174.53999999998624,0.9999999997746705
17455,174.54999999998623,0.9999999997752567
17456,174.55999999998622,0.9999999997758414
17457,174.5699999999862,0.9999999997764247
17458,174.5799999999862,0.9999999997770065
17459,174.5899999999862,0.9999999997775869
17460,174.59999999998618,0.9999999997781659
17461,174.60999999998617,0.9999999997787434
17462,174.61999999998616,0.9999999997793194
17463,174.62999999998615,0.9999999997798941
17464,174.63999999998614,0.9999999997804673
17465,174.64999999998614,0.999999999781039
17466,174.65999999998613,0.9999999997816095
17467,174.66999999998612,0.9999999997821784
17468,174.6799999999861,0.9999999997827459
17469,174.6899999999861,0.999999999783312
17470,174.6999999999861,0.9999999997838767
17471,174.70999999998608,0.99999999978444
17472,174.71999999998607,0.9999999997850019
17473,174.72999999998606,0.9999999997855623
17474,174.73999999998605,0.9999999997861213
17475,174.74999999998604,0.9999999997866791
17476,174.75999999998604,0.9999999997872353
17477,174.76999999998603,0.9999999997877902
17478,174.77999999998602,0.9999999997883438
17479,174.789999999986,0.9999999997888959
17480,174.799999999986,0.9999999997894466
17481,174.809999999986,0.999999999789996
17482,174.81999999998598,0.999999999790544
17483,174.82999999998597,0.9999999997910907
17484,174.83999999998596,0.9999999997916359
17485,174.84999999998595,0.9999999997921798
17486,174.85999999998594,0.9999999997927224
17487,174.86999999998594,0.9999999997932636
17488,174.87999999998593,0.9999999997938034
17489,174.88999999998592,0.999999999794342
17490,174.8999999999859,0.9999999997948791
17491,174.9099999999859,0.9999999997954149
17492,174.9199999999859,0.9999999997959493
17493,174.92999999998588,0.9999999997964825
17494,174.93999999998587,0.9999999997970143
17495,174.94999999998586,0.9999999997975447
17496,174.95999999998585,0.9999999997980739
17497,174.96999999998584,0.9999999997986018
17498,174.97999999998584,0.9999999997991282
17499,174.98999999998583,0.9999999997996534
17500,174.99999999998582,0.9999999998001773
17501,175.0099999999858,0.9999999998006998
17502,175.0199999999858,0.999999999801221
17503,175.0299999999858,0.999999999801741
17504,175.03999999998578,0.9999999998022596
17505,175.04999999998577,0.999999999802777
17506,175.05999999998576,0.999999999803293
17507,175.06999999998575,0.9999999998038077
17508,175.07999999998574,0.9999999998043212
17509,175.08999999998574,0.9999999998048335
17510,175.09999999998573,0.9999999998053443
17511,175.10999999998572,0.9999999998058539
17512,175.1199999999857,0.9999999998063622
17513,175.1299999999857,0.9999999998068693
17514,175.1399999999857,0.9999999998073751
17515,175.14999999998568,0.9999999998078796
17516,175.15999999998567,0.9999999998083828
17517,175.16999999998566,0.9999999998088849
17518,175.17999999998565,0.9999999998093856
17519,175.18999999998564,0.9999999998098851
17520,175.19999999998564,0.9999999998103833
17521,175.20999999998563,0.9999999998108803
17522,175.21999999998562,0.999999999811376
17523,175.2299999999856,0.9999999998118705
17524,175.2399999999856,0.9999999998123638
17525,175.2499999999856,0.9999999998128557
17526,175.25999999998558,0.9999999998133465
17527,175.26999999998557,0.999999999813836
17528,175.27999999998556,0.9999999998143243
17529,175.28999999998555,0.9999999998148115
17530,175.29999999998554,0.9999999998152973
17531,175.30999999998554,0.9999999998157819
17532,175.31999999998553,0.9999999998162653
17533,175.32999999998552,0.9999999998167476
17534,175.3399999999855,0.9999999998172285
17535,175.3499999999855,0.9999999998177083
17536,175.3599999999855,0.9999999998181869
17537,175.36999999998548,0.9999999998186643
17538,175.37999999998547,0.9999999998191405
17539,175.38999999998546,0.9999999998196154
17540,175.39999999998545,0.9999999998200892
17541,175.40999999998544,0.9999999998205618
17542,175.41999999998544,0.9999999998210332
17543,175.42999999998543,0.9999999998215034
17544,175.43999999998542,0.9999999998219724
17545,175.4499999999854,0.9999999998224403
17546,175.4599999999854,0.999999999822907
17547,175.4699999999854,0.9999999998233724
17548,175.47999999998538,0.9999999998238368
17549,175.48999999998537,0.9999999998242999
17550,175.49999999998536,0.999999999824762
17551,175.50999999998535,0.9999999998252227
17552,175.51999999998534,0.9999999998256824
17553,175.52999999998534,0.999999999826141
17554,175.53999999998533,0.9999999998265983
17555,175.54999999998532,0.9999999998270545
17556,175.5599999999853,0.9999999998275095
17557,175.5699999999853,0.9999999998279634
17558,175.5799999999853,0.9999999998284161
17559,175.58999999998528,0.9999999998288678
17560,175.59999999998527,0.9999999998293183
17561,175.60999999998526,0.9999999998297676
17562,175.61999999998525,0.9999999998302158
17563,175.62999999998524,0.9999999998306629
17564,175.63999999998524,0.9999999998311089
17565,175.64999999998523,0.9999999998315537
17566,175.65999999998522,0.9999999998319974
17567,175.6699999999852,0.99999999983244
17568,175.6799999999852,0.9999999998328815
17569,175.6899999999852,0.9999999998333218
17570,175.69999999998518,0.9999999998337611
17571,175.70999999998517,0.9999999998341992
17572,175.71999999998516,0.9999999998346362
17573,175.72999999998515,0.9999999998350722
17574,175.73999999998514,0.9999999998355069
17575,175.74999999998514,0.9999999998359407
17576,175.75999999998513,0.9999999998363733
17577,175.76999999998512,0.9999999998368049
17578,175.7799999999851,0.9999999998372353
17579,175.7899999999851,0.9999999998376646
17580,175.7999999999851,0.9999999998380928
17581,175.80999999998508,0.9999999998385201
17582,175.81999999998507,0.9999999998389462
17583,175.82999999998506,0.9999999998393713
17584,175.83999999998505,0.9999999998397952
17585,175.84999999998504,0.999999999840218
17586,175.85999999998504,0.9999999998406399
17587,175.86999999998503,0.9999999998410606
17588,175.87999999998502,0.9999999998414802
17589,175.889999999985,0.9999999998418989
17590,175.899999999985,0.9999999998423165
17591,175.909999999985,0.999999999842733
17592,175.91999999998498,0.9999999998431485
17593,175.92999999998497,0.9999999998435628
17594,175.93999999998496,0.9999999998439761
17595,175.94999999998495,0.9999999998443885
17596,175.95999999998494,0.9999999998447997
17597,175.96999999998494,0.9999999998452099
17598,175.97999999998493,0.9999999998456192
17599,175.98999999998492,0.9999999998460273
17600,175.9999999999849,0.9999999998464344
17601,176.0099999999849,0.9999999998468404
17602,176.0199999999849,0.9999999998472455
17603,176.02999999998488,0.9999999998476495
17604,176.03999999998487,0.9999999998480525
17605,176.04999999998486,0.9999999998484544
17606,176.05999999998485,0.9999999998488555
17607,176.06999999998484,0.9999999998492554
17608,176.07999999998484,0.9999999998496543
17609,176.08999999998483,0.9999999998500522
17610,176.09999999998482,0.9999999998504491
17611,176.1099999999848,0.999999999850845
17612,176.1199999999848,0.9999999998512399
17613,176.1299999999848,0.9999999998516338
17614,176.13999999998478,0.9999999998520266
17615,176.14999999998477,0.9999999998524185
17616,176.15999999998476,0.9999999998528094
17617,176.16999999998475,0.9999999998531993
17618,176.17999999998474,0.9999999998535882
17619,176.18999999998474,0.9999999998539761
17620,176.19999999998473,0.999999999854363
17621,176.20999999998472,0.9999999998547491
17622,176.2199999999847,0.999999999855134
17623,176.2299999999847,0.999999999855518
17624,176.2399999999847,0.999999999855901
17625,176.24999999998468,0.9999999998562831
17626,176.25999999998467,0.9999999998566641
17627,176.26999999998466,0.9999999998570442
17628,176.27999999998465,0.9999999998574234
17629,176.28999999998464,0.9999999998578015
17630,176.29999999998464,0.9999999998581788
17631,176.30999999998463,0.999999999858555
17632,176.31999999998462,0.9999999998589303
17633,176.3299999999846,0.9999999998593047
17634,176.3399999999846,0.999999999859678
17635,176.3499999999846,0.9999999998600505
17636,176.35999999998458,0.999999999860422
17637,176.36999999998457,0.9999999998607926
17638,176.37999999998456,0.9999999998611622
17639,176.38999999998455,0.9999999998615308
17640,176.39999999998454,0.9999999998618986
17641,176.40999999998454,0.9999999998622653
17642,176.41999999998453,0.9999999998626312
17643,176.42999999998452,0.9999999998629961
17644,176.4399999999845,0.9999999998633601
17645,176.4499999999845,0.9999999998637231
17646,176.4599999999845,0.9999999998640853
17647,176.46999999998448,0.9999999998644465
17648,176.47999999998447,0.9999999998648068
17649,176.48999999998446,0.9999999998651662
17650,176.49999999998445,0.9999999998655247
17651,176.50999999998444,0.9999999998658822
17652,176.51999999998444,0.9999999998662388
17653,176.52999999998443,0.9999999998665945
17654,176.53999999998442,0.9999999998669493
17655,176.5499999999844,0.9999999998673033
17656,176.5599999999844,0.9999999998676563
17657,176.5699999999844,0.9999999998680084
17658,176.57999999998438,0.9999999998683596
17659,176.58999999998437,0.9999999998687099
17660,176.59999999998436,0.9999999998690593
17661,176.60999999998435,0.9999999998694079
17662,176.61999999998434,0.9999999998697555
17663,176.62999999998434,0.9999999998701022
17664,176.63999999998433,0.9999999998704481
17665,176.64999999998432,0.9999999998707931
17666,176.6599999999843,0.9999999998711372
17667,176.6699999999843,0.9999999998714804
17668,176.6799999999843,0.9999999998718228
17669,176.68999999998428,0.9999999998721643
17670,176.69999999998427,0.9999999998725049
17671,176.70999999998426,0.9999999998728446
17672,176.71999999998425,0.9999999998731834
17673,176.72999999998424,0.9999999998735214
17674,176.73999999998424,0.9999999998738586
17675,176.74999999998423,0.9999999998741947
17676,176.75999999998422,0.9999999998745301
17677,176.7699999999842,0.9999999998748648
17678,176.7799999999842,0.9999999998751984
17679,176.7899999999842,0.9999999998755312
17680,176.79999999998418,0.9999999998758633
17681,176.80999999998417,0.9999999998761944
17682,176.81999999998416,0.9999999998765247
17683,176.82999999998415,0.9999999998768542
17684,176.83999999998414,0.9999999998771827
17685,176.84999999998414,0.9999999998775105
17686,176.85999999998413,0.9999999998778374
17687,176.86999999998412,0.9999999998781635
17688,176.8799999999841,0.9999999998784888
17689,176.8899999999841,0.9999999998788132
17690,176.8999999999841,0.9999999998791367
17691,176.90999999998408,0.9999999998794595
17692,176.91999999998407,0.9999999998797814
17693,176.92999999998406,0.9999999998801025
17694,176.93999999998405,0.9999999998804228
17695,176.94999999998404,0.9999999998807423
17696,176.95999999998403,0.9999999998810609
17697,176.96999999998403,0.9999999998813787
17698,176.97999999998402,0.9999999998816957
17699,176.989999999984,0.9999999998820119
17700,176.999999999984,0.9999999998823274
17701,177.009999999984,0.9999999998826419
17702,177.01999999998398,0.9999999998829556
17703,177.02999999998397,0.9999999998832686
17704,177.03999999998396,0.9999999998835808
17705,177.04999999998395,0.9999999998838921
17706,177.05999999998394,0.9999999998842026
17707,177.06999999998393,0.9999999998845124
17708,177.07999999998393,0.9999999998848214
17709,177.08999999998392,0.9999999998851296
17710,177.0999999999839,0.999999999885437
17711,177.1099999999839,0.9999999998857435
17712,177.1199999999839,0.9999999998860494
17713,177.12999999998388,0.9999999998863544
17714,177.13999999998387,0.9999999998866586
17715,177.14999999998386,0.9999999998869621
17716,177.15999999998385,0.9999999998872647
17717,177.16999999998384,0.9999999998875666
17718,177.17999999998383,0.9999999998878677
17719,177.18999999998383,0.9999999998881681
17720,177.19999999998382,0.9999999998884677
17721,177.2099999999838,0.9999999998887664
17722,177.2199999999838,0.9999999998890645
17723,177.2299999999838,0.9999999998893617
17724,177.23999999998378,0.9999999998896583
17725,177.24999999998377,0.999999999889954
17726,177.25999999998376,0.999999999890249
17727,177.26999999998375,0.9999999998905432
17728,177.27999999998374,0.9999999998908367
17729,177.28999999998373,0.9999999998911294
17730,177.29999999998373,0.9999999998914213
17731,177.30999999998372,0.9999999998917125
17732,177.3199999999837,0.9999999998920029
17733,177.3299999999837,0.9999999998922927
17734,177.3399999999837,0.9999999998925817
17735,177.34999999998368,0.9999999998928699
17736,177.35999999998367,0.9999999998931574
17737,177.36999999998366,0.9999999998934441
17738,177.37999999998365,0.9999999998937301
17739,177.38999999998364,0.9999999998940153
17740,177.39999999998363,0.9999999998942999
17741,177.40999999998363,0.9999999998945837
17742,177.41999999998362,0.9999999998948667
17743,177.4299999999836,0.999999999895149
17744,177.4399999999836,0.9999999998954306
17745,177.4499999999836,0.9999999998957115
17746,177.45999999998358,0.9999999998959916
17747,177.46999999998357,0.9999999998962711
17748,177.47999999998356,0.9999999998965498
17749,177.48999999998355,0.9999999998968278
17750,177.49999999998354,0.999999999897105
17751,177.50999999998353,0.9999999998973815
17752,177.51999999998353,0.9999999998976574
17753,177.52999999998352,0.9999999998979325
17754,177.5399999999835,0.999999999898207
17755,177.5499999999835,0.9999999998984807
17756,177.5599999999835,0.9999999998987537
17757,177.56999999998348,0.999999999899026
17758,177.57999999998347,0.9999999998992976
17759,177.58999999998346,0.9999999998995684
17760,177.59999999998345,0.9999999998998387
17761,177.60999999998344,0.9999999999001081
17762,177.61999999998343,0.9999999999003769
17763,177.62999999998343,0.999999999900645
17764,177.63999999998342,0.9999999999009125
17765,177.6499999999834,0.9999999999011792
17766,177.6599999999834,0.9999999999014452
17767,177.6699999999834,0.9999999999017105
17768,177.67999999998338,0.9999999999019752
17769,177.68999999998337,0.9999999999022392
17770,177.69999999998336,0.9999999999025024
17771,177.70999999998335,0.999999999902765
17772,177.71999999998334,0.999999999903027
17773,177.72999999998333,0.9999999999032883
17774,177.73999999998333,0.9999999999035488
17775,177.74999999998332,0.9999999999038087
17776,177.7599999999833,0.999999999904068
17777,177.7699999999833,0.9999999999043265
17778,177.7799999999833,0.9999999999045843
17779,177.78999999998328,0.9999999999048416
17780,177.79999999998327,0.9999999999050981
17781,177.80999999998326,0.999999999905354
17782,177.81999999998325,0.9999999999056093
17783,177.82999999998324,0.9999999999058639
17784,177.83999999998323,0.9999999999061178
17785,177.84999999998323,0.999999999906371
17786,177.85999999998322,0.9999999999066236
17787,177.8699999999832,0.9999999999068755
17788,177.8799999999832,0.9999999999071267
17789,177.8899999999832,0.9999999999073774
17790,177.89999999998318,0.9999999999076273
17791,177.90999999998317,0.9999999999078767
17792,177.91999999998316,0.9999999999081254
17793,177.92999999998315,0.9999999999083734
17794,177.93999999998314,0.9999999999086209
17795,177.94999999998313,0.9999999999088676
17796,177.95999999998313,0.9999999999091137
17797,177.96999999998312,0.9999999999093592
17798,177.9799999999831,0.9999999999096041
17799,177.9899999999831,0.9999999999098482
17800,177.9999999999831,0.9999999999100918
17801,178.00999999998308,0.9999999999103347
17802,178.01999999998307,0.9999999999105771
17803,178.02999999998306,0.9999999999108188
17804,178.03999999998305,0.9999999999110598
17805,178.04999999998304,0.9999999999113002
17806,178.05999999998303,0.99999999991154
17807,178.06999999998303,0.9999999999117792
17808,178.07999999998302,0.9999999999120177
17809,178.089999999983,0.9999999999122556
17810,178.099999999983,0.999999999912493
17811,178.109999999983,0.9999999999127297
17812,178.11999999998298,0.9999999999129658
17813,178.12999999998297,0.9999999999132012
17814,178.13999999998296,0.9999999999134361
17815,178.14999999998295,0.9999999999136704
17816,178.15999999998294,0.999999999913904
17817,178.16999999998293,0.999999999914137
17818,178.17999999998293,0.9999999999143695
17819,178.18999999998292,0.9999999999146013
17820,178.1999999999829,0.9999999999148326
17821,178.2099999999829,0.9999999999150632
17822,178.2199999999829,0.9999999999152932
17823,178.22999999998288,0.9999999999155226
17824,178.23999999998287,0.9999999999157514
17825,178.24999999998286,0.9999999999159797
17826,178.25999999998285,0.9999999999162072
17827,178.26999999998284,0.9999999999164343
17828,178.27999999998283,0.9999999999166608
17829,178.28999999998283,0.9999999999168866
17830,178.29999999998282,0.9999999999171119
17831,178.3099999999828,0.9999999999173366
17832,178.3199999999828,0.9999999999175606
17833,178.3299999999828,0.9999999999177842
17834,178.33999999998278,0.9999999999180071
17835,178.34999999998277,0.9999999999182294
17836,178.35999999998276,0.9999999999184512
17837,178.36999999998275,0.9999999999186724
17838,178.37999999998274,0.999999999918893
17839,178.38999999998273,0.999999999919113
17840,178.39999999998273,0.9999999999193325
17841,178.40999999998272,0.9999999999195515
17842,178.4199999999827,0.9999999999197697
17843,178.4299999999827,0.9999999999199874
17844,178.4399999999827,0.9999999999202047
17845,178.44999999998268,0.9999999999204213
17846,178.45999999998267,0.9999999999206374
17847,178.46999999998266,0.9999999999208529
17848,178.47999999998265,0.9999999999210678
17849,178.48999999998264,0.9999999999212821
17850,178.49999999998263,0.9999999999214959
17851,178.50999999998263,0.9999999999217092
17852,178.51999999998262,0.9999999999219219
17853,178.5299999999826,0.9999999999221341
17854,178.5399999999826,0.9999999999223456
17855,178.5499999999826,0.9999999999225566
17856,178.55999999998258,0.9999999999227671
17857,178.56999999998257,0.9999999999229771
17858,178.57999999998256,0.9999999999231864
17859,178.58999999998255,0.9999999999233953
17860,178.59999999998254,0.9999999999236036
17861,178.60999999998253,0.9999999999238113
17862,178.61999999998253,0.9999999999240184
17863,178.62999999998252,0.9999999999242252
17864,178.6399999999825,0.9999999999244312
17865,178.6499999999825,0.9999999999246368
17866,178.6599999999825,0.9999999999248419
17867,178.66999999998248,0.9999999999250464
17868,178.67999999998247,0.9999999999252503
17869,178.68999999998246,0.9999999999254537
17870,178.69999999998245,0.9999999999256567
17871,178.70999999998244,0.999999999925859
17872,178.71999999998243,0.9999999999260608
17873,178.72999999998243,0.9999999999262622
17874,178.73999999998242,0.9999999999264629
17875,178.7499999999824,0.9999999999266632
17876,178.7599999999824,0.999999999926863
17877,178.7699999999824,0.9999999999270621
17878,178.77999999998238,0.9999999999272609
17879,178.78999999998237,0.999999999927459
17880,178.79999999998236,0.9999999999276566
17881,178.80999999998235,0.9999999999278538
17882,178.81999999998234,0.9999999999280504
17883,178.82999999998233,0.9999999999282465
17884,178.83999999998233,0.9999999999284421
17885,178.84999999998232,0.9999999999286372
17886,178.8599999999823,0.9999999999288317
17887,178.8699999999823,0.9999999999290258
17888,178.8799999999823,0.9999999999292193
17889,178.88999999998228,0.9999999999294124
17890,178.89999999998227,0.9999999999296049
17891,178.90999999998226,0.9999999999297969
17892,178.91999999998225,0.9999999999299884
17893,178.92999999998224,0.9999999999301795
17894,178.93999999998223,0.99999999993037
17895,178.94999999998223,0.99999999993056
17896,178.95999999998222,0.9999999999307495
17897,178.9699999999822,0.9999999999309386
17898,178.9799999999822,0.9999999999311271
17899,178.9899999999822,0.999999999931315
17900,178.99999999998218,0.9999999999315026
17901,179.00999999998217,0.9999999999316896
17902,179.01999999998216,0.9999999999318762
17903,179.02999999998215,0.9999999999320622
17904,179.03999999998214,0.9999999999322479
17905,179.04999999998213,0.9999999999324329
17906,179.05999999998213,0.9999999999326176
17907,179.06999999998212,0.9999999999328016
17908,179.0799999999821,0.9999999999329853
17909,179.0899999999821,0.9999999999331685
17910,179.0999999999821,0.9999999999333511
17911,179.10999999998208,0.9999999999335333
17912,179.11999999998207,0.999999999933715
17913,179.12999999998206,0.9999999999338962
17914,179.13999999998205,0.999999999934077
17915,179.14999999998204,0.9999999999342573
17916,179.15999999998203,0.999999999934437
17917,179.16999999998202,0.9999999999346163
17918,179.17999999998202,0.9999999999347952
17919,179.189999999982,0.9999999999349736
17920,179.199999999982,0.9999999999351515
17921,179.209999999982,0.999999999935329
17922,179.21999999998198,0.9999999999355059
17923,179.22999999998197,0.9999999999356824
17924,179.23999999998196,0.9999999999358585
17925,179.24999999998195,0.9999999999360341
17926,179.25999999998194,0.9999999999362092
17927,179.26999999998193,0.9999999999363839
17928,179.27999999998192,0.9999999999365581
17929,179.28999999998192,0.9999999999367318
17930,179.2999999999819,0.9999999999369051
17931,179.3099999999819,0.9999999999370779
17932,179.3199999999819,0.9999999999372503
17933,179.32999999998188,0.9999999999374222
17934,179.33999999998187,0.9999999999375937
17935,179.34999999998186,0.9999999999377647
17936,179.35999999998185,0.9999999999379353
17937,179.36999999998184,0.9999999999381054
17938,179.37999999998183,0.999999999938275
17939,179.38999999998182,0.9999999999384442
17940,179.39999999998182,0.999999999938613
17941,179.4099999999818,0.9999999999387813
17942,179.4199999999818,0.9999999999389492
17943,179.4299999999818,0.9999999999391167
17944,179.43999999998178,0.9999999999392837
17945,179.44999999998177,0.9999999999394502
17946,179.45999999998176,0.9999999999396163
17947,179.46999999998175,0.999999999939782
17948,179.47999999998174,0.9999999999399473
17949,179.48999999998173,0.999999999940112
17950,179.49999999998172,0.9999999999402764
17951,179.50999999998172,0.9999999999404403
17952,179.5199999999817,0.9999999999406038
17953,179.5299999999817,0.9999999999407669
17954,179.5399999999817,0.9999999999409296
17955,179.54999999998168,0.9999999999410918
17956,179.55999999998167,0.9999999999412535
17957,179.56999999998166,0.9999999999414149
17958,179.57999999998165,0.9999999999415758
17959,179.58999999998164,0.9999999999417363
17960,179.59999999998163,0.9999999999418964
17961,179.60999999998162,0.999999999942056
17962,179.61999999998162,0.9999999999422152
17963,179.6299999999816,0.9999999999423741
17964,179.6399999999816,0.9999999999425324
17965,179.6499999999816,0.9999999999426904
17966,179.65999999998158,0.9999999999428479
17967,179.66999999998157,0.9999999999430051
17968,179.67999999998156,0.9999999999431618
17969,179.68999999998155,0.9999999999433181
17970,179.69999999998154,0.999999999943474
17971,179.70999999998153,0.9999999999436294
17972,179.71999999998152,0.9999999999437845
17973,179.72999999998152,0.9999999999439392
17974,179.7399999999815,0.9999999999440934
17975,179.7499999999815,0.9999999999442473
17976,179.7599999999815,0.9999999999444007
17977,179.76999999998148,0.9999999999445537
17978,179.77999999998147,0.9999999999447063
17979,179.78999999998146,0.9999999999448586
17980,179.79999999998145,0.9999999999450103
17981,179.80999999998144,0.9999999999451618
17982,179.81999999998143,0.9999999999453127
17983,179.82999999998142,0.9999999999454634
17984,179.83999999998142,0.9999999999456136
17985,179.8499999999814,0.9999999999457634
17986,179.8599999999814,0.9999999999459128
17987,179.8699999999814,0.9999999999460618
17988,179.87999999998138,0.9999999999462105
17989,179.88999999998137,0.9999999999463587
17990,179.89999999998136,0.9999999999465065
17991,179.90999999998135,0.9999999999466539
17992,179.91999999998134,0.999999999946801
17993,179.92999999998133,0.9999999999469477
17994,179.93999999998132,0.9999999999470939
17995,179.94999999998132,0.9999999999472398
17996,179.9599999999813,0.9999999999473852
17997,179.9699999999813,0.9999999999475303
17998,179.9799999999813,0.9999999999476751
17999,179.98999999998128,0.9999999999478194
18000,179.99999999998127,0.9999999999479634
18001,180.00999999998126,0.999999999948107
18002,180.01999999998125,0.9999999999482502
18003,180.02999999998124,0.999999999948393
18004,180.03999999998123,0.9999999999485354
18005,180.04999999998122,0.9999999999486774
18006,180.05999999998122,0.999999999948819
18007,180.0699999999812,0.9999999999489604
18008,180.0799999999812,0.9999999999491013
18009,180.0899999999812,0.9999999999492418
18010,180.09999999998118,0.999999999949382
18011,180.10999999998117,0.9999999999495218
18012,180.11999999998116,0.9999999999496613
18013,180.12999999998115,0.9999999999498003
18014,180.13999999998114,0.9999999999499389
18015,180.14999999998113,0.9999999999500773
18016,180.15999999998112,0.9999999999502153
18017,180.16999999998112,0.9999999999503528
18018,180.1799999999811,0.99999999995049
18019,180.1899999999811,0.9999999999506268
18020,180.1999999999811,0.9999999999507634
18021,180.20999999998108,0.9999999999508995
18022,180.21999999998107,0.9999999999510353
18023,180.22999999998106,0.9999999999511706
18024,180.23999999998105,0.9999999999513057
18025,180.24999999998104,0.9999999999514404
18026,180.25999999998103,0.9999999999515746
18027,180.26999999998102,0.9999999999517086
18028,180.27999999998102,0.9999999999518422
18029,180.289999999981,0.9999999999519755
18030,180.299999999981,0.9999999999521084
18031,180.309999999981,0.9999999999522409
18032,180.31999999998098,0.9999999999523731
18033,180.32999999998097,0.9999999999525049
18034,180.33999999998096,0.9999999999526364
18035,180.34999999998095,0.9999999999527676
18036,180.35999999998094,0.9999999999528983
18037,180.36999999998093,0.9999999999530288
18038,180.37999999998092,0.9999999999531588
18039,180.38999999998092,0.9999999999532886
18040,180.3999999999809,0.9999999999534179
18041,180.4099999999809,0.999999999953547
18042,180.4199999999809,0.9999999999536757
18043,180.42999999998088,0.9999999999538041
18044,180.43999999998087,0.9999999999539321
18045,180.44999999998086,0.9999999999540597
18046,180.45999999998085,0.9999999999541871
18047,180.46999999998084,0.9999999999543141
18048,180.47999999998083,0.9999999999544408
18049,180.48999999998082,0.999999999954567
18050,180.49999999998082,0.999999999954693
18051,180.5099999999808,0.9999999999548187
18052,180.5199999999808,0.9999999999549439
18053,180.5299999999808,0.9999999999550689
18054,180.53999999998078,0.9999999999551936
18055,180.54999999998077,0.9999999999553179
18056,180.55999999998076,0.9999999999554419
18057,180.56999999998075,0.9999999999555655
18058,180.57999999998074,0.9999999999556888
18059,180.58999999998073,0.9999999999558118
18060,180.59999999998072,0.9999999999559345
18061,180.60999999998072,0.9999999999560567
18062,180.6199999999807,0.9999999999561787
18063,180.6299999999807,0.9999999999563004
18064,180.6399999999807,0.9999999999564217
18065,180.64999999998068,0.9999999999565428
18066,180.65999999998067,0.9999999999566634
18067,180.66999999998066,0.9999999999567838
18068,180.67999999998065,0.9999999999569039
18069,180.68999999998064,0.9999999999570236
18070,180.69999999998063,0.9999999999571431
18071,180.70999999998062,0.9999999999572621
18072,180.71999999998062,0.9999999999573809
18073,180.7299999999806,0.9999999999574993
18074,180.7399999999806,0.9999999999576175
18075,180.7499999999806,0.9999999999577353
18076,180.75999999998058,0.9999999999578528
18077,180.76999999998057,0.99999999995797
18078,180.77999999998056,0.9999999999580869
18079,180.78999999998055,0.9999999999582034
18080,180.79999999998054,0.9999999999583197
18081,180.80999999998053,0.9999999999584356
18082,180.81999999998052,0.9999999999585512
18083,180.82999999998052,0.9999999999586665
18084,180.8399999999805,0.9999999999587815
18085,180.8499999999805,0.9999999999588962
18086,180.8599999999805,0.9999999999590106
18087,180.86999999998048,0.9999999999591247
18088,180.87999999998047,0.9999999999592385
18089,180.88999999998046,0.999999999959352
18090,180.89999999998045,0.9999999999594651
18091,180.90999999998044,0.999999999959578
18092,180.91999999998043,0.9999999999596906
18093,180.92999999998042,0.9999999999598028
18094,180.93999999998042,0.9999999999599147
18095,180.9499999999804,0.9999999999600264
18096,180.9599999999804,0.9999999999601378
18097,180.9699999999804,0.9999999999602488
18098,180.97999999998038,0.9999999999603596
18099,180.98999999998037,0.9999999999604701
18100,180.99999999998036,0.9999999999605802
18101,181.00999999998035,0.9999999999606901
18102,181.01999999998034,0.9999999999607996
18103,181.02999999998033,0.9999999999609089
18104,181.03999999998032,0.9999999999610178
18105,181.04999999998032,0.9999999999611265
18106,181.0599999999803,0.999999999961235
18107,181.0699999999803,0.9999999999613431
18108,181.0799999999803,0.999999999961451
18109,181.08999999998028,0.9999999999615584
18110,181.09999999998027,0.9999999999616657
18111,181.10999999998026,0.9999999999617726
18112,181.11999999998025,0.9999999999618793
18113,181.12999999998024,0.9999999999619856
18114,181.13999999998023,0.9999999999620918
18115,181.14999999998022,0.9999999999621976
18116,181.15999999998022,0.999999999962303
18117,181.1699999999802,0.9999999999624083
18118,181.1799999999802,0.9999999999625133
18119,181.1899999999802,0.9999999999626179
18120,181.19999999998018,0.9999999999627224
18121,181.20999999998017,0.9999999999628264
18122,181.21999999998016,0.9999999999629302
18123,181.22999999998015,0.9999999999630338
18124,181.23999999998014,0.999999999963137
18125,181.24999999998013,0.9999999999632401
18126,181.25999999998012,0.9999999999633428
18127,181.26999999998012,0.9999999999634452
18128,181.2799999999801,0.9999999999635474
18129,181.2899999999801,0.9999999999636493
18130,181.2999999999801,0.9999999999637509
18131,181.30999999998008,0.9999999999638522
18132,181.31999999998007,0.9999999999639533
18133,181.32999999998006,0.9999999999640541
18134,181.33999999998005,0.9999999999641546
18135,181.34999999998004,0.9999999999642548
18136,181.35999999998003,0.9999999999643548
18137,181.36999999998002,0.9999999999644545
18138,181.37999999998001,0.9999999999645539
18139,181.38999999998,0.9999999999646532
18140,181.39999999998,0.999999999964752
18141,181.40999999998,0.9999999999648507
18142,181.41999999997998,0.999999999964949
18143,181.42999999997997,0.9999999999650471
18144,181.43999999997996,0.999999999965145
18145,181.44999999997995,0.9999999999652426
18146,181.45999999997994,0.9999999999653398
18147,181.46999999997993,0.9999999999654369
18148,181.47999999997992,0.9999999999655337
18149,181.48999999997991,0.9999999999656302
18150,181.4999999999799,0.9999999999657264
18151,181.5099999999799,0.9999999999658225
18152,181.5199999999799,0.9999999999659183
18153,181.52999999997988,0.9999999999660137
18154,181.53999999997987,0.9999999999661089
18155,181.54999999997986,0.9999999999662039
18156,181.55999999997985,0.9999999999662986
18157,181.56999999997984,0.9999999999663931
18158,181.57999999997983,0.9999999999664873
18159,181.58999999997982,0.9999999999665812
18160,181.59999999997981,0.9999999999666749
18161,181.6099999999798,0.9999999999667684
18162,181.6199999999798,0.9999999999668615
18163,181.6299999999798,0.9999999999669544
18164,181.63999999997978,0.9999999999670471
18165,181.64999999997977,0.9999999999671396
18166,181.65999999997976,0.9999999999672318
18167,181.66999999997975,0.9999999999673237
18168,181.67999999997974,0.9999999999674154
18169,181.68999999997973,0.9999999999675069
18170,181.69999999997972,0.999999999967598
18171,181.70999999997971,0.999999999967689
18172,181.7199999999797,0.9999999999677797
18173,181.7299999999797,0.9999999999678701
18174,181.7399999999797,0.9999999999679603
18175,181.74999999997968,0.9999999999680503
18176,181.75999999997967,0.99999999996814
18177,181.76999999997966,0.9999999999682295
18178,181.77999999997965,0.9999999999683187
18179,181.78999999997964,0.9999999999684077
18180,181.79999999997963,0.9999999999684964
18181,181.80999999997962,0.9999999999685849
18182,181.81999999997961,0.9999999999686733
18183,181.8299999999796,0.9999999999687612
18184,181.8399999999796,0.999999999968849
18185,181.8499999999796,0.9999999999689366
18186,181.85999999997958,0.9999999999690239
18187,181.86999999997957,0.999999999969111
18188,181.87999999997956,0.9999999999691979
18189,181.88999999997955,0.9999999999692845
18190,181.89999999997954,0.9999999999693708
18191,181.90999999997953,0.999999999969457
18192,181.91999999997952,0.9999999999695428
18193,181.92999999997951,0.9999999999696285
18194,181.9399999999795,0.999999999969714
18195,181.9499999999795,0.9999999999697992
18196,181.9599999999795,0.9999999999698842
18197,181.96999999997948,0.9999999999699689
18198,181.97999999997947,0.9999999999700534
18199,181.98999999997946,0.9999999999701377
18200,181.99999999997945,0.9999999999702217
18201,182.00999999997944,0.9999999999703055
18202,182.01999999997943,0.9999999999703891
18203,182.02999999997942,0.9999999999704725
18204,182.03999999997941,0.9999999999705557
18205,182.0499999999794,0.9999999999706386
18206,182.0599999999794,0.9999999999707213
18207,182.0699999999794,0.9999999999708038
18208,182.07999999997938,0.9999999999708861
18209,182.08999999997937,0.999999999970968
18210,182.09999999997936,0.9999999999710498
18211,182.10999999997935,0.9999999999711314
18212,182.11999999997934,0.9999999999712128
18213,182.12999999997933,0.9999999999712939
18214,182.13999999997932,0.9999999999713748
18215,182.14999999997931,0.9999999999714555
18216,182.1599999999793,0.999999999971536
18217,182.1699999999793,0.9999999999716163
18218,182.1799999999793,0.9999999999716963
18219,182.18999999997928,0.9999999999717761
18220,182.19999999997927,0.9999999999718557
18221,182.20999999997926,0.9999999999719351
18222,182.21999999997925,0.9999999999720143
18223,182.22999999997924,0.9999999999720932
18224,182.23999999997923,0.9999999999721719
18225,182.24999999997922,0.9999999999722504
18226,182.25999999997921,0.9999999999723288
18227,182.2699999999792,0.9999999999724069
18228,182.2799999999792,0.9999999999724848
18229,182.2899999999792,0.9999999999725624
18230,182.29999999997918,0.9999999999726399
18231,182.30999999997917,0.9999999999727172
18232,182.31999999997916,0.9999999999727942
